<?xml version='1.0' encoding='UTF-8'?>
<TEI xmlns="http://www.tei-c.org/ns/1.0"><teiHeader><fileDesc><titleStmt><title>[Nécrologie.] Charles Kuentz (1895-1978).</title></titleStmt><publicationStmt>Corpus produit par l'étudiant MA1 Ph. Hennebert (philippe.hennebert@student.uliege.be) du cours de l'Université de Liège Corpus INFO0943: 'Corpus textuels: principes de constitution et d'analyse'</publicationStmt><sourceDesc><p>https://www.ifao.egnet.net/bifao/78/1/ (BIFAO en ligne) processed using python scripts in https://github.com/PhilHen/BIFAOCorpusTools (typographical zones detected using OpenCV, OCR with Tesseract)</p></sourceDesc></fileDesc><encodingDesc><classDecl><taxonomy id="frpos"><bibl><title>pos tagset build from https://spacy.io/</title></bibl></taxonomy><taxonomy id="frlemma"><bibl><title>fr lemma of the model https://spacy.io/</title></bibl></taxonomy><taxonomy id="frMUSAS"><bibl><title>semantic tagging https://ucrel.github.io/pymusas/usage/how_to/tag_text#french</title></bibl></taxonomy></classDecl><editorialDecl><correction>Les erreurs d'orthographe confirmées par examen du PDF source n'ont pas été corrigées. Une vérification et correction manuelle du texte a été réalisée par Ph. Hennebert (philippe.hennebert@student.uliege.be) le 29/12/2023</correction><hyphenation>Les mots coupés en fin de ligne ont été réassemblés automatiquement, pour autant que la forme combinée sans trait d'union soit attestée dans le dictionnaire français https://unitexgramlab.org/fr/language-resources</hyphenation></editorialDecl></encodingDesc></teiHeader><text id="BIFAO078_art_01.pdf" auteur="Jean Vercoutter" annee="1978" titre="[Nécrologie.] Charles Kuentz (1895-1978)." textId="78A01" nomDefunt="Kuentz" metierDefunt="directeur" categ="Nécrologie"><p><pb n="5"/><w frlemma="(" frpos="PUNCT" frMUSAS="PUNCT">(</w><w frlemma="1895" frpos="NOUN" frMUSAS="Z99">1895</w><w frlemma="-" frpos="NOUN" frMUSAS="Z99">-</w><w frlemma="1978" frpos="NOUN" frMUSAS="Z99">1978</w><w frlemma=")" frpos="PUNCT" frMUSAS="PUNCT">)</w><w frlemma="alors" frpos="ADV" frMUSAS="Z99">Alors</w><w frlemma="que" frpos="SCONJ" frMUSAS="Z5">que</w><w frlemma="le" frpos="DET" frMUSAS="Z5">le</w><w frlemma="présent" frpos="ADJ" frMUSAS="A9-">présent</w><w frlemma="Bulletin" frpos="PROPN" frMUSAS="Z99">Bulletin</w><w frlemma="être" frpos="AUX" frMUSAS="Z99">était</w><w frlemma="déjà" frpos="ADV" frMUSAS="T1.1.1">déjà</w><w frlemma="sou" frpos="ADP" frMUSAS="A13.6">sous</w><w frlemma="presse" frpos="NOUN" frMUSAS="A1.1.1">presse</w><w frlemma="nous" frpos="PRON" frMUSAS="Z8">nous</w><w frlemma="avoir" frpos="AUX" frMUSAS="A9+">avons</w><w frlemma="avoir" frpos="VERB" frMUSAS="A9+">eu</w><w frlemma="le" frpos="DET" frMUSAS="Z5">le</w><w frlemma="très" frpos="ADV" frMUSAS="A13.3">très</w><w frlemma="grand" frpos="ADJ" frMUSAS="Z99">grand</w><w frlemma="regret" frpos="NOUN" frMUSAS="Z99">regret</w><w frlemma="de" frpos="ADP" frMUSAS="Z5">d'</w><w frlemma="apprendre" frpos="VERB" frMUSAS="X2.3+">apprendre</w><w frlemma="le" frpos="DET" frMUSAS="Z5">la</w><w frlemma="mort" frpos="NOUN" frMUSAS="Z99">mort</w><w frlemma="de" frpos="ADP" frMUSAS="Z5">de</w><w frlemma="Charles" frpos="PROPN" frMUSAS="Z99">Charles</w><w frlemma="Kuentz" frpos="PROPN" frMUSAS="Z99">Kuentz</w><w frlemma="survenir" frpos="VERB" frMUSAS="Z99">survenue</w><w frlemma="au" frpos="ADP" frMUSAS="Z5">au</w><w frlemma="caire" frpos="NOUN" frMUSAS="Z99">Caire</w><w frlemma="le" frpos="DET" frMUSAS="Z5">le</w><w frlemma="24" frpos="NUM" frMUSAS="N1">24</w><w frlemma="mai" frpos="NOUN" frMUSAS="T1.3">Mai</w><w frlemma="1978" frpos="NUM" frMUSAS="N1">1978</w><w frlemma="." frpos="PUNCT" frMUSAS="PUNCT">.</w></p><p><w frlemma="naître" frpos="VERB" frMUSAS="Z99">Né</w><w frlemma="à" frpos="ADP" frMUSAS="Z5">à</w><w frlemma="new-york" frpos="NOUN" frMUSAS="Z99">New-York</w><w frlemma="le" frpos="DET" frMUSAS="Z5">le</w><w frlemma="19" frpos="NUM" frMUSAS="N1">19</w><w frlemma="juin" frpos="NOUN" frMUSAS="T1.3">juin</w><w frlemma="1895" frpos="NUM" frMUSAS="N1">1895</w><w frlemma="," frpos="PUNCT" frMUSAS="PUNCT">,</w><w frlemma="de" frpos="ADP" frMUSAS="Z5">de</w><w frlemma="parent" frpos="NOUN" frMUSAS="S4mf">parents</w><w frlemma="alsacien" frpos="ADJ" frMUSAS="Z99">alsaciens</w><w frlemma="," frpos="PUNCT" frMUSAS="PUNCT">,</w><w frlemma="Charles" frpos="PROPN" frMUSAS="Z99">Charles</w><w frlemma="Kuentz" frpos="PROPN" frMUSAS="Z99">Kuentz</w><w frlemma="faire" frpos="VERB" frMUSAS="Z99">fit</w><w frlemma="de" frpos="ADP" frMUSAS="Z5">de</w><w frlemma="fort" frpos="NOUN" frMUSAS="S1.2.5+">fortes</w><w frlemma="étude" frpos="NOUN" frMUSAS="P1">études</w><w frlemma="secondaire" frpos="ADJ" frMUSAS="A11.1-">secondaires</w><w frlemma="pouvoir" frpos="CCONJ" frMUSAS="Z99">puis</w><w frlemma="universitaire" frpos="ADJ" frMUSAS="Z99">universitaires</w><w frlemma="à" frpos="ADP" frMUSAS="Z5">à</w><w frlemma="Lyon" frpos="PROPN" frMUSAS="Z99">Lyon</w><w frlemma="où" frpos="PRON" frMUSAS="Z8">où</w><w frlemma="il" frpos="PRON" frMUSAS="Z8">il</w><w frlemma="être" frpos="AUX" frMUSAS="Z99">fut</w><w frlemma="le" frpos="DET" frMUSAS="Z5">l'</w><w frlemma="élever" frpos="VERB" frMUSAS="Z99">élève</w><w frlemma="de" frpos="ADP" frMUSAS="Z5">de</w><w frlemma="Victor" frpos="PROPN" frMUSAS="Z99">Victor</w><w frlemma="Loret" frpos="PROPN" frMUSAS="Z99">Loret</w><w frlemma="." frpos="PUNCT" frMUSAS="PUNCT">.</w><w frlemma="il" frpos="PRON" frMUSAS="Z8">Il</w><w frlemma="entrer" frpos="VERB" frMUSAS="Z99">entra</w><w frlemma="à" frpos="ADP" frMUSAS="Z5">à</w><w frlemma="le" frpos="DET" frMUSAS="Z5">l'</w><w frlemma="Ecole" frpos="PROPN" frMUSAS="Z99">Ecole</w><w frlemma="Normale" frpos="PROPN" frMUSAS="Z99">Normale</w><w frlemma="supérieur" frpos="ADJ" frMUSAS="A5.1++">Supérieure</w><w frlemma="en" frpos="ADP" frMUSAS="Z5">en</w><w frlemma="1914" frpos="NUM" frMUSAS="N1">1914</w><w frlemma="." frpos="PUNCT" frMUSAS="PUNCT">.</w><w frlemma="agrégé" frpos="NOUN" frMUSAS="Z99">Agrégé</w><w frlemma="de" frpos="ADP" frMUSAS="Z5">de</w><w frlemma="grammaire" frpos="NOUN" frMUSAS="Z99">grammaire</w><w frlemma="en" frpos="ADP" frMUSAS="Z5">en</w><w frlemma="1917" frpos="NUM" frMUSAS="N1">1917</w><w frlemma="," frpos="PUNCT" frMUSAS="PUNCT">,</w><w frlemma="il" frpos="PRON" frMUSAS="Z8">il</w><w frlemma="enseigner" frpos="VERB" frMUSAS="P1">enseigna</w><w frlemma="quelque" frpos="ADV" frMUSAS="A13.5">quelque</w><w frlemma="temps" frpos="NOUN" frMUSAS="T1">temps</w><w frlemma="en" frpos="ADP" frMUSAS="Z5">en</w><w frlemma="France" frpos="PROPN" frMUSAS="Z99">France</w><w frlemma="," frpos="PUNCT" frMUSAS="PUNCT">,</w><w frlemma="notamment" frpos="ADV" frMUSAS="A14">notamment</w><w frlemma="au" frpos="ADP" frMUSAS="Z5">au</w><w frlemma="Lycée" frpos="PROPN" frMUSAS="Z99">Lycée</w><w frlemma="de" frpos="ADP" frMUSAS="Z5">de</w><w frlemma="Dijon" frpos="PROPN" frMUSAS="Z99">Dijon</w><w frlemma="avant" frpos="ADP" frMUSAS="Z5">avant</w><w frlemma="de" frpos="ADP" frMUSAS="Z5">d'</w><w frlemma="être" frpos="AUX" frMUSAS="Z99">être</w><w frlemma="nommer" frpos="VERB" frMUSAS="Z99">nommé</w><w frlemma="pensionnaire" frpos="NOUN" frMUSAS="Z99">Pensionnaire</w><w frlemma="de" frpos="ADP" frMUSAS="Z5">de</w><w frlemma="le" frpos="DET" frMUSAS="Z5">l'</w><w frlemma="ifao" frpos="NOUN" frMUSAS="Z99">IFAO</w><w frlemma="en" frpos="ADP" frMUSAS="Z5">en</w><w frlemma="1919" frpos="NUM" frMUSAS="N1">1919</w><w frlemma="." frpos="PUNCT" frMUSAS="PUNCT">.</w><w frlemma="il" frpos="PRON" frMUSAS="Z8">Il</w><w frlemma="ne" frpos="ADV" frMUSAS="Z6">ne</w><w frlemma="devoir" frpos="VERB" frMUSAS="Z99">devait</w><w frlemma="plus" frpos="ADV" frMUSAS="Z5">plus</w><w frlemma="quitter" frpos="VERB" frMUSAS="M1">quitter</w><w frlemma="le" frpos="DET" frMUSAS="Z5">l'</w><w frlemma="egypte" frpos="NOUN" frMUSAS="Z99">Egypte</w><w frlemma="où" frpos="PRON" frMUSAS="Z8">où</w><w frlemma="se" frpos="PRON" frMUSAS="Z8">se</w><w frlemma="dérouler" frpos="VERB" frMUSAS="Z99">déroula</w><w frlemma="tout" frpos="ADJ" frMUSAS="Z8">toute</w><w frlemma="son" frpos="DET" frMUSAS="Z5">sa</w><w frlemma="carrière" frpos="NOUN" frMUSAS="I3.1">carrière</w><w frlemma="." frpos="PUNCT" frMUSAS="PUNCT">.</w></p><p><w frlemma="&quot;" frpos="PUNCT" frMUSAS="PUNCT">"</w><w frlemma="pensionnaire" frpos="NOUN" frMUSAS="Z99">Pensionnaire</w><w frlemma="&quot;" frpos="PUNCT" frMUSAS="PUNCT">"</w><w frlemma="de" frpos="ADP" frMUSAS="Z5">de</w><w frlemma="1919" frpos="NUM" frMUSAS="N1">1919</w><w frlemma="à" frpos="ADP" frMUSAS="Z5">à</w><w frlemma="1934" frpos="NUM" frMUSAS="N1">1934</w><w frlemma="," frpos="PUNCT" frMUSAS="PUNCT">,</w><w frlemma="il" frpos="PRON" frMUSAS="Z8">il</w><w frlemma="être" frpos="AUX" frMUSAS="Z99">fut</w><w frlemma="nommer" frpos="VERB" frMUSAS="Z99">nommé</w><w frlemma="secrétaire" frpos="NOUN" frMUSAS="I3.2/S2mf">Secrétaire</w><w frlemma="-" frpos="PROPN" frMUSAS="Z99">-</w><w frlemma="Bibliothécaire" frpos="PROPN" frMUSAS="Z99">Bibliothécaire</w><w frlemma="de" frpos="ADP" frMUSAS="Z5">de</w><w frlemma="le" frpos="DET" frMUSAS="Z5">l'</w><w frlemma="ifao" frpos="NOUN" frMUSAS="Z99">IFAO</w><w frlemma="en" frpos="ADP" frMUSAS="Z5">en</w><w frlemma="1934" frpos="NUM" frMUSAS="N1">1934</w><w frlemma="," frpos="PUNCT" frMUSAS="PUNCT">,</w><w frlemma="et" frpos="CCONJ" frMUSAS="Z5">et</w><w frlemma="occuper" frpos="VERB" frMUSAS="H4">occupa</w><w frlemma="le" frpos="DET" frMUSAS="Z5">le</w><w frlemma="poste" frpos="NOUN" frMUSAS="Z99">poste</w><w frlemma="jusque" frpos="ADP" frMUSAS="Z5">jusqu'</w><w frlemma="en" frpos="ADP" frMUSAS="Z5">en</w><w frlemma="1940" frpos="NUM" frMUSAS="N1">1940</w><w frlemma="date" frpos="NOUN" frMUSAS="T1.2">date</w><w frlemma="de" frpos="ADP" frMUSAS="Z5">de</w><w frlemma="son" frpos="DET" frMUSAS="Z5">sa</w><w frlemma="nomination" frpos="NOUN" frMUSAS="Z99">nomination</w><w frlemma="comme" frpos="ADP" frMUSAS="Z5">comme</w><w frlemma="directeur" frpos="NOUN" frMUSAS="S7.1+/S2mf">Directeur</w><w frlemma="." frpos="PUNCT" frMUSAS="PUNCT">.</w><w frlemma="il" frpos="PRON" frMUSAS="Z8">Il</w><w frlemma="rester" frpos="VERB" frMUSAS="M8">resta</w><w frlemma="à" frpos="ADP" frMUSAS="Z5">à</w><w frlemma="le" frpos="DET" frMUSAS="Z5">la</w><w frlemma="tête" frpos="NOUN" frMUSAS="B1">tête</w><w frlemma="de" frpos="ADP" frMUSAS="Z5">de</w><w frlemma="le" frpos="DET" frMUSAS="Z5">l'</w><w frlemma="ifao" frpos="NOUN" frMUSAS="Z99">IFAO</w><w frlemma="jusque" frpos="ADP" frMUSAS="Z5">jusqu'</w><w frlemma="en" frpos="ADP" frMUSAS="Z5">en</w><w frlemma="1953" frpos="NUM" frMUSAS="N1">1953</w><w frlemma="pendant" frpos="ADP" frMUSAS="Z5">pendant</w><w frlemma="le" frpos="DET" frMUSAS="Z5">les</w><w frlemma="difficile" frpos="NOUN" frMUSAS="A12-">difficiles</w><w frlemma="anner" frpos="VERB" frMUSAS="Z99">années</w><w frlemma="de" frpos="ADP" frMUSAS="Z5">de</w><w frlemma="le" frpos="DET" frMUSAS="Z5">la</w><w frlemma="guerre" frpos="NOUN" frMUSAS="G3">guerre</w><w frlemma="et" frpos="CCONJ" frMUSAS="Z5">et</w><w frlemma="de" frpos="ADP" frMUSAS="Z5">de</w><w frlemma="le" frpos="DET" frMUSAS="Z5">l'</w><w frlemma="après-guerre" frpos="NOUN" frMUSAS="Z99">après-guerre</w><w frlemma="." frpos="PUNCT" frMUSAS="PUNCT">.</w><w frlemma="Nommé" frpos="PROPN" frMUSAS="Z99">Nommé</w><w frlemma="directeur" frpos="NOUN" frMUSAS="S7.1+/S2mf">Directeur</w><w frlemma="de" frpos="ADP" frMUSAS="Z5">de</w><w frlemma="Recherches" frpos="PROPN" frMUSAS="Z99">Recherches</w><w frlemma="au" frpos="ADP" frMUSAS="Z5">au</w><w frlemma="centre" frpos="NOUN" frMUSAS="M6">Centre</w><w frlemma="national" frpos="ADJ" frMUSAS="M7/N5.1+">National</w><w frlemma="de" frpos="ADP" frMUSAS="Z5">de</w><w frlemma="le" frpos="DET" frMUSAS="Z5">la</w><w frlemma="recherche" frpos="NOUN" frMUSAS="Z99">Recherche</w><w frlemma="Scientifique" frpos="PROPN" frMUSAS="Y1">Scientifique</w><w frlemma="," frpos="PUNCT" frMUSAS="PUNCT">,</w><w frlemma="il" frpos="PRON" frMUSAS="Z8">il</w><w frlemma="ne" frpos="ADV" frMUSAS="Z6">ne</w><w frlemma="quitter" frpos="VERB" frMUSAS="M1">quitta</w><w frlemma="pas" frpos="ADV" frMUSAS="Z99">pas</w><w frlemma="pour" frpos="ADP" frMUSAS="Z5">pour</w><w frlemma="autant" frpos="ADV" frMUSAS="Z99">autant</w><w frlemma="le" frpos="DET" frMUSAS="Z5">l'</w><w frlemma="Egypte" frpos="PROPN" frMUSAS="Z99">Egypte</w><w frlemma="." frpos="PUNCT" frMUSAS="PUNCT">.</w><w frlemma="il" frpos="PRON" frMUSAS="Z8">Il</w><w frlemma="poursuivre" frpos="VERB" frMUSAS="A1.1.1">poursuivit</w><w frlemma="en" frpos="ADP" frMUSAS="Z5">en</w><w frlemma="effet" frpos="NOUN" frMUSAS="A2.2">effet</w><w frlemma="son" frpos="DET" frMUSAS="Z5">son</w><w frlemma="activité" frpos="NOUN" frMUSAS="A1.1.1">activité</w><w frlemma="scientifique" frpos="ADJ" frMUSAS="Y1">scientifique</w><w frlemma="comme" frpos="ADP" frMUSAS="Z5">comme</w><w frlemma="Expert" frpos="PROPN" frMUSAS="X2.2+">Expert</w><w frlemma="auprès" frpos="ADV" frMUSAS="Z99">auprès</w><w frlemma="de" frpos="ADP" frMUSAS="Z5">du</w><w frlemma="«" frpos="NUM" frMUSAS="N1">«</w><w frlemma="centre" frpos="NOUN" frMUSAS="M6">Centre</w><w frlemma="de" frpos="ADP" frMUSAS="Z5">de</w><w frlemma="documentation" frpos="NOUN" frMUSAS="Z99">Documentation</w><w frlemma="de" frpos="ADP" frMUSAS="Z5">de</w><w frlemma="le" frpos="DET" frMUSAS="Z5">l'</w><w frlemma="Egypte" frpos="PROPN" frMUSAS="Z99">Egypte</w><w frlemma="Ancienne" frpos="PROPN" frMUSAS="Z99">Ancienne</w><w frlemma="»" frpos="PUNCT" frMUSAS="PUNCT">»</w><w frlemma="où" frpos="PRON" frMUSAS="Z8">où</w><w frlemma="il" frpos="PRON" frMUSAS="Z8">il</w><w frlemma="rendre" frpos="VERB" frMUSAS="Z99">rendit</w><w frlemma="de" frpos="ADP" frMUSAS="Z5">de</w><w frlemma="grand" frpos="ADJ" frMUSAS="Z99">grands</w><w frlemma="service" frpos="NOUN" frMUSAS="A1.1.1">services</w><w frlemma="durer" frpos="ADP" frMUSAS="Z5">durant</w><w frlemma="le" frpos="DET" frMUSAS="Z5">la</w><w frlemma="campagne" frpos="NOUN" frMUSAS="W3">campagne</w><w frlemma="de" frpos="ADP" frMUSAS="Z5">de</w><w frlemma="sauvetage" frpos="NOUN" frMUSAS="Z99">sauvetage</w><w frlemma="de" frpos="ADP" frMUSAS="Z5">de</w><w frlemma="le" frpos="DET" frMUSAS="Z5">la</w><w frlemma="Nubie" frpos="PROPN" frMUSAS="Z99">Nubie</w><w frlemma="lancer" frpos="VERB" frMUSAS="Z99">lancée</w><w frlemma="par" frpos="ADP" frMUSAS="M6">par</w><w frlemma="le" frpos="DET" frMUSAS="Z5">l'</w><w frlemma="unesco" frpos="NOUN" frMUSAS="Z99">UNESCO</w><w frlemma="en" frpos="ADP" frMUSAS="Z5">en</w><w frlemma="1960" frpos="NUM" frMUSAS="N1">1960</w><w frlemma="." frpos="PUNCT" frMUSAS="PUNCT">.</w></p><p><w frlemma="professeur" frpos="NOUN" frMUSAS="Z99">Professeur</w><w frlemma="à" frpos="ADP" frMUSAS="Z5">à</w><w frlemma="le" frpos="DET" frMUSAS="Z5">l'</w><w frlemma="université" frpos="NOUN" frMUSAS="P1/H1c">Université</w><w frlemma="de" frpos="ADP" frMUSAS="Z5">du</w><w frlemma="caire" frpos="NOUN" frMUSAS="Z99">Caire</w><w frlemma="," frpos="PUNCT" frMUSAS="PUNCT">,</w><w frlemma="il" frpos="PRON" frMUSAS="Z8">il</w><w frlemma="contribuer" frpos="VERB" frMUSAS="A9-">contribua</w><w frlemma="à" frpos="ADP" frMUSAS="Z5">à</w><w frlemma="le" frpos="DET" frMUSAS="Z5">la</w><w frlemma="formation" frpos="NOUN" frMUSAS="P1">formation</w><w frlemma="de" frpos="ADP" frMUSAS="Z5">de</w><w frlemma="nombreux" frpos="ADJ" frMUSAS="N5+">nombreux</w><w frlemma="égyptologue" frpos="NOUN" frMUSAS="Z99">égyptologues</w><w frlemma="égyptien" frpos="ADJ" frMUSAS="Z2/S2mf">égyptiens</w><w frlemma="." frpos="PUNCT" frMUSAS="PUNCT">.</w><w frlemma="membre" frpos="NOUN" frMUSAS="S5+/S2mf">Membre</w><w frlemma="correspondre" frpos="VERB" frMUSAS="Q1.2">correspondant</w><w frlemma="de" frpos="ADP" frMUSAS="Z5">de</w><w frlemma="le" frpos="DET" frMUSAS="Z5">l'</w><w frlemma="académie" frpos="NOUN" frMUSAS="Z99">Académie</w><w frlemma="de" frpos="ADP" frMUSAS="Z5">des</w><w frlemma="inscription" frpos="NOUN" frMUSAS="Z99">Inscriptions</w><w frlemma="et" frpos="CCONJ" frMUSAS="Z5">et</w><w frlemma="beau" frpos="NOUN" frMUSAS="Z99">Belles</w><w frlemma="lettre" frpos="NOUN" frMUSAS="Q1.2">Lettres</w><w frlemma="de" frpos="ADP" frMUSAS="Z5">de</w><w frlemma="France" frpos="PROPN" frMUSAS="Z99">France</w><w frlemma="," frpos="PUNCT" frMUSAS="PUNCT">,</w><w frlemma="1l" frpos="PROPN" frMUSAS="Z99">1l</w><w frlemma="le" frpos="PRON" frMUSAS="Z8">l'</w><w frlemma="être" frpos="AUX" frMUSAS="Z99">était</w><w frlemma="aussi" frpos="ADV" frMUSAS="Z99">aussi</w><w frlemma="de" frpos="ADP" frMUSAS="Z5">de</w><w frlemma="le" frpos="DET" frMUSAS="Z5">l'</w><w frlemma="académie" frpos="NOUN" frMUSAS="Z99">Académie</w><w frlemma="Arabe" frpos="PROPN" frMUSAS="Z99">Arabe</w><w frlemma="." frpos="PUNCT" frMUSAS="PUNCT">.</w></p><p><w frlemma="Charles" frpos="PROPN" frMUSAS="Z99">Charles</w><w frlemma="Kuentz" frpos="PROPN" frMUSAS="Z99">Kuentz</w><w frlemma="," frpos="PUNCT" frMUSAS="PUNCT">,</w><w frlemma="membre" frpos="NOUN" frMUSAS="S5+/S2mf">Membre</w><w frlemma="pouvoir" frpos="CCONJ" frMUSAS="Z99">puis</w><w frlemma="secrétaire" frpos="NOUN" frMUSAS="I3.2/S2mf">Secrétaire</w><w frlemma="général" frpos="ADJ" frMUSAS="G3/S7.1+/S2mf">Général</w><w frlemma="de" frpos="ADP" frMUSAS="Z5">de</w><w frlemma="le" frpos="DET" frMUSAS="Z5">l'</w><w frlemma="Institut" frpos="PROPN" frMUSAS="P1/S5+c">Institut</w><w frlemma="de" frpos="ADP" frMUSAS="Z5">d'</w><w frlemma="Egypte" frpos="PROPN" frMUSAS="Z99">Egypte</w><w frlemma="," frpos="PUNCT" frMUSAS="PUNCT">,</w><w frlemma="aimer" frpos="VERB" frMUSAS="Z99">aimait</w><w frlemma="beaucoup" frpos="ADV" frMUSAS="Z99">beaucoup</w><w frlemma="ce" frpos="DET" frMUSAS="Z5">cette</w><w frlemma="terre" frpos="NOUN" frMUSAS="Z99">terre</w><w frlemma="de" frpos="ADP" frMUSAS="Z5">d'</w><w frlemma="egypte" frpos="NOUN" frMUSAS="Z99">Egypte</w><w frlemma="où" frpos="PRON" frMUSAS="Z8">où</w><w frlemma="il" frpos="PRON" frMUSAS="Z8">il</w><w frlemma="repose" frpos="VERB" frMUSAS="Z99">repose</w><w frlemma="maintenant" frpos="ADV" frMUSAS="T1.1.2">maintenant</w><w frlemma="." frpos="PUNCT" frMUSAS="PUNCT">.</w><w frlemma="son" frpos="DET" frMUSAS="Z5">Ses</w><w frlemma="publication" frpos="NOUN" frMUSAS="Q4">publications</w><w frlemma="," frpos="PUNCT" frMUSAS="PUNCT">,</w><w frlemma="dont" frpos="PRON" frMUSAS="Z8">dont</w><w frlemma="le" frpos="DET" frMUSAS="Z5">le</w><w frlemma="bifao" frpos="NOUN" frMUSAS="Z99">BIFAO</w><w frlemma="publier" frpos="VERB" frMUSAS="Q4">publiera</w><w frlemma="prochainement" frpos="ADV" frMUSAS="Z99">prochainement</w><w frlemma="le" frpos="DET" frMUSAS="Z5">la</w><w frlemma="liste" frpos="NOUN" frMUSAS="Q1.2">liste</w><w frlemma="," frpos="PUNCT" frMUSAS="PUNCT">,</w><w frlemma="témoigner" frpos="VERB" frMUSAS="G2.1">témoignent</w><w frlemma="de" frpos="ADP" frMUSAS="Z5">d'</w><w frlemma="un" frpos="DET" frMUSAS="Z5">une</w><w frlemma="rare" frpos="NOUN" frMUSAS="N6-">rare</w><w frlemma="maîtris" frpos="ADJ" frMUSAS="Z99">maîtrise</w><w frlemma="en" frpos="ADP" frMUSAS="Z5">en</w><w frlemma="plusieurs" frpos="DET" frMUSAS="N5">plusieurs</w><w frlemma="discipline" frpos="NOUN" frMUSAS="G2.1">disciplines</w><w frlemma="." frpos="PUNCT" frMUSAS="PUNCT">.</w><w frlemma="bien" frpos="ADV" frMUSAS="A10+">Bien</w><w frlemma="que" frpos="SCONJ" frMUSAS="Z5">qu'</w><w frlemma="essentiellement" frpos="ADV" frMUSAS="S6+">essentiellement</w><w frlemma="égyptologu" frpos="ADJ" frMUSAS="Z99">égyptologue</w><w frlemma="," frpos="PUNCT" frMUSAS="PUNCT">,</w><w frlemma="hellénist" frpos="ADJ" frMUSAS="Z99">helléniste</w><w frlemma="et" frpos="CCONJ" frMUSAS="Z5">et</w><w frlemma="un" frpos="DET" frMUSAS="Z5">un</w><w frlemma="excellent" frpos="ADJ" frMUSAS="A5.1+++">excellent</w><w frlemma="arabisant" frpos="ADJ" frMUSAS="Z99">arabisant</w><w frlemma="." frpos="PUNCT" frMUSAS="PUNCT">.</w><w frlemma="son" frpos="DET" frMUSAS="Z5">Sa</w><w frlemma="disparition" frpos="NOUN" frMUSAS="A10-">disparition</w><w frlemma="en" frpos="ADP" frMUSAS="Z5">en</w><w frlemma="mettre" frpos="VERB" frMUSAS="Z99">mettant</w><w frlemma="un" frpos="DET" frMUSAS="Z5">un</w><w frlemma="terme" frpos="NOUN" frMUSAS="Z99">terme</w><w frlemma="au" frpos="ADP" frMUSAS="Z5">au</w><w frlemma="projet" frpos="NOUN" frMUSAS="A1.1.1">projet</w><w frlemma="de" frpos="ADP" frMUSAS="Z5">de</w><w frlemma="publication" frpos="NOUN" frMUSAS="Q4">publication</w><w frlemma="de" frpos="ADP" frMUSAS="Z5">d'</w><w frlemma="un" frpos="DET" frMUSAS="Z5">un</w><w frlemma="dictionnaire" frpos="NOUN" frMUSAS="Q4.1">dictionnaire</w><w frlemma="toponymique" frpos="ADJ" frMUSAS="Z99">toponymique</w><w frlemma="de" frpos="ADP" frMUSAS="Z5">de</w><w frlemma="le" frpos="DET" frMUSAS="Z5">l'</w><w frlemma="egypte" frpos="NOUN" frMUSAS="Z99">Egypte</w><w frlemma="être" frpos="AUX" frMUSAS="M6">est</w><w frlemma="un" frpos="DET" frMUSAS="Z5">une</w><w frlemma="immense" frpos="NOUN" frMUSAS="N3.2++">immense</w><w frlemma="perte" frpos="NOUN" frMUSAS="I1.2">perte</w><w frlemma="pour" frpos="ADP" frMUSAS="Z5">pour</w><w frlemma="le" frpos="DET" frMUSAS="Z5">la</w><w frlemma="science" frpos="NOUN" frMUSAS="Y1">science</w><w frlemma="car" frpos="CCONJ" frMUSAS="Z5/A2.2">car</w><w frlemma="luire" frpos="PRON" frMUSAS="Z8">lui</w><w frlemma="seul" frpos="ADJ" frMUSAS="Z99">seul</w><w frlemma="être" frpos="AUX" frMUSAS="Z99">était</w><w frlemma="à" frpos="ADP" frMUSAS="Z5">à</w><w frlemma="même" frpos="ADV" frMUSAS="Z99">même</w><w frlemma="de" frpos="ADP" frMUSAS="Z5">de</w><w frlemma="mener" frpos="VERB" frMUSAS="S7.1+">mener</w><w frlemma="à" frpos="ADP" frMUSAS="Z5">à</w><w frlemma="bien" frpos="ADV" frMUSAS="A10+">bien</w><w frlemma="un" frpos="DET" frMUSAS="Z5">une</w><w frlemma="tel" frpos="ADJ" frMUSAS="Z5">telle</w><w frlemma="entreprise" frpos="NOUN" frMUSAS="Z99">entreprise</w><w frlemma="." frpos="PUNCT" frMUSAS="PUNCT">.</w></p><p><w frlemma="J." frpos="PROPN" frMUSAS="Z99">J.</w><w frlemma="vercoutter" frpos="VERB" frMUSAS="Z99">VERCOUTTER</w><note place="bottom"></note></p></text></TEI>