<?xml version='1.0' encoding='UTF-8'?>
<TEI xmlns="http://www.tei-c.org/ns/1.0"><teiHeader><fileDesc><titleStmt><title>[Nécrologie.] Marius Chaîne (1873-1960).</title></titleStmt><publicationStmt>Corpus produit par l'étudiant MA1 Ph. Hennebert (philippe.hennebert@student.uliege.be) du cours de l'Université de Liège Corpus INFO0943: 'Corpus textuels: principes de constitution et d'analyse'</publicationStmt><sourceDesc><p>https://www.ifao.egnet.net/bifao/61/3/ (BIFAO en ligne) processed using python scripts in https://github.com/PhilHen/BIFAOCorpusTools (typographical zones detected using OpenCV, OCR with Tesseract)</p></sourceDesc></fileDesc><encodingDesc><classDecl><taxonomy id="frpos"><bibl><title>pos tagset build from https://spacy.io/</title></bibl></taxonomy><taxonomy id="frlemma"><bibl><title>fr lemma of the model https://spacy.io/</title></bibl></taxonomy><taxonomy id="frMUSAS"><bibl><title>semantic tagging https://ucrel.github.io/pymusas/usage/how_to/tag_text#french</title></bibl></taxonomy></classDecl><editorialDecl><correction>Les erreurs d'orthographe confirmées par examen du PDF source n'ont pas été corrigées. Une vérification et correction manuelle du texte a été réalisée par Ph. Hennebert (philippe.hennebert@student.uliege.be) le 29/12/2023</correction><hyphenation>Les mots coupés en fin de ligne ont été réassemblés automatiquement, pour autant que la forme combinée sans trait d'union soit attestée dans le dictionnaire français https://unitexgramlab.org/fr/language-resources</hyphenation></editorialDecl></encodingDesc></teiHeader><text id="BIFAO061_art_03.pdf" auteur="Antoine Guillaumont" annee="1962" titre="[Nécrologie.] Marius Chaîne (1873-1960)." textId="61A03" nomDefunt="Chaine" metierDefunt="philologue" categ="Nécrologie"><p><pb n="11"/><w frlemma="MARIUS" frpos="PROPN" frMUSAS="Z99">MARIUS</w><w frlemma="(" frpos="PUNCT" frMUSAS="PUNCT">(</w><w frlemma="1873" frpos="NOUN" frMUSAS="Z99">1873</w><w frlemma="-" frpos="NOUN" frMUSAS="Z99">-</w><w frlemma="1960" frpos="NOUN" frMUSAS="Z99">1960</w><w frlemma=")" frpos="PUNCT" frMUSAS="PUNCT">)</w><w frlemma="le" frpos="DET" frMUSAS="Z5">L'</w><w frlemma="abbé" frpos="NOUN" frMUSAS="Z99">abbé</w><w frlemma="Marius" frpos="PROPN" frMUSAS="Z99">Marius</w><w frlemma="Chaîne" frpos="PROPN" frMUSAS="Z99">Chaîne</w><w frlemma="être" frpos="AUX" frMUSAS="M6">est</w><w frlemma="mourir" frpos="VERB" frMUSAS="L1-">mort</w><w frlemma="le" frpos="DET" frMUSAS="Z5">le</w><w frlemma="19" frpos="NUM" frMUSAS="N1">19</w><w frlemma="janvier" frpos="NOUN" frMUSAS="T1.3">janvier</w><w frlemma="1960" frpos="NUM" frMUSAS="N1">1960</w><w frlemma="," frpos="PUNCT" frMUSAS="PUNCT">,</w><w frlemma="à" frpos="ADP" frMUSAS="Z5">à</w><w frlemma="le" frpos="DET" frMUSAS="Z5">l'</w><w frlemma="abbay" frpos="ADJ" frMUSAS="Z99">abbaye</w><w frlemma="cistercien" frpos="NOUN" frMUSAS="Z99">cistercienne</w><w frlemma="de" frpos="ADP" frMUSAS="Z5">de</w><w frlemma="sainte-marie-du-désert" frpos="NOUN" frMUSAS="Z99">Sainte-Marie-du-Désert</w><w frlemma="(" frpos="PUNCT" frMUSAS="PUNCT">(</w><w frlemma="Haute-Garonne" frpos="PROPN" frMUSAS="Z99">Haute-Garonne</w><w frlemma=")" frpos="PUNCT" frMUSAS="PUNCT">)</w><w frlemma=";" frpos="PUNCT" frMUSAS="PUNCT">;</w><w frlemma="il" frpos="PRON" frMUSAS="Z8">il</w><w frlemma="être" frpos="AUX" frMUSAS="Z99">était</w><w frlemma="naître" frpos="VERB" frMUSAS="Z99">né</w><w frlemma="le" frpos="DET" frMUSAS="Z5">le</w><w frlemma="10" frpos="NUM" frMUSAS="N1">10</w><w frlemma="août" frpos="NOUN" frMUSAS="T1.3">août</w><w frlemma="1873" frpos="NUM" frMUSAS="N1">1873</w><w frlemma="à" frpos="ADP" frMUSAS="Z5">à</w><w frlemma="Tarascon" frpos="PROPN" frMUSAS="Z99">Tarascon</w><w frlemma="(" frpos="PUNCT" frMUSAS="PUNCT">(</w><w frlemma="Bouches-du-Rhône" frpos="PROPN" frMUSAS="Z99">Bouches-du-Rhône</w><w frlemma=")" frpos="PUNCT" frMUSAS="PUNCT">)</w><w frlemma="." frpos="PUNCT" frMUSAS="PUNCT">.</w><w frlemma="ce" frpos="DET" frMUSAS="Z5">Cette</w><w frlemma="long" frpos="ADJ" frMUSAS="Z99">longue</w><w frlemma="vie" frpos="NOUN" frMUSAS="L1+">vie</w><w frlemma="de" frpos="ADP" frMUSAS="Z5">de</w><w frlemma="prêtre" frpos="NOUN" frMUSAS="S9/S2mf">prêtre</w><w frlemma="et" frpos="CCONJ" frMUSAS="Z5">et</w><w frlemma="de" frpos="ADP" frMUSAS="Z5">de</w><w frlemma="saver" frpos="VERB" frMUSAS="Z99">savant</w><w frlemma="être" frpos="AUX" frMUSAS="Z99">fut</w><w frlemma="entièrement" frpos="ADV" frMUSAS="Z99">entièrement</w><w frlemma="consacrer" frpos="VERB" frMUSAS="Z99">consacrée</w><w frlemma="à" frpos="ADP" frMUSAS="Z5">à</w><w frlemma="le" frpos="DET" frMUSAS="Z5">l'</w><w frlemma="étude" frpos="NOUN" frMUSAS="P1">étude</w><w frlemma="de" frpos="ADP" frMUSAS="Z5">des</w><w frlemma="langue" frpos="NOUN" frMUSAS="Z99">langues</w><w frlemma="et" frpos="CCONJ" frMUSAS="Z5">et</w><w frlemma="littérature" frpos="DET" frMUSAS="Q4.1">littératures</w><w frlemma="éthiopien" frpos="ADJ" frMUSAS="Z99">éthiopiennes</w><w frlemma="et" frpos="CCONJ" frMUSAS="Z5">et</w><w frlemma="copte" frpos="NOUN" frMUSAS="Z99">coptes</w><w frlemma="." frpos="PUNCT" frMUSAS="PUNCT">.</w><w frlemma="luire" frpos="PRON" frMUSAS="Z8">Lui</w><w frlemma="-" frpos="PROPN" frMUSAS="Z99">-</w><w frlemma="même" frpos="ADV" frMUSAS="Z99">même</w><w frlemma="nous" frpos="PRON" frMUSAS="Z8">nous</w><w frlemma="dire" frpos="VERB" frMUSAS="Q2.1">disait</w><w frlemma="un" frpos="DET" frMUSAS="Z5">un</w><w frlemma="jour" frpos="NOUN" frMUSAS="T1.3">jour</w><w frlemma="comment" frpos="ADV" frMUSAS="Z5">comment</w><w frlemma="il" frpos="PRON" frMUSAS="Z8">il</w><w frlemma="avoir" frpos="AUX" frMUSAS="A9+">avait</w><w frlemma="être" frpos="AUX" frMUSAS="T1.3">été</w><w frlemma="conduire" frpos="VERB" frMUSAS="Z99">conduit</w><w frlemma="à" frpos="ADP" frMUSAS="Z5">à</w><w frlemma="ce" frpos="DET" frMUSAS="Z5">cette</w><w frlemma="double" frpos="NOUN" frMUSAS="F2">double</w><w frlemma="spécialisation" frpos="NOUN" frMUSAS="Z99">spécialisation</w><w frlemma="," frpos="PUNCT" frMUSAS="PUNCT">,</w><w frlemma="et" frpos="CCONJ" frMUSAS="Z5">et</w><w frlemma="ce" frpos="PRON" frMUSAS="Z8">ce</w><w frlemma="chemmement" frpos="PRON" frMUSAS="Z99">chemmement</w><w frlemma="de" frpos="ADP" frMUSAS="Z5">de</w><w frlemma="son" frpos="DET" frMUSAS="Z5">sa</w><w frlemma="pensée" frpos="NOUN" frMUSAS="X2.1">pensée</w><w frlemma="," frpos="PUNCT" frMUSAS="PUNCT">,</w><w frlemma="qui" frpos="PRON" frMUSAS="Z8">qui</w><w frlemma="se" frpos="PRON" frMUSAS="Z8">se</w><w frlemma="poursuivre" frpos="VERB" frMUSAS="A1.1.1">poursuit</w><w frlemma="dans" frpos="ADP" frMUSAS="Z5">dans</w><w frlemma="tout" frpos="ADJ" frMUSAS="Z8">toute</w><w frlemma="le" frpos="DET" frMUSAS="Z5">la</w><w frlemma="suite" frpos="NOUN" frMUSAS="Z99">suite</w><w frlemma="de" frpos="ADP" frMUSAS="Z5">de</w><w frlemma="son" frpos="DET" frMUSAS="Z5">ses</w><w frlemma="travail" frpos="NOUN" frMUSAS="I3.1">travaux</w><w frlemma="," frpos="PUNCT" frMUSAS="PUNCT">,</w><w frlemma="montr" frpos="ADJ" frMUSAS="T1/O2">montre</w><w frlemma="excellement" frpos="ADV" frMUSAS="Z99">excellement</w><w frlemma="quel" frpos="DET" frMUSAS="Z5">quelle</w><w frlemma="en" frpos="PRON" frMUSAS="Z8">en</w><w frlemma="être" frpos="AUX" frMUSAS="Z99">était</w><w frlemma="le" frpos="DET" frMUSAS="Z5">la</w><w frlemma="rigueur" frpos="NOUN" frMUSAS="Z99">rigueur</w><w frlemma="et" frpos="CCONJ" frMUSAS="Z5">et</w><w frlemma="le" frpos="DET" frMUSAS="Z5">la</w><w frlemma="sévère" frpos="ADJ" frMUSAS="A5.1-">sévère</w><w frlemma="exigence" frpos="NOUN" frMUSAS="Z99">exigence</w><w frlemma="." frpos="PUNCT" frMUSAS="PUNCT">.</w><w frlemma="Préoccupé" frpos="PROPN" frMUSAS="Z99">Préoccupé</w><w frlemma="," frpos="PUNCT" frMUSAS="PUNCT">,</w><w frlemma="comme" frpos="ADP" frMUSAS="Z5">comme</w><w frlemma="beaucoup" frpos="ADV" frMUSAS="Z99">beaucoup</w><w frlemma="de" frpos="ADP" frMUSAS="Z5">de</w><w frlemma="noble" frpos="ADJ" frMUSAS="G2.2+">nobles</w><w frlemma="esprit" frpos="ADJ" frMUSAS="Z99">esprits</w><w frlemma="de" frpos="ADP" frMUSAS="Z5">de</w><w frlemma="son" frpos="DET" frMUSAS="Z5">son</w><w frlemma="temps" frpos="NOUN" frMUSAS="T1">temps</w><w frlemma="," frpos="PUNCT" frMUSAS="PUNCT">,</w><w frlemma="par" frpos="ADP" frMUSAS="M6">par</w><w frlemma="le" frpos="DET" frMUSAS="Z5">le</w><w frlemma="grand" frpos="ADJ" frMUSAS="Z99">grand</w><w frlemma="problème" frpos="NOUN" frMUSAS="A12-">problème</w><w frlemma="de" frpos="ADP" frMUSAS="Z5">des</w><w frlemma="origine" frpos="NOUN" frMUSAS="Z99">origines</w><w frlemma="chrétien" frpos="ADJ" frMUSAS="Z99">chrétiennes</w><w frlemma="," frpos="PUNCT" frMUSAS="PUNCT">,</w><w frlemma="il" frpos="PRON" frMUSAS="Z8">il</w><w frlemma="être" frpos="AUX" frMUSAS="Z99">fut</w><w frlemma="amener" frpos="VERB" frMUSAS="M2">amené</w><w frlemma="à" frpos="ADP" frMUSAS="Z5">à</w><w frlemma="se" frpos="PRON" frMUSAS="Z8">s'</w><w frlemma="intéresser" frpos="VERB" frMUSAS="Z99">intéresser</w><w frlemma="à" frpos="ADP" frMUSAS="Z5">à</w><w frlemma="le" frpos="DET" frMUSAS="Z5">l'</w><w frlemma="éthiopien" frpos="NOUN" frMUSAS="Z99">éthiopien</w><w frlemma="en" frpos="ADP" frMUSAS="Z5">en</w><w frlemma="raison" frpos="NOUN" frMUSAS="A2.2">raison</w><w frlemma="de" frpos="ADP" frMUSAS="Z5">de</w><w frlemma="le" frpos="DET" frMUSAS="Z5">l'</w><w frlemma="importance" frpos="NOUN" frMUSAS="A11.1+">importance</w><w frlemma="que" frpos="SCONJ" frMUSAS="Z5">que</w><w frlemma="celui-ci" frpos="PRON" frMUSAS="Z8">celui-ci</w><w frlemma="présente" frpos="VERB" frMUSAS="Z99">présente</w><w frlemma="pour" frpos="ADP" frMUSAS="Z5">pour</w><w frlemma="le" frpos="DET" frMUSAS="Z5">la</w><w frlemma="connaissance" frpos="NOUN" frMUSAS="X2.2+">connaissance</w><w frlemma="de" frpos="ADP" frMUSAS="Z5">des</w><w frlemma="apocryphe" frpos="NOUN" frMUSAS="Z99">Apocryphes</w><w frlemma="chrétien" frpos="ADJ" frMUSAS="Z99">chrétiens</w><w frlemma="." frpos="PUNCT" frMUSAS="PUNCT">.</w><w frlemma="pour" frpos="ADP" frMUSAS="Z5">Pour</w><w frlemma="luire" frpos="PRON" frMUSAS="Z8">lui</w><w frlemma="," frpos="PUNCT" frMUSAS="PUNCT">,</w><w frlemma="étudier" frpos="VERB" frMUSAS="P1">étudier</w><w frlemma="un" frpos="DET" frMUSAS="Z5">une</w><w frlemma="littérature" frpos="NOUN" frMUSAS="Q4.1">littérature</w><w frlemma="," frpos="PUNCT" frMUSAS="PUNCT">,</w><w frlemma="ce" frpos="PRON" frMUSAS="Z8">c'</w><w frlemma="être" frpos="AUX" frMUSAS="Z99">était</w><w frlemma="avant" frpos="ADP" frMUSAS="Z5">avant</w><w frlemma="tout" frpos="DET" frMUSAS="Z8">tout</w><w frlemma="étudier" frpos="NOUN" frMUSAS="P1">étudier</w><w frlemma="un" frpos="DET" frMUSAS="Z5">une</w><w frlemma="langue" frpos="NOUN" frMUSAS="Z99">langue</w><w frlemma="," frpos="PUNCT" frMUSAS="PUNCT">,</w><w frlemma="et" frpos="CCONJ" frMUSAS="Z5">et</w><w frlemma="ce" frpos="DET" frMUSAS="Z5">cette</w><w frlemma="étude" frpos="NOUN" frMUSAS="P1">étude</w><w frlemma="lui-même" frpos="PRON" frMUSAS="Z8m">elle-même</w><w frlemma="," frpos="PUNCT" frMUSAS="PUNCT">,</w><w frlemma="il" frpos="PRON" frMUSAS="Z8">il</w><w frlemma="le" frpos="PRON" frMUSAS="Z8">la</w><w frlemma="concevoir" frpos="VERB" frMUSAS="X2.1">concevait</w><w frlemma="comme" frpos="ADP" frMUSAS="Z5">comme</w><w frlemma="un" frpos="DET" frMUSAS="Z5">un</w><w frlemma="travail" frpos="NOUN" frMUSAS="I3.1">travail</w><w frlemma="de" frpos="ADP" frMUSAS="Z5">de</w><w frlemma="fond" frpos="NOUN" frMUSAS="N4">fond</w><w frlemma="." frpos="PUNCT" frMUSAS="PUNCT">.</w><w frlemma="après" frpos="ADP" frMUSAS="Z5">Après</w><w frlemma="avoir" frpos="AUX" frMUSAS="A9+">avoir</w><w frlemma="être" frpos="AUX" frMUSAS="T1.3">été</w><w frlemma="élever" frpos="VERB" frMUSAS="Z99">élève</w><w frlemma="de" frpos="ADP" frMUSAS="Z5">de</w><w frlemma="Joseph" frpos="PROPN" frMUSAS="Z99">Joseph</w><w frlemma="Halévy" frpos="PROPN" frMUSAS="Z99">Halévy</w><w frlemma="à" frpos="ADP" frMUSAS="Z5">à</w><w frlemma="le" frpos="DET" frMUSAS="Z5">l'</w><w frlemma="Ecole" frpos="PROPN" frMUSAS="Z99">Ecole</w><w frlemma="pratique" frpos="ADJ" frMUSAS="Z99">pratique</w><w frlemma="de" frpos="ADP" frMUSAS="Z5">des</w><w frlemma="haute" frpos="NOUN" frMUSAS="Z99">Hautes</w><w frlemma="Etudes" frpos="PROPN" frMUSAS="Z99">Etudes</w><w frlemma="," frpos="PUNCT" frMUSAS="PUNCT">,</w><w frlemma="il" frpos="PRON" frMUSAS="Z8">il</w><w frlemma="publier" frpos="VERB" frMUSAS="Q4">publiait</w><w frlemma="," frpos="PUNCT" frMUSAS="PUNCT">,</w><w frlemma="en" frpos="ADP" frMUSAS="Z5">en</w><w frlemma="1907" frpos="NUM" frMUSAS="N1">1907</w><w frlemma="," frpos="PUNCT" frMUSAS="PUNCT">,</w><w frlemma="un" frpos="DET" frMUSAS="Z5">une</w><w frlemma="grammaire" frpos="NOUN" frMUSAS="Z99">Grammaire</w><w frlemma="éthiopien" frpos="ADJ" frMUSAS="Z99">éthiopienne</w><w frlemma="qui" frpos="PRON" frMUSAS="Z8">qui</w><w frlemma="être" frpos="AUX" frMUSAS="M6">est</w><w frlemma="encore" frpos="ADV" frMUSAS="Z99">encore</w><w frlemma="le" frpos="DET" frMUSAS="Z5">la</w><w frlemma="seul" frpos="ADJ" frMUSAS="Z99">seule</w><w frlemma="que" frpos="PRON" frMUSAS="Z8">que</w><w frlemma="nous" frpos="PRON" frMUSAS="Z8">nous</w><w frlemma="avoir" frpos="VERB" frMUSAS="A9+">ayons</w><w frlemma="en" frpos="ADP" frMUSAS="Z5">en</w><w frlemma="français" frpos="NOUN" frMUSAS="Z2">français</w><w frlemma="et" frpos="CCONJ" frMUSAS="Z5">et</w><w frlemma="où" frpos="PRON" frMUSAS="Z8">où</w><w frlemma="se" frpos="PRON" frMUSAS="Z8">se</w><w frlemma="révéler" frpos="VERB" frMUSAS="A10+">révélaient</w><w frlemma="," frpos="PUNCT" frMUSAS="PUNCT">,</w><w frlemma="en" frpos="ADP" frMUSAS="Z5">en</w><w frlemma="même" frpos="ADJ" frMUSAS="Z99">même</w><w frlemma="temps" frpos="NOUN" frMUSAS="T1">temps</w><w frlemma="que" frpos="SCONJ" frMUSAS="Z5">que</w><w frlemma="le" frpos="DET" frMUSAS="Z5">la</w><w frlemma="parfaile" frpos="NOUN" frMUSAS="Z99">parfaile</w><w frlemma="maîtris" frpos="ADJ" frMUSAS="Z99">maîtrise</w><w frlemma="que" frpos="PRON" frMUSAS="Z8">qu'</w><w frlemma="il" frpos="PRON" frMUSAS="Z8">il</w><w frlemma="avoir" frpos="AUX" frMUSAS="A9+">avait</w><w frlemma="acquérir" frpos="VERB" frMUSAS="A9+">acquise</w><w frlemma="de" frpos="ADP" frMUSAS="Z5">de</w><w frlemma="celte" frpos="NOUN" frMUSAS="Z99">celte</w><w frlemma="langue" frpos="NOUN" frMUSAS="Z99">langue</w><w frlemma="," frpos="PUNCT" frMUSAS="PUNCT">,</w><w frlemma="de" frpos="ADP" frMUSAS="Z5">de</w><w frlemma="remarquable" frpos="NOUN" frMUSAS="Z99">remarquables</w><w frlemma="qualité" frpos="ADJ" frMUSAS="A5.1">qualités</w><w frlemma="pédagogique" frpos="ADJ" frMUSAS="Z99">pédagogiques</w><w frlemma="." frpos="PUNCT" frMUSAS="PUNCT">.</w><w frlemma="ce" frpos="PRON" frMUSAS="Z8">C'</w><w frlemma="être" frpos="AUX" frMUSAS="M6">est</w><w frlemma="par" frpos="ADP" frMUSAS="M6">par</w><w frlemma="le" frpos="DET" frMUSAS="Z5">l'</w><w frlemma="éthiopien" frpos="NOUN" frMUSAS="Z99">éthiopien</w><w frlemma="," frpos="PUNCT" frMUSAS="PUNCT">,</w><w frlemma="et" frpos="CCONJ" frMUSAS="Z5">et</w><w frlemma="en" frpos="ADP" frMUSAS="Z5">en</w><w frlemma="suivre" frpos="VERB" frMUSAS="M1">suivant</w><w frlemma="le" frpos="DET" frMUSAS="Z5">la</w><w frlemma="tendance" frpos="NOUN" frMUSAS="Z99">tendance</w><w frlemma="qui" frpos="PRON" frMUSAS="Z8">qui</w><w frlemma="le" frpos="PRON" frMUSAS="Z8">le</w><w frlemma="porter" frpos="VERB" frMUSAS="Z99">portait</w><w frlemma="à" frpos="ADP" frMUSAS="Z5">à</w><w frlemma="remonter" frpos="VERB" frMUSAS="Z99">remonter</w><w frlemma="toujours" frpos="ADV" frMUSAS="N6+++">toujours</w><w frlemma="à" frpos="ADP" frMUSAS="Z5">aux</w><w frlemma="source" frpos="NOUN" frMUSAS="Z99">sources</w><w frlemma="," frpos="PUNCT" frMUSAS="PUNCT">,</w><w frlemma="que" frpos="SCONJ" frMUSAS="Z5">qu'</w><w frlemma="il" frpos="PRON" frMUSAS="Z8">il</w><w frlemma="être" frpos="AUX" frMUSAS="Z99">fut</w><w frlemma="amener" frpos="VERB" frMUSAS="M2">amené</w><w frlemma="à" frpos="ADP" frMUSAS="Z5">à</w><w frlemma="se" frpos="PRON" frMUSAS="Z8">s'</w><w frlemma="intéresser" frpos="VERB" frMUSAS="Z99">intéresser</w><w frlemma="très" frpos="ADV" frMUSAS="A13.3">très</w><w frlemma="tôt" frpos="ADV" frMUSAS="T4+">tôt</w><w frlemma="à" frpos="ADP" frMUSAS="Z5">à</w><w frlemma="le" frpos="DET" frMUSAS="Z5">la</w><w frlemma="littérature" frpos="NOUN" frMUSAS="Q4.1">littérature</w><w frlemma="copte" frpos="NOUN" frMUSAS="Z99">copte</w><w frlemma="." frpos="PUNCT" frMUSAS="PUNCT">.</w><w frlemma="iei" frpos="NOUN" frMUSAS="Z99">Iei</w><w frlemma="encore" frpos="ADV" frMUSAS="Z99">encore</w><w frlemma="il" frpos="PRON" frMUSAS="Z8">il</w><w frlemma="se" frpos="PRON" frMUSAS="Z8">s'</w><w frlemma="attacher" frpos="VERB" frMUSAS="A1.7+">attacha</w><w frlemma="avant" frpos="ADP" frMUSAS="Z5">avant</w><w frlemma="tout" frpos="ADV" frMUSAS="Z8">tout</w><w frlemma="à" frpos="ADP" frMUSAS="Z5">à</w><w frlemma="le" frpos="DET" frMUSAS="Z5">l'</w><w frlemma="étude" frpos="NOUN" frMUSAS="P1">étude</w><w frlemma="de" frpos="ADP" frMUSAS="Z5">de</w><w frlemma="le" frpos="DET" frMUSAS="Z5">la</w><w frlemma="langue" frpos="NOUN" frMUSAS="Z99">langue</w><w frlemma="," frpos="PUNCT" frMUSAS="PUNCT">,</w><w frlemma="et" frpos="CCONJ" frMUSAS="Z5">et</w><w frlemma="de" frpos="ADP" frMUSAS="Z5">d'</w><w frlemma="un" frpos="DET" frMUSAS="Z5">une</w><w frlemma="manière" frpos="NOUN" frMUSAS="Z99">manière</w><w frlemma="que" frpos="PRON" frMUSAS="Z8">qu'</w><w frlemma="on" frpos="PRON" frMUSAS="Z8">on</w><w frlemma="pouvoir" frpos="VERB" frMUSAS="Z99">peut</w><w frlemma="dire" frpos="VERB" frMUSAS="Q2.1">dire</w><w frlemma="radical" frpos="ADJ" frMUSAS="G1.2/S2mf">radicale</w><w frlemma="." frpos="PUNCT" frMUSAS="PUNCT">.</w><w frlemma="après" frpos="ADP" frMUSAS="Z5">Après</w><w frlemma="avoir" frpos="AUX" frMUSAS="A9+">avoir</w><w frlemma="donner" frpos="VERB" frMUSAS="A9-">donné</w><w frlemma="en" frpos="ADP" frMUSAS="Z5">en</w><w frlemma="1910" frpos="NUM" frMUSAS="N1">1910</w><w frlemma="," frpos="PUNCT" frMUSAS="PUNCT">,</w><w frlemma="à" frpos="ADP" frMUSAS="Z5">à</w><w frlemma="Rome" frpos="PROPN" frMUSAS="Z99">Rome</w><w frlemma="," frpos="PUNCT" frMUSAS="PUNCT">,</w><w frlemma="un" frpos="DET" frMUSAS="Z5">un</w><w frlemma="compendium" frpos="NOUN" frMUSAS="Z99">Compendium</w><w frlemma="morphologiae" frpos="NOUN" frMUSAS="Z99">morphologiae</w><w frlemma="coptica" frpos="ADJ" frMUSAS="Z99">copticae</w><w frlemma="," frpos="PUNCT" frMUSAS="PUNCT">,</w><w frlemma="11" frpos="NUM" frMUSAS="N1">11</w><w frlemma="publier" frpos="VERB" frMUSAS="Q4">publiait</w><w frlemma="en" frpos="ADP" frMUSAS="Z5">en</w><w frlemma="1933" frpos="NUM" frMUSAS="N1">1933</w><w frlemma="," frpos="PUNCT" frMUSAS="PUNCT">,</w><w frlemma="chez" frpos="ADP" frMUSAS="Z5">chez</w><w frlemma="Geuthner" frpos="PROPN" frMUSAS="Z99">Geuthner</w><w frlemma="à" frpos="ADP" frMUSAS="Z5">à</w><w frlemma="Paris" frpos="PROPN" frMUSAS="Z99">Paris</w><w frlemma="," frpos="PUNCT" frMUSAS="PUNCT">,</w><w frlemma="le" frpos="DET" frMUSAS="Z5">les</w><w frlemma="elément" frpos="NOUN" frMUSAS="Z99">Eléments</w><w frlemma="de" frpos="ADP" frMUSAS="Z5">de</w><w frlemma="grammatre" frpos="NOUN" frMUSAS="Z99">Grammatre</w><w frlemma="dialectal" frpos="ADJ" frMUSAS="Z99">dialectale</w><w frlemma="copte" frpos="NOUN" frMUSAS="Z99">copte</w><w frlemma=":" frpos="PUNCT" frMUSAS="PUNCT">:</w><w frlemma="au" frpos="ADP" frMUSAS="Z5">au</w><w frlemma="lieu" frpos="NOUN" frMUSAS="M2">lieu</w><w frlemma="de" frpos="ADP" frMUSAS="Z5">de</w><w frlemma="se" frpos="PRON" frMUSAS="Z8">s'</w><w frlemma="en" frpos="PRON" frMUSAS="Z8">en</w><w frlemma="tenir" frpos="VERB" frMUSAS="M2">tenir</w><w frlemma="à" frpos="ADP" frMUSAS="Z5">à</w><w frlemma="le" frpos="DET" frMUSAS="Z5">la</w><w frlemma="description" frpos="NOUN" frMUSAS="Q2.2">description</w><w frlemma="de" frpos="ADP" frMUSAS="Z5">d'</w><w frlemma="un" frpos="DET" frMUSAS="Z5">un</w><w frlemma="seul" frpos="ADJ" frMUSAS="Z99">seul</w><w frlemma="dialecte" frpos="NOUN" frMUSAS="Z99">dialecte</w><w frlemma="," frpos="PUNCT" frMUSAS="PUNCT">,</w><w frlemma="comme" frpos="SCONJ" frMUSAS="Z5">comme</w><w frlemma="le" frpos="PRON" frMUSAS="Z8">l'</w><w frlemma="avoir" frpos="AUX" frMUSAS="A9+">avaient</w><w frlemma="faire" frpos="VERB" frMUSAS="Z99">fait</w><w frlemma="Steindorff" frpos="PROPN" frMUSAS="Z99">Steindorff</w><w frlemma="," frpos="PUNCT" frMUSAS="PUNCT">,</w><w frlemma="pour" frpos="ADP" frMUSAS="Z5">pour</w><w frlemma="le" frpos="DET" frMUSAS="Z5">le</w><w frlemma="sahidique" frpos="NOUN" frMUSAS="Z99">sahidique</w><w frlemma="," frpos="PUNCT" frMUSAS="PUNCT">,</w><w frlemma="et" frpos="CCONJ" frMUSAS="Z5">et</w><w frlemma="Mallon" frpos="PROPN" frMUSAS="Z99">Mallon</w><w frlemma="," frpos="PUNCT" frMUSAS="PUNCT">,</w><w frlemma="pour" frpos="ADP" frMUSAS="Z5">pour</w><w frlemma="le" frpos="DET" frMUSAS="Z5">le</w><w frlemma="bohairique" frpos="NOUN" frMUSAS="Z99">bohairique</w><w frlemma="," frpos="PUNCT" frMUSAS="PUNCT">,</w><w frlemma="il" frpos="PRON" frMUSAS="Z8">il</w><w frlemma="donner" frpos="VERB" frMUSAS="A9-">donnait</w><w frlemma="dans" frpos="ADP" frMUSAS="Z5">dans</w><w frlemma="ce" frpos="DET" frMUSAS="Z5">cet</w><w frlemma="ouvrage" frpos="NOUN" frMUSAS="I3.1">ouvrage</w><w frlemma="," frpos="PUNCT" frMUSAS="PUNCT">,</w><w frlemma="pour" frpos="ADP" frMUSAS="Z5">pour</w><w frlemma="le" frpos="DET" frMUSAS="Z5">la</w><w frlemma="premier" frpos="ADJ" frMUSAS="N4">première</w><w frlemma="fois" frpos="NOUN" frMUSAS="Z99">fois</w><w frlemma="," frpos="PUNCT" frMUSAS="PUNCT">,</w><w frlemma="le" frpos="DET" frMUSAS="Z5">la</w><w frlemma="description" frpos="NOUN" frMUSAS="Q2.2">description</w><w frlemma="simultaner" frpos="VERB" frMUSAS="Z99">simultanée</w><w frlemma="de" frpos="ADP" frMUSAS="Z5">des</w><w frlemma="quatre" frpos="NUM" frMUSAS="N1">quatre</w><w frlemma="principal" frpos="ADJ" frMUSAS="A11.1+++">principaux</w><w frlemma="dialecte" frpos="NOUN" frMUSAS="Z99">dialectes</w><w frlemma="copte" frpos="ADJ" frMUSAS="Z99">coptes</w><w frlemma="(" frpos="PUNCT" frMUSAS="PUNCT">(</w><w frlemma="bohairiqu" frpos="ADJ" frMUSAS="Z99">bohairique</w><w frlemma="," frpos="PUNCT" frMUSAS="PUNCT">,</w><w frlemma="sahidiqu" frpos="ADJ" frMUSAS="Z99">sahidique</w><w frlemma="," frpos="PUNCT" frMUSAS="PUNCT">,</w><w frlemma="achmimiqu" frpos="ADJ" frMUSAS="Z99">achmimique</w><w frlemma="et" frpos="CCONJ" frMUSAS="Z5">et</w><w frlemma="fayoumique" frpos="NOUN" frMUSAS="Z99">fayoumique</w><w frlemma=")" frpos="PUNCT" frMUSAS="PUNCT">)</w><w frlemma=";" frpos="PUNCT" frMUSAS="PUNCT">;</w><w frlemma="clairement" frpos="ADV" frMUSAS="A7+">clairement</w><w frlemma="ordonner" frpos="VERB" frMUSAS="Z99">ordonnée</w><w frlemma="," frpos="PUNCT" frMUSAS="PUNCT">,</w><w frlemma="commode" frpos="ADJ" frMUSAS="Z99">commode</w><w frlemma="à" frpos="ADP" frMUSAS="Z5">à</w><w frlemma="consulter" frpos="VERB" frMUSAS="Q2.1">consulter</w><w frlemma="," frpos="PUNCT" frMUSAS="PUNCT">,</w><w frlemma="ce" frpos="DET" frMUSAS="Z5">cette</w><w frlemma="grammaire" frpos="NOUN" frMUSAS="Z99">grammaire</w><w frlemma="être" frpos="AUX" frMUSAS="M6">est</w><w frlemma="rester" frpos="VERB" frMUSAS="M8">restée</w><w frlemma="un" frpos="DET" frMUSAS="Z5">un</w><w frlemma="excellent" frpos="ADJ" frMUSAS="A5.1+++">excellent</w><w frlemma="instrument" frpos="NOUN" frMUSAS="O2">instrument</w><w frlemma="de" frpos="ADP" frMUSAS="Z5">de</w><w frlemma="travail" frpos="NOUN" frMUSAS="I3.1">travail</w><w frlemma="." frpos="PUNCT" frMUSAS="PUNCT">.</w><w frlemma="le" frpos="DET" frMUSAS="Z5">L'</w><w frlemma="étude" frpos="NOUN" frMUSAS="P1">étude</w><w frlemma="de" frpos="ADP" frMUSAS="Z5">du</w><w frlemma="copte" frpos="NOUN" frMUSAS="Z99">copte</w><w frlemma="étant" frpos="ADV" frMUSAS="Z99">étant</w><w frlemma="," frpos="PUNCT" frMUSAS="PUNCT">,</w><w frlemma="pour" frpos="ADP" frMUSAS="Z5">pour</w><w frlemma="ce" frpos="DET" frMUSAS="Z5">cet</w><w frlemma="esprit" frpos="NOUN" frMUSAS="Z99">esprit</w><w frlemma="méthodique" frpos="ADJ" frMUSAS="Z99">méthodique</w><w frlemma="," frpos="PUNCT" frMUSAS="PUNCT">,</w><w frlemma="inséparable" frpos="ADJ" frMUSAS="Z99">inséparable</w><w frlemma="de" frpos="ADP" frMUSAS="Z5">de</w><w frlemma="celui" frpos="PRON" frMUSAS="Z8">celle</w><w frlemma="de" frpos="ADP" frMUSAS="Z5">de</w><w frlemma="le" frpos="DET" frMUSAS="Z5">l'</w><w frlemma="égyplien" frpos="NOUN" frMUSAS="Z99">égyplien</w><w frlemma="hiéroglyphique" frpos="ADJ" frMUSAS="Z99">hiéroglyphique</w><w frlemma="," frpos="PUNCT" frMUSAS="PUNCT">,</w><w frlemma="il" frpos="PRON" frMUSAS="Z8">il</w><w frlemma="être" frpos="AUX" frMUSAS="Z99">fut</w><w frlemma="amener" frpos="VERB" frMUSAS="M2">amené</w><w frlemma="à" frpos="ADP" frMUSAS="Z5">à</w><w frlemma="étudier" frpos="NOUN" frMUSAS="P1">étudier</w><w frlemma="de" frpos="ADP" frMUSAS="Z5">de</w><w frlemma="façon" frpos="NOUN" frMUSAS="Z99">façon</w><w frlemma="approfondir" frpos="VERB" frMUSAS="Z99">approfondie</w><w frlemma="le" frpos="DET" frMUSAS="Z5">la</w><w frlemma="langue" frpos="NOUN" frMUSAS="Z99">langue</w><w frlemma="égyptienne" frpos="NOUN" frMUSAS="Z99">égyptienne</w><w frlemma="ancien" frpos="ADJ" frMUSAS="Z99">ancienne</w><w frlemma="et" frpos="CCONJ" frMUSAS="Z5">et</w><w frlemma="à" frpos="ADP" frMUSAS="Z5">à</w><w frlemma="faire" frpos="VERB" frMUSAS="Z99">faire</w><w frlemma="ici" frpos="ADV" frMUSAS="M6">ici</w><w frlemma="encore" frpos="ADV" frMUSAS="Z99">encore</w><w frlemma="œuvre" frpos="VERB" frMUSAS="Z99">œuvre</w><w frlemma="personnel" frpos="ADJ" frMUSAS="Z99">personnelle</w><w frlemma="en" frpos="ADP" frMUSAS="Z5">en</w><w frlemma="donner" frpos="VERB" frMUSAS="A9-">donnant</w><w frlemma="son" frpos="DET" frMUSAS="Z5">ses</w><w frlemma="notion" frpos="NOUN" frMUSAS="X4.1">Notions</w><w frlemma="de" frpos="ADP" frMUSAS="Z5">de</w><w frlemma="langue" frpos="NOUN" frMUSAS="Z99">langue</w><w frlemma="égyptienne" frpos="NOUN" frMUSAS="Z99">égyptienne</w><w frlemma=":" frpos="PUNCT" frMUSAS="PUNCT">:</w><w frlemma="en" frpos="ADP" frMUSAS="Z5">en</w><w frlemma="1938" frpos="NUM" frMUSAS="N1">1938</w><w frlemma="," frpos="PUNCT" frMUSAS="PUNCT">,</w><w frlemma="un" frpos="DET" frMUSAS="Z5">un</w><w frlemma="tome" frpos="NOUN" frMUSAS="Z99">tome</w><w frlemma="i" frpos="ADJ" frMUSAS="Z99">I</w><w frlemma="consacrer" frpos="VERB" frMUSAS="Z99">consacré</w><w frlemma="à" frpos="ADP" frMUSAS="Z5">à</w><w frlemma="le" frpos="DET" frMUSAS="Z5">la</w><w frlemma="langue" frpos="NOUN" frMUSAS="Z99">Langue</w><w frlemma="de" frpos="ADP" frMUSAS="Z5">du</w><w frlemma="moyen" frpos="NOUN" frMUSAS="Z99">Moyen</w><w frlemma="Empire" frpos="PROPN" frMUSAS="G1.1">Empire</w><w frlemma="," frpos="PUNCT" frMUSAS="PUNCT">,</w><w frlemma="pouvoir" frpos="CCONJ" frMUSAS="Z99">puis</w><w frlemma="," frpos="PUNCT" frMUSAS="PUNCT">,</w><w frlemma="en" frpos="ADP" frMUSAS="Z5">en</w><w frlemma="1949" frpos="NUM" frMUSAS="N1">1949</w><w frlemma="," frpos="PUNCT" frMUSAS="PUNCT">,</w><w frlemma="un" frpos="DET" frMUSAS="Z5">un</w><w frlemma="tom" frpos="ADJ" frMUSAS="Z99">tome</w><w frlemma="it" frpos="NOUN" frMUSAS="Z99">IT</w><w frlemma="consacrer" frpos="VERB" frMUSAS="Z99">consacré</w><w frlemma="à" frpos="ADP" frMUSAS="Z5">à</w><w frlemma="le" frpos="DET" frMUSAS="Z5">la</w><w frlemma="langue" frpos="NOUN" frMUSAS="Z99">Langue</w><w frlemma="de" frpos="ADP" frMUSAS="Z5">du</w><w frlemma="nouveau" frpos="ADJ" frMUSAS="T3-">Nouvel</w><w frlemma="empire" frpos="NOUN" frMUSAS="G1.1">Empire</w><w frlemma="," frpos="PUNCT" frMUSAS="PUNCT">,</w><w frlemma="le" frpos="DET" frMUSAS="Z5">le</w><w frlemma="néo-égyptien" frpos="NOUN" frMUSAS="Z99">néo-égyptien</w><w frlemma="," frpos="PUNCT" frMUSAS="PUNCT">,</w><w frlemma="son" frpos="DET" frMUSAS="Z5">ses</w><w frlemma="rapport" frpos="NOUN" frMUSAS="Z99">rapports</w><w frlemma="avec" frpos="ADP" frMUSAS="Z5">avec</w><w frlemma="le" frpos="DET" frMUSAS="Z5">le</w><w frlemma="moyen-égyptien" frpos="NOUN" frMUSAS="Z99">moyen-égyptien</w><w frlemma="et" frpos="CCONJ" frMUSAS="Z5">et</w><w frlemma="le" frpos="DET" frMUSAS="Z5">les</w><w frlemma="dialecte" frpos="NOUN" frMUSAS="Z99">dialectes</w><w frlemma="copte" frpos="ADJ" frMUSAS="Z99">coptes</w><w frlemma="." frpos="PUNCT" frMUSAS="PUNCT">.</w><w frlemma="tl" frpos="DET" frMUSAS="Z99">Tl</w><w frlemma="avaut" frpos="NOUN" frMUSAS="Z99">avaut</w><w frlemma="beaucoup" frpos="ADV" frMUSAS="Z99">beaucoup</w><w frlemma="réfléchir" frpos="VERB" frMUSAS="A10+">réfléchi</w><w frlemma="au" frpos="ADP" frMUSAS="Z5">au</w><w frlemma="problème" frpos="NOUN" frMUSAS="A12-">problème</w><w frlemma="de" frpos="ADP" frMUSAS="Z5">des</w><w frlemma="rapport" frpos="NOUN" frMUSAS="Z99">rapports</w><w frlemma="de" frpos="ADP" frMUSAS="Z5">du</w><w frlemma="copte" frpos="NOUN" frMUSAS="Z99">copte</w><w frlemma="et" frpos="CCONJ" frMUSAS="Z5">et</w><w frlemma="de" frpos="ADP" frMUSAS="Z5">de</w><w frlemma="le" frpos="DET" frMUSAS="Z5">l'</w><w frlemma="égyptien" frpos="NOUN" frMUSAS="Z2/S2mf">égyptien</w><w frlemma="ancien" frpos="ADJ" frMUSAS="Z99">ancien</w><w frlemma="," frpos="PUNCT" frMUSAS="PUNCT">,</w><w frlemma="et" frpos="CCONJ" frMUSAS="Z5">et</w><w frlemma="il" frpos="PRON" frMUSAS="Z8">il</w><w frlemma="avoir" frpos="AUX" frMUSAS="A9+">a</w><w frlemma="formuler" frpos="VERB" frMUSAS="X2.1">formulé</w><w frlemma="à" frpos="ADP" frMUSAS="Z5">à</w><w frlemma="ce" frpos="DET" frMUSAS="Z5">ce</w><w frlemma="sujet" frpos="NOUN" frMUSAS="Z99">sujet</w><w frlemma="de" frpos="ADP" frMUSAS="Z5">des</w><w frlemma="idée" frpos="NOUN" frMUSAS="X4.1">idées</w><w frlemma="qui" frpos="PRON" frMUSAS="Z8">qui</w><w frlemma="luire" frpos="PRON" frMUSAS="Z8">lui</w><w frlemma="être" frpos="AUX" frMUSAS="Z99">étaient</w><w frlemma="cher" frpos="ADJ" frMUSAS="I1.3+">chères</w><w frlemma=":" frpos="PUNCT" frMUSAS="PUNCT">:</w><w frlemma="pour" frpos="ADP" frMUSAS="Z5">pour</w><w frlemma="luire" frpos="PRON" frMUSAS="Z8">lui</w><w frlemma="," frpos="PUNCT" frMUSAS="PUNCT">,</w><w frlemma="le" frpos="DET" frMUSAS="Z5">le</w><w frlemma="copte" frpos="NOUN" frMUSAS="Z99">copte</w><w frlemma="avec" frpos="ADP" frMUSAS="Z5">avec</w><w frlemma="son" frpos="DET" frMUSAS="Z5">ses</w><w frlemma="divers" frpos="ADJ" frMUSAS="Z99">divers</w><w frlemma="dialecte" frpos="NOUN" frMUSAS="Z99">dialectes</w><w frlemma="être" frpos="AUX" frMUSAS="Z99">était</w><w frlemma="le" frpos="DET" frMUSAS="Z5">l'</w><w frlemma="héritier" frpos="NOUN" frMUSAS="S4mf">héritier</w><w frlemma="," frpos="PUNCT" frMUSAS="PUNCT">,</w><w frlemma="non" frpos="ADV" frMUSAS="Z99">non</w><w frlemma="pas" frpos="ADV" frMUSAS="Z99">pas</w><w frlemma="de" frpos="ADP" frMUSAS="Z5">de</w><w frlemma="le" frpos="DET" frMUSAS="Z5">l'</w><w frlemma="égyptien" frpos="PRON" frMUSAS="Z2/S2mf">égyptien</w><w frlemma="hiéroglyphique" frpos="NOUN" frMUSAS="Z99">hiéroglyphique</w><w frlemma="lui-même" frpos="PRON" frMUSAS="Z8m">lui-même</w><w frlemma="," frpos="PUNCT" frMUSAS="PUNCT">,</w><w frlemma="langue" frpos="NOUN" frMUSAS="Z99">langue</w><w frlemma="écrite" frpos="NOUN" frMUSAS="Z99">écrite</w><w frlemma="," frpos="PUNCT" frMUSAS="PUNCT">,</w><w frlemma="savant" frpos="ADJ" frMUSAS="Z99">savante</w><w frlemma="," frpos="PUNCT" frMUSAS="PUNCT">,</w><w frlemma="dont" frpos="PRON" frMUSAS="Z8">dont</w><w frlemma="le" frpos="DET" frMUSAS="Z5">la</w><w frlemma="connaissance" frpos="NOUN" frMUSAS="X2.2+">connaissance</w><w frlemma="être" frpos="AUX" frMUSAS="Z99">était</w><w frlemma="le" frpos="DET" frMUSAS="Z5">l'</w><w frlemma="apanage" frpos="NOUN" frMUSAS="Z99">apanage</w><w frlemma="de" frpos="ADP" frMUSAS="Z5">des</w><w frlemma="scribe" frpos="NOUN" frMUSAS="Z99">scribes</w><w frlemma="," frpos="PUNCT" frMUSAS="PUNCT">,</w><w frlemma="mais" frpos="CCONJ" frMUSAS="Z5">mais</w><w frlemma="de" frpos="ADP" frMUSAS="Z5">d'</w><w frlemma="un" frpos="DET" frMUSAS="Z5">une</w><w frlemma="langue" frpos="NOUN" frMUSAS="Z99">langue</w><w frlemma="populaire" frpos="ADJ" frMUSAS="E2+">populaire</w><w frlemma="," frpos="PUNCT" frMUSAS="PUNCT">,</w><w frlemma="parler" frpos="VERB" frMUSAS="Q2.1">parlée</w><w frlemma="," frpos="PUNCT" frMUSAS="PUNCT">,</w><w frlemma="diversifier" frpos="VERB" frMUSAS="Z99">diversifiée</w><w frlemma="selon" frpos="ADP" frMUSAS="Z5">selon</w><w frlemma="le" frpos="DET" frMUSAS="Z5">les</w><w frlemma="région" frpos="NOUN" frMUSAS="M7">régions</w><w frlemma="," frpos="PUNCT" frMUSAS="PUNCT">,</w><w frlemma="distinct" frpos="ADJ" frMUSAS="A6.1-">distincte</w><w frlemma="de" frpos="ADP" frMUSAS="Z5">de</w><w frlemma="le" frpos="DET" frMUSAS="Z5">la</w><w frlemma="précédente" frpos="NOUN" frMUSAS="Z99">précédente</w><w frlemma="comme" frpos="ADP" frMUSAS="Z5">comme</w><w frlemma="le" frpos="PRON" frMUSAS="Z8">le</w><w frlemma="être" frpos="AUX" frMUSAS="Z99">sont</w><w frlemma="encore" frpos="ADV" frMUSAS="Z99">encore</w><w frlemma="aujourd'hui" frpos="ADV" frMUSAS="Z99">aujourd'hui</w><w frlemma="un" frpos="DET" frMUSAS="Z5">des</w><w frlemma="langue" frpos="NOUN" frMUSAS="Z99">langues</w><w frlemma="écrire" frpos="ADJ" frMUSAS="Q1.2">écrites</w><w frlemma="le" frpos="DET" frMUSAS="Z5">les</w><w frlemma="langue" frpos="NOUN" frMUSAS="Z99">langues</w><w frlemma="parler" frpos="VERB" frMUSAS="Q2.1">parlées</w><w frlemma="dans" frpos="ADP" frMUSAS="Z5">dans</w><w frlemma="le" frpos="DET" frMUSAS="Z5">le</w><w frlemma="proche" frpos="NOUN" frMUSAS="Z99">Proche</w><w frlemma="-" frpos="PROPN" frMUSAS="Z99">-</w><w frlemma="Orient" frpos="PROPN" frMUSAS="Z99">Orient</w><w frlemma="ou" frpos="CCONJ" frMUSAS="Z5">ou</w><w frlemma="le" frpos="DET" frMUSAS="Z5">l'</w><w frlemma="Extrême-Orient" frpos="PROPN" frMUSAS="Z99">Extrême-Orient</w><w frlemma="." frpos="PUNCT" frMUSAS="PUNCT">.</w><w frlemma="m." frpos="NOUN" frMUSAS="Z99">M.</w><w frlemma="Chaîne" frpos="PROPN" frMUSAS="Z99">Chaîne</w><w frlemma="ne" frpos="ADV" frMUSAS="Z6">ne</w><w frlemma="cesser" frpos="VERB" frMUSAS="Z99">cessa</w><w frlemma="de" frpos="ADP" frMUSAS="Z5">de</w><w frlemma="travailler" frpos="VERB" frMUSAS="I3.1">travailler</w><w frlemma="à" frpos="ADP" frMUSAS="Z5">à</w><w frlemma="le" frpos="DET" frMUSAS="Z5">la</w><w frlemma="grammaire" frpos="NOUN" frMUSAS="Z99">grammaire</w><w frlemma="copte" frpos="NOUN" frMUSAS="Z99">copte</w><w frlemma=":" frpos="PUNCT" frMUSAS="PUNCT">:</w><w frlemma="de" frpos="ADP" frMUSAS="Z5">de</w><w frlemma="ce" frpos="DET" frMUSAS="Z5">cette</w><w frlemma="activité" frpos="NOUN" frMUSAS="A1.1.1">activité</w><w frlemma="constant" frpos="ADJ" frMUSAS="A2.1-">constante</w><w frlemma="témoigner" frpos="VERB" frMUSAS="G2.1">témoignent</w><w frlemma="," frpos="PUNCT" frMUSAS="PUNCT">,</w><w frlemma="en" frpos="ADP" frMUSAS="Z5">en</w><w frlemma="1934" frpos="NUM" frMUSAS="N1">1934</w><w frlemma="," frpos="PUNCT" frMUSAS="PUNCT">,</w><w frlemma="le" frpos="DET" frMUSAS="Z5">Les</w><w frlemma="dialecte" frpos="NOUN" frMUSAS="Z99">dialectes</w><w frlemma="copte" frpos="NOUN" frMUSAS="Z99">coptes</w><w frlemma="assioutique" frpos="ADJ" frMUSAS="Z99">assioutiques</w><w frlemma="a2" frpos="ADJ" frMUSAS="Z99">A2</w><w frlemma="et" frpos="CCONJ" frMUSAS="Z5">et</w><w frlemma="," frpos="PUNCT" frMUSAS="PUNCT">,</w><w frlemma="en" frpos="ADP" frMUSAS="Z5">en</w><w frlemma="1955" frpos="NUM" frMUSAS="N1">1955</w><w frlemma="," frpos="PUNCT" frMUSAS="PUNCT">,</w><w frlemma="le" frpos="DET" frMUSAS="Z5">La</w><w frlemma="proposition" frpos="NOUN" frMUSAS="Z99">proposition</w><w frlemma="nominal" frpos="ADJ" frMUSAS="S7.1">nominale</w><w frlemma="dans" frpos="ADP" frMUSAS="Z5">dans</w><w frlemma="le" frpos="DET" frMUSAS="Z5">les</w><w frlemma="dialecte" frpos="NOUN" frMUSAS="Z99">dialectes</w><w frlemma="copte" frpos="NOUN" frMUSAS="Z99">coptes</w><w frlemma=";" frpos="PUNCT" frMUSAS="PUNCT">;</w><w frlemma="convaincre" frpos="VERB" frMUSAS="A7+/Q2.2">convaincu</w><w frlemma="," frpos="PUNCT" frMUSAS="PUNCT">,</w><w frlemma="à" frpos="ADP" frMUSAS="Z5">à</w><w frlemma="juste" frpos="ADJ" frMUSAS="Z99">juste</w><w frlemma="titre" frpos="NOUN" frMUSAS="Q2.2">titre</w><w frlemma="," frpos="PUNCT" frMUSAS="PUNCT">,</w><w frlemma="que" frpos="SCONJ" frMUSAS="Z5">que</w><w frlemma="le" frpos="DET" frMUSAS="Z5">la</w><w frlemma="syntaxe" frpos="NOUN" frMUSAS="Z99">syntaxe</w><w frlemma="copte" frpos="VERB" frMUSAS="Z99">copte</w><w frlemma="reste" frpos="VERB" frMUSAS="E3+">reste</w><w frlemma="pour" frpos="ADP" frMUSAS="Z5">pour</w><w frlemma="nous" frpos="PRON" frMUSAS="Z8">nous</w><w frlemma="un" frpos="DET" frMUSAS="Z5">un</w><w frlemma="champ" frpos="NOUN" frMUSAS="Z99">champ</w><w frlemma="fort" frpos="ADV" frMUSAS="S1.2.5+">fort</w><w frlemma="mal" frpos="ADV" frMUSAS="A5.1-">mal</w><w frlemma="connaître" frpos="VERB" frMUSAS="X2.2+">connu</w><w frlemma="," frpos="PUNCT" frMUSAS="PUNCT">,</w><w frlemma="il" frpos="PRON" frMUSAS="Z8">il</w><w frlemma="user" frpos="X" frMUSAS="Z99">usa</w><w frlemma="," frpos="PUNCT" frMUSAS="PUNCT">,</w><w frlemma="dans" frpos="ADP" frMUSAS="Z5">dans</w><w frlemma="son" frpos="DET" frMUSAS="Z5">ses</w><w frlemma="dernier" frpos="ADJ" frMUSAS="N4">dernières</w><w frlemma="année" frpos="NOUN" frMUSAS="T1.3">années</w><w frlemma="," frpos="PUNCT" frMUSAS="PUNCT">,</w><w frlemma="ce" frpos="PRON" frMUSAS="Z8">ce</w><w frlemma="qui" frpos="PRON" frMUSAS="Z8">qui</w><w frlemma="luire" frpos="PRON" frMUSAS="Z8">lui</w><w frlemma="rester" frpos="VERB" frMUSAS="M8">restait</w><w frlemma="de" frpos="ADP" frMUSAS="Z5">de</w><w frlemma="son" frpos="DET" frMUSAS="Z5">ses</w><w frlemma="oeil" frpos="NOUN" frMUSAS="Z99">yeux</w><w frlemma="," frpos="PUNCT" frMUSAS="PUNCT">,</w><w frlemma="à" frpos="ADP" frMUSAS="Z5">à</w><w frlemma="relire" frpos="VERB" frMUSAS="Z99">relire</w><w frlemma="le" frpos="DET" frMUSAS="Z5">le</w><w frlemma="nouveau" frpos="ADJ" frMUSAS="T3-">Nouveau</w><w frlemma="testament" frpos="NOUN" frMUSAS="Z99">Testament</w><w frlemma="copte" frpos="VERB" frMUSAS="Z99">copte</w><w frlemma="pour" frpos="ADP" frMUSAS="Z5">pour</w><w frlemma="y" frpos="PRON" frMUSAS="M6">y</w><w frlemma="recueillir" frpos="VERB" frMUSAS="Z99">recueillir</w><w frlemma="systématiquement" frpos="ADV" frMUSAS="X4.2">systématiquement</w><w frlemma="le" frpos="DET" frMUSAS="Z5">les</w><w frlemma="fait" frpos="NOUN" frMUSAS="Z99">faits</w><w frlemma="destiner" frpos="VERB" frMUSAS="Z99">destinés</w><w frlemma="à" frpos="ADP" frMUSAS="Z5">à</w><w frlemma="former" frpos="VERB" frMUSAS="T2+">former</w><w frlemma="le" frpos="DET" frMUSAS="Z5">la</w><w frlemma="base" frpos="NOUN" frMUSAS="M7">base</w><w frlemma="de" frpos="ADP" frMUSAS="Z5">d'</w><w frlemma="un" frpos="DET" frMUSAS="Z5">une</w><w frlemma="syntaxe" frpos="NOUN" frMUSAS="Z99">Syntaxe</w><w frlemma="que" frpos="PRON" frMUSAS="Z8">qu'</w><w frlemma="il" frpos="PRON" frMUSAS="Z8">il</w><w frlemma="avoir" frpos="AUX" frMUSAS="A9+">aurait</w><w frlemma="aimer" frpos="VERB" frMUSAS="Z99">aimé</w><w frlemma="procurer" frpos="VERB" frMUSAS="Z99">procurer</w><w frlemma="." frpos="PUNCT" frMUSAS="PUNCT">.</w></p><p><w frlemma="cependant" frpos="ADV" frMUSAS="A13.1">Cependant</w><w frlemma="le" frpos="DET" frMUSAS="Z5">les</w><w frlemma="travail" frpos="NOUN" frMUSAS="I3.1">travaux</w><w frlemma="grammatical" frpos="ADJ" frMUSAS="Z99">grammaticaux</w><w frlemma="être" frpos="AUX" frMUSAS="Z99">sont</w><w frlemma="bien" frpos="ADV" frMUSAS="A10+">bien</w><w frlemma="loin" frpos="ADV" frMUSAS="A13.3">loin</w><w frlemma="de" frpos="ADP" frMUSAS="Z5">d'</w><w frlemma="avoir" frpos="AUX" frMUSAS="A9+">avoir</w><w frlemma="absorber" frpos="VERB" frMUSAS="Z99">absorbé</w><w frlemma="tout" frpos="ADJ" frMUSAS="Z8">toute</w><w frlemma="le" frpos="DET" frMUSAS="Z5">l'</w><w frlemma="activité" frpos="NOUN" frMUSAS="A1.1.1">activité</w><w frlemma="de" frpos="ADP" frMUSAS="Z5">de</w><w frlemma="m." frpos="NOUN" frMUSAS="Z99">M.</w><w frlemma="Chaîne" frpos="PROPN" frMUSAS="Z99">Chaîne</w><w frlemma="." frpos="PUNCT" frMUSAS="PUNCT">.</w><w frlemma="celui" frpos="PRON" frMUSAS="Z8">Celui</w><w frlemma="-" frpos="PRON" frMUSAS="Z99">-</w><w frlemma="ci" frpos="PRON" frMUSAS="Z99">ci</w><w frlemma="se" frpos="PRON" frMUSAS="Z8">se</w><w frlemma="faire" frpos="VERB" frMUSAS="Z99">fit</w><w frlemma="éditeur" frpos="NOUN" frMUSAS="Z99">éditeur</w><w frlemma="de" frpos="ADP" frMUSAS="Z5">d'</w><w frlemma="un" frpos="DET" frMUSAS="Z5">un</w><w frlemma="grand" frpos="ADJ" frMUSAS="Z99">grand</w><w frlemma="nombre" frpos="NOUN" frMUSAS="N1">nombre</w><w frlemma="de" frpos="ADP" frMUSAS="Z5">de</w><w frlemma="texte" frpos="NOUN" frMUSAS="Q1.2">textes</w><w frlemma="inédit" frpos="ADJ" frMUSAS="Z99">inédits</w><w frlemma="," frpos="PUNCT" frMUSAS="PUNCT">,</w><w frlemma="être" frpos="CCONJ" frMUSAS="Z99">soit</w><w frlemma="éthiopien" frpos="NOUN" frMUSAS="Z99">éthiopiens</w><w frlemma="," frpos="PUNCT" frMUSAS="PUNCT">,</w><w frlemma="être" frpos="CCONJ" frMUSAS="Z99">soit</w><w frlemma="copte" frpos="NOUN" frMUSAS="Z99">coptes</w><w frlemma=";" frpos="PUNCT" frMUSAS="PUNCT">;</w><w frlemma="beaucoup" frpos="ADV" frMUSAS="Z99">beaucoup</w><w frlemma="de" frpos="ADP" frMUSAS="Z5">de</w><w frlemma="ce" frpos="DET" frMUSAS="Z5">ces</w><w frlemma="texte" frpos="NOUN" frMUSAS="Q1.2">textes</w><w frlemma="être" frpos="AUX" frMUSAS="Z99">furent</w><w frlemma="livrer" frpos="VERB" frMUSAS="M2">livrés</w><w frlemma="sou" frpos="ADP" frMUSAS="A13.6">sous</w><w frlemma="lorme" frpos="NOUN" frMUSAS="Z99">lorme</w><w frlemma="de" frpos="ADP" frMUSAS="Z5">d'</w><w frlemma="article" frpos="NOUN" frMUSAS="G2.1/P1">articles</w><w frlemma="," frpos="PUNCT" frMUSAS="PUNCT">,</w><w frlemma="prineipalemer" frpos="VERB" frMUSAS="Z99">prineipalement</w><w frlemma="dans" frpos="ADP" frMUSAS="Z5">dans</w><w frlemma="le" frpos="DET" frMUSAS="Z5">la</w><w frlemma="revue" frpos="NOUN" frMUSAS="Z99">Revue</w><w frlemma="de" frpos="ADP" frMUSAS="Z5">de</w><w frlemma="le" frpos="DET" frMUSAS="Z5">l'</w><w frlemma="Orient" frpos="PROPN" frMUSAS="Z99">Orient</w><w frlemma="Chrétien" frpos="PROPN" frMUSAS="Z99">Chrétien</w><w frlemma="," frpos="PUNCT" frMUSAS="PUNCT">,</w><w frlemma="de" frpos="ADP" frMUSAS="Z5">de</w><w frlemma="1908" frpos="NUM" frMUSAS="N1">1908</w><w frlemma="à" frpos="ADP" frMUSAS="Z5">à</w><w frlemma="1934" frpos="NUM" frMUSAS="N1">1934</w><w frlemma="." frpos="PUNCT" frMUSAS="PUNCT">.</w><w frlemma="d''autre" frpos="ADJ" frMUSAS="Z99">D''autres</w><w frlemma="," frpos="PUNCT" frMUSAS="PUNCT">,</w><w frlemma="plus" frpos="ADV" frMUSAS="Z5">plus</w><w frlemma="important" frpos="ADJ" frMUSAS="A11.1+">importants</w><w frlemma="," frpos="PUNCT" frMUSAS="PUNCT">,</w><w frlemma="être" frpos="AUX" frMUSAS="Z99">furent</w><w frlemma="publier" frpos="VERB" frMUSAS="Q4">publiés</w><w frlemma="en" frpos="ADP" frMUSAS="Z5">en</w><w frlemma="volume" frpos="NOUN" frMUSAS="N3.4">volumes</w><w frlemma="." frpos="PUNCT" frMUSAS="PUNCT">.</w><w frlemma="en" frpos="ADP" frMUSAS="Z5">En</w><w frlemma="1909" frpos="NUM" frMUSAS="N1">1909</w><w frlemma="," frpos="PUNCT" frMUSAS="PUNCT">,</w><w frlemma="il" frpos="PRON" frMUSAS="Z8">il</w><w frlemma="faire" frpos="VERB" frMUSAS="Z99">fit</w><w frlemma="paraître" frpos="VERB" frMUSAS="A8">paraître</w><w frlemma="dans" frpos="ADP" frMUSAS="Z5">dans</w><w frlemma="le" frpos="DET" frMUSAS="Z5">la</w><w frlemma="série" frpos="NOUN" frMUSAS="N4c">série</w><w frlemma="éthiopien" frpos="ADJ" frMUSAS="Z99">éthiopienne</w><w frlemma="de" frpos="ADP" frMUSAS="Z5">du</w><w frlemma="Corpus" frpos="PROPN" frMUSAS="Z99">Corpus</w><w frlemma="scriptorum" frpos="NOUN" frMUSAS="Z99">Scriptorum</w><w frlemma="christianorum" frpos="NOUN" frMUSAS="Z99">Christianorum</w><w frlemma="orientalium" frpos="ADJ" frMUSAS="Z99">Orientalium</w><w frlemma="(" frpos="PUNCT" frMUSAS="PUNCT">(</w><w frlemma="vol" frpos="NOUN" frMUSAS="Z99">vol</w><w frlemma="." frpos="PUNCT" frMUSAS="PUNCT">.</w><w frlemma="39" frpos="NUM" frMUSAS="N1">39</w><w frlemma="et" frpos="CCONJ" frMUSAS="Z5">et</w><w frlemma="40" frpos="NUM" frMUSAS="N1">40</w><w frlemma="—" frpos="PUNCT" frMUSAS="PUNCT">—</w><w frlemma="Aeth" frpos="PROPN" frMUSAS="Z99">Aeth</w><w frlemma="." frpos="PUNCT" frMUSAS="PUNCT">.</w><w frlemma="22" frpos="NUM" frMUSAS="N1">22</w><w frlemma="et" frpos="CCONJ" frMUSAS="Z5">et</w><w frlemma="23" frpos="NUM" frMUSAS="N1">23</w><w frlemma=")" frpos="PUNCT" frMUSAS="PUNCT">)</w><w frlemma="le" frpos="DET" frMUSAS="Z5">les</w><w frlemma="apocrypha" frpos="NOUN" frMUSAS="Z99">Apocrypha</w><w frlemma="de" frpos="ADP" frMUSAS="Z5">de</w><w frlemma="Beata" frpos="PROPN" frMUSAS="Z99">Beata</w><w frlemma="Maria" frpos="PROPN" frMUSAS="Z99">Maria</w><w frlemma="Virgine" frpos="PROPN" frMUSAS="Z99">Virgine</w><w frlemma="," frpos="PUNCT" frMUSAS="PUNCT">,</w><w frlemma="pouvoir" frpos="CCONJ" frMUSAS="Z99">puis</w><w frlemma="," frpos="PUNCT" frMUSAS="PUNCT">,</w><w frlemma="à" frpos="ADP" frMUSAS="Z5">à</w><w frlemma="Rome" frpos="PROPN" frMUSAS="Z99">Rome</w><w frlemma="," frpos="PUNCT" frMUSAS="PUNCT">,</w><w frlemma="en" frpos="ADP" frMUSAS="Z5">en</w><w frlemma="1913" frpos="NOUN" frMUSAS="Z99">1913</w><w frlemma="-" frpos="NOUN" frMUSAS="Z99">-</w><w frlemma="1914" frpos="NOUN" frMUSAS="Z99">1914</w><w frlemma="," frpos="PUNCT" frMUSAS="PUNCT">,</w><w frlemma="le" frpos="DET" frMUSAS="Z5">Le</w><w frlemma="Rituel" frpos="PROPN" frMUSAS="Z99">Rituel</w><w frlemma="éthiopien" frpos="ADJ" frMUSAS="Z99">éthiopien</w><w frlemma="." frpos="PUNCT" frMUSAS="PUNCT">.</w><w frlemma="on" frpos="PRON" frMUSAS="Z8">On</w><w frlemma="luire" frpos="PRON" frMUSAS="Z8">lui</w><w frlemma="devoir" frpos="VERB" frMUSAS="Z99">doit</w><w frlemma="," frpos="PUNCT" frMUSAS="PUNCT">,</w><w frlemma="de" frpos="ADP" frMUSAS="Z5">d'</w><w frlemma="autre" frpos="ADJ" frMUSAS="A6.1-">autre</w><w frlemma="part" frpos="NOUN" frMUSAS="S1.1.2+">part</w><w frlemma="," frpos="PUNCT" frMUSAS="PUNCT">,</w><w frlemma="en" frpos="ADP" frMUSAS="Z5">en</w><w frlemma="copte" frpos="NOUN" frMUSAS="Z99">copte</w><w frlemma="," frpos="PUNCT" frMUSAS="PUNCT">,</w><w frlemma="le" frpos="DET" frMUSAS="Z5">La</w><w frlemma="vie" frpos="NOUN" frMUSAS="L1+">vie</w><w frlemma="et" frpos="CCONJ" frMUSAS="Z5">et</w><w frlemma="le" frpos="DET" frMUSAS="Z5">les</w><w frlemma="miracle" frpos="NOUN" frMUSAS="S9">miracles</w><w frlemma="de" frpos="ADP" frMUSAS="Z5">de</w><w frlemma="saint" frpos="NOUN" frMUSAS="Z99">saint</w><w frlemma="Syméon" frpos="PROPN" frMUSAS="Z99">Syméon</w><w frlemma="Stylite" frpos="PROPN" frMUSAS="Z99">Stylite</w><w frlemma="le" frpos="DET" frMUSAS="Z5">l'</w><w frlemma="Ancien" frpos="PROPN" frMUSAS="Z99">Ancien</w><w frlemma="(" frpos="PUNCT" frMUSAS="PUNCT">(</w><w frlemma="tom" frpos="ADJ" frMUSAS="Z99">tome</w><w frlemma="hi" frpos="NOUN" frMUSAS="Z99">HI</w><w frlemma="de" frpos="ADP" frMUSAS="Z5">de</w><w frlemma="le" frpos="DET" frMUSAS="Z5">la</w><w frlemma="«" frpos="NOUN" frMUSAS="Z99">«</w><w frlemma="Bibliothèque" frpos="PROPN" frMUSAS="Q4.1/H1c">Bibliothèque</w><w frlemma="de" frpos="ADP" frMUSAS="Z5">d'</w><w frlemma="étude" frpos="NOUN" frMUSAS="P1">études</w><w frlemma="copter" frpos="VERB" frMUSAS="Z99">coptes</w><w frlemma="»" frpos="PUNCT" frMUSAS="PUNCT">»</w><w frlemma="de" frpos="ADP" frMUSAS="Z5">de</w><w frlemma="le" frpos="DET" frMUSAS="Z5">l'</w><w frlemma="Institut" frpos="PROPN" frMUSAS="P1/S5+c">Institut</w><w frlemma="français" frpos="NOUN" frMUSAS="Z2">Français</w><w frlemma="de" frpos="ADP" frMUSAS="Z5">d'</w><w frlemma="archéologie" frpos="NOUN" frMUSAS="Z99">Archéologie</w><w frlemma="oriental" frpos="ADJ" frMUSAS="Z99">Orientale</w><w frlemma="," frpos="PUNCT" frMUSAS="PUNCT">,</w><w frlemma="198" frpos="NUM" frMUSAS="N1">198</w><w frlemma=")" frpos="PUNCT" frMUSAS="PUNCT">)</w><w frlemma="et" frpos="CCONJ" frMUSAS="Z5">et</w><w frlemma="le" frpos="DET" frMUSAS="Z5">Le</w><w frlemma="manuserit" frpos="NOUN" frMUSAS="Z99">manuserit</w><w frlemma="de" frpos="ADP" frMUSAS="Z5">de</w><w frlemma="le" frpos="DET" frMUSAS="Z5">la</w><w frlemma="version" frpos="NOUN" frMUSAS="A4.1">version</w><w frlemma="copte" frpos="VERB" frMUSAS="Z99">copte</w><w frlemma="en" frpos="ADP" frMUSAS="Z5">en</w><w frlemma="dialecte" frpos="NOUN" frMUSAS="Z99">dialecte</w><w frlemma="sahidiqu" frpos="ADJ" frMUSAS="Z99">sahidique</w><w frlemma="de" frpos="ADP" frMUSAS="Z5">des</w><w frlemma="«" frpos="NOUN" frMUSAS="Z99">«</w><w frlemma="Apophthegmata" frpos="PROPN" frMUSAS="Z99">Apophthegmata</w><w frlemma="Patrum" frpos="PROPN" frMUSAS="Z99">Patrum</w><w frlemma="»" frpos="PUNCT" frMUSAS="PUNCT">»</w><w frlemma="(" frpos="PUNCT" frMUSAS="PUNCT">(</w><w frlemma="tom" frpos="ADJ" frMUSAS="Z99">tome</w><w frlemma="vi" frpos="PRON" frMUSAS="Z99">VI</w><w frlemma="de" frpos="ADP" frMUSAS="Z5">de</w><w frlemma="le" frpos="DET" frMUSAS="Z5">la</w><w frlemma="même" frpos="ADJ" frMUSAS="Z99">même</w><w frlemma="collection" frpos="NOUN" frMUSAS="Z99">collection</w><w frlemma=")" frpos="PUNCT" frMUSAS="PUNCT">)</w><w frlemma=";" frpos="PUNCT" frMUSAS="PUNCT">;</w><w frlemma="par" frpos="ADP" frMUSAS="M6">par</w><w frlemma="ce" frpos="DET" frMUSAS="Z5">ce</w><w frlemma="dernier" frpos="ADJ" frMUSAS="N4">dernier</w><w frlemma="volume" frpos="NOUN" frMUSAS="N3.4">volume</w><w frlemma="," frpos="PUNCT" frMUSAS="PUNCT">,</w><w frlemma="paraître" frpos="VERB" frMUSAS="A8">paru</w><w frlemma="peu" frpos="ADV" frMUSAS="A13.7">peu</w><w frlemma="après" frpos="ADP" frMUSAS="Z5">après</w><w frlemma="son" frpos="DET" frMUSAS="Z5">sa</w><w frlemma="mort" frpos="NOUN" frMUSAS="Z99">mort</w><w frlemma="," frpos="PUNCT" frMUSAS="PUNCT">,</w><w frlemma="en" frpos="ADP" frMUSAS="Z5">en</w><w frlemma="1960" frpos="NUM" frMUSAS="N1">1960</w><w frlemma="," frpos="PUNCT" frMUSAS="PUNCT">,</w><w frlemma="il" frpos="PRON" frMUSAS="Z8">il</w><w frlemma="revenir" frpos="VERB" frMUSAS="Z99">revenait</w><w frlemma="à" frpos="ADP" frMUSAS="Z5">à</w><w frlemma="un" frpos="DET" frMUSAS="Z5">un</w><w frlemma="sujet" frpos="NOUN" frMUSAS="Z99">sujet</w><w frlemma="auquel" frpos="NOUN" frMUSAS="Z99">auquel</w><w frlemma="il" frpos="PRON" frMUSAS="Z8">il</w><w frlemma="se" frpos="PRON" frMUSAS="Z8">s'</w><w frlemma="être" frpos="AUX" frMUSAS="Z99">était</w><w frlemma="attacher" frpos="VERB" frMUSAS="A1.7+">attaché</w><w frlemma="dès" frpos="ADP" frMUSAS="Z5">dès</w><w frlemma="le" frpos="DET" frMUSAS="Z5">le</w><w frlemma="début" frpos="NOUN" frMUSAS="T2+">début</w><w frlemma="de" frpos="ADP" frMUSAS="Z5">de</w><w frlemma="son" frpos="DET" frMUSAS="Z5">ses</w><w frlemma="étude" frpos="NOUN" frMUSAS="P1">études</w><w frlemma="oriental" frpos="ADJ" frMUSAS="Z99">orientales</w><w frlemma=";" frpos="PUNCT" frMUSAS="PUNCT">;</w><w frlemma="ce" frpos="PRON" frMUSAS="Z8">c'</w><w frlemma="être" frpos="VERB" frMUSAS="M6">est</w><w frlemma="," frpos="PUNCT" frMUSAS="PUNCT">,</w><w frlemma="en" frpos="ADP" frMUSAS="Z5">en</w><w frlemma="effet" frpos="NOUN" frMUSAS="A2.2">effet</w><w frlemma="," frpos="PUNCT" frMUSAS="PUNCT">,</w><w frlemma="à" frpos="ADP" frMUSAS="Z5">aux</w><w frlemma="apophtegme" frpos="NOUN" frMUSAS="Z99">Apophtegmes</w><w frlemma="de" frpos="ADP" frMUSAS="Z5">des</w><w frlemma="père" frpos="NOUN" frMUSAS="S4/B1">Pères</w><w frlemma="que" frpos="PRON" frMUSAS="Z8">qu'</w><w frlemma="avoir" frpos="AUX" frMUSAS="A9+">avait</w><w frlemma="être" frpos="AUX" frMUSAS="T1.3">été</w><w frlemma="consacrer" frpos="VERB" frMUSAS="Z99">consacrée</w><w frlemma="," frpos="PUNCT" frMUSAS="PUNCT">,</w><w frlemma="en" frpos="ADP" frMUSAS="Z5">en</w><w frlemma="1907" frpos="NUM" frMUSAS="N1">1907</w><w frlemma="," frpos="PUNCT" frMUSAS="PUNCT">,</w><w frlemma="son" frpos="DET" frMUSAS="Z5">sa</w><w frlemma="thèse" frpos="NOUN" frMUSAS="Z99">thèse</w><w frlemma="de" frpos="ADP" frMUSAS="Z5">de</w><w frlemma="le" frpos="DET" frMUSAS="Z5">l'</w><w frlemma="Ecole" frpos="PROPN" frMUSAS="Z99">Ecole</w><w frlemma="de" frpos="ADP" frMUSAS="Z5">du</w><w frlemma="Louvre" frpos="PROPN" frMUSAS="Z99">Louvre</w><w frlemma="," frpos="PUNCT" frMUSAS="PUNCT">,</w><w frlemma="où" frpos="PRON" frMUSAS="Z8">où</w><w frlemma="il" frpos="PRON" frMUSAS="Z8">il</w><w frlemma="avoir" frpos="AUX" frMUSAS="A9+">avait</w><w frlemma="être" frpos="AUX" frMUSAS="T1.3">été</w><w frlemma="élever" frpos="VERB" frMUSAS="Z99">élève</w><w frlemma="de" frpos="ADP" frMUSAS="Z5">d'</w><w frlemma="Eugène" frpos="PROPN" frMUSAS="Z99">Eugène</w><w frlemma="Révillout" frpos="PROPN" frMUSAS="Z99">Révillout</w><w frlemma="," frpos="PUNCT" frMUSAS="PUNCT">,</w><w frlemma="le" frpos="DET" frMUSAS="Z5">La</w><w frlemma="rédaction" frpos="NOUN" frMUSAS="Z99">rédaction</w><w frlemma="original" frpos="ADJ" frMUSAS="A5.4+">originale</w><w frlemma="de" frpos="ADP" frMUSAS="Z5">des</w><w frlemma="apophtegme" frpos="NOUN" frMUSAS="Z99">Apophtegmes</w><w frlemma="de" frpos="ADP" frMUSAS="Z5">des</w><w frlemma="père" frpos="NOUN" frMUSAS="S4/B1">Pères</w><w frlemma=";" frpos="PUNCT" frMUSAS="PUNCT">;</w><w frlemma="se" frpos="PRON" frMUSAS="Z8">s'</w><w frlemma="opposer" frpos="VERB" frMUSAS="S8-/E2-">opposant</w><w frlemma="à" frpos="ADP" frMUSAS="Z5">aux</w><w frlemma="théorie" frpos="NOUN" frMUSAS="X4.1">théories</w><w frlemma="de" frpos="ADP" frMUSAS="Z5">d'</w><w frlemma="amélineau" frpos="NOUN" frMUSAS="Z99">Amélineau</w><w frlemma="," frpos="PUNCT" frMUSAS="PUNCT">,</w><w frlemma="il" frpos="PRON" frMUSAS="Z8">il</w><w frlemma="y" frpos="PRON" frMUSAS="M6">y</w><w frlemma="démontrer" frpos="VERB" frMUSAS="A10+">démontrait</w><w frlemma="," frpos="PUNCT" frMUSAS="PUNCT">,</w><w frlemma="de" frpos="ADP" frMUSAS="Z5">de</w><w frlemma="façon" frpos="NOUN" frMUSAS="Z99">façon</w><w frlemma="décisif" frpos="ADJ" frMUSAS="A11.1+">décisive</w><w frlemma="," frpos="PUNCT" frMUSAS="PUNCT">,</w><w frlemma="que" frpos="SCONJ" frMUSAS="Z5">que</w><w frlemma="le" frpos="DET" frMUSAS="Z5">le</w><w frlemma="texte" frpos="NOUN" frMUSAS="Q1.2">texte</w><w frlemma="sahidiqu" frpos="ADJ" frMUSAS="Z99">sahidique</w><w frlemma="de" frpos="ADP" frMUSAS="Z5">des</w><w frlemma="apophtegme" frpos="NOUN" frMUSAS="Z99">apophtegmes</w><w frlemma="être" frpos="AUX" frMUSAS="M6">est</w><w frlemma="," frpos="PUNCT" frMUSAS="PUNCT">,</w><w frlemma="non" frpos="ADV" frMUSAS="Z99">non</w><w frlemma="pas" frpos="ADV" frMUSAS="Z99">pas</w><w frlemma="un" frpos="DET" frMUSAS="Z5">un</w><w frlemma="texte" frpos="NOUN" frMUSAS="Q1.2">texte</w><w frlemma="original" frpos="ADJ" frMUSAS="A5.4+">original</w><w frlemma="," frpos="PUNCT" frMUSAS="PUNCT">,</w><w frlemma="mais" frpos="CCONJ" frMUSAS="Z5">mais</w><w frlemma="un" frpos="DET" frMUSAS="Z5">une</w><w frlemma="traduction" frpos="NOUN" frMUSAS="Q3">traduction</w><w frlemma="faire" frpos="VERB" frMUSAS="Z99">faite</w><w frlemma="sur" frpos="ADP" frMUSAS="Z5">sur</w><w frlemma="le" frpos="DET" frMUSAS="Z5">le</w><w frlemma="grec" frpos="PROPN" frMUSAS="Z2">grec</w><w frlemma="." frpos="PUNCT" frMUSAS="PUNCT">.</w><w frlemma="ce" frpos="PRON" frMUSAS="Z8">Ce</w><w frlemma="faire" frpos="ADV" frMUSAS="Z99">faisant</w><w frlemma="," frpos="PUNCT" frMUSAS="PUNCT">,</w><w frlemma="il" frpos="PRON" frMUSAS="Z8">il</w><w frlemma="apporler" frpos="VERB" frMUSAS="Z99">apporlait</w><w frlemma="un" frpos="DET" frMUSAS="Z5">une</w><w frlemma="contribution" frpos="NOUN" frMUSAS="A9-">contribution</w><w frlemma="essentiel" frpos="ADJ" frMUSAS="S6+">essentielle</w><w frlemma="à" frpos="ADP" frMUSAS="Z5">à</w><w frlemma="le" frpos="DET" frMUSAS="Z5">l'</w><w frlemma="un" frpos="PRON" frMUSAS="Z5">un</w><w frlemma="de" frpos="ADP" frMUSAS="Z5">des</w><w frlemma="problème" frpos="NOUN" frMUSAS="A12-">problèmes</w><w frlemma="littéraire" frpos="ADJ" frMUSAS="Q4.1">littéraires</w><w frlemma="le" frpos="DET" frMUSAS="Z5">les</w><w frlemma="plus" frpos="ADV" frMUSAS="Z5">plus</w><w frlemma="complexe" frpos="ADJ" frMUSAS="A12-">complexes</w><w frlemma="de" frpos="ADP" frMUSAS="Z5">de</w><w frlemma="le" frpos="DET" frMUSAS="Z5">l'</w><w frlemma="ancien" frpos="ADJ" frMUSAS="Z99">ancienne</w><w frlemma="littérature" frpos="NOUN" frMUSAS="Q4.1">littérature</w><w frlemma="chrétien" frpos="VERB" frMUSAS="Z99">chrétienne</w><w frlemma="." frpos="PUNCT" frMUSAS="PUNCT">.</w></p><p><w frlemma="à" frpos="ADP" frMUSAS="Z5">Aux</w><w frlemma="grammaire" frpos="ADJ" frMUSAS="Z99">grammaires</w><w frlemma="et" frpos="CCONJ" frMUSAS="Z5">et</w><w frlemma="à" frpos="ADP" frMUSAS="Z5">aux</w><w frlemma="édition" frpos="NOUN" frMUSAS="Z99">éditions</w><w frlemma="de" frpos="ADP" frMUSAS="Z5">de</w><w frlemma="texte" frpos="NOUN" frMUSAS="Q1.2">textes</w><w frlemma="il" frpos="PRON" frMUSAS="Z8">il</w><w frlemma="falloir" frpos="VERB" frMUSAS="Z99">faut</w><w frlemma="ajouter" frpos="VERB" frMUSAS="N5+/A2.1">ajouter</w><w frlemma="," frpos="PUNCT" frMUSAS="PUNCT">,</w><w frlemma="parmi" frpos="ADP" frMUSAS="Z5">parmi</w><w frlemma="le" frpos="DET" frMUSAS="Z5">les</w><w frlemma="important" frpos="ADJ" frMUSAS="A11.1+">importantes</w><w frlemma="publication" frpos="NOUN" frMUSAS="Q4">publications</w><w frlemma="de" frpos="ADP" frMUSAS="Z5">de</w><w frlemma="m." frpos="NOUN" frMUSAS="Z99">M.</w><w frlemma="Chaîne" frpos="PROPN" frMUSAS="Z99">Chaîne</w><w frlemma="," frpos="PUNCT" frMUSAS="PUNCT">,</w><w frlemma="son" frpos="DET" frMUSAS="Z5">ses</w><w frlemma="catalogue" frpos="NOUN" frMUSAS="Z99">catalogues</w><w frlemma="de" frpos="ADP" frMUSAS="Z5">de</w><w frlemma="manuscrit" frpos="NOUN" frMUSAS="Z99">manuscrits</w><w frlemma="," frpos="PUNCT" frMUSAS="PUNCT">,</w><w frlemma="notamment" frpos="ADV" frMUSAS="A14">notamment</w><w frlemma="celui" frpos="PRON" frMUSAS="Z8">ceux</w><w frlemma="qu''il" frpos="PRON" frMUSAS="Z99">qu''il</w><w frlemma="faire" frpos="VERB" frMUSAS="Z99">fit</w><w frlemma="de" frpos="ADP" frMUSAS="Z5">de</w><w frlemma="deux" frpos="NUM" frMUSAS="N1">deux</w><w frlemma="fonds" frpos="NOUN" frMUSAS="I1.1">fonds</w><w frlemma="éthiopien" frpos="ADJ" frMUSAS="Z99">éthiopiens</w><pb n="13"/><w frlemma="de" frpos="ADP" frMUSAS="Z5">de</w><w frlemma="le" frpos="DET" frMUSAS="Z5">la</w><w frlemma="bibliothèque" frpos="NOUN" frMUSAS="Q4.1/H1c">Bibliothèque</w><w frlemma="Nationale" frpos="PROPN" frMUSAS="Z99">Nationale</w><w frlemma=":" frpos="PUNCT" frMUSAS="PUNCT">:</w><w frlemma="le" frpos="DET" frMUSAS="Z5">la</w><w frlemma="célèbre" frpos="ADJ" frMUSAS="X2.2+">célèbre</w><w frlemma="collection" frpos="NOUN" frMUSAS="Z99">collection</w><w frlemma="Antoine" frpos="PROPN" frMUSAS="Z99">Antoine</w><w frlemma="de" frpos="ADP" frMUSAS="Z5">d'</w><w frlemma="Abbadie" frpos="PROPN" frMUSAS="Z99">Abbadie</w><w frlemma="," frpos="PUNCT" frMUSAS="PUNCT">,</w><w frlemma="soit" frpos="ADV" frMUSAS="Z99">soit</w><w frlemma="283" frpos="NUM" frMUSAS="N1">283</w><w frlemma="manuscrit" frpos="NOUN" frMUSAS="Z99">manuscrits</w><w frlemma="que" frpos="PRON" frMUSAS="Z8">qu'</w><w frlemma="il" frpos="PRON" frMUSAS="Z8">il</w><w frlemma="décrire" frpos="VERB" frMUSAS="Q2.2">décrivit</w><w frlemma="et" frpos="CCONJ" frMUSAS="Z5">et</w><w frlemma="analysa" frpos="ADJ" frMUSAS="Z99">analysa</w><w frlemma="et" frpos="CCONJ" frMUSAS="Z5">et</w><w frlemma="dont" frpos="PRON" frMUSAS="Z8">dont</w><w frlemma="le" frpos="DET" frMUSAS="Z5">le</w><w frlemma="catalogue" frpos="NOUN" frMUSAS="Z99">catalogue</w><w frlemma="parut" frpos="ADJ" frMUSAS="Z99">parut</w><w frlemma="en" frpos="ADP" frMUSAS="Z5">en</w><w frlemma="1919" frpos="NUM" frMUSAS="N1">1919</w><w frlemma="," frpos="PUNCT" frMUSAS="PUNCT">,</w><w frlemma="en" frpos="ADP" frMUSAS="Z5">en</w><w frlemma="même" frpos="ADJ" frMUSAS="Z99">même</w><w frlemma="temps" frpos="NOUN" frMUSAS="T1">temps</w><w frlemma="que" frpos="SCONJ" frMUSAS="Z5">qu'</w><w frlemma="un" frpos="DET" frMUSAS="Z5">un</w><w frlemma="supplément" frpos="NOUN" frMUSAS="Z99">supplément</w><w frlemma="à" frpos="ADP" frMUSAS="Z5">à</w><w frlemma="celui" frpos="PRON" frMUSAS="Z8">celui</w><w frlemma="de" frpos="ADP" frMUSAS="Z5">de</w><w frlemma="Zotenberg" frpos="PROPN" frMUSAS="Z99">Zotenberg</w><w frlemma=";" frpos="PUNCT" frMUSAS="PUNCT">;</w><w frlemma="le" frpos="DET" frMUSAS="Z5">l'</w><w frlemma="année" frpos="NOUN" frMUSAS="T1.3">année</w><w frlemma="suivant" frpos="ADJ" frMUSAS="N4">suivante</w><w frlemma="," frpos="PUNCT" frMUSAS="PUNCT">,</w><w frlemma="il" frpos="PRON" frMUSAS="Z8">il</w><w frlemma="donner" frpos="VERB" frMUSAS="A9-">donnait</w><w frlemma="le" frpos="DET" frMUSAS="Z5">le</w><w frlemma="catalogue" frpos="NOUN" frMUSAS="Z99">catalogue</w><w frlemma="de" frpos="ADP" frMUSAS="Z5">des</w><w frlemma="113" frpos="NUM" frMUSAS="N1">113</w><w frlemma="manuserit" frpos="NOUN" frMUSAS="Z99">manuserits</w><w frlemma="de" frpos="ADP" frMUSAS="Z5">de</w><w frlemma="le" frpos="DET" frMUSAS="Z5">la</w><w frlemma="collection" frpos="NOUN" frMUSAS="Z99">collection</w><w frlemma="Mondon" frpos="PROPN" frMUSAS="Z99">Mondon</w><w frlemma="Vidailhet" frpos="PROPN" frMUSAS="Z99">Vidailhet</w><w frlemma="." frpos="PUNCT" frMUSAS="PUNCT">.</w><w frlemma="ne" frpos="ADV" frMUSAS="Z6">N'</w><w frlemma="oublier" frpos="VERB" frMUSAS="X2.2-">oublions</w><w frlemma="pas" frpos="ADV" frMUSAS="Z99">pas</w><w frlemma="enfin" frpos="ADV" frMUSAS="Z99">enfin</w><w frlemma="de" frpos="ADP" frMUSAS="Z5">de</w><w frlemma="mentionner" frpos="VERB" frMUSAS="Q2.1">mentionner</w><w frlemma="ce" frpos="DET" frMUSAS="Z5">ce</w><w frlemma="monumental" frpos="NOUN" frMUSAS="Z99">monumental</w><w frlemma="ouvrager" frpos="VERB" frMUSAS="I3.1">ouvrage</w><w frlemma="que" frpos="SCONJ" frMUSAS="Z5">qu'</w><w frlemma="être" frpos="AUX" frMUSAS="M6">est</w><w frlemma="son" frpos="DET" frMUSAS="Z5">sa</w><w frlemma="chronologie" frpos="NOUN" frMUSAS="Z99">Chronologie</w><w frlemma="de" frpos="ADP" frMUSAS="Z5">des</w><w frlemma="temps" frpos="NOUN" frMUSAS="T1">temps</w><w frlemma="chrétien" frpos="ADJ" frMUSAS="Z99">chrétiens</w><w frlemma="de" frpos="ADP" frMUSAS="Z5">de</w><w frlemma="le" frpos="DET" frMUSAS="Z5">l'</w><w frlemma="egypte" frpos="NOUN" frMUSAS="Z99">Egypte</w><w frlemma="et" frpos="CCONJ" frMUSAS="Z5">et</w><w frlemma="de" frpos="ADP" frMUSAS="Z5">de</w><w frlemma="le" frpos="DET" frMUSAS="Z5">l'</w><w frlemma="ethiopie" frpos="NOUN" frMUSAS="Z99">Ethiopie</w><w frlemma="(" frpos="PUNCT" frMUSAS="PUNCT">(</w><w frlemma="Paris" frpos="PROPN" frMUSAS="Z99">Paris</w><w frlemma="," frpos="PUNCT" frMUSAS="PUNCT">,</w><w frlemma="1925" frpos="NUM" frMUSAS="N1">1925</w><w frlemma=")" frpos="PUNCT" frMUSAS="PUNCT">)</w><w frlemma="," frpos="PUNCT" frMUSAS="PUNCT">,</w><w frlemma="fruit" frpos="NOUN" frMUSAS="F1">fruit</w><w frlemma="de" frpos="ADP" frMUSAS="Z5">d'</w><w frlemma="un" frpos="DET" frMUSAS="Z5">un</w><w frlemma="immense" frpos="NOUN" frMUSAS="N3.2++">immense</w><w frlemma="labeur" frpos="NOUN" frMUSAS="Z99">labeur</w><w frlemma="," frpos="PUNCT" frMUSAS="PUNCT">,</w><w frlemma="et" frpos="CCONJ" frMUSAS="Z5">et</w><w frlemma="dont" frpos="PRON" frMUSAS="Z8">dont</w><w frlemma="le" frpos="DET" frMUSAS="Z5">le</w><w frlemma="sous-titre" frpos="NOUN" frMUSAS="Z99">sous-titre</w><w frlemma="dire" frpos="VERB" frMUSAS="Q2.1">dit</w><w frlemma="assez" frpos="ADV" frMUSAS="A13.3">assez</w><w frlemma="le" frpos="DET" frMUSAS="Z5">la</w><w frlemma="richesse" frpos="NOUN" frMUSAS="Z99">richesse</w><w frlemma="de" frpos="ADP" frMUSAS="Z5">du</w><w frlemma="contenu" frpos="NOUN" frMUSAS="A1.8+">contenu</w><w frlemma="et" frpos="CCONJ" frMUSAS="Z5">et</w><w frlemma="le" frpos="DET" frMUSAS="Z5">l'</w><w frlemma="utilité" frpos="NOUN" frMUSAS="Z99">utilité</w><w frlemma=":" frpos="PUNCT" frMUSAS="PUNCT">:</w><w frlemma="«" frpos="NOUN" frMUSAS="Z99">«</w><w frlemma="historique" frpos="NOUN" frMUSAS="T1.1.1">Historique</w><w frlemma="et" frpos="CCONJ" frMUSAS="Z5">et</w><w frlemma="exposé" frpos="NOUN" frMUSAS="Z99">exposé</w><w frlemma="de" frpos="ADP" frMUSAS="Z5">du</w><w frlemma="calendrier" frpos="NOUN" frMUSAS="O2/T1.3">calendrier</w><w frlemma="et" frpos="CCONJ" frMUSAS="Z5">et</w><w frlemma="de" frpos="ADP" frMUSAS="Z5">du</w><w frlemma="comput" frpos="NOUN" frMUSAS="Z99">comput</w><w frlemma="de" frpos="ADP" frMUSAS="Z5">de</w><w frlemma="le" frpos="DET" frMUSAS="Z5">l'</w><w frlemma="egypte" frpos="NOUN" frMUSAS="Z99">Egypte</w><w frlemma="et" frpos="CCONJ" frMUSAS="Z5">et</w><w frlemma="de" frpos="ADP" frMUSAS="Z5">de</w><w frlemma="le" frpos="DET" frMUSAS="Z5">l'</w><w frlemma="ethiopie" frpos="NOUN" frMUSAS="Z99">Ethiopie</w><w frlemma="depuis" frpos="ADP" frMUSAS="Z5">depuis</w><w frlemma="le" frpos="DET" frMUSAS="Z5">les</w><w frlemma="début" frpos="NOUN" frMUSAS="T2+">débuts</w><w frlemma="de" frpos="ADP" frMUSAS="Z5">de</w><w frlemma="le" frpos="DET" frMUSAS="Z5">l'</w><w frlemma="ère" frpos="NOUN" frMUSAS="T1.3">ère</w><w frlemma="chrétien" frpos="VERB" frMUSAS="Z99">chrétienne</w><w frlemma="à" frpos="ADP" frMUSAS="Z5">à</w><w frlemma="notre" frpos="DET" frMUSAS="Z5">nos</w><w frlemma="jour" frpos="NOUN" frMUSAS="T1.3">jours</w><w frlemma="," frpos="PUNCT" frMUSAS="PUNCT">,</w><w frlemma="accompagner" frpos="VERB" frMUSAS="S3.1">accompagnés</w><w frlemma="de" frpos="ADP" frMUSAS="Z5">de</w><w frlemma="table" frpos="NOUN" frMUSAS="H5">tables</w><w frlemma="donner" frpos="VERB" frMUSAS="A9-">donnant</w><w frlemma="pour" frpos="ADP" frMUSAS="Z5">pour</w><w frlemma="chaque" frpos="DET" frMUSAS="N5.1+">chaque</w><w frlemma="année" frpos="NOUN" frMUSAS="T1.3">année</w><w frlemma="," frpos="PUNCT" frMUSAS="PUNCT">,</w><w frlemma="avec" frpos="ADP" frMUSAS="Z5">avec</w><w frlemma="le" frpos="DET" frMUSAS="Z5">les</w><w frlemma="caractéristique" frpos="NOUN" frMUSAS="A6.2+">caractéristiques</w><w frlemma="astronomique" frpos="ADJ" frMUSAS="Z99">astronomiques</w><w frlemma="de" frpos="ADP" frMUSAS="Z5">du</w><w frlemma="compul" frpos="NOUN" frMUSAS="Z99">compul</w><w frlemma="alexandrin" frpos="NOUN" frMUSAS="Z99">alexandrin</w><w frlemma="," frpos="PUNCT" frMUSAS="PUNCT">,</w><w frlemma="le" frpos="DET" frMUSAS="Z5">les</w><w frlemma="année" frpos="NOUN" frMUSAS="T1.3">années</w><w frlemma="correspondant" frpos="ADJ" frMUSAS="Q4.2/S2mf">correspondantes</w><w frlemma="un" frpos="DET" frMUSAS="Z5">des</w><w frlemma="principale" frpos="NOUN" frMUSAS="Z99">principales</w><w frlemma="ère" frpos="ADJ" frMUSAS="T1.3">ères</w><w frlemma="de" frpos="ADP" frMUSAS="Z5">des</w><w frlemma="année" frpos="NOUN" frMUSAS="T1.3">années</w><w frlemma="julien" frpos="ADJ" frMUSAS="Z99">juliennes</w><w frlemma="," frpos="PUNCT" frMUSAS="PUNCT">,</w><w frlemma="grégorien" frpos="ADJ" frMUSAS="Z99">grégoriennes</w><w frlemma="," frpos="PUNCT" frMUSAS="PUNCT">,</w><w frlemma="copte" frpos="NOUN" frMUSAS="Z99">coptes</w><w frlemma="et" frpos="CCONJ" frMUSAS="Z5">et</w><w frlemma="éthiopien" frpos="ADJ" frMUSAS="Z99">éthiopiennes</w><w frlemma="avec" frpos="ADP" frMUSAS="Z5">avec</w><w frlemma="le" frpos="DET" frMUSAS="Z5">les</w><w frlemma="année" frpos="NOUN" frMUSAS="T1.3">années</w><w frlemma="musulman" frpos="ADJ" frMUSAS="Z99">musulmanes</w><w frlemma="," frpos="PUNCT" frMUSAS="PUNCT">,</w><w frlemma="et" frpos="CCONJ" frMUSAS="Z5">et</w><w frlemma="de" frpos="ADP" frMUSAS="Z5">de</w><w frlemma="plusieurs" frpos="DET" frMUSAS="N5">plusieurs</w><w frlemma="appendice" frpos="NOUN" frMUSAS="Z99">appendices</w><w frlemma="," frpos="PUNCT" frMUSAS="PUNCT">,</w><w frlemma="pour" frpos="ADP" frMUSAS="Z5">pour</w><w frlemma="servir" frpos="VERB" frMUSAS="S8+">servir</w><w frlemma="à" frpos="ADP" frMUSAS="Z5">à</w><w frlemma="le" frpos="DET" frMUSAS="Z5">la</w><w frlemma="chronologie" frpos="NOUN" frMUSAS="Z99">Chronologie</w><w frlemma="»" frpos="PUNCT" frMUSAS="PUNCT">»</w><w frlemma="." frpos="PUNCT" frMUSAS="PUNCT">.</w></p><p><w frlemma="tout" frpos="ADJ" frMUSAS="Z8">Toutes</w><w frlemma="ce" frpos="DET" frMUSAS="Z5">ces</w><w frlemma="publication" frpos="NOUN" frMUSAS="Q4">publications</w><w frlemma="de" frpos="ADP" frMUSAS="Z5">de</w><w frlemma="m." frpos="NOUN" frMUSAS="Z99">M.</w><w frlemma="Chaîne" frpos="PROPN" frMUSAS="Z99">Chaîne</w><w frlemma="se" frpos="PRON" frMUSAS="Z8">se</w><w frlemma="signaler" frpos="VERB" frMUSAS="Z99">signalent</w><w frlemma="par" frpos="ADP" frMUSAS="M6">par</w><w frlemma="deux" frpos="NUM" frMUSAS="N1">deux</w><w frlemma="caractère" frpos="NOUN" frMUSAS="Z99">caractères</w><w frlemma="que" frpos="PRON" frMUSAS="Z8">qu'</w><w frlemma="lui" frpos="PRON" frMUSAS="Z8">elles</w><w frlemma="avoir" frpos="AUX" frMUSAS="A9+">ont</w><w frlemma="en" frpos="ADP" frMUSAS="Z5">en</w><w frlemma="commun" frpos="ADJ" frMUSAS="A6.2+">commun</w><w frlemma=":" frpos="PUNCT" frMUSAS="PUNCT">:</w><w frlemma="ce" frpos="PRON" frMUSAS="Z8">ce</w><w frlemma="être" frpos="AUX" frMUSAS="Z99">sont</w><w frlemma="de" frpos="ADP" frMUSAS="Z5">d'</w><w frlemma="abord" frpos="ADV" frMUSAS="Z99">abord</w><w frlemma="un" frpos="DET" frMUSAS="Z5">des</w><w frlemma="travail" frpos="NOUN" frMUSAS="I3.1">travaux</w><w frlemma="fondamental" frpos="ADJ" frMUSAS="Z99">fondamentaux</w><w frlemma=";" frpos="PUNCT" frMUSAS="PUNCT">;</w><w frlemma="en" frpos="ADP" frMUSAS="Z5">en</w><w frlemma="second" frpos="ADJ" frMUSAS="N4">second</w><w frlemma="lieu" frpos="NOUN" frMUSAS="M2">lieu</w><w frlemma="," frpos="PUNCT" frMUSAS="PUNCT">,</w><w frlemma="lui" frpos="PRON" frMUSAS="Z8">elles</w><w frlemma="viser" frpos="VERB" frMUSAS="X7+">visent</w><w frlemma="avant" frpos="ADP" frMUSAS="Z5">avant</w><w frlemma="tout" frpos="ADV" frMUSAS="Z8">tout</w><w frlemma="à" frpos="ADP" frMUSAS="Z5">à</w><w frlemma="être" frpos="AUX" frMUSAS="Z99">être</w><w frlemma="utile" frpos="ADJ" frMUSAS="A1.5.2+">utiles</w><w frlemma="." frpos="PUNCT" frMUSAS="PUNCT">.</w><w frlemma="«" frpos="NUM" frMUSAS="N1">«</w><w frlemma="aider" frpos="VERB" frMUSAS="Z99">Aider</w><w frlemma="à" frpos="ADP" frMUSAS="Z5">à</w><w frlemma="le" frpos="DET" frMUSAS="Z5">l'</w><w frlemma="étude" frpos="NOUN" frMUSAS="P1">étude</w><w frlemma="de" frpos="ADP" frMUSAS="Z5">du</w><w frlemma="copte" frpos="NOUN" frMUSAS="Z99">copte</w><w frlemma="avoir" frpos="AUX" frMUSAS="A9+">a</w><w frlemma="être" frpos="AUX" frMUSAS="T1.3">été</w><w frlemma="tout" frpos="ADV" frMUSAS="Z8">tout</w><w frlemma="notre" frpos="DET" frMUSAS="Z8">notre</w><w frlemma="désir" frpos="NOUN" frMUSAS="X7+">désir</w><w frlemma="en" frpos="ADP" frMUSAS="Z5">en</w><w frlemma="publier" frpos="VERB" frMUSAS="Q4">publiant</w><w frlemma="ce" frpos="DET" frMUSAS="Z5">ces</w><w frlemma="elément" frpos="NOUN" frMUSAS="Z99">Eléments</w><w frlemma="»" frpos="PUNCT" frMUSAS="PUNCT">»</w><w frlemma="," frpos="PUNCT" frMUSAS="PUNCT">,</w><w frlemma="écrire" frpos="VERB" frMUSAS="Q1.2">écrivait</w><w frlemma="il" frpos="PRON" frMUSAS="Z8">-il</w><w frlemma="dans" frpos="ADP" frMUSAS="Z5">dans</w><w frlemma="le" frpos="DET" frMUSAS="Z5">l'</w><w frlemma="introduction" frpos="NOUN" frMUSAS="T2+">introduction</w><w frlemma="de" frpos="ADP" frMUSAS="Z5">de</w><w frlemma="son" frpos="DET" frMUSAS="Z5">sa</w><w frlemma="grammaire" frpos="NOUN" frMUSAS="Z99">Grammaire</w><w frlemma="copte" frpos="VERB" frMUSAS="Z99">copte</w><w frlemma="(" frpos="PUNCT" frMUSAS="PUNCT">(</w><w frlemma="p." frpos="NOUN" frMUSAS="Z99">p.</w><w frlemma="xiii" frpos="ADJ" frMUSAS="Z99">XIII</w><w frlemma=")" frpos="PUNCT" frMUSAS="PUNCT">)</w><w frlemma=":" frpos="PUNCT" frMUSAS="PUNCT">:</w><w frlemma="on" frpos="PRON" frMUSAS="Z8">on</w><w frlemma="pouvoir" frpos="VERB" frMUSAS="Z99">peut</w><w frlemma="dire" frpos="VERB" frMUSAS="Q2.1">dire</w><w frlemma="que" frpos="SCONJ" frMUSAS="Z5">que</w><w frlemma="ce" frpos="DET" frMUSAS="Z5">cette</w><w frlemma="formule" frpos="NOUN" frMUSAS="Z99">formule</w><w frlemma="exprimer" frpos="VERB" frMUSAS="Q1.1">exprime</w><w frlemma="son" frpos="DET" frMUSAS="Z5">sa</w><w frlemma="penser" frpos="VERB" frMUSAS="X2.1">pensée</w><w frlemma="constant" frpos="ADJ" frMUSAS="A2.1-">constante</w><w frlemma="." frpos="PUNCT" frMUSAS="PUNCT">.</w><w frlemma="m" frpos="NOUN" frMUSAS="Z99">M</w><w frlemma="," frpos="PUNCT" frMUSAS="PUNCT">,</w><w frlemma="Chaîne" frpos="PROPN" frMUSAS="Z99">Chaîne</w><w frlemma="avoir" frpos="AUX" frMUSAS="A9+">avait</w><w frlemma="le" frpos="DET" frMUSAS="Z5">le</w><w frlemma="tempérament" frpos="NOUN" frMUSAS="Z99">tempérament</w><w frlemma="et" frpos="CCONJ" frMUSAS="Z5">et</w><w frlemma="le" frpos="DET" frMUSAS="Z5">l'</w><w frlemma="ardeur" frpos="NOUN" frMUSAS="Z99">ardeur</w><w frlemma="de" frpos="ADP" frMUSAS="Z5">d'</w><w frlemma="un" frpos="DET" frMUSAS="Z5">un</w><w frlemma="pionnier" frpos="NOUN" frMUSAS="Z99">pionnier</w><w frlemma="." frpos="PUNCT" frMUSAS="PUNCT">.</w><w frlemma="il" frpos="PRON" frMUSAS="Z8">Il</w><w frlemma="avoir" frpos="VERB" frMUSAS="A9+">avait</w><w frlemma="aussi" frpos="ADV" frMUSAS="Z99">aussi</w><w frlemma="le" frpos="DET" frMUSAS="Z5">l'</w><w frlemma="âme" frpos="NOUN" frMUSAS="K2">âme</w><w frlemma="de" frpos="ADP" frMUSAS="Z5">d'</w><w frlemma="un" frpos="DET" frMUSAS="Z5">un</w><w frlemma="maître" frpos="NOUN" frMUSAS="S7.1+/S2.2m">maître</w><w frlemma=":" frpos="PUNCT" frMUSAS="PUNCT">:</w><w frlemma="de" frpos="ADP" frMUSAS="Z5">d'</w><w frlemma="un" frpos="DET" frMUSAS="Z5">un</w><w frlemma="maître" frpos="NOUN" frMUSAS="S7.1+/S2.2m">maître</w><w frlemma="il" frpos="PRON" frMUSAS="Z8">il</w><w frlemma="avoir" frpos="VERB" frMUSAS="A9+">avait</w><w frlemma="le" frpos="DET" frMUSAS="Z5">la</w><w frlemma="vertu" frpos="NOUN" frMUSAS="G2.2+">vertu</w><w frlemma="peut-être" frpos="ADV" frMUSAS="Z99">peut-être</w><w frlemma="le" frpos="DET" frMUSAS="Z5">la</w><w frlemma="plus" frpos="ADV" frMUSAS="Z5">plus</w><w frlemma="nécessaire" frpos="ADJ" frMUSAS="Z99">nécessaire</w><w frlemma="," frpos="PUNCT" frMUSAS="PUNCT">,</w><w frlemma="le" frpos="DET" frMUSAS="Z5">le</w><w frlemma="désintéressement" frpos="NOUN" frMUSAS="Z99">désintéressement</w><w frlemma="," frpos="PUNCT" frMUSAS="PUNCT">,</w><w frlemma="dont" frpos="PRON" frMUSAS="Z8">dont</w><w frlemma="tout" frpos="ADJ" frMUSAS="Z8">tous</w><w frlemma="son" frpos="DET" frMUSAS="Z5">ses</w><w frlemma="travail" frpos="NOUN" frMUSAS="I3.1">travaux</w><w frlemma="," frpos="PUNCT" frMUSAS="PUNCT">,</w><w frlemma="par" frpos="ADP" frMUSAS="M6">par</w><w frlemma="son" frpos="DET" frMUSAS="Z5">leur</w><w frlemma="nature" frpos="NOUN" frMUSAS="W5">nature</w><w frlemma="même" frpos="ADV" frMUSAS="Z99">même</w><w frlemma="," frpos="PUNCT" frMUSAS="PUNCT">,</w><w frlemma="porter" frpos="VERB" frMUSAS="Z99">portent</w><w frlemma="le" frpos="DET" frMUSAS="Z5">la</w><w frlemma="marque" frpos="NOUN" frMUSAS="Z99">marque</w><w frlemma=";" frpos="PUNCT" frMUSAS="PUNCT">;</w><w frlemma="il" frpos="PRON" frMUSAS="Z8">ils</w><w frlemma="révéler" frpos="VERB" frMUSAS="A10+">révèlent</w><w frlemma="aussi" frpos="ADV" frMUSAS="Z99">aussi</w><w frlemma="de" frpos="DET" frMUSAS="Z5">de</w><w frlemma="grand" frpos="ADJ" frMUSAS="Z99">grandes</w><w frlemma="qualité" frpos="NOUN" frMUSAS="A5.1">qualités</w><w frlemma="pédagogique" frpos="ADJ" frMUSAS="Z99">pédagogiques</w><w frlemma="," frpos="PUNCT" frMUSAS="PUNCT">,</w><w frlemma="et" frpos="CCONJ" frMUSAS="Z5">et</w><w frlemma="il" frpos="PRON" frMUSAS="Z8">il</w><w frlemma="être" frpos="AUX" frMUSAS="M6">est</w><w frlemma="certes" frpos="ADV" frMUSAS="Z99">certes</w><w frlemma="regrettable" frpos="ADJ" frMUSAS="Z99">regrettable</w><w frlemma="que" frpos="SCONJ" frMUSAS="Z5">que</w><w frlemma="le" frpos="DET" frMUSAS="Z5">les</w><w frlemma="circonstance" frpos="NOUN" frMUSAS="O4.1">circonstances</w><w frlemma="," frpos="PUNCT" frMUSAS="PUNCT">,</w><w frlemma="et" frpos="CCONJ" frMUSAS="Z5">et</w><w frlemma="peut-être" frpos="ADV" frMUSAS="Z99">peut-être</w><w frlemma="le" frpos="DET" frMUSAS="Z5">les</w><w frlemma="homme" frpos="NOUN" frMUSAS="I3.1">hommes</w><w frlemma="," frpos="PUNCT" frMUSAS="PUNCT">,</w><w frlemma="ne" frpos="ADV" frMUSAS="Z6">ne</w><w frlemma="luire" frpos="PRON" frMUSAS="Z8">lui</w><w frlemma="avoir" frpos="AUX" frMUSAS="A9+">aient</w><w frlemma="pas" frpos="ADV" frMUSAS="Z99">pas</w><w frlemma="permettre" frpos="VERB" frMUSAS="S7.4+">permis</w><w frlemma="de" frpos="ADP" frMUSAS="Z5">d'</w><w frlemma="être" frpos="AUX" frMUSAS="Z99">être</w><w frlemma="davantage" frpos="ADV" frMUSAS="A13.3">davantage</w><w frlemma="un" frpos="DET" frMUSAS="Z5">un</w><w frlemma="enseignant" frpos="NOUN" frMUSAS="P1/I3.2/S2mf">enseignant</w><w frlemma="." frpos="PUNCT" frMUSAS="PUNCT">.</w><w frlemma="nous" frpos="PRON" frMUSAS="Z8">Nous</w><w frlemma="le" frpos="PRON" frMUSAS="Z8">l'</w><w frlemma="avoir" frpos="AUX" frMUSAS="A9+">avons</w><w frlemma="connaître" frpos="VERB" frMUSAS="X2.2+">connu</w><w frlemma="solitaire" frpos="ADJ" frMUSAS="Z99">solitaire</w><w frlemma="," frpos="PUNCT" frMUSAS="PUNCT">,</w><w frlemma="dans" frpos="ADP" frMUSAS="Z5">dans</w><w frlemma="son" frpos="DET" frMUSAS="Z5">sa</w><w frlemma="maison" frpos="NOUN" frMUSAS="H1">maison</w><w frlemma="de" frpos="ADP" frMUSAS="Z5">de</w><w frlemma="lévignac-sur-save" frpos="NOUN" frMUSAS="Z99">Lévignac-sur-Save</w><w frlemma="(" frpos="PUNCT" frMUSAS="PUNCT">(</w><w frlemma="Haute—Garonne" frpos="PROPN" frMUSAS="Z99">Haute—Garonne</w><w frlemma=")" frpos="PUNCT" frMUSAS="PUNCT">)</w><w frlemma="," frpos="PUNCT" frMUSAS="PUNCT">,</w><w frlemma="où" frpos="PRON" frMUSAS="Z8">où</w><w frlemma="il" frpos="PRON" frMUSAS="Z8">il</w><w frlemma="se" frpos="PRON" frMUSAS="Z8">s'</w><w frlemma="être" frpos="AUX" frMUSAS="Z99">était</w><w frlemma="retirer" frpos="VERB" frMUSAS="Z99">retiré</w><w frlemma="," frpos="PUNCT" frMUSAS="PUNCT">,</w><w frlemma="quelque" frpos="DET" frMUSAS="A13.5">quelques</w><w frlemma="annèe" frpos="NOUN" frMUSAS="Z99">annèes</w><w frlemma="après" frpos="ADP" frMUSAS="Z5">après</w><w frlemma="le" frpos="DET" frMUSAS="Z5">la</w><w frlemma="guerre" frpos="NOUN" frMUSAS="G3">guerre</w><w frlemma="de" frpos="ADP" frMUSAS="Z5">de</w><w frlemma="1914" frpos="NOUN" frMUSAS="Z99">1914</w><w frlemma="-" frpos="NOUN" frMUSAS="Z99">-</w><w frlemma="1918" frpos="NOUN" frMUSAS="Z99">1918</w><w frlemma="et" frpos="CCONJ" frMUSAS="Z5">et</w><w frlemma="après" frpos="ADP" frMUSAS="Z5">après</w><w frlemma="avoir" frpos="AUX" frMUSAS="A9+">avoir</w><w frlemma="quitter" frpos="VERB" frMUSAS="M1">quitté</w><w frlemma="," frpos="PUNCT" frMUSAS="PUNCT">,</w><w frlemma="à" frpos="ADP" frMUSAS="Z5">à</w><w frlemma="le" frpos="DET" frMUSAS="Z5">la</w><w frlemma="suite" frpos="NOUN" frMUSAS="Z99">suite</w><w frlemma="de" frpos="ADP" frMUSAS="Z5">de</w><w frlemma="dur" frpos="ADJ" frMUSAS="O4.1">dures</w><w frlemma="épreuve" frpos="NOUN" frMUSAS="Z99">épreuves</w><w frlemma="," frpos="PUNCT" frMUSAS="PUNCT">,</w><w frlemma="le" frpos="DET" frMUSAS="Z5">la</w><w frlemma="Compagnie" frpos="PROPN" frMUSAS="I2.1/S5+c">Compagnie</w><w frlemma="de" frpos="ADP" frMUSAS="Z5">de</w><w frlemma="jésus" frpos="NOUN" frMUSAS="Z99">Jésus</w><w frlemma="à" frpos="ADP" frMUSAS="Z5">à</w><w frlemma="lequel" frpos="PRON" frMUSAS="Z99">laquelle</w><w frlemma="il" frpos="PRON" frMUSAS="Z8">il</w><w frlemma="avoir" frpos="VERB" frMUSAS="A9+">avait</w><w frlemma="jusque" frpos="ADP" frMUSAS="Z5">jusqu'</w><w frlemma="alors" frpos="ADV" frMUSAS="Z99">alors</w><w frlemma="appartenir" frpos="VERB" frMUSAS="A9+">appartenu</w><w frlemma="," frpos="PUNCT" frMUSAS="PUNCT">,</w><w frlemma="pour" frpos="ADP" frMUSAS="Z5">pour</w><w frlemma="vivre" frpos="VERB" frMUSAS="H4">vivre</w><w frlemma="en" frpos="ADP" frMUSAS="Z5">en</w><w frlemma="prêtre" frpos="NOUN" frMUSAS="S9/S2mf">prêtre</w><w frlemma="séculier" frpos="ADJ" frMUSAS="Z99">séculier</w><w frlemma="." frpos="PUNCT" frMUSAS="PUNCT">.</w><w frlemma="là" frpos="ADV" frMUSAS="Z99">Là</w><w frlemma="il" frpos="PRON" frMUSAS="Z8">il</w><w frlemma="passer" frpos="VERB" frMUSAS="M1">passa</w><w frlemma="," frpos="PUNCT" frMUSAS="PUNCT">,</w><w frlemma="dans" frpos="ADP" frMUSAS="Z5">dans</w><w frlemma="le" frpos="DET" frMUSAS="Z5">le</w><w frlemma="recueillement" frpos="NOUN" frMUSAS="Z99">recueillement</w><w frlemma="et" frpos="CCONJ" frMUSAS="Z5">et</w><w frlemma="dans" frpos="ADP" frMUSAS="Z5">dans</w><w frlemma="un" frpos="DET" frMUSAS="Z5">un</w><w frlemma="labeur" frpos="NOUN" frMUSAS="Z99">labeur</w><w frlemma="assidu" frpos="ADJ" frMUSAS="Z99">assidu</w><w frlemma="," frpos="PUNCT" frMUSAS="PUNCT">,</w><w frlemma="un" frpos="DET" frMUSAS="Z5">une</w><w frlemma="vie" frpos="NOUN" frMUSAS="L1+">vie</w><w frlemma="entrer" frpos="ADP" frMUSAS="M6">entre</w><w frlemma="tout" frpos="ADJ" frMUSAS="Z8">toutes</w><w frlemma="féconde" frpos="NOUN" frMUSAS="Z99">féconde</w><w frlemma="," frpos="PUNCT" frMUSAS="PUNCT">,</w><w frlemma="non" frpos="ADV" frMUSAS="Z99">non</w><w frlemma="seulement" frpos="ADV" frMUSAS="A14">seulement</w><w frlemma="par" frpos="ADP" frMUSAS="M6">par</w><w frlemma="le" frpos="DET" frMUSAS="Z5">l'</w><w frlemma="ampleur" frpos="NOUN" frMUSAS="Z99">ampleur</w><w frlemma="de" frpos="ADP" frMUSAS="Z5">de</w><w frlemma="le" frpos="DET" frMUSAS="Z5">l'</w><w frlemma="œuvre" frpos="NOUN" frMUSAS="Z99">œuvre</w><w frlemma="publier" frpos="VERB" frMUSAS="Q4">publiée</w><w frlemma="," frpos="PUNCT" frMUSAS="PUNCT">,</w><w frlemma="mais" frpos="CCONJ" frMUSAS="Z5">mais</w><w frlemma="aussi" frpos="ADV" frMUSAS="Z99">aussi</w><w frlemma="par" frpos="ADP" frMUSAS="M6">par</w><w frlemma="le" frpos="DET" frMUSAS="Z5">le</w><w frlemma="profit" frpos="NOUN" frMUSAS="Z99">profit</w><w frlemma="que" frpos="SCONJ" frMUSAS="Z5">que</w><w frlemma="un" frpos="DET" frMUSAS="Z5">des</w><w frlemma="génération" frpos="NOUN" frMUSAS="T1.3">générations</w><w frlemma="de" frpos="ADP" frMUSAS="Z5">de</w><w frlemma="coptisant" frpos="NOUN" frMUSAS="Z99">coptisants</w><w frlemma="et" frpos="CCONJ" frMUSAS="Z5">et</w><w frlemma="de" frpos="ADP" frMUSAS="Z5">d'</w><w frlemma="éthiopisant" frpos="NOUN" frMUSAS="Z99">éthiopisants</w><w frlemma="puiser" frpos="VERB" frMUSAS="Z99">puiseront</w><w frlemma="dans" frpos="ADP" frMUSAS="Z5">dans</w><w frlemma="son" frpos="DET" frMUSAS="Z5">ses</w><w frlemma="travail" frpos="NOUN" frMUSAS="I3.1">travaux</w><w frlemma="." frpos="PUNCT" frMUSAS="PUNCT">.</w></p><p><w frlemma="A." frpos="PROPN" frMUSAS="Z99">A.</w><w frlemma="Guillaumont" frpos="PROPN" frMUSAS="Z99">Guillaumont</w><w frlemma="." frpos="PUNCT" frMUSAS="PUNCT">.</w></p><p><note place="bottom"></note></p></text></TEI>