<?xml version='1.0' encoding='UTF-8'?>
<TEI xmlns="http://www.tei-c.org/ns/1.0"><teiHeader><fileDesc><titleStmt><title>Nécrologie [Urbain Bouriant, 11 avril 1849-19 juin 1903].</title></titleStmt><publicationStmt>Corpus produit par l'étudiant MA1 Ph. Hennebert (philippe.hennebert@student.uliege.be) du cours de l'Université de Liège Corpus INFO0943: 'Corpus textuels: principes de constitution et d'analyse'</publicationStmt><sourceDesc><p>https://www.ifao.egnet.net/bifao/3/12/ (BIFAO en ligne) processed using python scripts in https://github.com/PhilHen/BIFAOCorpusTools (typographical zones detected using OpenCV, OCR with Tesseract)</p></sourceDesc></fileDesc><encodingDesc><classDecl><taxonomy id="frpos"><bibl><title>pos tagset build from https://spacy.io/</title></bibl></taxonomy><taxonomy id="frlemma"><bibl><title>fr lemma of the model https://spacy.io/</title></bibl></taxonomy><taxonomy id="frMUSAS"><bibl><title>semantic tagging https://ucrel.github.io/pymusas/usage/how_to/tag_text#french</title></bibl></taxonomy></classDecl><editorialDecl><correction>Les erreurs d'orthographe confirmées par examen du PDF source n'ont pas été corrigées. Une vérification et correction manuelle du texte a été réalisée par Ph. Hennebert (philippe.hennebert@student.uliege.be) le 29/12/2023</correction><hyphenation>Les mots coupés en fin de ligne ont été réassemblés automatiquement, pour autant que la forme combinée sans trait d'union soit attestée dans le dictionnaire français https://unitexgramlab.org/fr/language-resources</hyphenation></editorialDecl></encodingDesc></teiHeader><text id="BIFAO003_art_12A.pdf" auteur="Émile Chassinat" annee="1903" titre="Nécrologie [Urbain Bouriant, 11 avril 1849-19 juin 1903]." textId="03A12A" nomDefunt="Bouriant" metierDefunt="directeur" categ="Nécrologie"><p><pb n="213"/><w frlemma="nécrologie" frpos="NOUN" frMUSAS="Z99">NÉCROLOGIE</w><w frlemma="." frpos="PUNCT" frMUSAS="PUNCT">.</w></p><p><w frlemma="le" frpos="DET" frMUSAS="Z5">L'</w><w frlemma="Institut" frpos="PROPN" frMUSAS="P1/S5+c">Institut</w><w frlemma="français" frpos="ADJ" frMUSAS="Z2">français</w><w frlemma="de" frpos="ADP" frMUSAS="Z5">d'</w><w frlemma="archéologie" frpos="NOUN" frMUSAS="Z99">archéologie</w><w frlemma="oriental" frpos="ADJ" frMUSAS="Z99">orientale</w><w frlemma="avoir" frpos="AUX" frMUSAS="A9+">a</w><w frlemma="être" frpos="AUX" frMUSAS="T1.3">été</w><w frlemma="douloureusement" frpos="ADV" frMUSAS="Z99">douloureusement</w><w frlemma="éprouver" frpos="VERB" frMUSAS="Z99">éprouvé</w><w frlemma="ce" frpos="DET" frMUSAS="Z5">cette</w><w frlemma="année" frpos="NOUN" frMUSAS="T1.3">année</w><w frlemma="parla" frpos="ADJ" frMUSAS="Z99">parla</w><w frlemma="perte" frpos="NOUN" frMUSAS="I1.2">perte</w><w frlemma="," frpos="PUNCT" frMUSAS="PUNCT">,</w><w frlemma="à" frpos="ADP" frMUSAS="Z5">à</w><w frlemma="quelque" frpos="DET" frMUSAS="A13.5">quelques</w><w frlemma="mois" frpos="NOUN" frMUSAS="T1.3">mois</w><w frlemma="de" frpos="ADP" frMUSAS="Z5">d'</w><w frlemma="intervalle" frpos="NOUN" frMUSAS="Z99">intervalle</w><w frlemma="," frpos="PUNCT" frMUSAS="PUNCT">,</w><w frlemma="de" frpos="ADP" frMUSAS="Z5">de</w><w frlemma="son" frpos="DET" frMUSAS="Z5">son</w><w frlemma="ancien" frpos="ADJ" frMUSAS="Z99">ancien</w><w frlemma="directeur" frpos="NOUN" frMUSAS="S7.1+/S2mf">directeur</w><w frlemma="," frpos="PUNCT" frMUSAS="PUNCT">,</w><w frlemma="m." frpos="NOUN" frMUSAS="Z99">M.</w><w frlemma="Urbain" frpos="PROPN" frMUSAS="M7">Urbain</w><w frlemma="Bouriant" frpos="PROPN" frMUSAS="Z99">Bouriant</w><w frlemma="," frpos="PUNCT" frMUSAS="PUNCT">,</w><w frlemma="et" frpos="CCONJ" frMUSAS="Z5">et</w><w frlemma="de" frpos="ADP" frMUSAS="Z5">d'</w><w frlemma="un" frpos="PRON" frMUSAS="Z5">un</w><w frlemma="de" frpos="ADP" frMUSAS="Z5">de</w><w frlemma="son" frpos="DET" frMUSAS="Z5">ses</w><w frlemma="pensionnaire" frpos="NOUN" frMUSAS="Z99">pensionnaires</w><w frlemma="," frpos="PUNCT" frMUSAS="PUNCT">,</w><w frlemma="m." frpos="NOUN" frMUSAS="Z99">M.</w><w frlemma="André" frpos="PROPN" frMUSAS="Z99">André</w><w frlemma="Gombert" frpos="PROPN" frMUSAS="Z99">Gombert</w><w frlemma="." frpos="PUNCT" frMUSAS="PUNCT">.</w></p><p><w frlemma="tout" frpos="ADJ" frMUSAS="Z8">Tous</w><w frlemma="celui" frpos="PRON" frMUSAS="Z8">ceux</w><w frlemma="qui" frpos="PRON" frMUSAS="Z8">qui</w><w frlemma="avoir" frpos="AUX" frMUSAS="A9+">ont</w><w frlemma="connaître" frpos="VERB" frMUSAS="X2.2+">connu</w><w frlemma="m." frpos="NOUN" frMUSAS="Z99">M.</w><w frlemma="Bouriant" frpos="PROPN" frMUSAS="Z99">Bouriant</w><w frlemma="dans" frpos="ADP" frMUSAS="Z5">dans</w><w frlemma="son" frpos="DET" frMUSAS="Z5">sa</w><w frlemma="jeunesse" frpos="NOUN" frMUSAS="T3-/S2mf">jeunesse</w><w frlemma="et" frpos="CCONJ" frMUSAS="Z5">et</w><w frlemma="son" frpos="DET" frMUSAS="Z5">son</w><w frlemma="âge" frpos="NOUN" frMUSAS="T3">âge</w><w frlemma="mûr" frpos="ADJ" frMUSAS="Z99">mûr</w><w frlemma="ne" frpos="ADV" frMUSAS="Z6">ne</w><w frlemma="se" frpos="PRON" frMUSAS="Z8">s'</w><w frlemma="attendre" frpos="VERB" frMUSAS="T1.3">attendaient</w><w frlemma="pas" frpos="ADV" frMUSAS="Z99">pas</w><w frlemma="à" frpos="ADP" frMUSAS="Z5">à</w><w frlemma="un" frpos="DET" frMUSAS="Z5">une</w><w frlemma="fin" frpos="NOUN" frMUSAS="Z99">fin</w><w frlemma="aussi" frpos="ADV" frMUSAS="Z99">aussi</w><w frlemma="prématurer" frpos="VERB" frMUSAS="Z99">prématurée</w><w frlemma="." frpos="PUNCT" frMUSAS="PUNCT">.</w><w frlemma="vigoureusement" frpos="NOUN" frMUSAS="Z99">Vigoureusement</w><w frlemma="charpenter" frpos="VERB" frMUSAS="Z99">charpenté</w><w frlemma="," frpos="PUNCT" frMUSAS="PUNCT">,</w><w frlemma="actif" frpos="ADJ" frMUSAS="A1.1.1">actif</w><w frlemma="," frpos="PUNCT" frMUSAS="PUNCT">,</w><w frlemma="le" frpos="DET" frMUSAS="Z5">l'</w><w frlemma="esprit" frpos="NOUN" frMUSAS="Z99">esprit</w><w frlemma="toujours" frpos="ADV" frMUSAS="N6+++">toujours</w><w frlemma="en" frpos="ADP" frMUSAS="Z5">en</w><w frlemma="éveil" frpos="NOUN" frMUSAS="Z99">éveil</w><w frlemma="," frpos="PUNCT" frMUSAS="PUNCT">,</w><w frlemma="dur" frpos="ADJ" frMUSAS="O4.1">dur</w><w frlemma="à" frpos="ADP" frMUSAS="Z5">à</w><w frlemma="le" frpos="DET" frMUSAS="Z5">la</w><w frlemma="besogne" frpos="NOUN" frMUSAS="Z99">besogne</w><w frlemma="," frpos="PUNCT" frMUSAS="PUNCT">,</w><w frlemma="il" frpos="PRON" frMUSAS="Z8">il</w><w frlemma="sembler" frpos="VERB" frMUSAS="A8">semblait</w><w frlemma="promettre" frpos="ADP" frMUSAS="S6+">promettre</w><w frlemma="un" frpos="DET" frMUSAS="Z5">une</w><w frlemma="carrière" frpos="NOUN" frMUSAS="I3.1">carrière</w><w frlemma="beaucoup" frpos="ADV" frMUSAS="Z99">beaucoup</w><w frlemma="plus" frpos="ADV" frMUSAS="Z5">plus</w><w frlemma="long" frpos="ADJ" frMUSAS="Z99">longue</w><w frlemma="." frpos="PUNCT" frMUSAS="PUNCT">.</w><w frlemma="mais" frpos="CCONJ" frMUSAS="Z5">Mais</w><w frlemma="déjà" frpos="ADV" frMUSAS="T1.1.1">déjà</w><w frlemma="en" frpos="ADP" frMUSAS="Z5">en</w><w frlemma="1895" frpos="NUM" frMUSAS="N1">1895</w><w frlemma="son" frpos="DET" frMUSAS="Z5">sa</w><w frlemma="santé" frpos="NOUN" frMUSAS="B2">santé</w><w frlemma="décliner" frpos="VERB" frMUSAS="Z99">déclinait</w><w frlemma="visiblement" frpos="ADV" frMUSAS="Z99">visiblement</w><w frlemma="." frpos="PUNCT" frMUSAS="PUNCT">.</w><w frlemma="confier" frpos="VERB" frMUSAS="A9-">Confiant</w><w frlemma="dans" frpos="ADP" frMUSAS="Z5">dans</w><w frlemma="son" frpos="DET" frMUSAS="Z5">sa</w><w frlemma="robustesse" frpos="NOUN" frMUSAS="Z99">robustesse</w><w frlemma="," frpos="PUNCT" frMUSAS="PUNCT">,</w><w frlemma="il" frpos="PRON" frMUSAS="Z8">il</w><w frlemma="ne" frpos="ADV" frMUSAS="Z6">ne</w><w frlemma="vouloir" frpos="VERB" frMUSAS="X7+">voulait</w><w frlemma="prendre" frpos="VERB" frMUSAS="A9+">prendre</w><w frlemma="aucun" frpos="DET" frMUSAS="Z99">aucun</w><w frlemma="repos" frpos="NOUN" frMUSAS="E3+">repos</w><w frlemma="et" frpos="CCONJ" frMUSAS="Z5">et</w><w frlemma="rire" frpos="VERB" frMUSAS="E4.1+/X3.2">riait</w><w frlemma="volontier" frpos="ADJ" frMUSAS="Z99">volontiers</w><w frlemma="lorsque" frpos="SCONJ" frMUSAS="Z5">lorsque</w><w frlemma="quelque" frpos="DET" frMUSAS="A13.5">quelque</w><w frlemma="personne" frpos="NOUN" frMUSAS="Z99">personne</w><w frlemma="de" frpos="ADP" frMUSAS="Z5">de</w><w frlemma="son" frpos="DET" frMUSAS="Z5">son</w><w frlemma="entourage" frpos="NOUN" frMUSAS="Z99">entourage</w><w frlemma="," frpos="PUNCT" frMUSAS="PUNCT">,</w><w frlemma="inquiet" frpos="ADJ" frMUSAS="Z99">inquiète</w><w frlemma="de" frpos="ADP" frMUSAS="Z5">des</w><w frlemma="progrès" frpos="NOUN" frMUSAS="A5.1+/A2.1">progrès</w><w frlemma="de" frpos="ADP" frMUSAS="Z5">du</w><w frlemma="mal" frpos="NOUN" frMUSAS="A5.1-">mal</w><w frlemma="qui" frpos="PRON" frMUSAS="Z8">qui</w><w frlemma="le" frpos="DET" frMUSAS="Z5">le</w><w frlemma="minait" frpos="NOUN" frMUSAS="Z99">minait</w><w frlemma="," frpos="PUNCT" frMUSAS="PUNCT">,</w><w frlemma="luire" frpos="PRON" frMUSAS="Z8">lui</w><w frlemma="parler" frpos="VERB" frMUSAS="Q2.1">parlait</w><w frlemma="de" frpos="ADP" frMUSAS="Z5">de</w><w frlemma="se" frpos="PRON" frMUSAS="Z8">se</w><w frlemma="ménager" frpos="VERB" frMUSAS="Z99">ménager</w><w frlemma="." frpos="PUNCT" frMUSAS="PUNCT">.</w><w frlemma="enfin" frpos="ADV" frMUSAS="Z99">Enfin</w><w frlemma="le" frpos="DET" frMUSAS="Z5">les</w><w frlemma="fatigue" frpos="NOUN" frMUSAS="Z99">fatigues</w><w frlemma="accumuler" frpos="VERB" frMUSAS="Z99">accumulées</w><w frlemma="de" frpos="ADP" frMUSAS="Z5">d'</w><w frlemma="un" frpos="DET" frMUSAS="Z5">une</w><w frlemma="vie" frpos="NOUN" frMUSAS="L1+">vie</w><w frlemma="très" frpos="ADV" frMUSAS="A13.3">très</w><w frlemma="rude" frpos="ADJ" frMUSAS="Z99">rude</w><w frlemma="et" frpos="CCONJ" frMUSAS="Z5">et</w><w frlemma="bien" frpos="ADV" frMUSAS="A10+">bien</w><w frlemma="remplie" frpos="NOUN" frMUSAS="Z99">remplie</w><w frlemma="avoir" frpos="ADV" frMUSAS="A9+">eurent</w><w frlemma="raison" frpos="NOUN" frMUSAS="A2.2">raison</w><w frlemma="de" frpos="ADP" frMUSAS="Z5">de</w><w frlemma="luire" frpos="PRON" frMUSAS="Z8">lui</w><w frlemma="." frpos="PUNCT" frMUSAS="PUNCT">.</w><w frlemma="il" frpos="PRON" frMUSAS="Z8">Il</w><w frlemma="être" frpos="AUX" frMUSAS="Z99">fut</w><w frlemma="frapper" frpos="VERB" frMUSAS="Z99">frappé</w><w frlemma="de" frpos="ADP" frMUSAS="Z5">d'</w><w frlemma="hémiplégie" frpos="NOUN" frMUSAS="Z99">hémiplégie</w><w frlemma="en" frpos="ADP" frMUSAS="Z5">en</w><w frlemma="1898" frpos="NUM" frMUSAS="N1">1898</w><w frlemma="," frpos="PUNCT" frMUSAS="PUNCT">,</w><w frlemma="à" frpos="ADP" frMUSAS="Z5">à</w><w frlemma="Paris" frpos="PROPN" frMUSAS="Z99">Paris</w><w frlemma="," frpos="PUNCT" frMUSAS="PUNCT">,</w><w frlemma="alors" frpos="ADV" frMUSAS="Z99">alors</w><w frlemma="que" frpos="SCONJ" frMUSAS="Z5">qu'</w><w frlemma="il" frpos="PRON" frMUSAS="Z8">il</w><w frlemma="venir" frpos="VERB" frMUSAS="M1">venait</w><w frlemma="de" frpos="ADP" frMUSAS="Z5">de</w><w frlemma="rentrer" frpos="VERB" frMUSAS="Z99">rentrer</w><w frlemma="de" frpos="DET" frMUSAS="Z5">d'</w><w frlemma="égypte" frpos="NOUN" frMUSAS="Z99">Égypte</w><w frlemma="et" frpos="CCONJ" frMUSAS="Z5">et</w><w frlemma="se" frpos="PRON" frMUSAS="Z8">s'</w><w frlemma="apprêter" frpos="VERB" frMUSAS="Z99">apprêtait</w><w frlemma="à" frpos="ADP" frMUSAS="Z5">à</w><w frlemma="rejoindre" frpos="VERB" frMUSAS="Z99">rejoindre</w><w frlemma="son" frpos="DET" frMUSAS="Z5">sa</w><w frlemma="famille" frpos="NOUN" frMUSAS="S4c">famille</w><w frlemma="à" frpos="ADP" frMUSAS="Z5">à</w><w frlemma="Lorient" frpos="PROPN" frMUSAS="Z99">Lorient</w><w frlemma="." frpos="PUNCT" frMUSAS="PUNCT">.</w></p><p><w frlemma="pendant" frpos="ADP" frMUSAS="Z5">Pendant</w><w frlemma="près" frpos="ADV" frMUSAS="Z99">près</w><w frlemma="de" frpos="ADP" frMUSAS="Z5">de</w><w frlemma="cinq" frpos="NUM" frMUSAS="N1">cinq</w><w frlemma="année" frpos="NOUN" frMUSAS="T1.3">années</w><w frlemma="," frpos="PUNCT" frMUSAS="PUNCT">,</w><w frlemma="ce" frpos="PRON" frMUSAS="Z8">ce</w><w frlemma="être" frpos="AUX" frMUSAS="Z99">fut</w><w frlemma="un" frpos="DET" frMUSAS="Z5">une</w><w frlemma="lutte" frpos="NOUN" frMUSAS="Z99">lutte</w><w frlemma="journalier" frpos="NOUN" frMUSAS="Z99">journalière</w><w frlemma="contre" frpos="ADP" frMUSAS="Z5">contre</w><w frlemma="le" frpos="DET" frMUSAS="Z5">la</w><w frlemma="paralysie" frpos="NOUN" frMUSAS="Z99">paralysie</w><w frlemma="qui" frpos="PRON" frMUSAS="Z8">qui</w><w frlemma="le" frpos="PRON" frMUSAS="Z8">l'</w><w frlemma="envahir" frpos="VERB" frMUSAS="Z99">envahissait</w><w frlemma=";" frpos="PUNCT" frMUSAS="PUNCT">;</w><w frlemma="il" frpos="PRON" frMUSAS="Z8">il</w><w frlemma="y" frpos="PRON" frMUSAS="M6">y</w><w frlemma="avoir" frpos="VERB" frMUSAS="A9+">eut</w><w frlemma="un" frpos="DET" frMUSAS="Z5">des</w><w frlemma="alternative" frpos="NOUN" frMUSAS="Z99">alternatives</w><w frlemma="de" frpos="ADP" frMUSAS="Z5">d'</w><w frlemma="espoir" frpos="NOUN" frMUSAS="X2.6+">espoir</w><w frlemma="et" frpos="CCONJ" frMUSAS="Z5">et</w><w frlemma="de" frpos="ADP" frMUSAS="Z5">de</w><w frlemma="cruelle" frpos="NOUN" frMUSAS="Z99">cruelles</w><w frlemma="déception" frpos="NOUN" frMUSAS="Z99">déceptions</w><w frlemma=":" frpos="PUNCT" frMUSAS="PUNCT">:</w><w frlemma="comme" frpos="SCONJ" frMUSAS="Z5">comme</w><w frlemma="il" frpos="PRON" frMUSAS="Z8">il</w><w frlemma="falloir" frpos="VERB" frMUSAS="Z99">fallait</w><w frlemma="le" frpos="DET" frMUSAS="Z5">le</w><w frlemma="prévoir" frpos="NOUN" frMUSAS="Z99">prévoir</w><w frlemma="," frpos="PUNCT" frMUSAS="PUNCT">,</w><w frlemma="un" frpos="DET" frMUSAS="Z5">une</w><w frlemma="attaque" frpos="NOUN" frMUSAS="E3-">attaque</w><w frlemma="de" frpos="ADP" frMUSAS="Z5">d'</w><w frlemma="apoplexie" frpos="NOUN" frMUSAS="Z99">apoplexie</w><w frlemma="foudroyant" frpos="ADJ" frMUSAS="Z99">foudroyante</w><w frlemma="le" frpos="DET" frMUSAS="Z5">le</w><w frlemma="terrassa" frpos="NOUN" frMUSAS="Z99">terrassa</w><w frlemma="le" frpos="DET" frMUSAS="Z5">le</w><w frlemma="19" frpos="NUM" frMUSAS="N1">19</w><w frlemma="juin" frpos="NOUN" frMUSAS="T1.3">juin</w><w frlemma="1903" frpos="NUM" frMUSAS="N1">1903</w><w frlemma="." frpos="PUNCT" frMUSAS="PUNCT">.</w><w frlemma="il" frpos="PRON" frMUSAS="Z8">Il</w><w frlemma="avoir" frpos="VERB" frMUSAS="A9+">avait</w><w frlemma="à" frpos="ADP" frMUSAS="Z5">à</w><w frlemma="peine" frpos="NOUN" frMUSAS="Z99">peine</w><w frlemma="54" frpos="NUM" frMUSAS="N1">54</w><w frlemma="an" frpos="NOUN" frMUSAS="T1.3">ans</w><w frlemma="." frpos="PUNCT" frMUSAS="PUNCT">.</w><w frlemma="le" frpos="DET" frMUSAS="Z5">L'</w><w frlemma="égyptologie" frpos="NOUN" frMUSAS="Z99">égyptologie</w><w frlemma="perd" frpos="ADJ" frMUSAS="Z99">perd</w><w frlemma="en" frpos="ADP" frMUSAS="Z5">en</w><w frlemma="m." frpos="NOUN" frMUSAS="Z99">M.</w><w frlemma="Bouriant" frpos="PROPN" frMUSAS="Z99">Bouriant</w><w frlemma="un" frpos="PRON" frMUSAS="Z5">un</w><w frlemma="de" frpos="ADP" frMUSAS="Z5">de</w><w frlemma="son" frpos="DET" frMUSAS="Z5">ses</w><w frlemma="adepte" frpos="NOUN" frMUSAS="Z99">adeptes</w><w frlemma="le" frpos="DET" frMUSAS="Z5">les</w><w frlemma="plus" frpos="ADV" frMUSAS="Z5">plus</w><w frlemma="dévoué" frpos="NOUN" frMUSAS="Z99">dévoués</w><w frlemma=";" frpos="PUNCT" frMUSAS="PUNCT">;</w><w frlemma="le" frpos="DET" frMUSAS="Z5">l'</w><w frlemma="Institut" frpos="PROPN" frMUSAS="P1/S5+c">Institut</w><w frlemma="de" frpos="ADP" frMUSAS="Z5">du</w><w frlemma="caire" frpos="NOUN" frMUSAS="Z99">Caire</w><w frlemma="voit" frpos="ADJ" frMUSAS="Z99">voit</w><w frlemma="disparaîtr" frpos="ADJ" frMUSAS="Z99">disparaître</w><w frlemma="en" frpos="ADP" frMUSAS="Z5">en</w><w frlemma="luire" frpos="PRON" frMUSAS="Z8">lui</w><w frlemma="un" frpos="DET" frMUSAS="Z5">un</w><w frlemma="directeur" frpos="NOUN" frMUSAS="S7.1+/S2mf">Directeur</w><w frlemma="qui" frpos="PRON" frMUSAS="Z8">qui</w><w frlemma="," frpos="PUNCT" frMUSAS="PUNCT">,</w><w frlemma="après" frpos="ADP" frMUSAS="Z5">après</w><w frlemma="m." frpos="NOUN" frMUSAS="Z99">M.</w><w frlemma="Maspero" frpos="PROPN" frMUSAS="Z99">Maspero</w><w frlemma="," frpos="PUNCT" frMUSAS="PUNCT">,</w><w frlemma="avoir" frpos="VERB" frMUSAS="A9+">a</w><w frlemma="le" frpos="DET" frMUSAS="Z5">le</w><w frlemma="plus" frpos="ADV" frMUSAS="Z5">plus</w><w frlemma="contribuer" frpos="VERB" frMUSAS="A9-">contribué</w><w frlemma="à" frpos="ADP" frMUSAS="Z5">à</w><w frlemma="son" frpos="DET" frMUSAS="Z5">son</w><w frlemma="développement" frpos="NOUN" frMUSAS="A2.1+">développement</w><w frlemma="." frpos="PUNCT" frMUSAS="PUNCT">.</w></p><p><w frlemma="m." frpos="NOUN" frMUSAS="Z99">M.</w><w frlemma="Bouriant" frpos="PROPN" frMUSAS="Z99">Bouriant</w><w frlemma="être" frpos="AUX" frMUSAS="Z99">était</w><w frlemma="naître" frpos="VERB" frMUSAS="Z99">né</w><w frlemma="le" frpos="DET" frMUSAS="Z5">le</w><w frlemma="11" frpos="NUM" frMUSAS="N1">11</w><w frlemma="avril" frpos="NOUN" frMUSAS="T1.3">avril</w><w frlemma="1849" frpos="NUM" frMUSAS="N1">1849</w><w frlemma="." frpos="PUNCT" frMUSAS="PUNCT">.</w><w frlemma="engagé" frpos="NOUN" frMUSAS="Z99">Engagé</w><w frlemma="volontaire" frpos="ADJ" frMUSAS="Z99">volontaire</w><w frlemma="au" frpos="ADP" frMUSAS="Z5">au</w><w frlemma="4" frpos="NUM" frMUSAS="N1">4</w><w frlemma="degré" frpos="NOUN" frMUSAS="A13.1">°</w><w frlemma="régimer" frpos="VERB" frMUSAS="A1.7+">régiment</w><w frlemma="de" frpos="ADP" frMUSAS="Z5">d'</w><w frlemma="infanterie" frpos="NOUN" frMUSAS="Z99">infanterie</w><w frlemma="de" frpos="ADP" frMUSAS="Z5">de</w><w frlemma="marine" frpos="NOUN" frMUSAS="Z99">marine</w><w frlemma="," frpos="PUNCT" frMUSAS="PUNCT">,</w><w frlemma="il" frpos="PRON" frMUSAS="Z8">il</w><w frlemma="faire" frpos="VERB" frMUSAS="Z99">fit</w><w frlemma="le" frpos="DET" frMUSAS="Z5">la</w><w frlemma="campagne" frpos="NOUN" frMUSAS="W3">campagne</w><w frlemma="de" frpos="ADP" frMUSAS="Z5">de</w><w frlemma="1870" frpos="NUM" frMUSAS="N1">1870</w><w frlemma="et" frpos="CCONJ" frMUSAS="Z5">et</w><w frlemma="assister" frpos="VERB" frMUSAS="Z99">assista</w><w frlemma="à" frpos="ADP" frMUSAS="Z5">à</w><w frlemma="le" frpos="DET" frMUSAS="Z5">la</w><w frlemma="bataille" frpos="NOUN" frMUSAS="X8+">bataille</w><w frlemma="de" frpos="ADP" frMUSAS="Z5">de</w><w frlemma="Bazeilles" frpos="PROPN" frMUSAS="Z99">Bazeilles</w><w frlemma="," frpos="PUNCT" frMUSAS="PUNCT">,</w><w frlemma="où" frpos="PRON" frMUSAS="Z8">où</w><w frlemma="il" frpos="PRON" frMUSAS="Z8">il</w><w frlemma="être" frpos="AUX" frMUSAS="Z99">fut</w><w frlemma="faire" frpos="VERB" frMUSAS="Z99">fait</w><w frlemma="prisonnier" frpos="ADJ" frMUSAS="Z99">prisonnier</w><w frlemma="." frpos="PUNCT" frMUSAS="PUNCT">.</w><w frlemma="après" frpos="ADP" frMUSAS="Z5">Après</w><w frlemma="se" frpos="PRON" frMUSAS="Z8">s'</w><w frlemma="être" frpos="AUX" frMUSAS="Z99">être</w><w frlemma="évadé" frpos="ADJ" frMUSAS="Z99">évadé</w><w frlemma="," frpos="PUNCT" frMUSAS="PUNCT">,</w><w frlemma="il" frpos="PRON" frMUSAS="Z8">il</w><w frlemma="rejoindre" frpos="VERB" frMUSAS="Z99">rejoignit</w><w frlemma="son" frpos="DET" frMUSAS="Z5">son</w><w frlemma="corps" frpos="NOUN" frMUSAS="B1">corps</w><w frlemma="et" frpos="CCONJ" frMUSAS="Z5">et</w><w frlemma="finir" frpos="VERB" frMUSAS="T2-">finit</w><w frlemma="son" frpos="DET" frMUSAS="Z5">son</w><w frlemma="congé" frpos="NOUN" frMUSAS="Z99">congé</w><w frlemma="à" frpos="ADP" frMUSAS="Z5">à</w><w frlemma="le" frpos="DET" frMUSAS="Z5">la</w><w frlemma="Martinique" frpos="PROPN" frMUSAS="Z99">Martinique</w><w frlemma="." frpos="PUNCT" frMUSAS="PUNCT">.</w><w frlemma="rentrer" frpos="VERB" frMUSAS="Z99">Rentré</w><w frlemma="dans" frpos="ADP" frMUSAS="Z5">dans</w><w frlemma="le" frpos="DET" frMUSAS="Z5">la</w><w frlemma="vie" frpos="NOUN" frMUSAS="L1+">vie</w><w frlemma="civil" frpos="ADJ" frMUSAS="Z99">civile</w><w frlemma="," frpos="PUNCT" frMUSAS="PUNCT">,</w><w frlemma="il" frpos="PRON" frMUSAS="Z8">il</w><w frlemma="se" frpos="PRON" frMUSAS="Z8">s'</w><w frlemma="adonner" frpos="VERB" frMUSAS="Z99">adonna</w><w frlemma="à" frpos="ADP" frMUSAS="Z5">aux</w><w frlemma="étude" frpos="NOUN" frMUSAS="P1">études</w><w frlemma="oriental" frpos="ADJ" frMUSAS="Z99">orientales</w><w frlemma="," frpos="PUNCT" frMUSAS="PUNCT">,</w><w frlemma="et" frpos="CCONJ" frMUSAS="Z5">et</w><w frlemma="son" frpos="DET" frMUSAS="Z5">ses</w><w frlemma="réelle" frpos="NOUN" frMUSAS="Z99">réelles</w><w frlemma="aptitude" frpos="NOUN" frMUSAS="X9.1+">aptitudes</w><w frlemma="le" frpos="DET" frMUSAS="Z5">le</w><w frlemma="firent" frpos="NOUN" frMUSAS="Z99">firent</w><w frlemma="remarquer" frpos="VERB" frMUSAS="Z99">remarquer</w><w frlemma="par" frpos="ADP" frMUSAS="M6">par</w><w frlemma="m." frpos="NOUN" frMUSAS="Z99">M.</w><w frlemma="Maspero" frpos="PROPN" frMUSAS="Z99">Maspero</w><w frlemma="," frpos="PUNCT" frMUSAS="PUNCT">,</w><w frlemma="qui" frpos="PRON" frMUSAS="Z8">qui</w><w frlemma="le" frpos="PRON" frMUSAS="Z8">l'</w><w frlemma="emmener" frpos="PROPN" frMUSAS="A9+">emmena</w><w frlemma=":" frpos="PUNCT" frMUSAS="PUNCT">:</w><w frlemma="avec" frpos="ADP" frMUSAS="Z5">avec</w><w frlemma="luire" frpos="PRON" frMUSAS="Z8">lui</w><w frlemma="en" frpos="ADP" frMUSAS="Z5">en</w><w frlemma="Égypte" frpos="PROPN" frMUSAS="Z99">Égypte</w><w frlemma="," frpos="PUNCT" frMUSAS="PUNCT">,</w><w frlemma="lorsque" frpos="SCONJ" frMUSAS="Z5">lorsqu'</w><w frlemma="il" frpos="PRON" frMUSAS="Z8">il</w><w frlemma="fonder" frpos="VERB" frMUSAS="Z99">fonda</w><w frlemma="le" frpos="DET" frMUSAS="Z5">la</w><w frlemma="mission" frpos="NOUN" frMUSAS="X7+">Mission</w><w frlemma="archéologique" frpos="ADJ" frMUSAS="Z99">archéologique</w><w frlemma="français" frpos="ADJ" frMUSAS="Z2">française</w><w frlemma="de" frpos="ADP" frMUSAS="Z5">du</w><w frlemma="caire" frpos="NOUN" frMUSAS="Z99">Caire</w><w frlemma="," frpos="PUNCT" frMUSAS="PUNCT">,</w><w frlemma="en" frpos="ADP" frMUSAS="Z5">en</w><w frlemma="1880" frpos="NUM" frMUSAS="N1">1880</w><w frlemma="." frpos="PUNCT" frMUSAS="PUNCT">.</w><w frlemma="m." frpos="NOUN" frMUSAS="Z99">M.</w><w frlemma="Bouriant" frpos="PROPN" frMUSAS="Z99">Bouriant</w><w frlemma="demeurer" frpos="AUX" frMUSAS="Z99">demeura</w><w frlemma="membre" frpos="NOUN" frMUSAS="S5+/S2mf">membre</w><w frlemma="de" frpos="ADP" frMUSAS="Z5">de</w><w frlemma="ce" frpos="DET" frMUSAS="Z5">cette</w><w frlemma="mission" frpos="NOUN" frMUSAS="X7+">mission</w><w frlemma="pendant" frpos="ADP" frMUSAS="Z5">pendant</w><w frlemma="trois" frpos="NUM" frMUSAS="Z5">trois</w><w frlemma="année" frpos="NOUN" frMUSAS="T1.3">années</w><w frlemma="," frpos="PUNCT" frMUSAS="PUNCT">,</w><w frlemma="de" frpos="ADP" frMUSAS="Z5">de</w><w frlemma="1880" frpos="NUM" frMUSAS="N1">1880</w><w frlemma="à" frpos="ADP" frMUSAS="Z5">à</w><w frlemma="1883" frpos="NUM" frMUSAS="N1">1883</w><w frlemma=";" frpos="PUNCT" frMUSAS="PUNCT">;</w><w frlemma="pouvoir" frpos="CCONJ" frMUSAS="Z99">puis</w><w frlemma="il" frpos="PRON" frMUSAS="Z8">il</w><w frlemma="prendre" frpos="VERB" frMUSAS="A9+">prit</w><w frlemma="de" frpos="ADP" frMUSAS="Z5">du</w><w frlemma="service" frpos="NOUN" frMUSAS="A1.1.1">service</w><w frlemma="dans" frpos="ADP" frMUSAS="Z5">dans</w><w frlemma="le" frpos="DET" frMUSAS="Z5">l'</w><w frlemma="administration" frpos="NOUN" frMUSAS="S7.1+c">administration</w><w frlemma="égyptien" frpos="ADJ" frMUSAS="Z2/S2mf">égyptienne</w><w frlemma="." frpos="PUNCT" frMUSAS="PUNCT">.</w><w frlemma="il" frpos="PRON" frMUSAS="Z8">Il</w><w frlemma="remplir" frpos="VERB" frMUSAS="Z99">remplit</w><w frlemma="le" frpos="DET" frMUSAS="Z5">les</w><w frlemma="fonction" frpos="NOUN" frMUSAS="A1.1.1">fonctions</w><w frlemma="de" frpos="ADP" frMUSAS="Z5">de</w><w frlemma="conservateur" frpos="NOUN" frMUSAS="G1.2">Conservateur</w><w frlemma="-" frpos="NOUN" frMUSAS="Z99">-</w><w frlemma="adjoint" frpos="NOUN" frMUSAS="Z99">adjoint</w><w frlemma="de" frpos="ADP" frMUSAS="Z5">du</w><w frlemma="musée" frpos="NOUN" frMUSAS="T1.1.1/H1c">musée</w><w frlemma="de" frpos="ADP" frMUSAS="Z5">de</w><w frlemma="Boulak" frpos="PROPN" frMUSAS="Z99">Boulak</w><w frlemma="jusque" frpos="ADP" frMUSAS="Z5">jusqu'</w><w frlemma="en" frpos="ADP" frMUSAS="Z5">en</w><w frlemma="1886" frpos="NUM" frMUSAS="N1">1886</w><w frlemma="," frpos="PUNCT" frMUSAS="PUNCT">,</w><w frlemma="époque" frpos="NOUN" frMUSAS="Z99">époque</w><w frlemma="à" frpos="ADP" frMUSAS="Z5">à</w><w frlemma="lequel" frpos="PRON" frMUSAS="Z99">laquelle</w><w frlemma="le" frpos="DET" frMUSAS="Z5">le</w><w frlemma="ministre" frpos="NOUN" frMUSAS="G1.1/S2mf">Ministre</w><w frlemma="de" frpos="ADP" frMUSAS="Z5">de</w><w frlemma="le" frpos="DET" frMUSAS="Z5">l'</w><w frlemma="instruction" frpos="NOUN" frMUSAS="Z99">Instruction</w><w frlemma="public" frpos="ADJ" frMUSAS="A10+">publique</w><w frlemma="le" frpos="DET" frMUSAS="Z5">le</w><w frlemma="désigna" frpos="NOUN" frMUSAS="Z99">désigna</w><w frlemma="pour" frpos="ADP" frMUSAS="Z5">pour</w><w frlemma="succéder" frpos="VERB" frMUSAS="Z99">succéder</w><w frlemma="à" frpos="ADP" frMUSAS="Z5">à</w><w frlemma="m." frpos="NOUN" frMUSAS="Z99">M.</w><w frlemma="Grébaut" frpos="PROPN" frMUSAS="Z99">Grébaut</w><w frlemma="dans" frpos="ADP" frMUSAS="Z5">dans</w><w frlemma="le" frpos="DET" frMUSAS="Z5">la</w><w frlemma="direction" frpos="NOUN" frMUSAS="Z99">direction</w><w frlemma="de" frpos="ADP" frMUSAS="Z5">de</w><w frlemma="notre" frpos="DET" frMUSAS="Z8">notre</w><w frlemma="Institut" frpos="PROPN" frMUSAS="P1/S5+c">Institut</w><w frlemma="." frpos="PUNCT" frMUSAS="PUNCT">.</w><pb n="214"/><w frlemma="le" frpos="DET" frMUSAS="Z5">Les</w><w frlemma="travail" frpos="NOUN" frMUSAS="I3.1">travaux</w><w frlemma="de" frpos="ADP" frMUSAS="Z5">de</w><w frlemma="m." frpos="NOUN" frMUSAS="Z99">M.</w><w frlemma="Bouriant" frpos="PROPN" frMUSAS="Z99">Bouriant</w><w frlemma="être" frpos="AUX" frMUSAS="Z99">sont</w><w frlemma="trop" frpos="ADV" frMUSAS="Z99">trop</w><w frlemma="connu" frpos="ADJ" frMUSAS="Z99">connus</w><w frlemma="pour" frpos="ADP" frMUSAS="Z5">pour</w><w frlemma="que" frpos="SCONJ" frMUSAS="Z5">que</w><w frlemma="je" frpos="PRON" frMUSAS="Z8mf">j'</w><w frlemma="en" frpos="PRON" frMUSAS="Z8">en</w><w frlemma="donne" frpos="VERB" frMUSAS="Z99">donne</w><w frlemma="ici" frpos="ADV" frMUSAS="M6">ici</w><w frlemma="le" frpos="DET" frMUSAS="Z5">le</w><w frlemma="relevé" frpos="NOUN" frMUSAS="Z99">relevé</w><w frlemma="." frpos="PUNCT" frMUSAS="PUNCT">.</w><w frlemma="il" frpos="PRON" frMUSAS="Z8">Ils</w><w frlemma="embrasser" frpos="VERB" frMUSAS="Z99">embrassent</w><w frlemma="tout" frpos="ADJ" frMUSAS="Z8">toutes</w><w frlemma="le" frpos="DET" frMUSAS="Z5">les</w><w frlemma="branche" frpos="NOUN" frMUSAS="N5+">branches</w><w frlemma="de" frpos="ADP" frMUSAS="Z5">de</w><w frlemma="notre" frpos="DET" frMUSAS="Z8">notre</w><w frlemma="science" frpos="NOUN" frMUSAS="Y1">science</w><w frlemma="." frpos="PUNCT" frMUSAS="PUNCT">.</w><w frlemma="arabiser" frpos="VERB" frMUSAS="Z99">Arabisant</w><w frlemma="à" frpos="ADP" frMUSAS="Z5">à</w><w frlemma="son" frpos="DET" frMUSAS="Z5">ses</w><w frlemma="heure" frpos="NOUN" frMUSAS="T1.3">heures</w><w frlemma="," frpos="PUNCT" frMUSAS="PUNCT">,</w><w frlemma="il" frpos="PRON" frMUSAS="Z8">il</w><w frlemma="avoir" frpos="AUX" frMUSAS="A9+">a</w><w frlemma="publier" frpos="VERB" frMUSAS="Q4">publié</w><w frlemma="un" frpos="DET" frMUSAS="Z5">une</w><w frlemma="traduction" frpos="NOUN" frMUSAS="Q3">traduction</w><w frlemma="," frpos="PUNCT" frMUSAS="PUNCT">,</w><w frlemma="malheureusement" frpos="ADV" frMUSAS="A1.4-">malheureusement</w><w frlemma="inachever" frpos="VERB" frMUSAS="Z99">inachevée</w><w frlemma="," frpos="PUNCT" frMUSAS="PUNCT">,</w><w frlemma="de" frpos="ADP" frMUSAS="Z5">de</w><w frlemma="le" frpos="DET" frMUSAS="Z5">la</w><w frlemma="description" frpos="NOUN" frMUSAS="Q2.2">Description</w><w frlemma="topographique" frpos="ADJ" frMUSAS="Z99">topographique</w><w frlemma="et" frpos="CCONJ" frMUSAS="Z5">et</w><w frlemma="historique" frpos="NOUN" frMUSAS="T1.1.1">historique</w><w frlemma="de" frpos="ADP" frMUSAS="Z5">de</w><w frlemma="le" frpos="DET" frMUSAS="Z5">l'</w><w frlemma="égypte" frpos="NOUN" frMUSAS="Z99">Égypte</w><w frlemma="," frpos="PUNCT" frMUSAS="PUNCT">,</w><w frlemma="de" frpos="ADP" frMUSAS="Z5">de</w><w frlemma="makrizi" frpos="NOUN" frMUSAS="Z99">Makrizi</w><w frlemma="," frpos="PUNCT" frMUSAS="PUNCT">,</w><w frlemma="et" frpos="CCONJ" frMUSAS="Z5">et</w><w frlemma="un" frpos="DET" frMUSAS="Z5">un</w><w frlemma="recueil" frpos="NOUN" frMUSAS="Z99">recueil</w><w frlemma="de" frpos="ADP" frMUSAS="Z5">de</w><w frlemma="chanson" frpos="NOUN" frMUSAS="K2">chansons</w><w frlemma="populaire" frpos="ADJ" frMUSAS="E2+">populaires</w><w frlemma="en" frpos="ADP" frMUSAS="Z5">en</w><w frlemma="dialecte" frpos="NOUN" frMUSAS="Z99">dialecte</w><w frlemma="cairote" frpos="NOUN" frMUSAS="Z99">cairote</w><w frlemma="." frpos="PUNCT" frMUSAS="PUNCT">.</w><w frlemma="enfin" frpos="ADV" frMUSAS="Z99">Enfin</w><w frlemma="," frpos="PUNCT" frMUSAS="PUNCT">,</w><w frlemma="il" frpos="PRON" frMUSAS="Z8">il</w><w frlemma="faire" frpos="VERB" frMUSAS="Z99">fit</w><w frlemma="un" frpos="DET" frMUSAS="Z5">une</w><w frlemma="court" frpos="ADJ" frMUSAS="N5-">courte</w><w frlemma="incursion" frpos="NOUN" frMUSAS="Z99">incursion</w><w frlemma="dans" frpos="ADP" frMUSAS="Z5">dans</w><w frlemma="le" frpos="DET" frMUSAS="Z5">l'</w><w frlemma="hellénisme" frpos="NOUN" frMUSAS="Z99">hellénisme</w><w frlemma="en" frpos="ADP" frMUSAS="Z5">en</w><w frlemma="éditer" frpos="VERB" frMUSAS="Z99">éditant</w><w frlemma="le" frpos="DET" frMUSAS="Z5">les</w><w frlemma="fragment" frpos="NOUN" frMUSAS="Z99">fragments</w><w frlemma="grec" frpos="ADJ" frMUSAS="Z2">grecs</w><w frlemma="de" frpos="ADP" frMUSAS="Z5">du</w><w frlemma="livre" frpos="NOUN" frMUSAS="Z99">Livre</w><w frlemma="de" frpos="ADP" frMUSAS="Z5">d'</w><w frlemma="Énoch" frpos="PROPN" frMUSAS="Z99">Énoch</w><w frlemma="." frpos="PUNCT" frMUSAS="PUNCT">.</w><note place="bottom"></note></p></text></TEI>