<?xml version='1.0' encoding='UTF-8'?>
<TEI xmlns="http://www.tei-c.org/ns/1.0"><teiHeader><fileDesc><titleStmt><title>Nécrologie. Charles Palanque [† 9 décembre 1910].</title></titleStmt><publicationStmt>Corpus produit par l'étudiant MA1 Ph. Hennebert (philippe.hennebert@student.uliege.be) du cours de l'Université de Liège Corpus INFO0943: 'Corpus textuels: principes de constitution et d'analyse'</publicationStmt><sourceDesc><p>https://www.ifao.egnet.net/bifao/7/16/ (BIFAO en ligne) processed using python scripts in https://github.com/PhilHen/BIFAOCorpusTools (typographical zones detected using OpenCV, OCR with Tesseract)</p></sourceDesc></fileDesc><encodingDesc><classDecl><taxonomy id="frpos"><bibl><title>pos tagset build from https://spacy.io/</title></bibl></taxonomy><taxonomy id="frlemma"><bibl><title>fr lemma of the model https://spacy.io/</title></bibl></taxonomy><taxonomy id="frMUSAS"><bibl><title>semantic tagging https://ucrel.github.io/pymusas/usage/how_to/tag_text#french</title></bibl></taxonomy></classDecl><editorialDecl><correction>Les erreurs d'orthographe confirmées par examen du PDF source n'ont pas été corrigées. Une vérification et correction manuelle du texte a été réalisée par Ph. Hennebert (philippe.hennebert@student.uliege.be) le 29/12/2023</correction><hyphenation>Les mots coupés en fin de ligne ont été réassemblés automatiquement, pour autant que la forme combinée sans trait d'union soit attestée dans le dictionnaire français https://unitexgramlab.org/fr/language-resources</hyphenation></editorialDecl></encodingDesc></teiHeader><text id="BIFAO007_art_16.pdf" auteur="Émile Chassinat" annee="1910" titre="Nécrologie. Charles Palanque [† 9 décembre 1910]." textId="07A16" nomDefunt="Palanque" metierDefunt="archéologue" categ="Nécrologie"><p><pb n="177"/><w frlemma="NÉCROLOGIE" frpos="PROPN" frMUSAS="Z99">NÉCROLOGIE</w><w frlemma="." frpos="PUNCT" frMUSAS="PUNCT">.</w></p><p><w frlemma="charle" frpos="NOUN" frMUSAS="Z99">CHARLES</w><w frlemma="palanqu" frpos="ADJ" frMUSAS="Z99">PALANQUE</w><w frlemma="." frpos="PUNCT" frMUSAS="PUNCT">.</w></p><p><w frlemma="m." frpos="NOUN" frMUSAS="Z99">M.</w><w frlemma="Ch" frpos="PROPN" frMUSAS="Z99">Ch</w><w frlemma="." frpos="PUNCT" frMUSAS="PUNCT">.</w><w frlemma="Palanque" frpos="PROPN" frMUSAS="Z99">Palanque</w><w frlemma="," frpos="PUNCT" frMUSAS="PUNCT">,</w><w frlemma="ancien" frpos="ADJ" frMUSAS="Z99">ancien</w><w frlemma="membre" frpos="NOUN" frMUSAS="S5+/S2mf">membre</w><w frlemma="de" frpos="ADP" frMUSAS="Z5">de</w><w frlemma="le" frpos="DET" frMUSAS="Z5">l'</w><w frlemma="Institut" frpos="PROPN" frMUSAS="P1/S5+c">Institut</w><w frlemma="français" frpos="ADJ" frMUSAS="Z2">français</w><w frlemma="de" frpos="ADP" frMUSAS="Z5">du</w><w frlemma="caire" frpos="NOUN" frMUSAS="Z99">Caire</w><w frlemma="," frpos="PUNCT" frMUSAS="PUNCT">,</w><w frlemma="être" frpos="AUX" frMUSAS="M6">est</w><w frlemma="mourir" frpos="VERB" frMUSAS="L1-">mort</w><w frlemma="à" frpos="ADP" frMUSAS="Z5">à</w><w frlemma="Auch" frpos="PROPN" frMUSAS="Z99">Auch</w><w frlemma="," frpos="PUNCT" frMUSAS="PUNCT">,</w><w frlemma="le" frpos="DET" frMUSAS="Z5">le</w><w frlemma="9" frpos="NUM" frMUSAS="N1">9</w><w frlemma="décembre" frpos="NOUN" frMUSAS="T1.3">décembre</w><w frlemma="dernier" frpos="ADJ" frMUSAS="N4">dernier</w><w frlemma="," frpos="PUNCT" frMUSAS="PUNCT">,</w><w frlemma="à" frpos="ADP" frMUSAS="Z5">à</w><w frlemma="le" frpos="DET" frMUSAS="Z5">l'</w><w frlemma="âge" frpos="NOUN" frMUSAS="T3">âge</w><w frlemma="de" frpos="ADP" frMUSAS="Z5">de</w><w frlemma="44" frpos="NUM" frMUSAS="N1">44</w><w frlemma="an" frpos="NOUN" frMUSAS="T1.3">ans</w><w frlemma="." frpos="PUNCT" frMUSAS="PUNCT">.</w></p><p><w frlemma="un" frpos="DET" frMUSAS="Z5">Une</w><w frlemma="vocation" frpos="NOUN" frMUSAS="Z99">vocation</w><w frlemma="assez" frpos="ADV" frMUSAS="A13.3">assez</w><w frlemma="tardif" frpos="ADJ" frMUSAS="T4-">tardive</w><w frlemma="le" frpos="PRON" frMUSAS="Z8">l'</w><w frlemma="avoir" frpos="AUX" frMUSAS="A9+">avait</w><w frlemma="porter" frpos="VERB" frMUSAS="Z99">porté</w><w frlemma="vers" frpos="ADP" frMUSAS="Z5">vers</w><w frlemma="le" frpos="DET" frMUSAS="Z5">l'</w><w frlemma="égyptologie" frpos="NOUN" frMUSAS="Z99">égyptologie</w><w frlemma="." frpos="PUNCT" frMUSAS="PUNCT">.</w><w frlemma="à" frpos="ADP" frMUSAS="Z5">À</w><w frlemma="le" frpos="DET" frMUSAS="Z5">la</w><w frlemma="suite" frpos="NOUN" frMUSAS="Z99">suite</w><w frlemma="de" frpos="ADP" frMUSAS="Z5">d'</w><w frlemma="un" frpos="DET" frMUSAS="Z5">un</w><w frlemma="voyage" frpos="NOUN" frMUSAS="Z99">voyage</w><w frlemma="entreprendre" frpos="VERB" frMUSAS="Z99">entrepris</w><w frlemma="dans" frpos="ADP" frMUSAS="Z5">dans</w><w frlemma="le" frpos="DET" frMUSAS="Z5">la</w><w frlemma="vallée" frpos="NOUN" frMUSAS="W3">vallée</w><w frlemma="de" frpos="ADP" frMUSAS="Z5">du</w><w frlemma="Nil" frpos="PROPN" frMUSAS="Z99">Nil</w><w frlemma="," frpos="PUNCT" frMUSAS="PUNCT">,</w><w frlemma="vers" frpos="ADP" frMUSAS="Z5">vers</w><w frlemma="1894" frpos="NUM" frMUSAS="N1">1894</w><w frlemma="," frpos="PUNCT" frMUSAS="PUNCT">,</w><w frlemma="le" frpos="DET" frMUSAS="Z5">le</w><w frlemma="goût" frpos="NOUN" frMUSAS="X3.1">goût</w><w frlemma="de" frpos="ADP" frMUSAS="Z5">des</w><w frlemma="antiquité" frpos="NOUN" frMUSAS="Z99">antiquités</w><w frlemma="pharaonique" frpos="ADJ" frMUSAS="Z99">pharaoniques</w><w frlemma="luire" frpos="PRON" frMUSAS="Z8">lui</w><w frlemma="être" frpos="AUX" frMUSAS="Z99">était</w><w frlemma="venir" frpos="VERB" frMUSAS="M1">venu</w><w frlemma="au" frpos="ADP" frMUSAS="Z5">au</w><w frlemma="contact" frpos="NOUN" frMUSAS="Q2.2">contact</w><w frlemma="de" frpos="ADP" frMUSAS="Z5">des</w><w frlemma="monument" frpos="NOUN" frMUSAS="O2">monuments</w><w frlemma="," frpos="PUNCT" frMUSAS="PUNCT">,</w><w frlemma="et" frpos="CCONJ" frMUSAS="Z5">et</w><w frlemma="il" frpos="PRON" frMUSAS="Z8">il</w><w frlemma="être" frpos="AUX" frMUSAS="Z99">était</w><w frlemma="rentrer" frpos="VERB" frMUSAS="Z99">rentré</w><w frlemma="en" frpos="ADP" frMUSAS="Z5">en</w><w frlemma="France" frpos="PROPN" frMUSAS="Z99">France</w><w frlemma="avec" frpos="ADP" frMUSAS="Z5">avec</w><w frlemma="le" frpos="DET" frMUSAS="Z5">le</w><w frlemma="ferme" frpos="ADJ" frMUSAS="Z99">ferme</w><w frlemma="dessein" frpos="NOUN" frMUSAS="Z99">dessein</w><w frlemma="de" frpos="ADP" frMUSAS="Z5">de</w><w frlemma="se" frpos="PRON" frMUSAS="Z8">se</w><w frlemma="consacrer" frpos="VERB" frMUSAS="Z99">consacrer</w><w frlemma="désormais" frpos="ADV" frMUSAS="Z99">désormais</w><w frlemma="à" frpos="ADP" frMUSAS="Z5">à</w><w frlemma="le" frpos="DET" frMUSAS="Z5">l'</w><w frlemma="étude" frpos="NOUN" frMUSAS="P1">étude</w><w frlemma="de" frpos="ADP" frMUSAS="Z5">de</w><w frlemma="1'égypte" frpos="NOUN" frMUSAS="Z99">1'Égypte</w><w frlemma="ancien" frpos="ADJ" frMUSAS="Z99">ancienne</w><w frlemma="." frpos="PUNCT" frMUSAS="PUNCT">.</w><w frlemma="îl" frpos="CCONJ" frMUSAS="Z99">Îl</w><w frlemma="suivit" frpos="NOUN" frMUSAS="Z99">suivit</w><w frlemma="," frpos="PUNCT" frMUSAS="PUNCT">,</w><w frlemma="dans" frpos="ADP" frMUSAS="Z5">dans</w><w frlemma="le" frpos="DET" frMUSAS="Z5">le</w><w frlemma="but" frpos="NOUN" frMUSAS="Z99">but</w><w frlemma="de" frpos="ADP" frMUSAS="Z5">d'</w><w frlemma="acquérir" frpos="VERB" frMUSAS="A9+">acquérir</w><w frlemma="le" frpos="DET" frMUSAS="Z5">les</w><w frlemma="connaissance" frpos="NOUN" frMUSAS="X2.2+">connaissances</w><w frlemma="qui" frpos="PRON" frMUSAS="Z8">qui</w><w frlemma="luire" frpos="PRON" frMUSAS="Z8">lui</w><w frlemma="manquer" frpos="VERB" frMUSAS="A5.3-">manquaient</w><w frlemma="," frpos="PUNCT" frMUSAS="PUNCT">,</w><w frlemma="le" frpos="DET" frMUSAS="Z5">les</w><w frlemma="cours" frpos="NOUN" frMUSAS="M1">cours</w><w frlemma="de" frpos="ADP" frMUSAS="Z5">de</w><w frlemma="mm." frpos="NOUN" frMUSAS="Z99">MM.</w><w frlemma="Guieysse" frpos="PROPN" frMUSAS="Z99">Guieysse</w><w frlemma="et" frpos="CCONJ" frMUSAS="Z5">et</w><w frlemma="moret" frpos="NOUN" frMUSAS="Z99">Moret</w><w frlemma="," frpos="PUNCT" frMUSAS="PUNCT">,</w><w frlemma="à" frpos="ADP" frMUSAS="Z5">à</w><w frlemma="le" frpos="DET" frMUSAS="Z5">l'</w><w frlemma="école" frpos="NOUN" frMUSAS="P1">École</w><w frlemma="de" frpos="ADP" frMUSAS="Z5">des</w><w frlemma="haute" frpos="NOUN" frMUSAS="Z99">hautes</w><w frlemma="étude" frpos="ADJ" frMUSAS="P1">études</w><w frlemma="." frpos="PUNCT" frMUSAS="PUNCT">.</w><w frlemma="quelque" frpos="DET" frMUSAS="A13.5">Quelques</w><w frlemma="année" frpos="NOUN" frMUSAS="T1.3">années</w><w frlemma="plus" frpos="ADV" frMUSAS="Z5">plus</w><w frlemma="tard" frpos="ADV" frMUSAS="T4-">tard</w><w frlemma="," frpos="PUNCT" frMUSAS="PUNCT">,</w><w frlemma="avoir" frpos="AUX" frMUSAS="A9+">ayant</w><w frlemma="obtenir" frpos="VERB" frMUSAS="Z99">obtenu</w><w frlemma="le" frpos="DET" frMUSAS="Z5">le</w><w frlemma="diplôme" frpos="NOUN" frMUSAS="Z99">diplôme</w><w frlemma="de" frpos="ADP" frMUSAS="Z5">de</w><w frlemma="ce" frpos="DET" frMUSAS="Z5">cette</w><w frlemma="école" frpos="NOUN" frMUSAS="P1">école</w><w frlemma="," frpos="PUNCT" frMUSAS="PUNCT">,</w><w frlemma="il" frpos="PRON" frMUSAS="Z8">il</w><w frlemma="être" frpos="AUX" frMUSAS="Z99">était</w><w frlemma="envoyer" frpos="VERB" frMUSAS="M2">envoyé</w><w frlemma="," frpos="PUNCT" frMUSAS="PUNCT">,</w><w frlemma="sur" frpos="ADP" frMUSAS="Z5">sur</w><w frlemma="le" frpos="DET" frMUSAS="Z5">la</w><w frlemma="proposition" frpos="NOUN" frMUSAS="Z99">proposition</w><w frlemma="de" frpos="ADP" frMUSAS="Z5">de</w><w frlemma="m." frpos="NOUN" frMUSAS="Z99">M.</w><w frlemma="Moret" frpos="PROPN" frMUSAS="Z99">Moret</w><w frlemma="," frpos="PUNCT" frMUSAS="PUNCT">,</w><w frlemma="à" frpos="ADP" frMUSAS="Z5">à</w><w frlemma="le" frpos="DET" frMUSAS="Z5">l'</w><w frlemma="Institut" frpos="PROPN" frMUSAS="P1/S5+c">Institut</w><w frlemma="de" frpos="ADP" frMUSAS="Z5">du</w><w frlemma="caire" frpos="NOUN" frMUSAS="Z99">Caire</w><w frlemma="," frpos="PUNCT" frMUSAS="PUNCT">,</w><w frlemma="où" frpos="PRON" frMUSAS="Z8">où</w><w frlemma="il" frpos="PRON" frMUSAS="Z8">il</w><w frlemma="être" frpos="AUX" frMUSAS="Z99">fut</w><w frlemma="pensionnaire" frpos="VERB" frMUSAS="Z99">pensionnaire</w><w frlemma="pendant" frpos="ADP" frMUSAS="Z5">pendant</w><w frlemma="deux" frpos="NUM" frMUSAS="N1">deux</w><w frlemma="an" frpos="NOUN" frMUSAS="T1.3">ans</w><w frlemma="," frpos="PUNCT" frMUSAS="PUNCT">,</w><w frlemma="de" frpos="ADP" frMUSAS="Z5">de</w><w frlemma="novembre" frpos="NOUN" frMUSAS="T1.3">novembre</w><w frlemma="1900" frpos="NUM" frMUSAS="N1">1900</w><w frlemma="à" frpos="ADP" frMUSAS="Z5">à</w><w frlemma="novembre" frpos="NOUN" frMUSAS="T1.3">novembre</w><w frlemma="1902" frpos="NUM" frMUSAS="N1">1902</w><w frlemma="." frpos="PUNCT" frMUSAS="PUNCT">.</w></p><p><w frlemma="il" frpos="PRON" frMUSAS="Z8">Il</w><w frlemma="avoir" frpos="VERB" frMUSAS="A9+">eut</w><w frlemma="alors" frpos="ADV" frMUSAS="Z99">alors</w><w frlemma="le" frpos="DET" frMUSAS="Z5">l'</w><w frlemma="occasion" frpos="NOUN" frMUSAS="Z99">occasion</w><w frlemma="de" frpos="ADP" frMUSAS="Z5">de</w><w frlemma="remplir" frpos="VERB" frMUSAS="Z99">remplir</w><w frlemma="plusieurs" frpos="DET" frMUSAS="N5">plusieurs</w><w frlemma="mission" frpos="NOUN" frMUSAS="X7+">missions</w><w frlemma="scientifique" frpos="ADJ" frMUSAS="Y1">scientifiques</w><w frlemma="." frpos="PUNCT" frMUSAS="PUNCT">.</w><w frlemma="il" frpos="PRON" frMUSAS="Z8">Il</w><w frlemma="explorer" frpos="VERB" frMUSAS="Z99">explora</w><w frlemma="tout" frpos="ADV" frMUSAS="Z8">tout</w><w frlemma="de" frpos="ADP" frMUSAS="Z5">d'</w><w frlemma="abord" frpos="ADV" frMUSAS="Z99">abord</w><w frlemma="," frpos="PUNCT" frMUSAS="PUNCT">,</w><w frlemma="dans" frpos="ADP" frMUSAS="Z5">dans</w><w frlemma="le" frpos="DET" frMUSAS="Z5">les</w><w frlemma="environ" frpos="NOUN" frMUSAS="Z5">environs</w><w frlemma="de" frpos="ADP" frMUSAS="Z5">d'</w><w frlemma="Abou" frpos="PROPN" frMUSAS="Z99">Abou</w><w frlemma="-" frpos="PROPN" frMUSAS="Z99">-</w><w frlemma="Roash" frpos="PROPN" frMUSAS="Z99">Roash</w><w frlemma="," frpos="PUNCT" frMUSAS="PUNCT">,</w><w frlemma="à" frpos="ADP" frMUSAS="Z5">à</w><w frlemma="ed" frpos="NOUN" frMUSAS="Z99">Ed</w><w frlemma="-" frpos="PROPN" frMUSAS="Z99">-</w><w frlemma="Deir" frpos="PROPN" frMUSAS="Z99">Deir</w><w frlemma="," frpos="PUNCT" frMUSAS="PUNCT">,</w><w frlemma="le" frpos="DET" frMUSAS="Z5">les</w><w frlemma="ruine" frpos="NOUN" frMUSAS="Z99">ruines</w><w frlemma="de" frpos="ADP" frMUSAS="Z5">d'</w><w frlemma="un" frpos="DET" frMUSAS="Z5">un</w><w frlemma="couvent" frpos="NOUN" frMUSAS="Z99">couvent</w><w frlemma="copte" frpos="NOUN" frMUSAS="Z99">copte</w><w frlemma="(" frpos="PUNCT" frMUSAS="PUNCT">(</w><w frlemma="1900" frpos="NOUN" frMUSAS="Z99">1900</w><w frlemma="-" frpos="NOUN" frMUSAS="Z99">-</w><w frlemma="1901" frpos="NOUN" frMUSAS="Z99">1901</w><w frlemma=")" frpos="PUNCT" frMUSAS="PUNCT">)</w><w frlemma=";" frpos="PUNCT" frMUSAS="PUNCT">;</w><w frlemma="pouvoir" frpos="CCONJ" frMUSAS="Z99">puis</w><w frlemma="il" frpos="PRON" frMUSAS="Z8">il</w><w frlemma="prendre" frpos="VERB" frMUSAS="A9+">prit</w><w frlemma="part" frpos="NOUN" frMUSAS="S1.1.2+">part</w><w frlemma="à" frpos="ADP" frMUSAS="Z5">aux</w><w frlemma="recherche" frpos="NOUN" frMUSAS="Z99">recherches</w><w frlemma="entreprendre" frpos="VERB" frMUSAS="Z99">entreprises</w><w frlemma="par" frpos="ADP" frMUSAS="M6">par</w><w frlemma="le" frpos="DET" frMUSAS="Z5">l'</w><w frlemma="Institut" frpos="PROPN" frMUSAS="P1/S5+c">Institut</w><w frlemma="à" frpos="ADP" frMUSAS="Z5">à</w><w frlemma="Baouît" frpos="PROPN" frMUSAS="Z99">Baouît</w><w frlemma="(" frpos="PUNCT" frMUSAS="PUNCT">(</w><w frlemma="1901" frpos="NUM" frMUSAS="N1">1901</w><w frlemma=")" frpos="PUNCT" frMUSAS="PUNCT">)</w><w frlemma=";" frpos="PUNCT" frMUSAS="PUNCT">;</w><w frlemma="il" frpos="PRON" frMUSAS="Z8">il</w><w frlemma="travailler" frpos="VERB" frMUSAS="I3.1">travailla</w><w frlemma="de" frpos="ADP" frMUSAS="Z5">de</w><w frlemma="nouveau" frpos="ADJ" frMUSAS="T3-">nouveau</w><w frlemma="dans" frpos="ADP" frMUSAS="Z5">dans</w><w frlemma="ce" frpos="DET" frMUSAS="Z5">cette</w><w frlemma="localité" frpos="NOUN" frMUSAS="Z99">localité</w><w frlemma="," frpos="PUNCT" frMUSAS="PUNCT">,</w><w frlemma="pendant" frpos="ADP" frMUSAS="Z5">pendant</w><w frlemma="plusieurs" frpos="DET" frMUSAS="N5">plusieurs</w><w frlemma="semaine" frpos="NOUN" frMUSAS="T1.3">semaines</w><w frlemma="," frpos="PUNCT" frMUSAS="PUNCT">,</w><w frlemma="durer" frpos="ADP" frMUSAS="Z5">durant</w><w frlemma="le" frpos="DET" frMUSAS="Z5">l'</w><w frlemma="hiver" frpos="NOUN" frMUSAS="H4/T1.3">hiver</w><w frlemma="1901" frpos="NOUN" frMUSAS="Z99">1901</w><w frlemma="-" frpos="NOUN" frMUSAS="Z99">-</w><w frlemma="1902" frpos="NOUN" frMUSAS="Z99">1902</w><w frlemma="et" frpos="CCONJ" frMUSAS="Z5">et</w><w frlemma="terminer" frpos="VERB" frMUSAS="Z99">termina</w><w frlemma="le" frpos="DET" frMUSAS="Z5">la</w><w frlemma="campagne" frpos="NOUN" frMUSAS="W3">campagne</w><w frlemma="dans" frpos="ADP" frMUSAS="Z5">dans</w><w frlemma="le" frpos="DET" frMUSAS="Z5">la</w><w frlemma="nécropole" frpos="NOUN" frMUSAS="Z99">nécropole</w><w frlemma="de" frpos="ADP" frMUSAS="Z5">d'</w><w frlemma="Assiout" frpos="PROPN" frMUSAS="Z99">Assiout</w><w frlemma="." frpos="PUNCT" frMUSAS="PUNCT">.</w><w frlemma="gette" frpos="NOUN" frMUSAS="Z99">Gette</w><w frlemma="fouille" frpos="NOUN" frMUSAS="Z99">fouille</w><w frlemma="être" frpos="AUX" frMUSAS="Z99">fut</w><w frlemma="le" frpos="DET" frMUSAS="Z5">la</w><w frlemma="dernier" frpos="ADJ" frMUSAS="N4">dernière</w><w frlemma="à" frpos="ADP" frMUSAS="Z5">à</w><w frlemma="lequel" frpos="PRON" frMUSAS="Z99">laquelle</w><w frlemma="il" frpos="PRON" frMUSAS="Z8">il</w><w frlemma="contribuer" frpos="VERB" frMUSAS="A9-">contribua</w><w frlemma="." frpos="PUNCT" frMUSAS="PUNCT">.</w><w frlemma="lui" frpos="PRON" frMUSAS="Z8">Elle</w><w frlemma="avoir" frpos="VERB" frMUSAS="A9+">eut</w><w frlemma="pour" frpos="ADP" frMUSAS="Z5">pour</w><w frlemma="résultat" frpos="NOUN" frMUSAS="Z99">résultat</w><w frlemma="le" frpos="DET" frMUSAS="Z5">la</w><w frlemma="découverte" frpos="NOUN" frMUSAS="A10+">découverte</w><w frlemma="de" frpos="ADP" frMUSAS="Z5">d'</w><w frlemma="un" frpos="DET" frMUSAS="Z5">un</w><w frlemma="nombre" frpos="NOUN" frMUSAS="N1">nombre</w><w frlemma="considérable" frpos="ADJ" frMUSAS="Z99">considérable</w><w frlemma="de" frpos="ADP" frMUSAS="Z5">de</w><w frlemma="tombeau" frpos="NOUN" frMUSAS="Z99">tombeaux</w><w frlemma="inviolé" frpos="ADJ" frMUSAS="Z99">inviolés</w><w frlemma="dater" frpos="VERB" frMUSAS="T3">datant</w><w frlemma="de" frpos="ADP" frMUSAS="Z5">du</w><w frlemma="moyen" frpos="NOUN" frMUSAS="Z99">moyen</w><w frlemma="empire" frpos="ADJ" frMUSAS="G1.1">empire</w><w frlemma="." frpos="PUNCT" frMUSAS="PUNCT">.</w></p><p><w frlemma="avoir" frpos="AUX" frMUSAS="A9+">Ayant</w><w frlemma="quitter" frpos="VERB" frMUSAS="M1">quitté</w><w frlemma="le" frpos="DET" frMUSAS="Z5">l'</w><w frlemma="égypte" frpos="NOUN" frMUSAS="Z99">Égypte</w><w frlemma="sans" frpos="ADP" frMUSAS="M6">sans</w><w frlemma="espoir" frpos="NOUN" frMUSAS="X2.6+">espoir</w><w frlemma="de" frpos="ADP" frMUSAS="Z5">de</w><w frlemma="retour" frpos="NOUN" frMUSAS="M1">retour</w><w frlemma="," frpos="PUNCT" frMUSAS="PUNCT">,</w><w frlemma="il" frpos="PRON" frMUSAS="Z8">il</w><w frlemma="se" frpos="PRON" frMUSAS="Z8">s'</w><w frlemma="installer" frpos="VERB" frMUSAS="A1.1.1">installa</w><w frlemma="à" frpos="ADP" frMUSAS="Z5">à</w><w frlemma="Auch" frpos="PROPN" frMUSAS="Z99">Auch</w><w frlemma="," frpos="PUNCT" frMUSAS="PUNCT">,</w><w frlemma="son" frpos="DET" frMUSAS="Z5">sa</w><w frlemma="ville" frpos="NOUN" frMUSAS="M7c">ville</w><w frlemma="natal" frpos="ADJ" frMUSAS="Z99">natale</w><w frlemma="." frpos="PUNCT" frMUSAS="PUNCT">.</w><w frlemma="le" frpos="DET" frMUSAS="Z5">Les</w><w frlemma="nécessité" frpos="NOUN" frMUSAS="Z99">nécessités</w><w frlemma="de" frpos="ADP" frMUSAS="Z5">de</w><w frlemma="le" frpos="DET" frMUSAS="Z5">la</w><w frlemma="vie" frpos="NOUN" frMUSAS="L1+">vie</w><w frlemma="le" frpos="DET" frMUSAS="Z5">le</w><w frlemma="mirent" frpos="NOUN" frMUSAS="Z99">mirent</w><w frlemma="bientôt" frpos="ADV" frMUSAS="T1.1.3/N3.8+">bientôt</w><w frlemma="dans" frpos="ADP" frMUSAS="Z5">dans</w><w frlemma="le" frpos="DET" frMUSAS="Z5">l'</w><w frlemma="obligation" frpos="NOUN" frMUSAS="Z99">obligation</w><w frlemma="de" frpos="ADP" frMUSAS="Z5">de</w><w frlemma="suivre" frpos="VERB" frMUSAS="M1">suivre</w><w frlemma="un" frpos="DET" frMUSAS="Z5">une</w><w frlemma="voie" frpos="NOUN" frMUSAS="Z99">voie</w><w frlemma="nouveau" frpos="ADJ" frMUSAS="T3-">nouvelle</w><w frlemma="et" frpos="CCONJ" frMUSAS="Z5">et</w><w frlemma="de" frpos="ADP" frMUSAS="Z5">d'</w><w frlemma="entrer" frpos="VERB" frMUSAS="Z99">entrer</w><w frlemma="dans" frpos="ADP" frMUSAS="Z5">dans</w><w frlemma="le" frpos="DET" frMUSAS="Z5">la</w><w frlemma="carrière" frpos="NOUN" frMUSAS="I3.1">carrière</w><w frlemma="administratif" frpos="ADJ" frMUSAS="S7.1+">administrative</w><w frlemma="." frpos="PUNCT" frMUSAS="PUNCT">.</w><w frlemma="attacher" frpos="VERB" frMUSAS="A1.7+">Attaché</w><w frlemma="à" frpos="ADP" frMUSAS="Z5">aux</w><w frlemma="archive" frpos="NOUN" frMUSAS="Z99">archives</w><w frlemma="départemental" frpos="ADJ" frMUSAS="Z99">départementales</w><w frlemma="," frpos="PUNCT" frMUSAS="PUNCT">,</w><w frlemma="il" frpos="PRON" frMUSAS="Z8">il</w><w frlemma="ne" frpos="ADV" frMUSAS="Z6">ne</w><w frlemma="se" frpos="PRON" frMUSAS="Z8">s'</w><w frlemma="occuper" frpos="VERB" frMUSAS="H4">occupa</w><w frlemma="plus" frpos="ADV" frMUSAS="Z5">plus</w><w frlemma="guèr" frpos="ADJ" frMUSAS="A13.7">guère</w><w frlemma="," frpos="PUNCT" frMUSAS="PUNCT">,</w><w frlemma="dès" frpos="ADP" frMUSAS="Z5">dès</w><w frlemma="lors" frpos="ADV" frMUSAS="Z99">lors</w><w frlemma="," frpos="PUNCT" frMUSAS="PUNCT">,</w><w frlemma="que" frpos="ADV" frMUSAS="Z8">que</w><w frlemma="de" frpos="ADP" frMUSAS="Z5">de</w><w frlemma="question" frpos="NOUN" frMUSAS="Q2.2">questions</w><w frlemma="concerner" frpos="VERB" frMUSAS="E6-">concernant</w><w frlemma="le" frpos="DET" frMUSAS="Z5">les</w><w frlemma="antiquité" frpos="NOUN" frMUSAS="Z99">antiquités</w><w frlemma="local" frpos="ADJ" frMUSAS="H3/S2mf">locales</w><w frlemma="." frpos="PUNCT" frMUSAS="PUNCT">.</w><w frlemma="il" frpos="PRON" frMUSAS="Z8">Il</w><w frlemma="être" frpos="AUX" frMUSAS="Z99">était</w><w frlemma="vice-président" frpos="NOUN" frMUSAS="G1.1/S7.1+/S2mf">vice-président</w><w frlemma="de" frpos="ADP" frMUSAS="Z5">de</w><w frlemma="le" frpos="DET" frMUSAS="Z5">la</w><w frlemma="Société" frpos="PROPN" frMUSAS="S5+c">Société</w><w frlemma="de" frpos="ADP" frMUSAS="Z5">d'</w><w frlemma="archéologie" frpos="NOUN" frMUSAS="Z99">archéologie</w><w frlemma="de" frpos="ADP" frMUSAS="Z5">du</w><w frlemma="Gers" frpos="PROPN" frMUSAS="Z99">Gers</w><w frlemma="lorsque" frpos="SCONJ" frMUSAS="Z5">lorsqu'</w><w frlemma="il" frpos="PRON" frMUSAS="Z8">il</w><w frlemma="décéda" frpos="ADJ" frMUSAS="Z99">décéda</w><w frlemma="." frpos="PUNCT" frMUSAS="PUNCT">.</w></p><p><pb n="178"/><w frlemma="m." frpos="NOUN" frMUSAS="Z99">M.</w><w frlemma="Palanque" frpos="PROPN" frMUSAS="Z99">Palanque</w><w frlemma="laisse" frpos="VERB" frMUSAS="Z99">laisse</w><w frlemma="," frpos="PUNCT" frMUSAS="PUNCT">,</w><w frlemma="outre" frpos="ADP" frMUSAS="Z5">outre</w><w frlemma="son" frpos="DET" frMUSAS="Z5">sa</w><w frlemma="thèse" frpos="NOUN" frMUSAS="Z99">thèse</w><w frlemma="de" frpos="ADP" frMUSAS="Z5">de</w><w frlemma="le" frpos="DET" frMUSAS="Z5">l'</w><w frlemma="école" frpos="NOUN" frMUSAS="P1">École</w><w frlemma="de" frpos="ADP" frMUSAS="Z5">des</w><w frlemma="haute" frpos="NOUN" frMUSAS="Z99">hautes</w><w frlemma="étude" frpos="ADJ" frMUSAS="P1">études</w><w frlemma="," frpos="PUNCT" frMUSAS="PUNCT">,</w><w frlemma="qui" frpos="PRON" frMUSAS="Z8">qui</w><w frlemma="traite" frpos="NOUN" frMUSAS="Z99">traite</w><w frlemma="de" frpos="ADP" frMUSAS="Z5">du</w><w frlemma="«" frpos="PUNCT" frMUSAS="PUNCT">«</w><w frlemma="Nil" frpos="PROPN" frMUSAS="Z99">Nil</w><w frlemma="à" frpos="ADP" frMUSAS="Z5">à</w><w frlemma="le" frpos="DET" frMUSAS="Z5">l'</w><w frlemma="époque" frpos="NOUN" frMUSAS="Z99">époque</w><w frlemma="pharaonique" frpos="ADJ" frMUSAS="Z99">pharaonique</w><w frlemma="»" frpos="PUNCT" frMUSAS="PUNCT">»</w><w frlemma="," frpos="PUNCT" frMUSAS="PUNCT">,</w><w frlemma="divers" frpos="ADJ" frMUSAS="Z99">divers</w><w frlemma="article" frpos="NOUN" frMUSAS="G2.1/P1">articles</w><w frlemma="qui" frpos="PRON" frMUSAS="Z8">qui</w><w frlemma="avoir" frpos="AUX" frMUSAS="A9+">ont</w><w frlemma="être" frpos="AUX" frMUSAS="T1.3">été</w><w frlemma="imprimer" frpos="VERB" frMUSAS="Z99">imprimés</w><w frlemma="dans" frpos="ADP" frMUSAS="Z5">dans</w><w frlemma="le" frpos="DET" frMUSAS="Z5">le</w><w frlemma="bulletin" frpos="NOUN" frMUSAS="Z99">Bulletin</w><w frlemma="de" frpos="ADP" frMUSAS="Z5">de</w><w frlemma="notre" frpos="DET" frMUSAS="Z8">notre</w><w frlemma="Institut" frpos="PROPN" frMUSAS="P1/S5+c">Institut</w><w frlemma="." frpos="PUNCT" frMUSAS="PUNCT">.</w><w frlemma="je" frpos="PRON" frMUSAS="Z8mf">Je</w><w frlemma="corriger" frpos="VERB" frMUSAS="A5.3+/A2.1">corrige</w><w frlemma="actuellement" frpos="ADV" frMUSAS="Z99">actuellement</w><w frlemma="le" frpos="DET" frMUSAS="Z5">les</w><w frlemma="épreuve" frpos="NOUN" frMUSAS="Z99">épreuves</w><w frlemma="de" frpos="ADP" frMUSAS="Z5">d'</w><w frlemma="un" frpos="DET" frMUSAS="Z5">un</w><w frlemma="mémoire" frpos="NOUN" frMUSAS="X2">mémoire</w><w frlemma="relatif" frpos="ADJ" frMUSAS="A13">relatif</w><w frlemma="à" frpos="ADP" frMUSAS="Z5">aux</w><w frlemma="fouille" frpos="NOUN" frMUSAS="Z99">fouilles</w><w frlemma="pratiquer" frpos="VERB" frMUSAS="A1.1.1">pratiquées</w><w frlemma="à" frpos="ADP" frMUSAS="Z5">à</w><w frlemma="Assiout" frpos="PROPN" frMUSAS="Z99">Assiout</w><w frlemma="en" frpos="ADP" frMUSAS="Z5">en</w><w frlemma="1909" frpos="NUM" frMUSAS="N1">1909</w><w frlemma="," frpos="PUNCT" frMUSAS="PUNCT">,</w><w frlemma="que" frpos="SCONJ" frMUSAS="Z5">que</w><w frlemma="je" frpos="PRON" frMUSAS="Z8mf">j'</w><w frlemma="avoir" frpos="AUX" frMUSAS="A9+">ai</w><w frlemma="rédiger" frpos="VERB" frMUSAS="Z99">rédigé</w><w frlemma="au" frpos="ADP" frMUSAS="Z5">au</w><w frlemma="moyen" frpos="NOUN" frMUSAS="Z99">moyen</w><w frlemma="de" frpos="ADP" frMUSAS="Z5">des</w><w frlemma="note" frpos="NOUN" frMUSAS="Z99">notes</w><w frlemma="que" frpos="PRON" frMUSAS="Z8">que</w><w frlemma="nous" frpos="PRON" frMUSAS="Z8">nous</w><w frlemma="avoir" frpos="AUX" frMUSAS="A9+">avons</w><w frlemma="prendre" frpos="VERB" frMUSAS="A9+">prises</w><w frlemma="en" frpos="ADP" frMUSAS="Z5">en</w><w frlemma="commun" frpos="NOUN" frMUSAS="A6.2+">commun</w><w frlemma="pendant" frpos="ADP" frMUSAS="Z5">pendant</w><w frlemma="le" frpos="DET" frMUSAS="Z5">les</w><w frlemma="travail" frpos="NOUN" frMUSAS="I3.1">travaux</w><w frlemma="et" frpos="CCONJ" frMUSAS="Z5">et</w><w frlemma="que" frpos="SCONJ" frMUSAS="Z5">que</w><w frlemma="je" frpos="PRON" frMUSAS="Z8mf">j'</w><w frlemma="avoir" frpos="AUX" frMUSAS="A9+">ai</w><w frlemma="compléter" frpos="VERB" frMUSAS="T2-">complétées</w><w frlemma="dans" frpos="ADP" frMUSAS="Z5">dans</w><w frlemma="le" frpos="DET" frMUSAS="Z5">la</w><w frlemma="suite" frpos="NOUN" frMUSAS="Z99">suite</w><w frlemma="." frpos="PUNCT" frMUSAS="PUNCT">.</w></p><p><w frlemma="e." frpos="NOUN" frMUSAS="Z99">E.</w><w frlemma="C." frpos="PROPN" frMUSAS="Z99">C.</w><note place="bottom"></note></p></text></TEI>