<?xml version='1.0' encoding='UTF-8'?>
<TEI xmlns="http://www.tei-c.org/ns/1.0"><teiHeader><fileDesc><titleStmt><title>Nécrologie. René-Jean Reymond [25 mai 1885-7 juillet 1908].</title></titleStmt><publicationStmt>Corpus produit par l'étudiant MA1 Ph. Hennebert (philippe.hennebert@student.uliege.be) du cours de l'Université de Liège Corpus INFO0943: 'Corpus textuels: principes de constitution et d'analyse'</publicationStmt><sourceDesc><p>https://www.ifao.egnet.net/bifao/6/12/ (BIFAO en ligne) processed using python scripts in https://github.com/PhilHen/BIFAOCorpusTools (typographical zones detected using OpenCV, OCR with Tesseract)</p></sourceDesc></fileDesc><encodingDesc><classDecl><taxonomy id="frpos"><bibl><title>pos tagset build from https://spacy.io/</title></bibl></taxonomy><taxonomy id="frlemma"><bibl><title>fr lemma of the model https://spacy.io/</title></bibl></taxonomy><taxonomy id="frMUSAS"><bibl><title>semantic tagging https://ucrel.github.io/pymusas/usage/how_to/tag_text#french</title></bibl></taxonomy></classDecl><editorialDecl><correction>Les erreurs d'orthographe confirmées par examen du PDF source n'ont pas été corrigées. Une vérification et correction manuelle du texte a été réalisée par Ph. Hennebert (philippe.hennebert@student.uliege.be) le 29/12/2023</correction><hyphenation>Les mots coupés en fin de ligne ont été réassemblés automatiquement, pour autant que la forme combinée sans trait d'union soit attestée dans le dictionnaire français https://unitexgramlab.org/fr/language-resources</hyphenation></editorialDecl></encodingDesc></teiHeader><text id="BIFAO006_art_12C.pdf" auteur="Émile Chassinat" annee="1908" titre="Nécrologie. René-Jean Reymond [25 mai 1885-7 juillet 1908]." textId="06A12C" nomDefunt="Reymond" metierDefunt="dessinateur" categ="Nécrologie"><p><pb n="196"/><w frlemma="RENÉ" frpos="PROPN" frMUSAS="Z99">RENÉ</w><w frlemma="-" frpos="PROPN" frMUSAS="Z99">-</w><w frlemma="JEAN" frpos="PROPN" frMUSAS="Z99">JEAN</w><w frlemma="REYMOND" frpos="PROPN" frMUSAS="Z99">REYMOND</w><w frlemma="." frpos="PUNCT" frMUSAS="PUNCT">.</w></p><p><w frlemma="m." frpos="NOUN" frMUSAS="Z99">M.</w><w frlemma="R.-J." frpos="PROPN" frMUSAS="Z99">R.-J.</w><w frlemma="Reymond" frpos="PROPN" frMUSAS="Z99">Reymond</w><w frlemma="succomber" frpos="VERB" frMUSAS="Z99">succomba</w><w frlemma="au" frpos="ADP" frMUSAS="Z5">au</w><w frlemma="caire" frpos="NOUN" frMUSAS="Z99">Caire</w><w frlemma="," frpos="PUNCT" frMUSAS="PUNCT">,</w><w frlemma="le" frpos="DET" frMUSAS="Z5">le</w><w frlemma="7" frpos="NUM" frMUSAS="N1">7</w><w frlemma="juillet" frpos="NOUN" frMUSAS="T1.3">juillet</w><w frlemma="1908" frpos="NUM" frMUSAS="N1">1908</w><w frlemma="," frpos="PUNCT" frMUSAS="PUNCT">,</w><w frlemma="après" frpos="ADP" frMUSAS="Z5">après</w><w frlemma="un" frpos="DET" frMUSAS="Z5">une</w><w frlemma="court" frpos="ADJ" frMUSAS="N5-">courte</w><w frlemma="maladie" frpos="NOUN" frMUSAS="Z99">maladie</w><w frlemma="." frpos="PUNCT" frMUSAS="PUNCT">.</w><w frlemma="il" frpos="PRON" frMUSAS="Z8">Il</w><w frlemma="être" frpos="AUX" frMUSAS="Z99">était</w><w frlemma="naître" frpos="VERB" frMUSAS="Z99">né</w><w frlemma="à" frpos="ADP" frMUSAS="Z5">à</w><w frlemma="tocagne" frpos="NOUN" frMUSAS="Z99">Tocagne</w><w frlemma="Saint-Apre" frpos="PROPN" frMUSAS="Z99">Saint-Apre</w><w frlemma="(" frpos="PUNCT" frMUSAS="PUNCT">(</w><w frlemma="Dordogne" frpos="PROPN" frMUSAS="Z99">Dordogne</w><w frlemma=")" frpos="PUNCT" frMUSAS="PUNCT">)</w><w frlemma="," frpos="PUNCT" frMUSAS="PUNCT">,</w><w frlemma="le" frpos="DET" frMUSAS="Z5">le</w><w frlemma="95" frpos="NUM" frMUSAS="N1">95</w><w frlemma="mai" frpos="NOUN" frMUSAS="T1.3">mai</w><w frlemma="1885" frpos="NUM" frMUSAS="N1">1885</w><w frlemma="." frpos="PUNCT" frMUSAS="PUNCT">.</w></p><p><w frlemma="il" frpos="PRON" frMUSAS="Z8">Il</w><w frlemma="avoir" frpos="AUX" frMUSAS="A9+">avait</w><w frlemma="être" frpos="AUX" frMUSAS="T1.3">été</w><w frlemma="attacher" frpos="VERB" frMUSAS="A1.7+">attaché</w><w frlemma="à" frpos="ADP" frMUSAS="Z5">à</w><w frlemma="le" frpos="DET" frMUSAS="Z5">l'</w><w frlemma="Institut" frpos="PROPN" frMUSAS="P1/S5+c">Institut</w><w frlemma="français" frpos="ADJ" frMUSAS="Z2">français</w><w frlemma="en" frpos="ADP" frMUSAS="Z5">en</w><w frlemma="1906" frpos="NUM" frMUSAS="N1">1906</w><w frlemma="." frpos="PUNCT" frMUSAS="PUNCT">.</w><w frlemma="douer" frpos="VERB" frMUSAS="Z99">Doué</w><w frlemma="de" frpos="ADP" frMUSAS="Z5">d'</w><w frlemma="un" frpos="DET" frMUSAS="Z5">un</w><w frlemma="talent" frpos="NOUN" frMUSAS="X9.1+">talent</w><w frlemma="très" frpos="ADV" frMUSAS="A13.3">très</w><w frlemma="personnel" frpos="ADJ" frMUSAS="Z99">personnel</w><w frlemma="et" frpos="CCONJ" frMUSAS="Z5">et</w><w frlemma="de" frpos="ADP" frMUSAS="Z5">d'</w><w frlemma="un" frpos="DET" frMUSAS="Z5">une</w><w frlemma="habileté" frpos="NOUN" frMUSAS="Z99">habileté</w><w frlemma="de" frpos="ADP" frMUSAS="Z5">de</w><w frlemma="main" frpos="NOUN" frMUSAS="A9-">main</w><w frlemma="remarquable" frpos="ADJ" frMUSAS="Z99">remarquable</w><w frlemma="," frpos="PUNCT" frMUSAS="PUNCT">,</w><w frlemma="il" frpos="PRON" frMUSAS="Z8">il</w><w frlemma="promettre" frpos="VERB" frMUSAS="S6+">promettait</w><w frlemma="un" frpos="DET" frMUSAS="Z5">une</w><w frlemma="carrière" frpos="NOUN" frMUSAS="I3.1">carrière</w><w frlemma="brillant" frpos="ADJ" frMUSAS="A5.1+++">brillante</w><w frlemma="." frpos="PUNCT" frMUSAS="PUNCT">.</w><w frlemma="le" frpos="DET" frMUSAS="Z5">L'</w><w frlemma="Institut" frpos="PROPN" frMUSAS="P1/S5+c">Institut</w><w frlemma="perdre" frpos="VERB" frMUSAS="X9.2-">perd</w><w frlemma="en" frpos="ADP" frMUSAS="Z5">en</w><w frlemma="luire" frpos="PRON" frMUSAS="Z8">lui</w><w frlemma="un" frpos="DET" frMUSAS="Z5">un</w><w frlemma="précieux" frpos="NOUN" frMUSAS="E2+">précieux</w><w frlemma="collaborateur" frpos="NOUN" frMUSAS="Z99">collaborateur</w><w frlemma="." frpos="PUNCT" frMUSAS="PUNCT">.</w><w frlemma="mettre" frpos="VERB" frMUSAS="Z99">Mettant</w><w frlemma="au" frpos="ADP" frMUSAS="Z5">au</w><w frlemma="service" frpos="NOUN" frMUSAS="A1.1.1">service</w><w frlemma="de" frpos="ADP" frMUSAS="Z5">de</w><w frlemma="le" frpos="DET" frMUSAS="Z5">l'</w><w frlemma="archéologie" frpos="NOUN" frMUSAS="Z99">archéologie</w><w frlemma="de" frpos="ADP" frMUSAS="Z5">des</w><w frlemma="qualité" frpos="NOUN" frMUSAS="A5.1">qualités</w><w frlemma="brillante" frpos="NOUN" frMUSAS="Z99">brillantes</w><w frlemma="de" frpos="ADP" frMUSAS="Z5">de</w><w frlemma="dessinateur" frpos="NOUN" frMUSAS="Z99">dessinateur</w><w frlemma="et" frpos="CCONJ" frMUSAS="Z5">et</w><w frlemma="de" frpos="ADP" frMUSAS="Z5">de</w><w frlemma="coloriste" frpos="NOUN" frMUSAS="Z99">coloriste</w><w frlemma="," frpos="PUNCT" frMUSAS="PUNCT">,</w><w frlemma="il" frpos="PRON" frMUSAS="Z8">il</w><w frlemma="avoir" frpos="AUX" frMUSAS="A9+">avait</w><w frlemma="savoir" frpos="VERB" frMUSAS="X2.2+">su</w><w frlemma="," frpos="PUNCT" frMUSAS="PUNCT">,</w><w frlemma="en" frpos="ADP" frMUSAS="Z5">en</w><w frlemma="peu" frpos="ADV" frMUSAS="A13.7">peu</w><w frlemma="de" frpos="ADP" frMUSAS="Z5">de</w><w frlemma="mois" frpos="NOUN" frMUSAS="T1.3">mois</w><w frlemma="," frpos="PUNCT" frMUSAS="PUNCT">,</w><w frlemma="se" frpos="PRON" frMUSAS="Z8">se</w><w frlemma="rendre" frpos="VERB" frMUSAS="Z99">rendre</w><w frlemma="maître" frpos="NOUN" frMUSAS="S7.1+/S2.2m">maître</w><w frlemma="de" frpos="ADP" frMUSAS="Z5">des</w><w frlemma="difficulté" frpos="NOUN" frMUSAS="A12-">difficultés</w><w frlemma="multiple" frpos="ADJ" frMUSAS="N2">multiples</w><w frlemma="que" frpos="SCONJ" frMUSAS="Z5">que</w><w frlemma="présente" frpos="VERB" frMUSAS="Z99">présente</w><w frlemma="le" frpos="DET" frMUSAS="Z5">la</w><w frlemma="reproduction" frpos="NOUN" frMUSAS="A6.1+">reproduction</w><w frlemma="graphique" frpos="ADJ" frMUSAS="Z99">graphique</w><w frlemma="de" frpos="ADP" frMUSAS="Z5">des</w><w frlemma="document" frpos="NOUN" frMUSAS="Q1.2">documents</w><w frlemma="que" frpos="PRON" frMUSAS="Z8">que</w><w frlemma="le" frpos="DET" frMUSAS="Z5">l'</w><w frlemma="Égypte" frpos="PROPN" frMUSAS="Z99">Égypte</w><w frlemma="pharaonique" frpos="ADJ" frMUSAS="Z99">pharaonique</w><w frlemma="nous" frpos="PRON" frMUSAS="Z8">nous</w><w frlemma="avoir" frpos="AUX" frMUSAS="A9+">a</w><w frlemma="léguer" frpos="VERB" frMUSAS="Z99">légués</w><w frlemma="." frpos="PUNCT" frMUSAS="PUNCT">.</w><w frlemma="Rarement" frpos="PROPN" frMUSAS="Z99">Rarement</w><w frlemma="on" frpos="PRON" frMUSAS="Z8">on</w><w frlemma="réussir" frpos="VERB" frMUSAS="X9.2+">réussit</w><w frlemma="mieux" frpos="ADV" frMUSAS="A5.1++">mieux</w><w frlemma="que" frpos="SCONJ" frMUSAS="Z5">qu'</w><w frlemma="il" frpos="PRON" frMUSAS="Z8">il</w><w frlemma="le" frpos="PRON" frMUSAS="Z8">le</w><w frlemma="fit" frpos="NOUN" frMUSAS="Z99">fit</w><w frlemma="," frpos="PUNCT" frMUSAS="PUNCT">,</w><w frlemma="avec" frpos="ADP" frMUSAS="Z5">avec</w><w frlemma="un" frpos="DET" frMUSAS="Z5">une</w><w frlemma="précision" frpos="NOUN" frMUSAS="A5.3+">précision</w><w frlemma="aussi" frpos="ADV" frMUSAS="Z99">aussi</w><w frlemma="parfait" frpos="ADJ" frMUSAS="A5.1+++">parfaite</w><w frlemma="," frpos="PUNCT" frMUSAS="PUNCT">,</w><w frlemma="à" frpos="ADP" frMUSAS="Z5">à</w><w frlemma="copier" frpos="NOUN" frMUSAS="Z99">copier</w><w frlemma="le" frpos="DET" frMUSAS="Z5">les</w><w frlemma="œuvre" frpos="NOUN" frMUSAS="Z99">œuvres</w><w frlemma="de" frpos="ADP" frMUSAS="Z5">des</w><w frlemma="vieux" frpos="ADJ" frMUSAS="T3+">vieux</w><w frlemma="artisan" frpos="ADJ" frMUSAS="Z99">artisans</w><w frlemma="égyptien" frpos="NOUN" frMUSAS="Z2/S2mf">égyptiens</w><w frlemma="." frpos="PUNCT" frMUSAS="PUNCT">.</w><w frlemma="il" frpos="PRON" frMUSAS="Z8">Il</w><w frlemma="ne" frpos="ADV" frMUSAS="Z6">n'</w><w frlemma="avoir" frpos="AUX" frMUSAS="A9+">a</w><w frlemma="pouvoir" frpos="VERB" frMUSAS="Z99">pu</w><w frlemma="," frpos="PUNCT" frMUSAS="PUNCT">,</w><w frlemma="malheureusement" frpos="ADV" frMUSAS="A1.4-">malheureusement</w><w frlemma="," frpos="PUNCT" frMUSAS="PUNCT">,</w><w frlemma="mener" frpos="VERB" frMUSAS="S7.1+">mener</w><w frlemma="à" frpos="ADP" frMUSAS="Z5">à</w><w frlemma="fin" frpos="NOUN" frMUSAS="Z99">fin</w><w frlemma="complet" frpos="ADJ" frMUSAS="Z99">complète</w><w frlemma="le" frpos="DET" frMUSAS="Z5">le</w><w frlemma="recueil" frpos="NOUN" frMUSAS="Z99">recueil</w><w frlemma="de" frpos="ADP" frMUSAS="Z5">de</w><w frlemma="signe" frpos="NOUN" frMUSAS="Q1.1">signes</w><w frlemma="hiéroglyphique" frpos="ADJ" frMUSAS="Z99">hiéroglyphiques</w><w frlemma="que" frpos="PRON" frMUSAS="Z8">qu'</w><w frlemma="il" frpos="PRON" frMUSAS="Z8">il</w><w frlemma="avoir" frpos="AUX" frMUSAS="A9+">avait</w><w frlemma="commencer" frpos="VERB" frMUSAS="Z99">commencé</w><w frlemma="," frpos="PUNCT" frMUSAS="PUNCT">,</w><w frlemma="et" frpos="CCONJ" frMUSAS="Z5">et</w><w frlemma="ce" frpos="PRON" frMUSAS="Z8">c'</w><w frlemma="être" frpos="AUX" frMUSAS="M6">est</w><w frlemma="grand" frpos="ADJ" frMUSAS="Z99">grand</w><w frlemma="dommage" frpos="NOUN" frMUSAS="Z99">dommage</w><w frlemma="," frpos="PUNCT" frMUSAS="PUNCT">,</w><w frlemma="car" frpos="CCONJ" frMUSAS="Z5/A2.2">car</w><w frlemma="ce" frpos="DET" frMUSAS="Z5">cet</w><w frlemma="ouvrage" frpos="NOUN" frMUSAS="I3.1">ouvrage</w><w frlemma="," frpos="PUNCT" frMUSAS="PUNCT">,</w><w frlemma="pour" frpos="ADP" frMUSAS="Z5">pour</w><w frlemma="lequel" frpos="PRON" frMUSAS="Z99">lequel</w><w frlemma="il" frpos="PRON" frMUSAS="Z8">il</w><w frlemma="avoir" frpos="AUX" frMUSAS="A9+">avait</w><w frlemma="déployer" frpos="VERB" frMUSAS="Z99">déployé</w><w frlemma="un" frpos="DET" frMUSAS="Z5">une</w><w frlemma="patience" frpos="NOUN" frMUSAS="E3+">patience</w><w frlemma="inépuisable" frpos="ADJ" frMUSAS="Z99">inépuisable</w><w frlemma="," frpos="PUNCT" frMUSAS="PUNCT">,</w><w frlemma="notant" frpos="ADJ" frMUSAS="Z99">notant</w><w frlemma="trait" frpos="NOUN" frMUSAS="Z99">trait</w><w frlemma="pour" frpos="ADP" frMUSAS="Z5">pour</w><w frlemma="traire" frpos="VERB" frMUSAS="Z99">trait</w><w frlemma="le" frpos="DET" frMUSAS="Z5">le</w><w frlemma="modèle" frpos="NOUN" frMUSAS="A5.1+">modèle</w><w frlemma="antique" frpos="ADJ" frMUSAS="Z99">antique</w><w frlemma="," frpos="PUNCT" frMUSAS="PUNCT">,</w><w frlemma="sans" frpos="ADP" frMUSAS="M6">sans</w><w frlemma="omettre" frpos="NOUN" frMUSAS="Z99">omettre</w><w frlemma="même" frpos="ADV" frMUSAS="Z99">même</w><w frlemma="le" frpos="DET" frMUSAS="Z5">les</w><w frlemma="défaillance" frpos="NOUN" frMUSAS="Z99">défaillances</w><w frlemma="de" frpos="ADP" frMUSAS="Z5">de</w><w frlemma="pinceau" frpos="NOUN" frMUSAS="Z99">pinceau</w><w frlemma="de" frpos="ADP" frMUSAS="Z5">du</w><w frlemma="scribe" frpos="NOUN" frMUSAS="Z99">scribe</w><w frlemma="ancien" frpos="ADJ" frMUSAS="Z99">ancien</w><w frlemma="," frpos="PUNCT" frMUSAS="PUNCT">,</w><w frlemma="avoir" frpos="AUX" frMUSAS="A9+">aurait</w><w frlemma="être" frpos="AUX" frMUSAS="T1.3">été</w><w frlemma="de" frpos="ADP" frMUSAS="Z5">d'</w><w frlemma="un" frpos="DET" frMUSAS="Z5">une</w><w frlemma="grand" frpos="ADJ" frMUSAS="Z99">grande</w><w frlemma="utilité" frpos="NOUN" frMUSAS="Z99">utilité</w><w frlemma="pour" frpos="ADP" frMUSAS="Z5">pour</w><w frlemma="notre" frpos="DET" frMUSAS="Z5">nos</w><w frlemma="étude" frpos="NOUN" frMUSAS="P1">études</w><w frlemma="." frpos="PUNCT" frMUSAS="PUNCT">.</w><w frlemma="mais" frpos="CCONJ" frMUSAS="Z5">Mais</w><w frlemma="le" frpos="DET" frMUSAS="Z5">la</w><w frlemma="mort" frpos="NOUN" frMUSAS="Z99">mort</w><w frlemma="frapp" frpos="ADJ" frMUSAS="Z99">frappe</w><w frlemma="en" frpos="ADP" frMUSAS="Z5">en</w><w frlemma="aveugle" frpos="NOUN" frMUSAS="X3.4-">aveugle</w><w frlemma="." frpos="PUNCT" frMUSAS="PUNCT">.</w><w frlemma="lui" frpos="PRON" frMUSAS="Z8">Elle</w><w frlemma="être" frpos="AUX" frMUSAS="Z99">fut</w><w frlemma="particulièrement" frpos="ADV" frMUSAS="A13.3">particulièrement</w><w frlemma="cruel" frpos="ADJ" frMUSAS="Z99">cruelle</w><w frlemma="en" frpos="ADP" frMUSAS="Z5">en</w><w frlemma="enlever" frpos="VERB" frMUSAS="M2">enlevant</w><w frlemma="ce" frpos="DET" frMUSAS="Z5">ce</w><w frlemma="jeune" frpos="ADJ" frMUSAS="T3-">jeune</w><w frlemma="homme" frpos="NOUN" frMUSAS="I3.1">homme</w><w frlemma="de" frpos="ADP" frMUSAS="Z5">de</w><w frlemma="23" frpos="NUM" frMUSAS="N1">23</w><w frlemma="an" frpos="NOUN" frMUSAS="T1.3">ans</w><w frlemma="," frpos="PUNCT" frMUSAS="PUNCT">,</w><w frlemma="presque" frpos="ADV" frMUSAS="A13.4">presque</w><w frlemma="un" frpos="DET" frMUSAS="Z5">un</w><w frlemma="enfant" frpos="NOUN" frMUSAS="S2mf/T3-">enfant</w><w frlemma="," frpos="PUNCT" frMUSAS="PUNCT">,</w><w frlemma="à" frpos="ADP" frMUSAS="Z5">à</w><w frlemma="le" frpos="DET" frMUSAS="Z5">l'</w><w frlemma="affection" frpos="NOUN" frMUSAS="Z99">affection</w><w frlemma="de" frpos="ADP" frMUSAS="Z5">de</w><w frlemma="parent" frpos="NOUN" frMUSAS="S4mf">parents</w><w frlemma="qui" frpos="PRON" frMUSAS="Z8">qui</w><w frlemma="ne" frpos="ADV" frMUSAS="Z6">n'</w><w frlemma="avoir" frpos="VERB" frMUSAS="A9+">avaient</w><w frlemma="que" frpos="SCONJ" frMUSAS="Z5">que</w><w frlemma="luire" frpos="PRON" frMUSAS="Z8">lui</w><w frlemma="et" frpos="CCONJ" frMUSAS="Z5">et</w><w frlemma="ne" frpos="ADV" frMUSAS="Z6">ne</w><w frlemma="vivre" frpos="ADV" frMUSAS="H4">vivaient</w><w frlemma="que" frpos="ADV" frMUSAS="Z8">que</w><w frlemma="pour" frpos="ADP" frMUSAS="Z5">pour</w><w frlemma="luire" frpos="PRON" frMUSAS="Z8">lui</w><w frlemma="." frpos="PUNCT" frMUSAS="PUNCT">.</w></p><p><w frlemma="é." frpos="NOUN" frMUSAS="Z99">É.</w><w frlemma="Chassinat" frpos="PROPN" frMUSAS="Z99">Chassinat</w><note place="bottom"></note></p></text></TEI>