<?xml version='1.0' encoding='UTF-8'?>
<TEI xmlns="http://www.tei-c.org/ns/1.0"><teiHeader><fileDesc><titleStmt><title>Nécrologie. Émile Galtier [23 août 1864-2 avril 1908].</title></titleStmt><publicationStmt>Corpus produit par l'étudiant MA1 Ph. Hennebert (philippe.hennebert@student.uliege.be) du cours de l'Université de Liège Corpus INFO0943: 'Corpus textuels: principes de constitution et d'analyse'</publicationStmt><sourceDesc><p>https://www.ifao.egnet.net/bifao/6/12/ (BIFAO en ligne) processed using python scripts in https://github.com/PhilHen/BIFAOCorpusTools (typographical zones detected using OpenCV, OCR with Tesseract)</p></sourceDesc></fileDesc><encodingDesc><classDecl><taxonomy id="frpos"><bibl><title>pos tagset build from https://spacy.io/</title></bibl></taxonomy><taxonomy id="frlemma"><bibl><title>fr lemma of the model https://spacy.io/</title></bibl></taxonomy><taxonomy id="frMUSAS"><bibl><title>semantic tagging https://ucrel.github.io/pymusas/usage/how_to/tag_text#french</title></bibl></taxonomy></classDecl><editorialDecl><correction>Les erreurs d'orthographe confirmées par examen du PDF source n'ont pas été corrigées. Une vérification et correction manuelle du texte a été réalisée par Ph. Hennebert (philippe.hennebert@student.uliege.be) le 29/12/2023</correction><hyphenation>Les mots coupés en fin de ligne ont été réassemblés automatiquement, pour autant que la forme combinée sans trait d'union soit attestée dans le dictionnaire français https://unitexgramlab.org/fr/language-resources</hyphenation></editorialDecl></encodingDesc></teiHeader><text id="BIFAO006_art_12A.pdf" auteur="Émile Chassinat" annee="1908" titre="Nécrologie. Émile Galtier [23 août 1864-2 avril 1908]." textId="06A12A" nomDefunt="Galtier" metierDefunt="arabisant" categ="Nécrologie"><p><pb n="193"/><w frlemma="nécrologie" frpos="NOUN" frMUSAS="Z99">NÉCROLOGIE</w><w frlemma="." frpos="PUNCT" frMUSAS="PUNCT">.</w></p><p><w frlemma="le" frpos="DET" frMUSAS="Z5">L'</w><w frlemma="Institut" frpos="PROPN" frMUSAS="P1/S5+c">Institut</w><w frlemma="," frpos="PUNCT" frMUSAS="PUNCT">,</w><w frlemma="si" frpos="SCONJ" frMUSAS="Z5">si</w><w frlemma="fréquemmer" frpos="VERB" frMUSAS="N6+">fréquemment</w><w frlemma="et" frpos="CCONJ" frMUSAS="Z5">et</w><w frlemma="si" frpos="SCONJ" frMUSAS="Z5">si</w><w frlemma="cruellemer" frpos="VERB" frMUSAS="Z99">cruellement</w><w frlemma="éprouver" frpos="VERB" frMUSAS="Z99">éprouvé</w><w frlemma="au" frpos="ADP" frMUSAS="Z5">au</w><w frlemma="cours" frpos="NOUN" frMUSAS="M1">cours</w><w frlemma="de" frpos="ADP" frMUSAS="Z5">des</w><w frlemma="dernier" frpos="ADJ" frMUSAS="N4">dernières</w><w frlemma="année" frpos="NOUN" frMUSAS="T1.3">années</w><w frlemma="," frpos="PUNCT" frMUSAS="PUNCT">,</w><w frlemma="à" frpos="ADP" frMUSAS="Z5">à</w><w frlemma="éler" frpos="VERB" frMUSAS="Z99">élé</w><w frlemma="frappé" frpos="NOUN" frMUSAS="Z99">frappé</w><w frlemma="encore" frpos="ADV" frMUSAS="Z99">encore</w><w frlemma="," frpos="PUNCT" frMUSAS="PUNCT">,</w><w frlemma="dans" frpos="ADP" frMUSAS="Z5">dans</w><w frlemma="un" frpos="DET" frMUSAS="Z5">un</w><w frlemma="court" frpos="ADJ" frMUSAS="N5-">court</w><w frlemma="espace" frpos="NOUN" frMUSAS="N3.6">espace</w><w frlemma="de" frpos="ADP" frMUSAS="Z5">de</w><w frlemma="temps" frpos="NOUN" frMUSAS="T1">temps</w><w frlemma="," frpos="PUNCT" frMUSAS="PUNCT">,</w><w frlemma="de" frpos="ADP" frMUSAS="Z5">de</w><w frlemma="trois" frpos="NUM" frMUSAS="Z5">trois</w><w frlemma="deuil" frpos="NOUN" frMUSAS="Z99">deuils</w><w frlemma="nouveau" frpos="ADJ" frMUSAS="T3-">nouveaux</w><w frlemma="." frpos="PUNCT" frMUSAS="PUNCT">.</w></p><p><w frlemma="ÉMILE" frpos="PROPN" frMUSAS="Z99">ÉMILE</w><w frlemma="GALTIER" frpos="PROPN" frMUSAS="Z99">GALTIER</w><w frlemma="." frpos="PUNCT" frMUSAS="PUNCT">.</w></p><p><w frlemma="m." frpos="NOUN" frMUSAS="Z99">M.</w><w frlemma="É." frpos="PROPN" frMUSAS="Z99">É.</w><w frlemma="Galtier" frpos="PROPN" frMUSAS="Z99">Galtier</w><w frlemma="être" frpos="AUX" frMUSAS="M6">est</w><w frlemma="mourir" frpos="VERB" frMUSAS="L1-">mort</w><w frlemma="au" frpos="ADP" frMUSAS="Z5">au</w><w frlemma="caire" frpos="NOUN" frMUSAS="Z99">Caire</w><w frlemma="le" frpos="DET" frMUSAS="Z5">le</w><w frlemma="2" frpos="NUM" frMUSAS="N1">2</w><w frlemma="avril" frpos="NOUN" frMUSAS="T1.3">avril</w><w frlemma="1908" frpos="NUM" frMUSAS="N1">1908</w><w frlemma="." frpos="PUNCT" frMUSAS="PUNCT">.</w><w frlemma="il" frpos="PRON" frMUSAS="Z8">Il</w><w frlemma="être" frpos="AUX" frMUSAS="Z99">était</w><w frlemma="naître" frpos="VERB" frMUSAS="Z99">né</w><w frlemma="à" frpos="ADP" frMUSAS="Z5">à</w><w frlemma="Millau" frpos="PROPN" frMUSAS="Z99">Millau</w><w frlemma="(" frpos="PUNCT" frMUSAS="PUNCT">(</w><w frlemma="Aveyron" frpos="PROPN" frMUSAS="Z99">Aveyron</w><w frlemma=")" frpos="PUNCT" frMUSAS="PUNCT">)</w><w frlemma="le" frpos="DET" frMUSAS="Z5">le</w><w frlemma="23" frpos="NUM" frMUSAS="N1">23</w><w frlemma="août" frpos="NOUN" frMUSAS="T1.3">août</w><w frlemma="1864" frpos="NUM" frMUSAS="N1">1864</w><w frlemma="." frpos="PUNCT" frMUSAS="PUNCT">.</w><w frlemma="après" frpos="ADP" frMUSAS="Z5">Après</w><w frlemma="avoir" frpos="AUX" frMUSAS="A9+">avoir</w><w frlemma="étudier" frpos="VERB" frMUSAS="P1">étudié</w><w frlemma="le" frpos="DET" frMUSAS="Z5">l'</w><w frlemma="arabe" frpos="NOUN" frMUSAS="Z99">arabe</w><w frlemma="à" frpos="ADP" frMUSAS="Z5">à</w><w frlemma="le" frpos="DET" frMUSAS="Z5">l'</w><w frlemma="école" frpos="NOUN" frMUSAS="P1">École</w><w frlemma="supérieur" frpos="ADJ" frMUSAS="A5.1++">supérieure</w><w frlemma="de" frpos="ADP" frMUSAS="Z5">des</w><w frlemma="lettre" frpos="NOUN" frMUSAS="Q1.2">lettres</w><w frlemma="de" frpos="ADP" frMUSAS="Z5">d'</w><w frlemma="Alger" frpos="PROPN" frMUSAS="Z99">Alger</w><w frlemma="," frpos="PUNCT" frMUSAS="PUNCT">,</w><w frlemma="il" frpos="PRON" frMUSAS="Z8">il</w><w frlemma="entrer" frpos="VERB" frMUSAS="Z99">entra</w><w frlemma="dans" frpos="ADP" frMUSAS="Z5">dans</w><w frlemma="le" frpos="DET" frMUSAS="Z5">l'</w><w frlemma="enseignement" frpos="NOUN" frMUSAS="Z99">enseignement</w><w frlemma="secondaire" frpos="ADJ" frMUSAS="A11.1-">secondaire</w><w frlemma="." frpos="PUNCT" frMUSAS="PUNCT">.</w><w frlemma="il" frpos="PRON" frMUSAS="Z8">Il</w><w frlemma="professer" frpos="VERB" frMUSAS="Z99">professait</w><w frlemma="au" frpos="ADP" frMUSAS="Z5">au</w><w frlemma="Lyeée" frpos="PROPN" frMUSAS="Z99">Lyeée</w><w frlemma="de" frpos="ADP" frMUSAS="Z5">de</w><w frlemma="Mont-de-Marsan" frpos="PROPN" frMUSAS="Z99">Mont-de-Marsan</w><w frlemma="lorsque" frpos="SCONJ" frMUSAS="Z5">lorsqu'</w><w frlemma="il" frpos="PRON" frMUSAS="Z8">il</w><w frlemma="être" frpos="AUX" frMUSAS="Z99">fut</w><w frlemma="nommer" frpos="VERB" frMUSAS="Z99">nommé</w><w frlemma="," frpos="PUNCT" frMUSAS="PUNCT">,</w><w frlemma="en" frpos="ADP" frMUSAS="Z5">en</w><w frlemma="1903" frpos="NUM" frMUSAS="N1">1903</w><w frlemma="," frpos="PUNCT" frMUSAS="PUNCT">,</w><w frlemma="membre" frpos="NOUN" frMUSAS="S5+/S2mf">membre</w><w frlemma="de" frpos="ADP" frMUSAS="Z5">de</w><w frlemma="le" frpos="DET" frMUSAS="Z5">l'</w><w frlemma="Institut" frpos="PROPN" frMUSAS="P1/S5+c">Institut</w><w frlemma="français" frpos="ADJ" frMUSAS="Z2">français</w><w frlemma="." frpos="PUNCT" frMUSAS="PUNCT">.</w><w frlemma="séduire" frpos="VERB" frMUSAS="Z99">Séduit</w><w frlemma="par" frpos="ADP" frMUSAS="M6">par</w><w frlemma="le" frpos="DET" frMUSAS="Z5">les</w><w frlemma="facilité" frpos="NOUN" frMUSAS="Z99">facilités</w><w frlemma="que" frpos="SCONJ" frMUSAS="Z5">qu'</w><w frlemma="un" frpos="DET" frMUSAS="Z5">un</w><w frlemma="séjour" frpos="ADP" frMUSAS="M8">séjour</w><w frlemma="prolonger" frpos="VERB" frMUSAS="Z99">prolongé</w><w frlemma="en" frpos="ADP" frMUSAS="Z5">en</w><w frlemma="Orient" frpos="PROPN" frMUSAS="Z99">Orient</w><w frlemma="luire" frpos="PRON" frMUSAS="Z8">lui</w><w frlemma="assurer" frpos="VERB" frMUSAS="Z99">assurait</w><w frlemma="pour" frpos="ADP" frMUSAS="Z5">pour</w><w frlemma="le" frpos="DET" frMUSAS="Z5">la</w><w frlemma="continuation" frpos="NOUN" frMUSAS="Z99">continuation</w><w frlemma="de" frpos="ADP" frMUSAS="Z5">de</w><w frlemma="son" frpos="DET" frMUSAS="Z5">ses</w><w frlemma="recherche" frpos="NOUN" frMUSAS="Z99">recherches</w><w frlemma="," frpos="PUNCT" frMUSAS="PUNCT">,</w><w frlemma="il" frpos="PRON" frMUSAS="Z8">il</w><w frlemma="accepter" frpos="VERB" frMUSAS="A9+">accepta</w><w frlemma="," frpos="PUNCT" frMUSAS="PUNCT">,</w><w frlemma="à" frpos="ADP" frMUSAS="Z5">à</w><w frlemma="son" frpos="DET" frMUSAS="Z5">sa</w><w frlemma="sortie" frpos="NOUN" frMUSAS="M1">sortie</w><w frlemma="de" frpos="ADP" frMUSAS="Z5">de</w><w frlemma="le" frpos="DET" frMUSAS="Z5">l'</w><w frlemma="Institut" frpos="PROPN" frMUSAS="P1/S5+c">Institut</w><w frlemma="," frpos="PUNCT" frMUSAS="PUNCT">,</w><w frlemma="où" frpos="PRON" frMUSAS="Z8">où</w><w frlemma="il" frpos="PRON" frMUSAS="Z8">il</w><w frlemma="avoir" frpos="AUX" frMUSAS="A9+">avait</w><w frlemma="passer" frpos="VERB" frMUSAS="M1">passé</w><w frlemma="quatre" frpos="NUM" frMUSAS="N1">quatre</w><w frlemma="an" frpos="NOUN" frMUSAS="T1.3">ans</w><w frlemma="," frpos="PUNCT" frMUSAS="PUNCT">,</w><w frlemma="le" frpos="DET" frMUSAS="Z5">le</w><w frlemma="poste" frpos="NOUN" frMUSAS="Z99">poste</w><w frlemma="de" frpos="ADP" frMUSAS="Z5">de</w><w frlemma="bibliothécaire" frpos="NOUN" frMUSAS="Z99">bibliothécaire</w><w frlemma="au" frpos="ADP" frMUSAS="Z5">au</w><w frlemma="Musée" frpos="PROPN" frMUSAS="T1.1.1/H1c">Musée</w><w frlemma="de" frpos="ADP" frMUSAS="Z5">des</w><w frlemma="antiquité" frpos="NOUN" frMUSAS="Z99">Antiquités</w><w frlemma="égyptien" frpos="ADJ" frMUSAS="Z2/S2mf">égyptiennes</w><w frlemma="," frpos="PUNCT" frMUSAS="PUNCT">,</w><w frlemma="qui" frpos="PRON" frMUSAS="Z8">qui</w><w frlemma="se" frpos="PRON" frMUSAS="Z8">se</w><w frlemma="trouver" frpos="VERB" frMUSAS="A10+">trouvait</w><w frlemma="vacer" frpos="VERB" frMUSAS="Z99">vacant</w><w frlemma="depuis" frpos="ADP" frMUSAS="Z5">depuis</w><w frlemma="plusieurs" frpos="DET" frMUSAS="N5">plusieurs</w><w frlemma="mois" frpos="NOUN" frMUSAS="T1.3">mois</w><w frlemma="." frpos="PUNCT" frMUSAS="PUNCT">.</w><w frlemma="il" frpos="PRON" frMUSAS="Z8">Il</w><w frlemma="demeurer" frpos="VERB" frMUSAS="Z99">demeura</w><w frlemma="néanmoins" frpos="ADV" frMUSAS="Z4">néanmoins</w><w frlemma="," frpos="PUNCT" frMUSAS="PUNCT">,</w><w frlemma="dans" frpos="ADP" frMUSAS="Z5">dans</w><w frlemma="son" frpos="DET" frMUSAS="Z5">ses</w><w frlemma="nouveau" frpos="ADJ" frMUSAS="T3-">nouvelles</w><w frlemma="fonction" frpos="NOUN" frMUSAS="A1.1.1">fonctions</w><w frlemma="," frpos="PUNCT" frMUSAS="PUNCT">,</w><w frlemma="un" frpos="PRON" frMUSAS="Z5">un</w><w frlemma="de" frpos="ADP" frMUSAS="Z5">des</w><w frlemma="fidèle" frpos="ADJ" frMUSAS="S6+">fidèles</w><w frlemma="collaborateur" frpos="NOUN" frMUSAS="Z99">collaborateurs</w><w frlemma="de" frpos="ADP" frMUSAS="Z5">de</w><w frlemma="notre" frpos="DET" frMUSAS="Z8">notre</w><w frlemma="école" frpos="NOUN" frMUSAS="P1">École</w><w frlemma="." frpos="PUNCT" frMUSAS="PUNCT">.</w></p><p><w frlemma="malgré" frpos="ADP" frMUSAS="Z5">Malgré</w><w frlemma="le" frpos="DET" frMUSAS="Z5">l'</w><w frlemma="activité" frpos="NOUN" frMUSAS="A1.1.1">activité</w><w frlemma="considérable" frpos="ADJ" frMUSAS="Z99">considérable</w><w frlemma="que" frpos="SCONJ" frMUSAS="Z5">qu'</w><w frlemma="il" frpos="PRON" frMUSAS="Z8">il</w><w frlemma="ne" frpos="ADV" frMUSAS="Z6">ne</w><w frlemma="cesser" frpos="VERB" frMUSAS="Z99">cessa</w><w frlemma="de" frpos="ADP" frMUSAS="Z5">de</w><w frlemma="déployer" frpos="VERB" frMUSAS="Z99">déployer</w><w frlemma="dans" frpos="ADP" frMUSAS="Z5">dans</w><w frlemma="un" frpos="DET" frMUSAS="Z5">une</w><w frlemma="carrière" frpos="NOUN" frMUSAS="I3.1">carrière</w><w frlemma="malheureusement" frpos="ADV" frMUSAS="A1.4-">malheureusement</w><w frlemma="trop" frpos="ADV" frMUSAS="Z99">trop</w><w frlemma="bref" frpos="ADJ" frMUSAS="Q1.2">brève</w><w frlemma="," frpos="PUNCT" frMUSAS="PUNCT">,</w><w frlemma="il" frpos="PRON" frMUSAS="Z8">il</w><w frlemma="ne" frpos="ADV" frMUSAS="Z6">ne</w><w frlemma="laisse" frpos="VERB" frMUSAS="Z99">laisse</w><w frlemma="que" frpos="SCONJ" frMUSAS="Z5">qu'</w><w frlemma="un" frpos="DET" frMUSAS="Z5">un</w><w frlemma="petit" frpos="ADJ" frMUSAS="Z99">petit</w><w frlemma="nombre" frpos="NOUN" frMUSAS="N1">nombre</w><w frlemma="de" frpos="ADP" frMUSAS="Z5">de</w><w frlemma="travail" frpos="NOUN" frMUSAS="I3.1">travaux</w><w frlemma="imprimé" frpos="ADJ" frMUSAS="Z99">imprimés</w><w frlemma="." frpos="PUNCT" frMUSAS="PUNCT">.</w><w frlemma="un" frpos="DET" frMUSAS="Z5">Un</w><w frlemma="scrupule" frpos="NOUN" frMUSAS="Z99">scrupule</w><w frlemma="," frpos="PUNCT" frMUSAS="PUNCT">,</w><w frlemma="peut-être" frpos="ADV" frMUSAS="Z99">peut-être</w><w frlemma="louable" frpos="ADJ" frMUSAS="Z99">louable</w><w frlemma="mais" frpos="CCONJ" frMUSAS="Z5">mais</w><w frlemma="certainement" frpos="ADV" frMUSAS="A7+">certainement</w><w frlemma="exagérer" frpos="VERB" frMUSAS="Z99">exagéré</w><w frlemma="," frpos="PUNCT" frMUSAS="PUNCT">,</w><w frlemma="le" frpos="DET" frMUSAS="Z5">l'</w><w frlemma="empêcha" frpos="NOUN" frMUSAS="Z99">empêcha</w><w frlemma="pendant" frpos="ADP" frMUSAS="Z5">pendant</w><w frlemma="longtemps" frpos="ADV" frMUSAS="Z99">longtemps</w><w frlemma="de" frpos="ADP" frMUSAS="Z5">de</w><w frlemma="rendre" frpos="VERB" frMUSAS="Z99">rendre</w><w frlemma="public" frpos="ADJ" frMUSAS="Z99">public</w><w frlemma="le" frpos="DET" frMUSAS="Z5">le</w><w frlemma="fruit" frpos="NOUN" frMUSAS="F1">fruit</w><w frlemma="de" frpos="ADP" frMUSAS="Z5">de</w><w frlemma="son" frpos="DET" frMUSAS="Z5">ses</w><w frlemma="étude" frpos="NOUN" frMUSAS="P1">études</w><w frlemma="." frpos="PUNCT" frMUSAS="PUNCT">.</w><w frlemma="il" frpos="PRON" frMUSAS="Z8">Il</w><w frlemma="déclarer" frpos="VERB" frMUSAS="Q2.2">déclarait</w><w frlemma="volontier" frpos="NOUN" frMUSAS="Z99">volontiers</w><w frlemma="inutile" frpos="ADJ" frMUSAS="A1.5.2-">inutile</w><w frlemma="à" frpos="ADP" frMUSAS="Z5">à</w><w frlemma="autrui" frpos="NOUN" frMUSAS="A6.1-/Z8">autrui</w><w frlemma="," frpos="PUNCT" frMUSAS="PUNCT">,</w><w frlemma="et" frpos="CCONJ" frMUSAS="Z5">et</w><w frlemma="quelque" frpos="ADV" frMUSAS="A13.5">quelque</w><w frlemma="peu" frpos="ADV" frMUSAS="A13.7">peu</w><w frlemma="vain" frpos="ADJ" frMUSAS="X9.2-">vain</w><w frlemma="," frpos="PUNCT" frMUSAS="PUNCT">,</w><w frlemma="de" frpos="ADP" frMUSAS="Z5">de</w><w frlemma="livrer" frpos="VERB" frMUSAS="M2">livrer</w><w frlemma="à" frpos="ADP" frMUSAS="Z5">à</w><w frlemma="le" frpos="DET" frMUSAS="Z5">la</w><w frlemma="critique" frpos="NOUN" frMUSAS="Z99">critique</w><w frlemma="de" frpos="ADP" frMUSAS="Z5">des</w><w frlemma="mémoire" frpos="NOUN" frMUSAS="X2">mémoires</w><w frlemma="que" frpos="SCONJ" frMUSAS="Z5">que</w><w frlemma="," frpos="PUNCT" frMUSAS="PUNCT">,</w><w frlemma="modestement" frpos="ADV" frMUSAS="Z99">modestement</w><w frlemma="," frpos="PUNCT" frMUSAS="PUNCT">,</w><w frlemma="il" frpos="PRON" frMUSAS="Z8">il</w><w frlemma="estimer" frpos="VERB" frMUSAS="Z99">estimait</w><w frlemma="sans" frpos="ADP" frMUSAS="M6">sans</w><w frlemma="intérêt" frpos="NOUN" frMUSAS="X5.2+">intérêt</w><w frlemma="pour" frpos="ADP" frMUSAS="Z5">pour</w><w frlemma="le" frpos="DET" frMUSAS="Z5">la</w><w frlemma="science" frpos="NOUN" frMUSAS="Y1">science</w><w frlemma="." frpos="PUNCT" frMUSAS="PUNCT">.</w><w frlemma="il" frpos="PRON" frMUSAS="Z8">Il</w><w frlemma="suffire" frpos="VERB" frMUSAS="Z99">suffit</w><w frlemma="de" frpos="ADP" frMUSAS="Z5">de</w><w frlemma="lire" frpos="VERB" frMUSAS="Z99">lire</w><w frlemma="son" frpos="DET" frMUSAS="Z5">sa</w><w frlemma="contribution" frpos="NOUN" frMUSAS="A9-">Contribution</w><w frlemma="à" frpos="ADP" frMUSAS="Z5">à</w><w frlemma="le" frpos="DET" frMUSAS="Z5">l'</w><w frlemma="étude" frpos="NOUN" frMUSAS="P1">étude</w><w frlemma="de" frpos="ADP" frMUSAS="Z5">de</w><w frlemma="le" frpos="DET" frMUSAS="Z5">la</w><w frlemma="littérature" frpos="NOUN" frMUSAS="Q4.1">littérature</w><w frlemma="copte" frpos="NOUN" frMUSAS="Z99">copte</w><w frlemma="-" frpos="ADJ" frMUSAS="Z99">-</w><w frlemma="arabe" frpos="ADJ" frMUSAS="Z99">arabe</w><w frlemma="et" frpos="CCONJ" frMUSAS="Z5">et</w><w frlemma="son" frpos="DET" frMUSAS="Z5">ses</w><w frlemma="Coptica" frpos="PROPN" frMUSAS="Z99">Coptica</w><w frlemma="-" frpos="PROPN" frMUSAS="Z99">-</w><w frlemma="arabicer" frpos="VERB" frMUSAS="Z99">arabica</w><w frlemma="pour" frpos="ADP" frMUSAS="Z5">pour</w><w frlemma="voir" frpos="VERB" frMUSAS="X3.4">voir</w><w frlemma="combien" frpos="ADV" frMUSAS="Z99">combien</w><w frlemma="il" frpos="PRON" frMUSAS="Z8">il</w><w frlemma="se" frpos="PRON" frMUSAS="Z8">se</w><w frlemma="tromper" frpos="VERB" frMUSAS="A5.2-">trompait</w><w frlemma="sur" frpos="ADP" frMUSAS="Z5">sur</w><w frlemma="son" frpos="DET" frMUSAS="Z5">sa</w><w frlemma="propre" frpos="ADJ" frMUSAS="Z99">propre</w><w frlemma="valeur" frpos="NOUN" frMUSAS="Z99">valeur</w><w frlemma="." frpos="PUNCT" frMUSAS="PUNCT">.</w><w frlemma="aussi" frpos="ADV" frMUSAS="Z99">Aussi</w><w frlemma="être" frpos="AUX" frMUSAS="Z99">serait</w><w frlemma="il" frpos="PRON" frMUSAS="Z8">-il</w><w frlemma="tout" frpos="ADV" frMUSAS="Z8">tout</w><w frlemma="à" frpos="ADP" frMUSAS="Z5">à</w><w frlemma="fait" frpos="NOUN" frMUSAS="Z99">fait</w><w frlemma="injuste" frpos="ADJ" frMUSAS="Z99">injuste</w><w frlemma="de" frpos="ADP" frMUSAS="Z5">de</w><w frlemma="porter" frpos="VERB" frMUSAS="Z99">porter</w><w frlemma="un" frpos="DET" frMUSAS="Z5">un</w><w frlemma="jugement" frpos="NOUN" frMUSAS="X2.1">jugement</w><w frlemma="définitif" frpos="ADJ" frMUSAS="Z99">définitif</w><w frlemma="sur" frpos="ADP" frMUSAS="Z5">sur</w><w frlemma="son" frpos="DET" frMUSAS="Z5">son</w><w frlemma="œuvre" frpos="NOUN" frMUSAS="Z99">œuvre</w><w frlemma="en" frpos="ADP" frMUSAS="Z5">en</w><w frlemma="tenant" frpos="ADJ" frMUSAS="Z99">tenant</w><w frlemma="compte" frpos="NOUN" frMUSAS="Z99">compte</w><w frlemma="uniquement" frpos="ADV" frMUSAS="A14">uniquement</w><w frlemma="de" frpos="ADP" frMUSAS="Z5">de</w><w frlemma="ce" frpos="PRON" frMUSAS="Z8">ce</w><w frlemma="que" frpos="SCONJ" frMUSAS="Z5">qu'</w><w frlemma="il" frpos="PRON" frMUSAS="Z8">il</w><w frlemma="à" frpos="ADP" frMUSAS="Z5">à</w><w frlemma="publier" frpos="VERB" frMUSAS="Q4">publié</w><w frlemma="." frpos="PUNCT" frMUSAS="PUNCT">.</w><w frlemma="on" frpos="PRON" frMUSAS="Z8">On</w><w frlemma="ne" frpos="ADV" frMUSAS="Z6">ne</w><w frlemma="pouvoir" frpos="VERB" frMUSAS="Z99">peut</w><w frlemma="vraiment" frpos="ADV" frMUSAS="Z99">vraiment</w><w frlemma="se" frpos="PRON" frMUSAS="Z8">se</w><w frlemma="faire" frpos="VERB" frMUSAS="Z99">faire</w><w frlemma="un" frpos="DET" frMUSAS="Z5">une</w><w frlemma="idée" frpos="NOUN" frMUSAS="X4.1">idée</w><w frlemma="exact" frpos="ADJ" frMUSAS="Z99">exacte</w><w frlemma="de" frpos="ADP" frMUSAS="Z5">de</w><w frlemma="le" frpos="DET" frMUSAS="Z5">la</w><w frlemma="variété" frpos="NOUN" frMUSAS="A6.3+">variété</w><w frlemma="et" frpos="CCONJ" frMUSAS="Z5">et</w><w frlemma="de" frpos="ADP" frMUSAS="Z5">de</w><w frlemma="le" frpos="DET" frMUSAS="Z5">l'</w><w frlemma="étendue" frpos="NOUN" frMUSAS="Z99">étendue</w><w frlemma="extraordinairer" frpos="VERB" frMUSAS="Z99">extraordinaires</w><w frlemma="de" frpos="ADP" frMUSAS="Z5">de</w><w frlemma="son" frpos="DET" frMUSAS="Z5">ses</w><w frlemma="connaissance" frpos="NOUN" frMUSAS="X2.2+">connaissances</w><w frlemma="," frpos="PUNCT" frMUSAS="PUNCT">,</w><w frlemma="et" frpos="CCONJ" frMUSAS="Z5">et</w><w frlemma="apprécier" frpos="VERB" frMUSAS="E2+">apprécier</w><w frlemma="en" frpos="ADP" frMUSAS="Z5">en</w><w frlemma="tout" frpos="DET" frMUSAS="Z8">tout</w><w frlemma="état" frpos="NOUN" frMUSAS="G1.1c">état</w><w frlemma="de" frpos="ADP" frMUSAS="Z5">de</w><w frlemma="cause" frpos="NOUN" frMUSAS="A2.2">cause</w><w frlemma="ce" frpos="PRON" frMUSAS="Z8">ce</w><w frlemma="que" frpos="PRON" frMUSAS="Z8">qu'</w><w frlemma="il" frpos="PRON" frMUSAS="Z8">il</w><w frlemma="avoir" frpos="AUX" frMUSAS="A9+">a</w><w frlemma="réellement" frpos="ADV" frMUSAS="A13.3">réellement</w><w frlemma="faire" frpos="VERB" frMUSAS="Z99">fait</w><w frlemma="et" frpos="CCONJ" frMUSAS="Z5">et</w><w frlemma="ce" frpos="PRON" frMUSAS="Z8">ce</w><w frlemma="que" frpos="PRON" frMUSAS="Z8">qu'</w><w frlemma="il" frpos="PRON" frMUSAS="Z8">il</w><w frlemma="avoir" frpos="AUX" frMUSAS="A9+">aurait</w><w frlemma="produire" frpos="VERB" frMUSAS="O2">produit</w><w frlemma="se" frpos="SCONJ" frMUSAS="Z8">s'</w><w frlemma="il" frpos="PRON" frMUSAS="Z8">il</w><w frlemma="avoir" frpos="AUX" frMUSAS="A9+">avait</w><w frlemma="vivre" frpos="VERB" frMUSAS="H4">vécu</w><w frlemma="," frpos="PUNCT" frMUSAS="PUNCT">,</w><pb n="194"/><w frlemma="que" frpos="SCONJ" frMUSAS="Z5">qu'</w><w frlemma="après" frpos="ADP" frMUSAS="Z5">après</w><w frlemma="avoir" frpos="AUX" frMUSAS="A9+">avoir</w><w frlemma="examiner" frpos="VERB" frMUSAS="X2.4">examiné</w><w frlemma="le" frpos="DET" frMUSAS="Z5">la</w><w frlemma="masse" frpos="NOUN" frMUSAS="N5+">masse</w><w frlemma="énorme" frpos="ADJ" frMUSAS="N3.2+++">énorme</w><w frlemma="de" frpos="ADP" frMUSAS="Z5">de</w><w frlemma="note" frpos="NOUN" frMUSAS="Z99">notes</w><w frlemma="que" frpos="PRON" frMUSAS="Z8">qu'</w><w frlemma="il" frpos="PRON" frMUSAS="Z8">il</w><w frlemma="avoir" frpos="AUX" frMUSAS="A9+">avait</w><w frlemma="accumuler" frpos="VERB" frMUSAS="Z99">accumulées</w><w frlemma="." frpos="PUNCT" frMUSAS="PUNCT">.</w><w frlemma="pourtant" frpos="ADV" frMUSAS="Z99">Pourtant</w><w frlemma="," frpos="PUNCT" frMUSAS="PUNCT">,</w><w frlemma="vers" frpos="ADP" frMUSAS="Z5">vers</w><w frlemma="le" frpos="DET" frMUSAS="Z5">la</w><w frlemma="fin" frpos="NOUN" frMUSAS="Z99">fin</w><w frlemma="de" frpos="ADP" frMUSAS="Z5">de</w><w frlemma="son" frpos="DET" frMUSAS="Z5">sa</w><w frlemma="vie" frpos="NOUN" frMUSAS="L1+">vie</w><w frlemma="," frpos="PUNCT" frMUSAS="PUNCT">,</w><w frlemma="encourager" frpos="VERB" frMUSAS="S8+">encouragé</w><w frlemma="par" frpos="ADP" frMUSAS="M6">par</w><w frlemma="le" frpos="DET" frMUSAS="Z5">l'</w><w frlemma="accueil" frpos="NOUN" frMUSAS="Z99">accueil</w><w frlemma="dont" frpos="PRON" frMUSAS="Z8">dont</w><w frlemma="le" frpos="DET" frMUSAS="Z5">les</w><w frlemma="premier" frpos="ADJ" frMUSAS="N4">premiers</w><w frlemma="article" frpos="NOUN" frMUSAS="G2.1/P1">articles</w><w frlemma="que" frpos="PRON" frMUSAS="Z8">qu'</w><w frlemma="il" frpos="PRON" frMUSAS="Z8">il</w><w frlemma="publier" frpos="VERB" frMUSAS="Q4">publia</w><w frlemma="dans" frpos="ADP" frMUSAS="Z5">dans</w><w frlemma="le" frpos="DET" frMUSAS="Z5">le</w><w frlemma="Bulletin" frpos="PROPN" frMUSAS="Z99">Bulletin</w><w frlemma="avoir" frpos="AUX" frMUSAS="A9+">avaient</w><w frlemma="être" frpos="AUX" frMUSAS="T1.3">été</w><w frlemma="le" frpos="DET" frMUSAS="Z5">l'</w><w frlemma="objet" frpos="NOUN" frMUSAS="Z99">objet</w><w frlemma="," frpos="PUNCT" frMUSAS="PUNCT">,</w><w frlemma="il" frpos="PRON" frMUSAS="Z8">il</w><w frlemma="consentir" frpos="VERB" frMUSAS="Z99">consentit</w><w frlemma="plus" frpos="ADV" frMUSAS="Z5">plus</w><w frlemma="aisémer" frpos="VERB" frMUSAS="Z99">aisément</w><w frlemma="à" frpos="ADP" frMUSAS="Z5">à</w><w frlemma="faire" frpos="VERB" frMUSAS="Z99">faire</w><w frlemma="paraître" frpos="VERB" frMUSAS="A8">paraître</w><w frlemma="plusieurs" frpos="DET" frMUSAS="N5">plusieurs</w><w frlemma="travail" frpos="NOUN" frMUSAS="I3.1">travaux</w><w frlemma="qui" frpos="PRON" frMUSAS="Z8">qui</w><w frlemma="faire" frpos="VERB" frMUSAS="Z99">font</w><w frlemma="amèrement" frpos="ADV" frMUSAS="Z99">amèrement</w><w frlemma="regretter" frpos="VERB" frMUSAS="E4.1-">regretter</w><w frlemma="son" frpos="DET" frMUSAS="Z5">sa</w><w frlemma="perte" frpos="NOUN" frMUSAS="I1.2">perte</w><w frlemma="." frpos="PUNCT" frMUSAS="PUNCT">.</w><w frlemma="atteint" frpos="NOUN" frMUSAS="Z99">Atteint</w><w frlemma="en" frpos="ADP" frMUSAS="Z5">en</w><w frlemma="pleine" frpos="NOUN" frMUSAS="Z99">pleine</w><w frlemma="maturité" frpos="NOUN" frMUSAS="Z99">maturité</w><w frlemma="," frpos="PUNCT" frMUSAS="PUNCT">,</w><w frlemma="il" frpos="PRON" frMUSAS="Z8">il</w><w frlemma="ne" frpos="ADV" frMUSAS="Z6">n'</w><w frlemma="avoir" frpos="AUX" frMUSAS="A9+">a</w><w frlemma="pouvoir" frpos="VERB" frMUSAS="Z99">pu</w><w frlemma="donner" frpos="VERB" frMUSAS="A9-">donner</w><w frlemma="le" frpos="DET" frMUSAS="Z5">la</w><w frlemma="pleine" frpos="NOUN" frMUSAS="Z99">pleine</w><w frlemma="mesure" frpos="NOUN" frMUSAS="N3.1">mesure</w><w frlemma="de" frpos="ADP" frMUSAS="Z5">de</w><w frlemma="son" frpos="DET" frMUSAS="Z5">son</w><w frlemma="magnifique" frpos="NOUN" frMUSAS="A5.1+">magnifique</w><w frlemma="talent" frpos="NOUN" frMUSAS="X9.1+">talent</w><w frlemma="." frpos="PUNCT" frMUSAS="PUNCT">.</w></p><p><w frlemma="Linguiste" frpos="PROPN" frMUSAS="Z99">Linguiste</w><w frlemma="de" frpos="ADP" frMUSAS="Z5">de</w><w frlemma="race" frpos="NOUN" frMUSAS="Z99">race</w><w frlemma="," frpos="PUNCT" frMUSAS="PUNCT">,</w><w frlemma="de" frpos="ADP" frMUSAS="Z5">d'</w><w frlemma="un" frpos="DET" frMUSAS="Z5">un</w><w frlemma="esprit" frpos="NOUN" frMUSAS="Z99">esprit</w><w frlemma="clair" frpos="ADJ" frMUSAS="A7+">clair</w><w frlemma="et" frpos="CCONJ" frMUSAS="Z5">et</w><w frlemma="précis" frpos="ADJ" frMUSAS="A4.2+">précis</w><w frlemma="," frpos="PUNCT" frMUSAS="PUNCT">,</w><w frlemma="il" frpos="PRON" frMUSAS="Z8">il</w><w frlemma="avoir" frpos="AUX" frMUSAS="A9+">avait</w><w frlemma="étudier" frpos="VERB" frMUSAS="P1">étudié</w><w frlemma="le" frpos="DET" frMUSAS="Z5">la</w><w frlemma="plupart" frpos="NOUN" frMUSAS="Z99">plupart</w><w frlemma="de" frpos="ADP" frMUSAS="Z5">des</w><w frlemma="idiome" frpos="NOUN" frMUSAS="Z99">idiomes</w><w frlemma="ancien" frpos="ADJ" frMUSAS="Z99">anciens</w><w frlemma="et" frpos="CCONJ" frMUSAS="Z5">et</w><w frlemma="moderne" frpos="ADJ" frMUSAS="T3-">modernes</w><w frlemma="de" frpos="ADP" frMUSAS="Z5">du</w><w frlemma="monde" frpos="NOUN" frMUSAS="Z99">monde</w><w frlemma="oriental" frpos="ADJ" frMUSAS="Z99">oriental</w><w frlemma="classique" frpos="ADJ" frMUSAS="A4.1">classique</w><w frlemma="." frpos="PUNCT" frMUSAS="PUNCT">.</w><w frlemma="le" frpos="DET" frMUSAS="Z5">Le</w><w frlemma="folklore" frpos="NOUN" frMUSAS="Z99">folklore</w><w frlemma="le" frpos="PRON" frMUSAS="Z8">l'</w><w frlemma="avoir" frpos="AUX" frMUSAS="A9+">avait</w><w frlemma="aussi" frpos="ADV" frMUSAS="Z99">aussi</w><w frlemma="longuement" frpos="ADV" frMUSAS="Z99">longuement</w><w frlemma="occuper" frpos="VERB" frMUSAS="H4">occupé</w><w frlemma="." frpos="PUNCT" frMUSAS="PUNCT">.</w><w frlemma="pendant" frpos="ADP" frMUSAS="Z5">Pendant</w><w frlemma="son" frpos="DET" frMUSAS="Z5">son</w><w frlemma="séjour" frpos="ADP" frMUSAS="M8">séjour</w><w frlemma="à" frpos="ADP" frMUSAS="Z5">à</w><w frlemma="le" frpos="DET" frMUSAS="Z5">l'</w><w frlemma="Institut" frpos="PROPN" frMUSAS="P1/S5+c">Institut</w><w frlemma="," frpos="PUNCT" frMUSAS="PUNCT">,</w><w frlemma="il" frpos="PRON" frMUSAS="Z8">il</w><w frlemma="se" frpos="PRON" frMUSAS="Z8">s'</w><w frlemma="être" frpos="AUX" frMUSAS="Z99">était</w><w frlemma="attacher" frpos="VERB" frMUSAS="A1.7+">attaché</w><w frlemma="à" frpos="ADP" frMUSAS="Z5">à</w><w frlemma="le" frpos="DET" frMUSAS="Z5">l'</w><w frlemma="étude" frpos="NOUN" frMUSAS="P1">étude</w><w frlemma="difficile" frpos="ADJ" frMUSAS="A12-">difficile</w><w frlemma="de" frpos="ADP" frMUSAS="Z5">de</w><w frlemma="le" frpos="DET" frMUSAS="Z5">la</w><w frlemma="littérature" frpos="NOUN" frMUSAS="Q4.1">littérature</w><w frlemma="arabe" frpos="ADJ" frMUSAS="Z99">arabe</w><w frlemma="chrétien" frpos="VERB" frMUSAS="Z99">chrétienne</w><w frlemma="," frpos="PUNCT" frMUSAS="PUNCT">,</w><w frlemma="dont" frpos="PRON" frMUSAS="Z8">dont</w><w frlemma="il" frpos="PRON" frMUSAS="Z8">il</w><w frlemma="avoir" frpos="VERB" frMUSAS="A9+">avait</w><w frlemma="admirablement" frpos="ADV" frMUSAS="Z99">admirablement</w><w frlemma="compris" frpos="ADJ" frMUSAS="Z99">compris</w><w frlemma="le" frpos="DET" frMUSAS="Z5">l'</w><w frlemma="importance" frpos="NOUN" frMUSAS="A11.1+">importance</w><w frlemma="." frpos="PUNCT" frMUSAS="PUNCT">.</w><w frlemma="son" frpos="DET" frMUSAS="Z5">Ses</w><w frlemma="papier" frpos="NOUN" frMUSAS="H5">papiers</w><w frlemma="contenir" frpos="VERB" frMUSAS="A1.8+">contiennent</w><w frlemma="de" frpos="ADP" frMUSAS="Z5">de</w><w frlemma="nombreux" frpos="ADJ" frMUSAS="N5+">nombreuses</w><w frlemma="copie" frpos="NOUN" frMUSAS="Z99">copies</w><w frlemma="de" frpos="ADP" frMUSAS="Z5">de</w><w frlemma="vie" frpos="NOUN" frMUSAS="L1+">vies</w><w frlemma="de" frpos="ADP" frMUSAS="Z5">de</w><w frlemma="saint" frpos="NOUN" frMUSAS="Z99">saints</w><w frlemma="," frpos="PUNCT" frMUSAS="PUNCT">,</w><w frlemma="de" frpos="ADP" frMUSAS="Z5">d'</w><w frlemma="homélie" frpos="NOUN" frMUSAS="Z99">homélies</w><w frlemma="et" frpos="CCONJ" frMUSAS="Z5">et</w><w frlemma="de" frpos="ADP" frMUSAS="Z5">d'</w><w frlemma="apocryphe" frpos="NOUN" frMUSAS="Z99">apocryphes</w><w frlemma="extraire" frpos="ADJ" frMUSAS="Z99">extraits</w><w frlemma="de" frpos="ADP" frMUSAS="Z5">des</w><w frlemma="manuserit" frpos="NOUN" frMUSAS="Z99">manuserits</w><w frlemma="de" frpos="ADP" frMUSAS="Z5">de</w><w frlemma="le" frpos="DET" frMUSAS="Z5">la</w><w frlemma="bibliothèque" frpos="NOUN" frMUSAS="Q4.1/H1c">Bibliothèque</w><w frlemma="national" frpos="ADJ" frMUSAS="M7/N5.1+">nationale</w><w frlemma="," frpos="PUNCT" frMUSAS="PUNCT">,</w><w frlemma="que" frpos="SCONJ" frMUSAS="Z5">qu'</w><w frlemma="il" frpos="PRON" frMUSAS="Z8">il</w><w frlemma="se" frpos="PRON" frMUSAS="Z8">se</w><w frlemma="proposer" frpos="VERB" frMUSAS="Q2.2/X7+">proposait</w><w frlemma="de" frpos="ADP" frMUSAS="Z5">d'</w><w frlemma="éditer" frpos="VERB" frMUSAS="Z99">éditer</w><w frlemma="." frpos="PUNCT" frMUSAS="PUNCT">.</w><w frlemma="parmi" frpos="ADP" frMUSAS="Z5">Parmi</w><w frlemma="celui" frpos="PRON" frMUSAS="Z8">ceux</w><w frlemma="-" frpos="PRON" frMUSAS="Z99">-</w><w frlemma="ci" frpos="PRON" frMUSAS="Z99">ci</w><w frlemma="figurer" frpos="VERB" frMUSAS="Z99">figurent</w><w frlemma="un" frpos="DET" frMUSAS="Z5">une</w><w frlemma="remarquable" frpos="ADJ" frMUSAS="Z99">remarquable</w><w frlemma="étude" frpos="NOUN" frMUSAS="P1">étude</w><w frlemma="," frpos="PUNCT" frMUSAS="PUNCT">,</w><w frlemma="entièrement" frpos="ADV" frMUSAS="Z99">entièrement</w><w frlemma="achevé" frpos="ADJ" frMUSAS="Z99">achevée</w><w frlemma="," frpos="PUNCT" frMUSAS="PUNCT">,</w><w frlemma="de" frpos="ADP" frMUSAS="Z5">du</w><w frlemma="texte" frpos="NOUN" frMUSAS="Q1.2">texte</w><w frlemma="arabe" frpos="ADJ" frMUSAS="Z99">arabe</w><w frlemma="de" frpos="ADP" frMUSAS="Z5">du</w><w frlemma="martyre" frpos="NOUN" frMUSAS="Z99">martyre</w><w frlemma="de" frpos="ADP" frMUSAS="Z5">de</w><w frlemma="pilate" frpos="NOUN" frMUSAS="Z99">Pilate</w><w frlemma="et" frpos="CCONJ" frMUSAS="Z5">et</w><w frlemma="un" frpos="DET" frMUSAS="Z5">une</w><w frlemma="traduction" frpos="NOUN" frMUSAS="Q3">traduction</w><w frlemma="de" frpos="ADP" frMUSAS="Z5">du</w><w frlemma="martyre" frpos="NOUN" frMUSAS="Z99">martyre</w><w frlemma="de" frpos="ADP" frMUSAS="Z5">de</w><w frlemma="Salib" frpos="PROPN" frMUSAS="Z99">Salib</w><w frlemma="." frpos="PUNCT" frMUSAS="PUNCT">.</w><w frlemma="au" frpos="ADP" frMUSAS="Z5">Au</w><w frlemma="moment" frpos="NOUN" frMUSAS="T1.2">moment</w><w frlemma="où" frpos="PRON" frMUSAS="Z8">où</w><w frlemma="le" frpos="DET" frMUSAS="Z5">la</w><w frlemma="maladie" frpos="NOUN" frMUSAS="Z99">maladie</w><w frlemma="le" frpos="DET" frMUSAS="Z5">le</w><w frlemma="terrassa" frpos="NOUN" frMUSAS="Z99">terrassa</w><w frlemma="," frpos="PUNCT" frMUSAS="PUNCT">,</w><w frlemma="il" frpos="PRON" frMUSAS="Z8">il</w><w frlemma="corriger" frpos="VERB" frMUSAS="A5.3+/A2.1">corrigeait</w><w frlemma="le" frpos="DET" frMUSAS="Z5">les</w><w frlemma="épreuve" frpos="NOUN" frMUSAS="Z99">épreuves</w><w frlemma="de" frpos="ADP" frMUSAS="Z5">d'</w><w frlemma="un" frpos="DET" frMUSAS="Z5">une</w><w frlemma="traduction" frpos="NOUN" frMUSAS="Q3">traduction</w><w frlemma="de" frpos="ADP" frMUSAS="Z5">du</w><w frlemma="foutouh" frpos="NOUN" frMUSAS="Z99">Foutouh</w><w frlemma="al" frpos="CCONJ" frMUSAS="Z99">al</w><w frlemma="-" frpos="PROPN" frMUSAS="Z99">-</w><w frlemma="Bahnasa" frpos="PROPN" frMUSAS="Z99">Bahnasa</w><w frlemma="," frpos="PUNCT" frMUSAS="PUNCT">,</w><w frlemma="dont" frpos="PRON" frMUSAS="Z8">dont</w><w frlemma="je" frpos="PRON" frMUSAS="Z8mf">j'</w><w frlemma="avoir" frpos="AUX" frMUSAS="A9+">ai</w><w frlemma="pouvoir" frpos="VERB" frMUSAS="Z99">pu</w><w frlemma="terminer" frpos="VERB" frMUSAS="Z99">terminer</w><w frlemma="le" frpos="DET" frMUSAS="Z5">l'</w><w frlemma="impression" frpos="NOUN" frMUSAS="X2.1">impression</w><w frlemma="." frpos="PUNCT" frMUSAS="PUNCT">.</w></p><p><w frlemma="je" frpos="PRON" frMUSAS="Z8mf">J'</w><w frlemma="avoir" frpos="AUX" frMUSAS="A9+">ai</w><w frlemma="réunir" frpos="VERB" frMUSAS="Z99">réuni</w><w frlemma="," frpos="PUNCT" frMUSAS="PUNCT">,</w><w frlemma="dans" frpos="ADP" frMUSAS="Z5">dans</w><w frlemma="un" frpos="DET" frMUSAS="Z5">un</w><w frlemma="volume" frpos="NOUN" frMUSAS="N3.4">volume</w><w frlemma="actuellement" frpos="ADV" frMUSAS="Z99">actuellement</w><w frlemma="sou" frpos="ADP" frMUSAS="A13.6">sous</w><w frlemma="presse" frpos="NOUN" frMUSAS="A1.1.1">presse</w><w frlemma="," frpos="PUNCT" frMUSAS="PUNCT">,</w><w frlemma="le" frpos="DET" frMUSAS="Z5">les</w><w frlemma="mémoire" frpos="NOUN" frMUSAS="X2">mémoires</w><w frlemma="et" frpos="CCONJ" frMUSAS="Z5">et</w><w frlemma="fragment" frpos="NOUN" frMUSAS="Z99">fragments</w><w frlemma="inédit" frpos="ADJ" frMUSAS="Z99">inédits</w><w frlemma="que" frpos="SCONJ" frMUSAS="Z5">que</w><w frlemma="son" frpos="DET" frMUSAS="Z5">sa</w><w frlemma="plume" frpos="VERB" frMUSAS="A1.1.1">plume</w><w frlemma="infatigable" frpos="ADJ" frMUSAS="Z99">infatigable</w><w frlemma="avoir" frpos="AUX" frMUSAS="A9+">a</w><w frlemma="produire" frpos="VERB" frMUSAS="Z99">produits</w><w frlemma="." frpos="PUNCT" frMUSAS="PUNCT">.</w><w frlemma="il" frpos="PRON" frMUSAS="Z8">Ils</w><w frlemma="montrer" frpos="VERB" frMUSAS="A10+">montreront</w><w frlemma="," frpos="PUNCT" frMUSAS="PUNCT">,</w><w frlemma="mieux" frpos="ADV" frMUSAS="A5.1++">mieux</w><w frlemma="que" frpos="SCONJ" frMUSAS="Z5">que</w><w frlemma="tout" frpos="ADJ" frMUSAS="Z8">tout</w><w frlemma="ce" frpos="PRON" frMUSAS="Z8">ce</w><w frlemma="que" frpos="PRON" frMUSAS="Z8">qu'</w><w frlemma="on" frpos="PRON" frMUSAS="Z8">on</w><w frlemma="savoir" frpos="VERB" frMUSAS="X2.2+">saurait</w><w frlemma="dire" frpos="VERB" frMUSAS="Q2.1">dire</w><w frlemma="," frpos="PUNCT" frMUSAS="PUNCT">,</w><w frlemma="par" frpos="ADP" frMUSAS="M6">par</w><w frlemma="son" frpos="DET" frMUSAS="Z5">leur</w><w frlemma="variété" frpos="NOUN" frMUSAS="A6.3+">variété</w><w frlemma="," frpos="PUNCT" frMUSAS="PUNCT">,</w><w frlemma="le" frpos="DET" frMUSAS="Z5">la</w><w frlemma="vaste" frpos="ADJ" frMUSAS="Z99">vaste</w><w frlemma="et" frpos="CCONJ" frMUSAS="Z5">et</w><w frlemma="solide" frpos="ADJ" frMUSAS="O1.1">solide</w><w frlemma="érudition" frpos="NOUN" frMUSAS="Z99">érudition</w><w frlemma="de" frpos="ADP" frMUSAS="Z5">de</w><w frlemma="son" frpos="DET" frMUSAS="Z5">leur</w><w frlemma="auteur" frpos="NOUN" frMUSAS="Q1.2">auteur</w><w frlemma="." frpos="PUNCT" frMUSAS="PUNCT">.</w></p><p><w frlemma="m." frpos="NOUN" frMUSAS="Z99">M.</w><w frlemma="Galtier" frpos="PROPN" frMUSAS="Z99">Galtier</w><w frlemma="laisse" frpos="VERB" frMUSAS="Z99">laisse</w><w frlemma="parmi" frpos="ADP" frMUSAS="Z5">parmi</w><w frlemma="nous" frpos="PRON" frMUSAS="Z8">nous</w><w frlemma="," frpos="PUNCT" frMUSAS="PUNCT">,</w><w frlemma="outre" frpos="ADP" frMUSAS="Z5">outre</w><w frlemma="le" frpos="DET" frMUSAS="Z5">l'</w><w frlemma="admiration" frpos="NOUN" frMUSAS="S7.2+">admiration</w><w frlemma="sincère" frpos="ADJ" frMUSAS="A5.4+">sincère</w><w frlemma="que" frpos="PRON" frMUSAS="Z8">que</w><w frlemma="nous" frpos="PRON" frMUSAS="Z8">nous</w><w frlemma="professer" frpos="VERB" frMUSAS="Z99">professions</w><w frlemma="tout" frpos="ADJ" frMUSAS="Z8">tous</w><w frlemma="pour" frpos="ADP" frMUSAS="Z5">pour</w><w frlemma="son" frpos="DET" frMUSAS="Z5">sa</w><w frlemma="science" frpos="NOUN" frMUSAS="Y1">science</w><w frlemma="probe" frpos="ADJ" frMUSAS="Z99">probe</w><w frlemma="et" frpos="CCONJ" frMUSAS="Z5">et</w><w frlemma="profonde" frpos="NOUN" frMUSAS="Z99">profonde</w><w frlemma="," frpos="PUNCT" frMUSAS="PUNCT">,</w><w frlemma="le" frpos="DET" frMUSAS="Z5">le</w><w frlemma="souvenir" frpos="NOUN" frMUSAS="Z99">souvenir</w><w frlemma="de" frpos="ADP" frMUSAS="Z5">d'</w><w frlemma="un" frpos="DET" frMUSAS="Z5">un</w><w frlemma="bon" frpos="ADJ" frMUSAS="A5.1+">bon</w><w frlemma="camarade" frpos="NOUN" frMUSAS="Z99">camarade</w><w frlemma="et" frpos="CCONJ" frMUSAS="Z5">et</w><w frlemma="de" frpos="ADP" frMUSAS="Z5">d'</w><w frlemma="un" frpos="DET" frMUSAS="Z5">un</w><w frlemma="excellent" frpos="ADJ" frMUSAS="A5.1+++">excellent</w><w frlemma="cœur" frpos="NOUN" frMUSAS="B1">cœur</w><w frlemma="." frpos="PUNCT" frMUSAS="PUNCT">.</w><w frlemma="il" frpos="PRON" frMUSAS="Z8">Il</w><w frlemma="laisse" frpos="VERB" frMUSAS="Z99">laisse</w><w frlemma="aussi" frpos="ADV" frMUSAS="Z99">aussi</w><w frlemma="," frpos="PUNCT" frMUSAS="PUNCT">,</w><w frlemma="héler" frpos="INTJ" frMUSAS="E4.1-">hélas</w><w frlemma="!" frpos="PUNCT" frMUSAS="PUNCT">!</w><w frlemma="dans" frpos="ADP" frMUSAS="Z5">dans</w><w frlemma="le" frpos="DET" frMUSAS="Z5">les</w><w frlemma="rang" frpos="NOUN" frMUSAS="Z99">rangs</w><w frlemma="sans" frpos="ADP" frMUSAS="M6">sans</w><w frlemma="cesse" frpos="NOUN" frMUSAS="Z99">cesse</w><w frlemma="éclaircir" frpos="ADJ" frMUSAS="Z99">éclaircis</w><w frlemma="un" frpos="DET" frMUSAS="Z5">des</w><w frlemma="orientaliste" frpos="NOUN" frMUSAS="Z99">orientalistes</w><w frlemma="français" frpos="ADJ" frMUSAS="Z2">français</w><w frlemma="," frpos="PUNCT" frMUSAS="PUNCT">,</w><w frlemma="un" frpos="DET" frMUSAS="Z5">un</w><w frlemma="vide" frpos="NOUN" frMUSAS="N5---">vide</w><w frlemma="que" frpos="SCONJ" frMUSAS="Z5">qu'</w><w frlemma="il" frpos="PRON" frMUSAS="Z8">il</w><w frlemma="ne" frpos="ADV" frMUSAS="Z6">ne</w><w frlemma="être" frpos="AUX" frMUSAS="Z99">sera</w><w frlemma="pas" frpos="ADV" frMUSAS="Z99">pas</w><w frlemma="aiser" frpos="VERB" frMUSAS="Z99">aisé</w><w frlemma="de" frpos="ADP" frMUSAS="Z5">de</w><w frlemma="combler" frpos="VERB" frMUSAS="Z99">combler</w><w frlemma="." frpos="PUNCT" frMUSAS="PUNCT">.</w><note place="bottom"></note></p></text></TEI>