<?xml version='1.0' encoding='UTF-8'?>
<TEI xmlns="http://www.tei-c.org/ns/1.0"><teiHeader><fileDesc><titleStmt><title>[Nécrologie.] Jacques Cavalier (1871-1937)</title></titleStmt><publicationStmt>Corpus produit par l'étudiant MA1 Ph. Hennebert (philippe.hennebert@student.uliege.be) du cours de l'Université de Liège Corpus INFO0943: 'Corpus textuels: principes de constitution et d'analyse'</publicationStmt><sourceDesc><p>https://www.ifao.egnet.net/bifao/38/13/ (BIFAO en ligne) processed using python scripts in https://github.com/PhilHen/BIFAOCorpusTools (typographical zones detected using OpenCV, OCR with Tesseract)</p></sourceDesc></fileDesc><encodingDesc><classDecl><taxonomy id="frpos"><bibl><title>pos tagset build from https://spacy.io/</title></bibl></taxonomy><taxonomy id="frlemma"><bibl><title>fr lemma of the model https://spacy.io/</title></bibl></taxonomy><taxonomy id="frMUSAS"><bibl><title>semantic tagging https://ucrel.github.io/pymusas/usage/how_to/tag_text#french</title></bibl></taxonomy></classDecl><editorialDecl><correction>Les erreurs d'orthographe confirmées par examen du PDF source n'ont pas été corrigées. Une vérification et correction manuelle du texte a été réalisée par Ph. Hennebert (philippe.hennebert@student.uliege.be) le 29/12/2023</correction><hyphenation>Les mots coupés en fin de ligne ont été réassemblés automatiquement, pour autant que la forme combinée sans trait d'union soit attestée dans le dictionnaire français https://unitexgramlab.org/fr/language-resources</hyphenation></editorialDecl></encodingDesc></teiHeader><text id="BIFAO038_art_13A.pdf" auteur="Pierre Jouguet" annee="1939" titre="[Nécrologie.] Jacques Cavalier (1871-1937)" textId="38A13A" nomDefunt="Cavalier" metierDefunt="directeur" categ="Nécrologie"><p><pb n="269"/><w frlemma="JACQUES" frpos="PROPN" frMUSAS="Z99">JACQUES</w><w frlemma="CAVALIER" frpos="PROPN" frMUSAS="Z99">CAVALIER</w><w frlemma="(" frpos="PUNCT" frMUSAS="PUNCT">(</w><w frlemma="1871" frpos="NOUN" frMUSAS="Z99">1871</w><w frlemma="-" frpos="NOUN" frMUSAS="Z99">-</w><w frlemma="1937" frpos="NOUN" frMUSAS="Z99">1937</w><w frlemma=")" frpos="PUNCT" frMUSAS="PUNCT">)</w><w frlemma="." frpos="PUNCT" frMUSAS="PUNCT">.</w></p><p><w frlemma="on" frpos="PRON" frMUSAS="Z8">On</w><w frlemma="savoir" frpos="VERB" frMUSAS="X2.2+">sait</w><w frlemma="avec" frpos="ADP" frMUSAS="Z5">avec</w><w frlemma="quel" frpos="DET" frMUSAS="Z5">quelle</w><w frlemma="stupeur" frpos="NOUN" frMUSAS="Z99">stupeur</w><w frlemma="douloureuse" frpos="VERB" frMUSAS="Z99">douloureuse</w><w frlemma="le" frpos="DET" frMUSAS="Z5">l'</w><w frlemma="université" frpos="NOUN" frMUSAS="P1/H1c">Université</w><w frlemma="de" frpos="ADP" frMUSAS="Z5">de</w><w frlemma="France" frpos="PROPN" frMUSAS="Z99">France</w><w frlemma="recevoir" frpos="VERB" frMUSAS="A9+">recevait</w><w frlemma="le" frpos="DET" frMUSAS="Z5">le</w><w frlemma="23" frpos="NUM" frMUSAS="N1">23</w><w frlemma="mars" frpos="NOUN" frMUSAS="Z99">mars</w><w frlemma="1937" frpos="NUM" frMUSAS="N1">1937</w><w frlemma="le" frpos="DET" frMUSAS="Z5">la</w><w frlemma="nouveau" frpos="ADJ" frMUSAS="T3-">nouvelle</w><w frlemma="soudaine" frpos="NOUN" frMUSAS="Z99">soudaine</w><w frlemma="de" frpos="ADP" frMUSAS="Z5">du</w><w frlemma="funeste" frpos="NOUN" frMUSAS="Z99">funeste</w><w frlemma="accident" frpos="NOUN" frMUSAS="A1.1.2">accident</w><w frlemma="qui" frpos="PRON" frMUSAS="Z8">qui</w><w frlemma="nous" frpos="PRON" frMUSAS="Z8">nous</w><w frlemma="ravir" frpos="VERB" frMUSAS="Z99">ravissait</w><w frlemma="Jacques" frpos="PROPN" frMUSAS="Z99">Jacques</w><w frlemma="Cavalier" frpos="PROPN" frMUSAS="Z99">Cavalier</w><w frlemma="," frpos="PUNCT" frMUSAS="PUNCT">,</w><w frlemma="dans" frpos="ADP" frMUSAS="Z5">dans</w><w frlemma="le" frpos="DET" frMUSAS="Z5">le</w><w frlemma="moment" frpos="NOUN" frMUSAS="T1.2">moment</w><w frlemma="même" frpos="ADV" frMUSAS="Z99">même</w><w frlemma="où" frpos="PRON" frMUSAS="Z8">où</w><w frlemma="le" frpos="DET" frMUSAS="Z5">les</w><w frlemma="initiative" frpos="NOUN" frMUSAS="A1.1.1">initiatives</w><w frlemma="de" frpos="ADP" frMUSAS="Z5">de</w><w frlemma="son" frpos="DET" frMUSAS="Z5">son</w><w frlemma="activité" frpos="NOUN" frMUSAS="A1.1.1">activité</w><w frlemma="si" frpos="SCONJ" frMUSAS="Z5">si</w><w frlemma="perspicace" frpos="NOUN" frMUSAS="Z99">perspicace</w><w frlemma="et" frpos="CCONJ" frMUSAS="Z5">et</w><w frlemma="le" frpos="DET" frMUSAS="Z5">l'</w><w frlemma="appui" frpos="NOUN" frMUSAS="S8+">appui</w><w frlemma="de" frpos="ADP" frMUSAS="Z5">de</w><w frlemma="son" frpos="DET" frMUSAS="Z5">son</w><w frlemma="autorité" frpos="NOUN" frMUSAS="G1.1c">autorité</w><w frlemma="si" frpos="SCONJ" frMUSAS="Z5">si</w><w frlemma="attentive" frpos="NOUN" frMUSAS="Z99">attentive</w><w frlemma="avoir" frpos="VERB" frMUSAS="A9+">eussent</w><w frlemma="être" frpos="AUX" frMUSAS="T1.3">été</w><w frlemma="le" frpos="DET" frMUSAS="Z5">le</w><w frlemma="plus" frpos="ADV" frMUSAS="Z5">plus</w><w frlemma="nécessaire" frpos="ADJ" frMUSAS="Z99">nécessaires</w><w frlemma="pour" frpos="ADP" frMUSAS="Z5">pour</w><w frlemma="nous" frpos="PRON" frMUSAS="Z8">nous</w><w frlemma="assurer" frpos="VERB" frMUSAS="Z99">assurer</w><w frlemma="le" frpos="DET" frMUSAS="Z5">l'</w><w frlemma="avenir" frpos="NOUN" frMUSAS="T1.1.3">avenir</w><w frlemma="." frpos="PUNCT" frMUSAS="PUNCT">.</w><w frlemma="le" frpos="DET" frMUSAS="Z5">La</w><w frlemma="vie" frpos="NOUN" frMUSAS="L1+">vie</w><w frlemma="de" frpos="ADP" frMUSAS="Z5">de</w><w frlemma="Cavalier" frpos="PROPN" frMUSAS="Z99">Cavalier</w><w frlemma="être" frpos="AUX" frMUSAS="Z99">sera</w><w frlemma="écrire" frpos="VERB" frMUSAS="Q1.2">écrite</w><w frlemma="par" frpos="ADP" frMUSAS="M6">par</w><w frlemma="son" frpos="DET" frMUSAS="Z5">ses</w><w frlemma="ami" frpos="NOUN" frMUSAS="S3.1/S2mf">amis</w><w frlemma="le" frpos="DET" frMUSAS="Z5">les</w><w frlemma="plus" frpos="ADV" frMUSAS="Z5">plus</w><w frlemma="compétent" frpos="NOUN" frMUSAS="X9.1+">compétents</w><w frlemma="à" frpos="ADP" frMUSAS="Z5">à</w><w frlemma="juger" frpos="VERB" frMUSAS="G2.1">juger</w><w frlemma="son" frpos="DET" frMUSAS="Z5">son</w><w frlemma="œuvre" frpos="NOUN" frMUSAS="Z99">œuvre</w><w frlemma="de" frpos="ADP" frMUSAS="Z5">de</w><w frlemma="professeur" frpos="NOUN" frMUSAS="Z99">professeur</w><w frlemma="et" frpos="CCONJ" frMUSAS="Z5">et</w><w frlemma="de" frpos="ADP" frMUSAS="Z5">d'</w><w frlemma="administrateur" frpos="NOUN" frMUSAS="S7.1+/S2mf">administrateur</w><w frlemma="et" frpos="CCONJ" frMUSAS="Z5">et</w><w frlemma="nous" frpos="PRON" frMUSAS="Z8">nous</w><w frlemma="ne" frpos="ADV" frMUSAS="Z6">ne</w><w frlemma="retracer" frpos="VERB" frMUSAS="Z99">retracerons</w><w frlemma="pas" frpos="ADV" frMUSAS="Z99">pas</w><w frlemma="ici" frpos="ADV" frMUSAS="M6">ici</w><w frlemma="son" frpos="DET" frMUSAS="Z5">sa</w><w frlemma="droite" frpos="NOUN" frMUSAS="A13.3">droite</w><w frlemma="et" frpos="CCONJ" frMUSAS="Z5">et</w><w frlemma="bel" frpos="ADJ" frMUSAS="Z99">belle</w><w frlemma="carrière" frpos="NOUN" frMUSAS="I3.1">carrière</w><w frlemma="." frpos="PUNCT" frMUSAS="PUNCT">.</w><w frlemma="dison" frpos="NOUN" frMUSAS="Z99">Disons</w><w frlemma="seulement" frpos="ADV" frMUSAS="A14">seulement</w><w frlemma="que" frpos="SCONJ" frMUSAS="Z5">qu'</w><w frlemma="après" frpos="ADP" frMUSAS="Z5">après</w><w frlemma="avoir" frpos="AUX" frMUSAS="A9+">avoir</w><w frlemma="enseigner" frpos="VERB" frMUSAS="P1">enseigné</w><w frlemma="le" frpos="DET" frMUSAS="Z5">la</w><w frlemma="chimie" frpos="NOUN" frMUSAS="Y1">chimie</w><w frlemma="à" frpos="ADP" frMUSAS="Z5">à</w><w frlemma="Rennes" frpos="PROPN" frMUSAS="Z99">Rennes</w><w frlemma="," frpos="PUNCT" frMUSAS="PUNCT">,</w><w frlemma="à" frpos="ADP" frMUSAS="Z5">à</w><w frlemma="son" frpos="DET" frMUSAS="Z5">sa</w><w frlemma="sortie" frpos="NOUN" frMUSAS="M1">sortie</w><w frlemma="de" frpos="ADP" frMUSAS="Z5">de</w><w frlemma="le" frpos="DET" frMUSAS="Z5">l'</w><w frlemma="école" frpos="NOUN" frMUSAS="P1">École</w><w frlemma="Normale" frpos="PROPN" frMUSAS="Z99">Normale</w><w frlemma="supérieur" frpos="ADJ" frMUSAS="A5.1++">Supérieure</w><w frlemma="," frpos="PUNCT" frMUSAS="PUNCT">,</w><w frlemma="où" frpos="PRON" frMUSAS="Z8">où</w><w frlemma="il" frpos="PRON" frMUSAS="Z8">il</w><w frlemma="être" frpos="AUX" frMUSAS="Z99">était</w><w frlemma="entrer" frpos="VERB" frMUSAS="Z99">entré</w><w frlemma="en" frpos="ADP" frMUSAS="Z5">en</w><w frlemma="1888" frpos="NUM" frMUSAS="N1">1888</w><w frlemma="," frpos="PUNCT" frMUSAS="PUNCT">,</w><w frlemma="il" frpos="PRON" frMUSAS="Z8">il</w><w frlemma="avoir" frpos="AUX" frMUSAS="A9+">avait</w><w frlemma="être" frpos="AUX" frMUSAS="T1.3">été</w><w frlemma="successivement" frpos="ADV" frMUSAS="N4">successivement</w><w frlemma="recteur" frpos="ADJ" frMUSAS="Z99">recteur</w><w frlemma="à" frpos="ADP" frMUSAS="Z5">à</w><w frlemma="Clermont" frpos="PROPN" frMUSAS="Z99">Clermont</w><w frlemma="," frpos="PUNCT" frMUSAS="PUNCT">,</w><w frlemma="à" frpos="ADP" frMUSAS="Z5">à</w><w frlemma="Toulouse" frpos="PROPN" frMUSAS="Z99">Toulouse</w><w frlemma="," frpos="PUNCT" frMUSAS="PUNCT">,</w><w frlemma="à" frpos="ADP" frMUSAS="Z5">à</w><w frlemma="Lyon" frpos="PROPN" frMUSAS="Z99">Lyon</w><w frlemma="," frpos="PUNCT" frMUSAS="PUNCT">,</w><w frlemma="avant" frpos="ADP" frMUSAS="Z5">avant</w><w frlemma="de" frpos="ADP" frMUSAS="Z5">d'</w><w frlemma="être" frpos="AUX" frMUSAS="Z99">être</w><w frlemma="appeler" frpos="VERB" frMUSAS="Q2.2">appelé</w><w frlemma="au" frpos="ADP" frMUSAS="Z5">au</w><w frlemma="poste" frpos="NOUN" frMUSAS="Z99">poste</w><w frlemma="accabler" frpos="VERB" frMUSAS="Z99">accablant</w><w frlemma="que" frpos="SCONJ" frMUSAS="Z5">qu'</w><w frlemma="il" frpos="PRON" frMUSAS="Z8">il</w><w frlemma="avoir" frpos="AUX" frMUSAS="A9+">a</w><w frlemma="occuper" frpos="VERB" frMUSAS="H4">occupé</w><w frlemma="pendant" frpos="ADP" frMUSAS="Z5">pendant</w><w frlemma="douze" frpos="NOUN" frMUSAS="Z99">douze</w><w frlemma="an" frpos="NOUN" frMUSAS="T1.3">ans</w><w frlemma="." frpos="PUNCT" frMUSAS="PUNCT">.</w><w frlemma="îl" frpos="VERB" frMUSAS="Z99">Îl</w><w frlemma="y" frpos="PRON" frMUSAS="M6">y</w><w frlemma="avoir" frpos="AUX" frMUSAS="A9+">avait</w><w frlemma="avoir" frpos="VERB" frMUSAS="A9+">eu</w><w frlemma="un" frpos="DET" frMUSAS="Z5">des</w><w frlemma="prédécesseur" frpos="NOUN" frMUSAS="N4/S2mf">prédécesseurs</w><w frlemma="illustre" frpos="ADJ" frMUSAS="Z99">illustres</w><w frlemma=":" frpos="PUNCT" frMUSAS="PUNCT">:</w><w frlemma="Louis" frpos="PROPN" frMUSAS="Z99">Louis</w><w frlemma="Liard" frpos="PROPN" frMUSAS="Z99">Liard</w><w frlemma="," frpos="PUNCT" frMUSAS="PUNCT">,</w><w frlemma="créateur" frpos="NOUN" frMUSAS="A1.1.1/S2mf">créateur</w><w frlemma="de" frpos="ADP" frMUSAS="Z5">des</w><w frlemma="université" frpos="NOUN" frMUSAS="P1/H1c">Universités</w><w frlemma="de" frpos="ADP" frMUSAS="Z5">de</w><w frlemma="France" frpos="PROPN" frMUSAS="Z99">France</w><w frlemma="," frpos="PUNCT" frMUSAS="PUNCT">,</w><w frlemma="Charles" frpos="PROPN" frMUSAS="Z99">Charles</w><w frlemma="Bayet" frpos="PROPN" frMUSAS="Z99">Bayet</w><w frlemma="," frpos="PUNCT" frMUSAS="PUNCT">,</w><w frlemma="qui" frpos="PRON" frMUSAS="Z8">qui</w><w frlemma="apporter" frpos="VERB" frMUSAS="M2">apportait</w><w frlemma="à" frpos="ADP" frMUSAS="Z5">à</w><w frlemma="son" frpos="DET" frMUSAS="Z5">sa</w><w frlemma="tâche" frpos="NOUN" frMUSAS="A1.1.1">tâche</w><w frlemma="administratif" frpos="ADJ" frMUSAS="S7.1+">administrative</w><w frlemma="le" frpos="DET" frMUSAS="Z5">la</w><w frlemma="même" frpos="ADJ" frMUSAS="Z99">même</w><w frlemma="élégant" frpos="ADJ" frMUSAS="Z99">élégante</w><w frlemma="finesse" frpos="NOUN" frMUSAS="Z99">finesse</w><w frlemma="que" frpos="SCONJ" frMUSAS="Z5">qu'</w><w frlemma="il" frpos="PRON" frMUSAS="Z8">il</w><w frlemma="avoir" frpos="AUX" frMUSAS="A9+">avait</w><w frlemma="mettre" frpos="VERB" frMUSAS="Z99">mise</w><w frlemma="à" frpos="ADP" frMUSAS="Z5">à</w><w frlemma="commenter" frpos="VERB" frMUSAS="Q2.1">commenter</w><w frlemma="le" frpos="DET" frMUSAS="Z5">les</w><w frlemma="monument" frpos="NOUN" frMUSAS="O2">monuments</w><w frlemma="de" frpos="ADP" frMUSAS="Z5">de</w><w frlemma="le" frpos="DET" frMUSAS="Z5">l'</w><w frlemma="Art" frpos="PROPN" frMUSAS="C1">Art</w><w frlemma="byzantin" frpos="ADV" frMUSAS="Z99">byzantin</w><w frlemma="," frpos="PUNCT" frMUSAS="PUNCT">,</w><w frlemma="Lucien" frpos="PROPN" frMUSAS="Z99">Lucien</w><w frlemma="Poincaré" frpos="PROPN" frMUSAS="Z99">Poincaré</w><w frlemma="," frpos="PUNCT" frMUSAS="PUNCT">,</w><w frlemma="physicien" frpos="NOUN" frMUSAS="Z99">physicien</w><w frlemma="exact" frpos="ADJ" frMUSAS="Z99">exact</w><w frlemma="et" frpos="CCONJ" frMUSAS="Z5">et</w><w frlemma="directeur" frpos="NOUN" frMUSAS="S7.1+/S2mf">directeur</w><w frlemma="de" frpos="ADP" frMUSAS="Z5">d'</w><w frlemma="un" frpos="DET" frMUSAS="Z5">une</w><w frlemma="haute" frpos="NOUN" frMUSAS="Z99">haute</w><w frlemma="conscience" frpos="NOUN" frMUSAS="Z99">conscience</w><w frlemma="," frpos="PUNCT" frMUSAS="PUNCT">,</w><w frlemma="À." frpos="PROPN" frMUSAS="Z99">À.</w><w frlemma="Coville" frpos="PROPN" frMUSAS="Z99">Coville</w><w frlemma="," frpos="PUNCT" frMUSAS="PUNCT">,</w><w frlemma="saver" frpos="VERB" frMUSAS="Z99">savant</w><w frlemma="médiéviste" frpos="ADJ" frMUSAS="Z99">médiéviste</w><w frlemma="," frpos="PUNCT" frMUSAS="PUNCT">,</w><w frlemma="auquel" frpos="VERB" frMUSAS="Z99">auquel</w><w frlemma="le" frpos="DET" frMUSAS="Z5">l'</w><w frlemma="histoire" frpos="NOUN" frMUSAS="Z99">histoire</w><w frlemma="avoir" frpos="AUX" frMUSAS="A9+">avait</w><w frlemma="donner" frpos="VERB" frMUSAS="A9-">donné</w><w frlemma="le" frpos="DET" frMUSAS="Z5">la</w><w frlemma="science" frpos="NOUN" frMUSAS="Y1">science</w><w frlemma="de" frpos="ADP" frMUSAS="Z5">des</w><w frlemma="homme" frpos="NOUN" frMUSAS="I3.1">hommes</w><w frlemma="." frpos="PUNCT" frMUSAS="PUNCT">.</w><w frlemma="Cavalier" frpos="PROPN" frMUSAS="Z99">Cavalier</w><w frlemma="appartenir" frpos="VERB" frMUSAS="A9+">appartenait</w><w frlemma="à" frpos="ADP" frMUSAS="Z5">à</w><w frlemma="ce" frpos="DET" frMUSAS="Z5">cette</w><w frlemma="lignée" frpos="NOUN" frMUSAS="Z99">lignée</w><w frlemma="de" frpos="ADP" frMUSAS="Z5">de</w><w frlemma="grand" frpos="ADJ" frMUSAS="Z99">grands</w><w frlemma="«" frpos="NOUN" frMUSAS="Z99">«</w><w frlemma="commettre" frpos="VERB" frMUSAS="A1.1.1">commis</w><w frlemma="»" frpos="PUNCT" frMUSAS="PUNCT">»</w><w frlemma="." frpos="PUNCT" frMUSAS="PUNCT">.</w><w frlemma="uson" frpos="NOUN" frMUSAS="Z99">Usons</w><w frlemma="de" frpos="ADP" frMUSAS="Z5">de</w><w frlemma="ce" frpos="DET" frMUSAS="Z5">cette</w><w frlemma="expression" frpos="NOUN" frMUSAS="Q3">expression</w><w frlemma="de" frpos="ADP" frMUSAS="Z5">de</w><w frlemma="le" frpos="DET" frMUSAS="Z5">la</w><w frlemma="vieux" frpos="ADJ" frMUSAS="T3+">vieille</w><w frlemma="France" frpos="PROPN" frMUSAS="Z99">France</w><w frlemma="," frpos="PUNCT" frMUSAS="PUNCT">,</w><w frlemma="puisque" frpos="SCONJ" frMUSAS="N4">puisque</w><w frlemma="son" frpos="DET" frMUSAS="Z5">son</w><w frlemma="exactitude" frpos="NOUN" frMUSAS="Z99">exactitude</w><w frlemma="encore" frpos="ADV" frMUSAS="Z99">encore</w><w frlemma="actuel" frpos="ADJ" frMUSAS="Z99">actuelle</w><w frlemma="être" frpos="AUX" frMUSAS="M6">est</w><w frlemma="le" frpos="DET" frMUSAS="Z5">la</w><w frlemma="preuve" frpos="NOUN" frMUSAS="A15+">preuve</w><w frlemma="que" frpos="SCONJ" frMUSAS="Z5">que</w><w frlemma="le" frpos="DET" frMUSAS="Z5">les</w><w frlemma="changement" frpos="NOUN" frMUSAS="A2.1+">changements</w><w frlemma="de" frpos="ADP" frMUSAS="Z5">de</w><w frlemma="régime" frpos="NOUN" frMUSAS="G1.1">régime</w><w frlemma="ne" frpos="ADV" frMUSAS="Z6">n'</w><w frlemma="avoir" frpos="VERB" frMUSAS="A9+">ont</w><w frlemma="pas" frpos="ADV" frMUSAS="Z99">pas</w><w frlemma="toujours" frpos="ADV" frMUSAS="N6+++">toujours</w><w frlemma="pouvoir" frpos="VERB" frMUSAS="Z99">pu</w><w frlemma="altérer" frpos="VERB" frMUSAS="Z99">altérer</w><w frlemma="le" frpos="DET" frMUSAS="Z5">les</w><w frlemma="talent" frpos="NOUN" frMUSAS="X9.1+">talents</w><w frlemma="ni" frpos="CCONJ" frMUSAS="Z6">ni</w><w frlemma="le" frpos="DET" frMUSAS="Z5">le</w><w frlemma="caractère" frpos="NOUN" frMUSAS="Z99">caractère</w><w frlemma="de" frpos="ADP" frMUSAS="Z5">des</w><w frlemma="véritable" frpos="ADJ" frMUSAS="Z99">véritables</w><w frlemma="serviteur" frpos="NOUN" frMUSAS="Z99">serviteurs</w><w frlemma="de" frpos="ADP" frMUSAS="Z5">du</w><w frlemma="pays" frpos="NOUN" frMUSAS="G1.1c">pays</w><w frlemma="," frpos="PUNCT" frMUSAS="PUNCT">,</w><w frlemma="dont" frpos="PRON" frMUSAS="Z8">dont</w><w frlemma="le" frpos="DET" frMUSAS="Z5">le</w><w frlemma="labeur" frpos="NOUN" frMUSAS="Z99">labeur</w><w frlemma="discret" frpos="ADJ" frMUSAS="Z99">discret</w><w frlemma="avoir" frpos="AUX" frMUSAS="A9+">a</w><w frlemma="maintenir" frpos="VERB" frMUSAS="A9+">maintenu</w><w frlemma="," frpos="PUNCT" frMUSAS="PUNCT">,</w><w frlemma="à" frpos="ADP" frMUSAS="Z5">à</w><w frlemma="travers" frpos="NOUN" frMUSAS="Z99">travers</w><w frlemma="tout" frpos="ADJ" frMUSAS="Z8">toutes</w><w frlemma="le" frpos="DET" frMUSAS="Z5">les</w><w frlemma="tourmente" frpos="NOUN" frMUSAS="Z99">tourmentes</w><w frlemma="," frpos="PUNCT" frMUSAS="PUNCT">,</w><w frlemma="le" frpos="DET" frMUSAS="Z5">la</w><w frlemma="solide" frpos="NOUN" frMUSAS="O1.1">solide</w><w frlemma="armatur" frpos="ADJ" frMUSAS="Z99">armature</w><w frlemma="de" frpos="ADP" frMUSAS="Z5">de</w><w frlemma="le" frpos="DET" frMUSAS="Z5">l'</w><w frlemma="état" frpos="NOUN" frMUSAS="G1.1c">État</w><w frlemma="." frpos="PUNCT" frMUSAS="PUNCT">.</w><w frlemma="nous" frpos="PRON" frMUSAS="Z8">Nous</w><w frlemma="tout" frpos="ADJ" frMUSAS="Z8">tous</w><w frlemma="," frpos="PUNCT" frMUSAS="PUNCT">,</w><w frlemma="qui" frpos="PRON" frMUSAS="Z8">qui</w><w frlemma="avoir" frpos="AUX" frMUSAS="A9+">avons</w><w frlemma="approcher" frpos="VERB" frMUSAS="M1">approché</w><w frlemma="Cavalier" frpos="PROPN" frMUSAS="Z99">Cavalier</w><w frlemma="dans" frpos="ADP" frMUSAS="Z5">dans</w><w frlemma="son" frpos="DET" frMUSAS="Z5">son</w><w frlemma="cabinet" frpos="NOUN" frMUSAS="Z99">cabinet</w><w frlemma="directorial" frpos="ADJ" frMUSAS="Z99">directorial</w><w frlemma="de" frpos="ADP" frMUSAS="Z5">de</w><w frlemma="le" frpos="DET" frMUSAS="Z5">la</w><w frlemma="rue" frpos="NOUN" frMUSAS="M3/H3">rue</w><w frlemma="de" frpos="ADP" frMUSAS="Z5">de</w><w frlemma="Grenelle" frpos="PROPN" frMUSAS="Z99">Grenelle</w><w frlemma="," frpos="PUNCT" frMUSAS="PUNCT">,</w><w frlemma="nous" frpos="PRON" frMUSAS="Z8">nous</w><w frlemma="garder" frpos="VERB" frMUSAS="A9+">garderons</w><w frlemma="le" frpos="DET" frMUSAS="Z5">le</w><w frlemma="souvenir" frpos="NOUN" frMUSAS="Z99">souvenir</w><w frlemma="de" frpos="ADP" frMUSAS="Z5">de</w><w frlemma="ce" frpos="DET" frMUSAS="Z5">ce</w><w frlemma="chef" frpos="NOUN" frMUSAS="Z99">chef</w><w frlemma="à" frpos="ADP" frMUSAS="Z5">à</w><w frlemma="le" frpos="DET" frMUSAS="Z5">la</w><w frlemma="fois" frpos="NOUN" frMUSAS="Z99">fois</w><w frlemma="cordial" frpos="ADJ" frMUSAS="Z99">cordial</w><w frlemma="et" frpos="CCONJ" frMUSAS="Z5">et</w><w frlemma="froid" frpos="ADJ" frMUSAS="B2-">froid</w><w frlemma="," frpos="PUNCT" frMUSAS="PUNCT">,</w><w frlemma="sobre" frpos="NOUN" frMUSAS="Z99">sobre</w><w frlemma="de" frpos="ADP" frMUSAS="Z5">de</w><w frlemma="geste" frpos="NOUN" frMUSAS="Q1.1/B1">gestes</w><w frlemma="et" frpos="CCONJ" frMUSAS="Z5">et</w><w frlemma="de" frpos="ADP" frMUSAS="Z5">de</w><w frlemma="parole" frpos="NOUN" frMUSAS="Q3">paroles</w><w frlemma="," frpos="PUNCT" frMUSAS="PUNCT">,</w><w frlemma="attentif" frpos="NOUN" frMUSAS="Z99">attentif</w><w frlemma="à" frpos="ADP" frMUSAS="Z5">à</w><w frlemma="vous" frpos="PRON" frMUSAS="Z8mf">vous</w><w frlemma="écouter" frpos="VERB" frMUSAS="Z99">écouter</w><w frlemma="," frpos="PUNCT" frMUSAS="PUNCT">,</w><w frlemma="bref" frpos="ADV" frMUSAS="Q1.2">bref</w><w frlemma="à" frpos="ADP" frMUSAS="Z5">à</w><w frlemma="vous" frpos="PRON" frMUSAS="Z8mf">vous</w><w frlemma="répondre" frpos="VERB" frMUSAS="Q2.2">répondre</w><w frlemma="et" frpos="CCONJ" frMUSAS="Z5">et</w><w frlemma="quelquefois" frpos="ADV" frMUSAS="N6">quelquefois</w><w frlemma="à" frpos="ADP" frMUSAS="Z5">à</w><w frlemma="vous" frpos="PRON" frMUSAS="Z8mf">vous</w><w frlemma="reprendre" frpos="VERB" frMUSAS="Z99">reprendre</w><w frlemma="," frpos="PUNCT" frMUSAS="PUNCT">,</w><w frlemma="savoir" frpos="VERB" frMUSAS="X2.2+">sachant</w><w frlemma="aussi" frpos="ADV" frMUSAS="Z99">aussi</w><w frlemma="souvent" frpos="ADV" frMUSAS="N6+">souvent</w><w frlemma="garder" frpos="VERB" frMUSAS="A9+">garder</w><w frlemma="un" frpos="DET" frMUSAS="Z5">un</w><w frlemma="silence" frpos="NOUN" frMUSAS="X3.2-">silence</w><w frlemma="éloquent" frpos="ADV" frMUSAS="Z99">éloquent</w><w frlemma="." frpos="PUNCT" frMUSAS="PUNCT">.</w><w frlemma="ce" frpos="PRON" frMUSAS="Z8">Ce</w><w frlemma="que" frpos="PRON" frMUSAS="Z8">qu'</w><w frlemma="il" frpos="PRON" frMUSAS="Z8">il</w><w frlemma="avoir" frpos="AUX" frMUSAS="A9+">a</w><w frlemma="faire" frpos="VERB" frMUSAS="Z99">fait</w><w frlemma="pour" frpos="ADP" frMUSAS="Z5">pour</w><w frlemma="le" frpos="DET" frMUSAS="Z5">l'</w><w frlemma="Institut" frpos="PROPN" frMUSAS="P1/S5+c">Institut</w><w frlemma="de" frpos="ADP" frMUSAS="Z5">du</w><w frlemma="caire" frpos="NOUN" frMUSAS="Z99">Caire</w><w frlemma="être" frpos="AUX" frMUSAS="M6">est</w><w frlemma="malaiser" frpos="VERB" frMUSAS="Z99">malaisé</w><w frlemma="à" frpos="ADP" frMUSAS="Z5">à</w><w frlemma="dire" frpos="VERB" frMUSAS="Q2.1">dire</w><w frlemma="en" frpos="ADP" frMUSAS="Z5">en</w><w frlemma="quelque" frpos="DET" frMUSAS="A13.5">quelques</w><w frlemma="mot" frpos="NOUN" frMUSAS="Q3">mots</w><w frlemma="." frpos="PUNCT" frMUSAS="PUNCT">.</w><w frlemma="il" frpos="PRON" frMUSAS="Z8">Il</w><w frlemma="falloir" frpos="VERB" frMUSAS="Z99">faudrait</w><w frlemma="énumérer" frpos="VERB" frMUSAS="N1/N4">énumérer</w><w frlemma="le" frpos="DET" frMUSAS="Z5">les</w><w frlemma="mille" frpos="NUM" frMUSAS="Z5">mille</w><w frlemma="circonstance" frpos="NOUN" frMUSAS="O4.1">circonstances</w><w frlemma="où" frpos="PRON" frMUSAS="Z8">où</w><w frlemma="nous" frpos="PRON" frMUSAS="Z8">nous</w><w frlemma="devoir" frpos="VERB" frMUSAS="Z99">devions</w><w frlemma="recourir" frpos="VERB" frMUSAS="Z99">recourir</w><w frlemma="à" frpos="ADP" frMUSAS="Z5">à</w><w frlemma="le" frpos="DET" frMUSAS="Z5">l'</w><w frlemma="autorité" frpos="NOUN" frMUSAS="G1.1c">autorité</w><w frlemma="de" frpos="ADP" frMUSAS="Z5">d'</w><w frlemma="un" frpos="DET" frMUSAS="Z5">un</w><w frlemma="directeur" frpos="NOUN" frMUSAS="S7.1+/S2mf">directeur</w><w frlemma="avertir" frpos="VERB" frMUSAS="X2.2+/A15-">averti</w><w frlemma="à" frpos="ADP" frMUSAS="Z5">à</w><w frlemma="le" frpos="DET" frMUSAS="Z5">la</w><w frlemma="fois" frpos="NOUN" frMUSAS="Z99">fois</w><w frlemma="de" frpos="ADP" frMUSAS="Z5">des</w><w frlemma="possibilité" frpos="NOUN" frMUSAS="A7+">possibilités</w><w frlemma="administralive" frpos="ADJ" frMUSAS="Z99">administralives</w><w frlemma="et" frpos="CCONJ" frMUSAS="Z5">et</w><w frlemma="de" frpos="ADP" frMUSAS="Z5">des</w><w frlemma="exigence" frpos="NOUN" frMUSAS="Z99">exigences</w><w frlemma="de" frpos="ADP" frMUSAS="Z5">d'</w><w frlemma="un" frpos="DET" frMUSAS="Z5">un</w><w frlemma="établissement" frpos="NOUN" frMUSAS="Z99">établissement</w><pb n="270"/><w frlemma="soumettre" frpos="VERB" frMUSAS="A9-">soumis</w><w frlemma="," frpos="PUNCT" frMUSAS="PUNCT">,</w><w frlemma="comme" frpos="SCONJ" frMUSAS="Z5">comme</w><w frlemma="le" frpos="DET" frMUSAS="Z5">le</w><w frlemma="nôtre" frpos="NOUN" frMUSAS="Z99">nôtre</w><w frlemma="," frpos="PUNCT" frMUSAS="PUNCT">,</w><w frlemma="à" frpos="ADP" frMUSAS="Z5">à</w><w frlemma="un" frpos="DET" frMUSAS="Z5">des</w><w frlemma="règlement" frpos="NOUN" frMUSAS="Z99">règlements</w><w frlemma="de" frpos="ADP" frMUSAS="Z5">d'</w><w frlemma="un" frpos="DET" frMUSAS="Z5">une</w><w frlemma="rigidité" frpos="NOUN" frMUSAS="Z99">rigidité</w><w frlemma="salutaire" frpos="ADJ" frMUSAS="Z99">salutaire</w><w frlemma="," frpos="PUNCT" frMUSAS="PUNCT">,</w><w frlemma="mais" frpos="CCONJ" frMUSAS="Z5">mais</w><w frlemma="difficile" frpos="ADJ" frMUSAS="A12-">difficiles</w><w frlemma="à" frpos="ADP" frMUSAS="Z5">à</w><w frlemma="concilier" frpos="NOUN" frMUSAS="A6.1">concilier</w><w frlemma="avec" frpos="ADP" frMUSAS="Z5">avec</w><w frlemma="le" frpos="DET" frMUSAS="Z5">les</w><w frlemma="devoir" frpos="NOUN" frMUSAS="Z99">devoirs</w><w frlemma="varier" frpos="ADJ" frMUSAS="Z99">variés</w><w frlemma="et" frpos="CCONJ" frMUSAS="Z5">et</w><w frlemma="souvent" frpos="ADV" frMUSAS="N6+">souvent</w><w frlemma="imprévu" frpos="ADJ" frMUSAS="Z99">imprévus</w><w frlemma="de" frpos="ADP" frMUSAS="Z5">de</w><w frlemma="son" frpos="DET" frMUSAS="Z5">sa</w><w frlemma="mission" frpos="NOUN" frMUSAS="X7+">mission</w><w frlemma="et" frpos="CCONJ" frMUSAS="Z5">et</w><w frlemma="le" frpos="DET" frMUSAS="Z5">la</w><w frlemma="diversité" frpos="NOUN" frMUSAS="A6.3+">diversité</w><w frlemma="de" frpos="ADP" frMUSAS="Z5">des</w><w frlemma="personne" frpos="NOUN" frMUSAS="Z99">personnes</w><w frlemma="appeler" frpos="VERB" frMUSAS="Q2.2">appelées</w><w frlemma="à" frpos="ADP" frMUSAS="Z5">à</w><w frlemma="collaborer" frpos="VERB" frMUSAS="Z99">collaborer</w><w frlemma="à" frpos="ADP" frMUSAS="Z5">à</w><w frlemma="son" frpos="DET" frMUSAS="Z5">son</w><w frlemma="œuvre" frpos="NOUN" frMUSAS="Z99">œuvre</w><w frlemma="." frpos="PUNCT" frMUSAS="PUNCT">.</w><w frlemma="que" frpos="SCONJ" frMUSAS="Z5">Que</w><w frlemma="de" frpos="ADP" frMUSAS="Z5">de</w><w frlemma="fois" frpos="NOUN" frMUSAS="Z99">fois</w><w frlemma="," frpos="PUNCT" frMUSAS="PUNCT">,</w><w frlemma="quand" frpos="SCONJ" frMUSAS="Z5">quand</w><w frlemma="nous" frpos="PRON" frMUSAS="Z8">nous</w><w frlemma="craindre" frpos="VERB" frMUSAS="Z99">craignions</w><w frlemma="de" frpos="ADP" frMUSAS="Z5">de</w><w frlemma="nous" frpos="PRON" frMUSAS="Z8">nous</w><w frlemma="fourvoyer" frpos="VERB" frMUSAS="Z99">fourvoyer</w><w frlemma="dans" frpos="ADP" frMUSAS="Z5">dans</w><w frlemma="un" frpos="DET" frMUSAS="Z5">une</w><w frlemma="impasse" frpos="NOUN" frMUSAS="Z99">impasse</w><w frlemma="," frpos="PUNCT" frMUSAS="PUNCT">,</w><w frlemma="avon" frpos="NOUN" frMUSAS="Z99">avons</w><w frlemma="nous" frpos="PRON" frMUSAS="Z8">-nous</w><w frlemma="voir" frpos="VERB" frMUSAS="X3.4">vu</w><w frlemma="Cavalier" frpos="PROPN" frMUSAS="Z99">Cavalier</w><w frlemma="," frpos="PUNCT" frMUSAS="PUNCT">,</w><w frlemma="par" frpos="ADP" frMUSAS="M6">par</w><w frlemma="un" frpos="DET" frMUSAS="Z5">une</w><w frlemma="interprétation" frpos="NOUN" frMUSAS="X2.5+">interprétation</w><w frlemma="ingénieux" frpos="ADJ" frMUSAS="Z99">ingénieuse</w><w frlemma="et" frpos="CCONJ" frMUSAS="Z5">et</w><w frlemma="incontestable" frpos="ADJ" frMUSAS="Z99">incontestable</w><w frlemma="de" frpos="ADP" frMUSAS="Z5">des</w><w frlemma="texte" frpos="NOUN" frMUSAS="Q1.2">textes</w><w frlemma="," frpos="PUNCT" frMUSAS="PUNCT">,</w><w frlemma="par" frpos="ADP" frMUSAS="M6">par</w><w frlemma="son" frpos="DET" frMUSAS="Z5">son</w><w frlemma="art" frpos="NOUN" frMUSAS="C1">art</w><w frlemma="de" frpos="ADP" frMUSAS="Z5">d'</w><w frlemma="user" frpos="VERB" frMUSAS="Z99">user</w><w frlemma="de" frpos="ADP" frMUSAS="Z5">de</w><w frlemma="tout" frpos="ADJ" frMUSAS="Z8">toutes</w><w frlemma="le" frpos="DET" frMUSAS="Z5">les</w><w frlemma="ressource" frpos="NOUN" frMUSAS="A9+">ressources</w><w frlemma="," frpos="PUNCT" frMUSAS="PUNCT">,</w><w frlemma="que" frpos="SCONJ" frMUSAS="Z5">que</w><w frlemma="le" frpos="DET" frMUSAS="Z5">les</w><w frlemma="institution" frpos="NOUN" frMUSAS="S5+c">institutions</w><w frlemma="de" frpos="ADP" frMUSAS="Z5">de</w><w frlemma="le" frpos="DET" frMUSAS="Z5">l'</w><w frlemma="enseignement" frpos="NOUN" frMUSAS="Z99">Enseignement</w><w frlemma="Supérieur" frpos="PROPN" frMUSAS="A5.1++">Supérieur</w><w frlemma="luire" frpos="PRON" frMUSAS="Z8">lui</w><w frlemma="fournir" frpos="ADV" frMUSAS="Z99">fournissaient</w><w frlemma="," frpos="PUNCT" frMUSAS="PUNCT">,</w><w frlemma="trouver" frpos="VERB" frMUSAS="A10+">trouver</w><w frlemma="le" frpos="DET" frMUSAS="Z5">la</w><w frlemma="solution" frpos="NOUN" frMUSAS="X4.2">solution</w><w frlemma="de" frpos="ADP" frMUSAS="Z5">d'</w><w frlemma="un" frpos="DET" frMUSAS="Z5">un</w><w frlemma="problème" frpos="NOUN" frMUSAS="A12-">problème</w><w frlemma="qui" frpos="PRON" frMUSAS="Z8">qui</w><w frlemma="paraître" frpos="VERB" frMUSAS="A8">paraissait</w><w frlemma="inextricable" frpos="ADJ" frMUSAS="Z99">inextricable</w><w frlemma="." frpos="PUNCT" frMUSAS="PUNCT">.</w><w frlemma="ce" frpos="DET" frMUSAS="Z5">Cette</w><w frlemma="solution" frpos="NOUN" frMUSAS="X4.2">solution</w><w frlemma="1l" frpos="NUM" frMUSAS="N1">1l</w><w frlemma="savoir" frpos="VERB" frMUSAS="X2.2+">savait</w><w frlemma="le" frpos="PRON" frMUSAS="Z8">la</w><w frlemma="faire" frpos="VERB" frMUSAS="Z99">faire</w><w frlemma="accepter" frpos="VERB" frMUSAS="A9+">accepter</w><w frlemma="au" frpos="ADP" frMUSAS="Z5">au</w><w frlemma="point" frpos="NOUN" frMUSAS="A10+">point</w><w frlemma="que" frpos="SCONJ" frMUSAS="Z5">que</w><w frlemma="," frpos="PUNCT" frMUSAS="PUNCT">,</w><w frlemma="considérer" frpos="VERB" frMUSAS="X2.1">considérée</w><w frlemma="bientôt" frpos="ADV" frMUSAS="T1.1.3/N3.8+">bientôt</w><w frlemma="comme" frpos="ADP" frMUSAS="Z5">comme</w><w frlemma="le" frpos="DET" frMUSAS="Z5">la</w><w frlemma="seul" frpos="ADJ" frMUSAS="Z99">seule</w><w frlemma="possible" frpos="ADJ" frMUSAS="A7+">possible</w><w frlemma="," frpos="PUNCT" frMUSAS="PUNCT">,</w><w frlemma="le" frpos="DET" frMUSAS="Z5">le</w><w frlemma="zèle" frpos="NOUN" frMUSAS="Z99">zèle</w><w frlemma="de" frpos="ADP" frMUSAS="Z5">de</w><w frlemma="tout" frpos="ADJ" frMUSAS="Z8">tous</w><w frlemma="son" frpos="DET" frMUSAS="Z5">ses</w><w frlemma="service" frpos="NOUN" frMUSAS="A1.1.1">services</w><w frlemma="se" frpos="PRON" frMUSAS="Z8">s'</w><w frlemma="eflorcer" frpos="VERB" frMUSAS="Z99">eflorcait</w><w frlemma="de" frpos="ADP" frMUSAS="Z5">d'</w><w frlemma="en" frpos="PRON" frMUSAS="Z8">en</w><w frlemma="assurer" frpos="VERB" frMUSAS="Z99">assurer</w><w frlemma="le" frpos="DET" frMUSAS="Z5">le</w><w frlemma="succès" frpos="NOUN" frMUSAS="X9.2+">succès</w><w frlemma="." frpos="PUNCT" frMUSAS="PUNCT">.</w></p><p><w frlemma="je" frpos="PRON" frMUSAS="Z8mf">Je</w><w frlemma="ne" frpos="ADV" frMUSAS="Z6">ne</w><w frlemma="croire" frpos="VERB" frMUSAS="X2.1">crois</w><w frlemma="pas" frpos="ADV" frMUSAS="Z99">pas</w><w frlemma="me" frpos="PRON" frMUSAS="Z8">me</w><w frlemma="tromper" frpos="VERB" frMUSAS="A5.2-">tromper</w><w frlemma="en" frpos="ADP" frMUSAS="Z5">en</w><w frlemma="écrire" frpos="VERB" frMUSAS="Q1.2">écrivant</w><w frlemma="ici" frpos="ADV" frMUSAS="M6">ici</w><w frlemma="que" frpos="SCONJ" frMUSAS="Z5">que</w><w frlemma="Cavalier" frpos="PROPN" frMUSAS="Z99">Cavalier</w><w frlemma="aimer" frpos="VERB" frMUSAS="Z99">aimait</w><w frlemma="notre" frpos="DET" frMUSAS="Z5">nos</w><w frlemma="vieux" frpos="ADJ" frMUSAS="T3+">vieilles</w><w frlemma="école" frpos="NOUN" frMUSAS="P1">écoles</w><w frlemma="archéologique" frpos="ADJ" frMUSAS="Z99">archéologiques</w><w frlemma="et" frpos="CCONJ" frMUSAS="Z5">et</w><w frlemma="que" frpos="SCONJ" frMUSAS="Z5">que</w><w frlemma="le" frpos="DET" frMUSAS="Z5">l'</w><w frlemma="Institut" frpos="PROPN" frMUSAS="P1/S5+c">Institut</w><w frlemma="de" frpos="ADP" frMUSAS="Z5">du</w><w frlemma="caire" frpos="NOUN" frMUSAS="Z99">Caire</w><w frlemma="luire" frpos="PRON" frMUSAS="Z8">lui</w><w frlemma="inspirer" frpos="VERB" frMUSAS="S8+">inspirait</w><w frlemma="un" frpos="DET" frMUSAS="Z5">une</w><w frlemma="particulière" frpos="NOUN" frMUSAS="Z99">particulière</w><w frlemma="sympathi" frpos="ADJ" frMUSAS="Z99">sympathie</w><w frlemma="." frpos="PUNCT" frMUSAS="PUNCT">.</w><w frlemma="se" frpos="PRON" frMUSAS="Z8">S'</w><w frlemma="entourer" frpos="VERB" frMUSAS="M6">entourant</w><w frlemma="un" frpos="DET" frMUSAS="Z5">des</w><w frlemma="conseil" frpos="NOUN" frMUSAS="Z99">conseils</w><w frlemma="le" frpos="DET" frMUSAS="Z5">les</w><w frlemma="plus" frpos="ADV" frMUSAS="Z5">plus</w><w frlemma="compétent" frpos="NOUN" frMUSAS="X9.1+">compétents</w><w frlemma="," frpos="PUNCT" frMUSAS="PUNCT">,</w><w frlemma="il" frpos="PRON" frMUSAS="Z8">il</w><w frlemma="veiller" frpos="VERB" frMUSAS="Z99">veillait</w><w frlemma="à" frpos="ADP" frMUSAS="Z5">à</w><w frlemma="son" frpos="DET" frMUSAS="Z5">son</w><w frlemma="recrutement" frpos="NOUN" frMUSAS="Z99">recrutement</w><w frlemma="avec" frpos="ADP" frMUSAS="Z5">avec</w><w frlemma="le" frpos="DET" frMUSAS="Z5">le</w><w frlemma="soin" frpos="NOUN" frMUSAS="E6-">soin</w><w frlemma="le" frpos="DET" frMUSAS="Z5">le</w><w frlemma="plus" frpos="ADV" frMUSAS="Z5">plus</w><w frlemma="attentif" frpos="NOUN" frMUSAS="Z99">attentif</w><w frlemma="," frpos="PUNCT" frMUSAS="PUNCT">,</w><w frlemma="soucieux" frpos="VERB" frMUSAS="Z99">soucieux</w><w frlemma="de" frpos="ADP" frMUSAS="Z5">d'</w><w frlemma="en" frpos="PRON" frMUSAS="Z8">en</w><w frlemma="maintenir" frpos="VERB" frMUSAS="A9+">maintenir</w><w frlemma="le" frpos="DET" frMUSAS="Z5">la</w><w frlemma="qualité" frpos="NOUN" frMUSAS="A5.1">qualité</w><w frlemma="," frpos="PUNCT" frMUSAS="PUNCT">,</w><w frlemma="et" frpos="CCONJ" frMUSAS="Z5">et</w><w frlemma="de" frpos="ADP" frMUSAS="Z5">de</w><w frlemma="resserrer" frpos="VERB" frMUSAS="Z99">resserrer</w><w frlemma="le" frpos="DET" frMUSAS="Z5">les</w><w frlemma="lien" frpos="NOUN" frMUSAS="Z99">liens</w><w frlemma="de" frpos="ADP" frMUSAS="Z5">de</w><w frlemma="notre" frpos="DET" frMUSAS="Z8">notre</w><w frlemma="maison" frpos="NOUN" frMUSAS="H1">maison</w><w frlemma="avec" frpos="ADP" frMUSAS="Z5">avec</w><w frlemma="le" frpos="DET" frMUSAS="Z5">les</w><w frlemma="université" frpos="NOUN" frMUSAS="P1/H1c">Universités</w><w frlemma="," frpos="PUNCT" frMUSAS="PUNCT">,</w><w frlemma="et" frpos="CCONJ" frMUSAS="Z5">et</w><w frlemma="," frpos="PUNCT" frMUSAS="PUNCT">,</w><w frlemma="sur" frpos="ADP" frMUSAS="Z5">sur</w><w frlemma="ce" frpos="DET" frMUSAS="Z5">ce</w><w frlemma="point" frpos="NOUN" frMUSAS="A10+">point</w><w frlemma="comme" frpos="ADP" frMUSAS="Z5">comme</w><w frlemma="sur" frpos="ADP" frMUSAS="Z5">sur</w><w frlemma="lou" frpos="NOUN" frMUSAS="Z99">lous</w><w frlemma="le" frpos="DET" frMUSAS="Z5">les</w><w frlemma="autre" frpos="ADJ" frMUSAS="A6.1-">autres</w><w frlemma="," frpos="PUNCT" frMUSAS="PUNCT">,</w><w frlemma="nous" frpos="PRON" frMUSAS="Z8">nous</w><w frlemma="nous" frpos="PRON" frMUSAS="Z8">nous</w><w frlemma="élier" frpos="VERB" frMUSAS="Z99">élions</w><w frlemma="trouver" frpos="VERB" frMUSAS="A10+">trouvés</w><w frlemma="de" frpos="ADP" frMUSAS="Z5">d'</w><w frlemma="accord" frpos="NOUN" frMUSAS="A6.1+">accord</w><w frlemma="dès" frpos="ADP" frMUSAS="Z5">dès</w><w frlemma="le" frpos="DET" frMUSAS="Z5">le</w><w frlemma="début" frpos="NOUN" frMUSAS="T2+">début</w><w frlemma="." frpos="PUNCT" frMUSAS="PUNCT">.</w><w frlemma="se" frpos="SCONJ" frMUSAS="Z8">S'</w><w frlemma="il" frpos="PRON" frMUSAS="Z8">il</w><w frlemma="avoir" frpos="ADV" frMUSAS="A9+">eût</w><w frlemma="véeu" frpos="ADJ" frMUSAS="Z99">véeu</w><w frlemma="et" frpos="CCONJ" frMUSAS="Z5">et</w><w frlemma="si" frpos="SCONJ" frMUSAS="Z5">si</w><w frlemma="le" frpos="DET" frMUSAS="Z5">les</w><w frlemma="condition" frpos="NOUN" frMUSAS="B4">conditions</w><w frlemma="de" frpos="ADP" frMUSAS="Z5">de</w><w frlemma="notre" frpos="DET" frMUSAS="Z8">notre</w><w frlemma="vie" frpos="NOUN" frMUSAS="L1+">vie</w><w frlemma="français" frpos="ADJ" frMUSAS="Z2">française</w><w frlemma="ne" frpos="ADV" frMUSAS="Z6">ne</w><w frlemma="se" frpos="PRON" frMUSAS="Z8">s'</w><w frlemma="être" frpos="AUX" frMUSAS="Z99">étaient</w><w frlemma="pas" frpos="ADV" frMUSAS="Z99">pas</w><w frlemma="tout" frpos="ADV" frMUSAS="Z8">tout</w><w frlemma="de" frpos="ADP" frMUSAS="Z5">d'</w><w frlemma="un" frpos="DET" frMUSAS="Z5">un</w><w frlemma="coup" frpos="NOUN" frMUSAS="Z99">coup</w><w frlemma="fâcheusement" frpos="ADV" frMUSAS="Z99">fâcheusement</w><w frlemma="altérer" frpos="VERB" frMUSAS="Z99">altérées</w><w frlemma="," frpos="PUNCT" frMUSAS="PUNCT">,</w><w frlemma="il" frpos="PRON" frMUSAS="Z8">Il</w><w frlemma="être" frpos="AUX" frMUSAS="Z99">serait</w><w frlemma="parvenir" frpos="VERB" frMUSAS="Z99">parvenu</w><w frlemma="à" frpos="ADP" frMUSAS="Z5">à</w><w frlemma="créer" frpos="VERB" frMUSAS="A1.1.1">créer</w><w frlemma="dans" frpos="ADP" frMUSAS="Z5">dans</w><w frlemma="le" frpos="DET" frMUSAS="Z5">les</w><w frlemma="faculté" frpos="NOUN" frMUSAS="Z99">Facultés</w><w frlemma="de" frpos="ADP" frMUSAS="Z5">des</w><w frlemma="lettre" frpos="NOUN" frMUSAS="Q1.2">Lettres</w><w frlemma="ce" frpos="DET" frMUSAS="Z5">cet</w><w frlemma="enseignement" frpos="NOUN" frMUSAS="Z99">enseignement</w><w frlemma="de" frpos="ADP" frMUSAS="Z5">d'</w><w frlemma="histoire" frpos="NOUN" frMUSAS="Z99">Histoire</w><w frlemma="de" frpos="ADP" frMUSAS="Z5">de</w><w frlemma="le" frpos="DET" frMUSAS="Z5">l'</w><w frlemma="Orient" frpos="PROPN" frMUSAS="Z99">Orient</w><w frlemma="," frpos="PUNCT" frMUSAS="PUNCT">,</w><w frlemma="qui" frpos="PRON" frMUSAS="Z8">qui</w><w frlemma="ne" frpos="ADV" frMUSAS="Z6">ne</w><w frlemma="devoir" frpos="VERB" frMUSAS="Z99">devrait</w><w frlemma="manquer" frpos="VERB" frMUSAS="A5.3-">manquer</w><w frlemma="à" frpos="ADP" frMUSAS="Z5">à</w><w frlemma="aucun" frpos="DET" frMUSAS="Z99">aucune</w><w frlemma="université" frpos="NOUN" frMUSAS="P1/H1c">Université</w><w frlemma="digne" frpos="ADJ" frMUSAS="Z99">digne</w><w frlemma="de" frpos="ADP" frMUSAS="Z5">de</w><w frlemma="ce" frpos="DET" frMUSAS="Z5">ce</w><w frlemma="nom" frpos="NOUN" frMUSAS="Q2.2">nom</w><w frlemma="," frpos="PUNCT" frMUSAS="PUNCT">,</w><w frlemma="et" frpos="CCONJ" frMUSAS="Z5">et</w><w frlemma="qui" frpos="PRON" frMUSAS="Z8">qui</w><w frlemma="eüt" frpos="PRON" frMUSAS="Z99">eüt</w><w frlemma="assurer" frpos="VERB" frMUSAS="Z99">assuré</w><w frlemma="à" frpos="ADP" frMUSAS="Z5">à</w><w frlemma="le" frpos="DET" frMUSAS="Z5">la</w><w frlemma="fois" frpos="NOUN" frMUSAS="Z99">fois</w><w frlemma="un" frpos="DET" frMUSAS="Z5">un</w><w frlemma="publie" frpos="NOUN" frMUSAS="Z99">publie</w><w frlemma="pour" frpos="ADP" frMUSAS="Z5">pour</w><w frlemma="le" frpos="DET" frMUSAS="Z5">les</w><w frlemma="orientaliste" frpos="NOUN" frMUSAS="Z99">orientalistes</w><w frlemma="," frpos="PUNCT" frMUSAS="PUNCT">,</w><w frlemma="le" frpos="DET" frMUSAS="Z5">le</w><w frlemma="sérieux" frpos="PROPN" frMUSAS="A11.1+">sérieux</w><w frlemma="de" frpos="ADP" frMUSAS="Z5">des</w><w frlemma="vocation" frpos="NOUN" frMUSAS="Z99">vocations</w><w frlemma="," frpos="PUNCT" frMUSAS="PUNCT">,</w><w frlemma="et" frpos="CCONJ" frMUSAS="Z5">et</w><w frlemma="un" frpos="DET" frMUSAS="Z5">un</w><w frlemma="débouché" frpos="NOUN" frMUSAS="Z99">débouché</w><w frlemma="pour" frpos="ADP" frMUSAS="Z5">pour</w><w frlemma="le" frpos="DET" frMUSAS="Z5">les</w><w frlemma="jeune" frpos="ADJ" frMUSAS="T3-">jeunes</w><w frlemma="gens" frpos="NOUN" frMUSAS="S2">gens</w><w frlemma="qui" frpos="PRON" frMUSAS="Z8">qui</w><w frlemma="se" frpos="PRON" frMUSAS="Z8">se</w><w frlemma="jeter" frpos="VERB" frMUSAS="M2">jettent</w><w frlemma="courageusement" frpos="ADV" frMUSAS="Z99">courageusement</w><w frlemma="dans" frpos="ADP" frMUSAS="Z5">dans</w><w frlemma="un" frpos="DET" frMUSAS="Z5">une</w><w frlemma="carrière" frpos="NOUN" frMUSAS="I3.1">carrière</w><w frlemma="difficile" frpos="ADJ" frMUSAS="A12-">difficile</w><w frlemma="." frpos="PUNCT" frMUSAS="PUNCT">.</w><w frlemma="mais" frpos="CCONJ" frMUSAS="Z5">Mais</w><w frlemma="il" frpos="PRON" frMUSAS="Z8">il</w><w frlemma="ne" frpos="ADV" frMUSAS="Z6">ne</w><w frlemma="se" frpos="PRON" frMUSAS="Z8">se</w><w frlemma="contenter" frpos="VERB" frMUSAS="Z99">contentait</w><w frlemma="pas" frpos="ADV" frMUSAS="Z99">pas</w><w frlemma="de" frpos="ADP" frMUSAS="Z5">de</w><w frlemma="poser" frpos="VERB" frMUSAS="Z99">poser</w><w frlemma="le" frpos="DET" frMUSAS="Z5">les</w><w frlemma="principe" frpos="NOUN" frMUSAS="X4.1">principes</w><w frlemma="et" frpos="CCONJ" frMUSAS="Z5">et</w><w frlemma="de" frpos="ADP" frMUSAS="Z5">de</w><w frlemma="prendre" frpos="VERB" frMUSAS="A9+">prendre</w><w frlemma="le" frpos="DET" frMUSAS="Z5">les</w><w frlemma="mesure" frpos="NOUN" frMUSAS="N3.1">mesures</w><w frlemma="général" frpos="ADJ" frMUSAS="G3/S7.1+/S2mf">générales</w><w frlemma="propre" frpos="ADJ" frMUSAS="Z99">propres</w><w frlemma="à" frpos="ADP" frMUSAS="Z5">à</w><w frlemma="soulenir" frpos="VERB" frMUSAS="Z99">soulenir</w><w frlemma="notre" frpos="DET" frMUSAS="Z8">notre</w><w frlemma="effort" frpos="NOUN" frMUSAS="X8+">effort</w><w frlemma=";" frpos="PUNCT" frMUSAS="PUNCT">;</w><w frlemma="1l" frpos="NUM" frMUSAS="N1">1l</w><w frlemma="nous" frpos="PRON" frMUSAS="Z8">nous</w><w frlemma="suivre" frpos="VERB" frMUSAS="M1">suivait</w><w frlemma="dans" frpos="ADP" frMUSAS="Z5">dans</w><w frlemma="notre" frpos="DET" frMUSAS="Z8">notre</w><w frlemma="vie" frpos="NOUN" frMUSAS="L1+">vie</w><w frlemma="quotidien" frpos="VERB" frMUSAS="Q4.2">quotidienne</w><w frlemma="," frpos="PUNCT" frMUSAS="PUNCT">,</w><w frlemma="qui" frpos="PRON" frMUSAS="Z8">qui</w><w frlemma="généralement" frpos="ADV" frMUSAS="A6.2+">généralement</w><w frlemma="très" frpos="ADV" frMUSAS="A13.3">très</w><w frlemma="unie" frpos="NOUN" frMUSAS="Z99">unie</w><w frlemma="," frpos="PUNCT" frMUSAS="PUNCT">,</w><w frlemma="ne" frpos="ADV" frMUSAS="Z6">n'</w><w frlemma="avoir" frpos="AUX" frMUSAS="A9+">a</w><w frlemma="pas" frpos="ADV" frMUSAS="Z99">pas</w><w frlemma="laisser" frpos="VERB" frMUSAS="M1">laissé</w><w frlemma="parfois" frpos="ADV" frMUSAS="N6">parfois</w><w frlemma="de" frpos="ADP" frMUSAS="Z5">de</w><w frlemma="subir" frpos="VERB" frMUSAS="Z99">subir</w><w frlemma="un" frpos="DET" frMUSAS="Z5">des</w><w frlemma="crise" frpos="NOUN" frMUSAS="A12-">crises</w><w frlemma="et" frpos="CCONJ" frMUSAS="Z5">et</w><w frlemma="de" frpos="ADP" frMUSAS="Z5">d'</w><w frlemma="ètre" frpos="NOUN" frMUSAS="Z99">ètre</w><w frlemma="exposer" frpos="VERB" frMUSAS="Z99">exposée</w><w frlemma="à" frpos="ADP" frMUSAS="Z5">à</w><w frlemma="un" frpos="DET" frMUSAS="Z5">des</w><w frlemma="péril" frpos="NOUN" frMUSAS="A15-">périls</w><w frlemma="." frpos="PUNCT" frMUSAS="PUNCT">.</w><w frlemma="il" frpos="PRON" frMUSAS="Z8">Il</w><w frlemma="avoir" frpos="VERB" frMUSAS="A9+">avait</w><w frlemma="trop" frpos="ADV" frMUSAS="Z99">trop</w><w frlemma="de" frpos="ADP" frMUSAS="Z5">de</w><w frlemma="sens" frpos="NOUN" frMUSAS="Z99">sens</w><w frlemma="pour" frpos="ADP" frMUSAS="Z5">pour</w><w frlemma="se" frpos="PRON" frMUSAS="Z8">s'</w><w frlemma="en" frpos="PRON" frMUSAS="Z8">en</w><w frlemma="laisser" frpos="VERB" frMUSAS="M1">laisser</w><w frlemma="imposer" frpos="VERB" frMUSAS="S6+">imposer</w><w frlemma="par" frpos="ADP" frMUSAS="M6">par</w><w frlemma="le" frpos="DET" frMUSAS="Z5">les</w><w frlemma="passion" frpos="NOUN" frMUSAS="X5.2+">passions</w><w frlemma="et" frpos="CCONJ" frMUSAS="Z5">et</w><w frlemma="le" frpos="DET" frMUSAS="Z5">les</w><w frlemma="intrigue" frpos="NOUN" frMUSAS="Z99">intrigues</w><w frlemma=":" frpos="PUNCT" frMUSAS="PUNCT">:</w><w frlemma="on" frpos="PRON" frMUSAS="Z8">on</w><w frlemma="ne" frpos="ADV" frMUSAS="Z6">ne</w><w frlemma="luire" frpos="PRON" frMUSAS="Z8">lui</w><w frlemma="voiler" frpos="VERB" frMUSAS="A10-">voilait</w><w frlemma="pas" frpos="ADV" frMUSAS="Z99">pas</w><w frlemma="aisémer" frpos="VERB" frMUSAS="Z99">aisément</w><w frlemma="le" frpos="DET" frMUSAS="Z5">la</w><w frlemma="vérité" frpos="NOUN" frMUSAS="A5.2+">vérité</w><w frlemma="." frpos="PUNCT" frMUSAS="PUNCT">.</w><w frlemma="son" frpos="DET" frMUSAS="Z5">Son</w><w frlemma="appui" frpos="NOUN" frMUSAS="S8+">appui</w><w frlemma="loyal" frpos="VERB" frMUSAS="Z99">loyal</w><w frlemma="et" frpos="CCONJ" frMUSAS="Z5">et</w><w frlemma="clairvoyer" frpos="VERB" frMUSAS="Z99">clairvoyant</w><w frlemma="ne" frpos="ADV" frMUSAS="Z6">ne</w><w frlemma="nous" frpos="PRON" frMUSAS="Z8">nous</w><w frlemma="avoir" frpos="AUX" frMUSAS="A9+">a</w><w frlemma="pas" frpos="ADV" frMUSAS="Z99">pas</w><w frlemma="seulement" frpos="ADV" frMUSAS="A14">seulement</w><w frlemma="servir" frpos="VERB" frMUSAS="S8+">servi</w><w frlemma=":" frpos="PUNCT" frMUSAS="PUNCT">:</w><w frlemma="on" frpos="PRON" frMUSAS="Z8">on</w><w frlemma="pouvoir" frpos="VERB" frMUSAS="Z99">peut</w><w frlemma="dire" frpos="VERB" frMUSAS="Q2.1">dire</w><w frlemma="que" frpos="SCONJ" frMUSAS="Z5">qu'</w><w frlemma="il" frpos="PRON" frMUSAS="Z8">il</w><w frlemma="nous" frpos="PRON" frMUSAS="Z8">nous</w><w frlemma="à" frpos="ADP" frMUSAS="Z5">à</w><w frlemma="vraisemblablement" frpos="NOUN" frMUSAS="Z99">vraisemblablement</w><w frlemma="sauver" frpos="ADJ" frMUSAS="Z99">sauvés</w><w frlemma="." frpos="PUNCT" frMUSAS="PUNCT">.</w></p><p><w frlemma="Gomment" frpos="PROPN" frMUSAS="Z99">Gomment</w><w frlemma="se" frpos="PRON" frMUSAS="Z8">s'</w><w frlemma="étonner" frpos="VERB" frMUSAS="Z99">étonner</w><w frlemma="que" frpos="SCONJ" frMUSAS="Z5">qu'</w><w frlemma="en" frpos="ADP" frMUSAS="Z5">en</w><w frlemma="1936" frpos="NUM" frMUSAS="N1">1936</w><w frlemma="1l" frpos="NUM" frMUSAS="N1">1l</w><w frlemma="avoir" frpos="AUX" frMUSAS="A9+">ait</w><w frlemma="avoir" frpos="VERB" frMUSAS="A9+">eu</w><w frlemma="le" frpos="DET" frMUSAS="Z5">le</w><w frlemma="désir" frpos="NOUN" frMUSAS="X7+">désir</w><w frlemma="de" frpos="ADP" frMUSAS="Z5">de</w><w frlemma="nous" frpos="PRON" frMUSAS="Z8">nous</w><w frlemma="rendre" frpos="VERB" frMUSAS="Z99">rendre</w><w frlemma="visiter" frpos="VERB" frMUSAS="S1.1.1">visite</w><w frlemma="?" frpos="PUNCT" frMUSAS="PUNCT">?</w><w frlemma="au" frpos="ADP" frMUSAS="Z5">Au</w><w frlemma="cours" frpos="NOUN" frMUSAS="M1">cours</w><w frlemma="de" frpos="ADP" frMUSAS="Z5">de</w><w frlemma="le" frpos="DET" frMUSAS="Z5">l'</w><w frlemma="existence" frpos="NOUN" frMUSAS="A3+">existence</w><w frlemma="le" frpos="DET" frMUSAS="Z5">la</w><w frlemma="plus" frpos="ADV" frMUSAS="Z5">plus</w><w frlemma="charger" frpos="VERB" frMUSAS="Z99">chargée</w><w frlemma="," frpos="PUNCT" frMUSAS="PUNCT">,</w><w frlemma="1l" frpos="NUM" frMUSAS="N1">1l</w><w frlemma="savoir" frpos="VERB" frMUSAS="X2.2+">sait</w><w frlemma="se" frpos="PRON" frMUSAS="Z8">se</w><w frlemma="ménager" frpos="VERB" frMUSAS="Z99">ménager</w><w frlemma="le" frpos="DET" frMUSAS="Z5">le</w><w frlemma="temps" frpos="NOUN" frMUSAS="T1">temps</w><w frlemma="de" frpos="ADP" frMUSAS="Z5">de</w><w frlemma="ce" frpos="DET" frMUSAS="Z5">cette</w><w frlemma="enquête" frpos="NOUN" frMUSAS="Z99">enquête</w><w frlemma="nécessaire" frpos="ADJ" frMUSAS="Z99">nécessaire</w><w frlemma="." frpos="PUNCT" frMUSAS="PUNCT">.</w><w frlemma="le" frpos="DET" frMUSAS="Z5">L'</w><w frlemma="avion" frpos="NOUN" frMUSAS="A1.1.1/O4.5">avion</w><w frlemma="le" frpos="PRON" frMUSAS="Z8">le</w><w frlemma="porte" frpos="VERB" frMUSAS="H2">porte</w><w frlemma="en" frpos="ADP" frMUSAS="Z5">en</w><w frlemma="Syrie" frpos="PROPN" frMUSAS="Z99">Syrie</w><w frlemma="," frpos="PUNCT" frMUSAS="PUNCT">,</w><w frlemma="pouvoir" frpos="CCONJ" frMUSAS="Z99">puis</w><w frlemma="en" frpos="ADP" frMUSAS="Z5">en</w><w frlemma="egypte" frpos="NOUN" frMUSAS="Z99">Egypte</w><w frlemma="." frpos="PUNCT" frMUSAS="PUNCT">.</w><w frlemma="il" frpos="PRON" frMUSAS="Z8">Il</w><w frlemma="devenir" frpos="VERB" frMUSAS="A2.1+">devient</w><w frlemma="le" frpos="DET" frMUSAS="Z5">l'</w><w frlemma="hôte" frpos="NOUN" frMUSAS="Z99">hôte</w><w frlemma="de" frpos="ADP" frMUSAS="Z5">de</w><w frlemma="notre" frpos="DET" frMUSAS="Z8">notre</w><w frlemma="Institut" frpos="PROPN" frMUSAS="P1/S5+c">Institut</w><w frlemma="," frpos="PUNCT" frMUSAS="PUNCT">,</w><w frlemma="qui" frpos="PRON" frMUSAS="Z8">qui</w><w frlemma="-garderer" frpos="VERB" frMUSAS="Z99">-gardera</w><w frlemma="le" frpos="DET" frMUSAS="Z5">le</w><w frlemma="souvenir" frpos="NOUN" frMUSAS="Z99">souvenir</w><w frlemma="de" frpos="ADP" frMUSAS="Z5">de</w><w frlemma="son" frpos="DET" frMUSAS="Z5">son</w><w frlemma="séjour" frpos="ADV" frMUSAS="M8">séjour</w><w frlemma="." frpos="PUNCT" frMUSAS="PUNCT">.</w><w frlemma="avec" frpos="ADP" frMUSAS="Z5">Avec</w><w frlemma="son" frpos="DET" frMUSAS="Z5">son</w><w frlemma="gendre" frpos="NOUN" frMUSAS="Z99">gendre</w><w frlemma="," frpos="PUNCT" frMUSAS="PUNCT">,</w><pb n="271"/><w frlemma="Marcel" frpos="PROPN" frMUSAS="Z99">Marcel</w><w frlemma="Dunand" frpos="PROPN" frMUSAS="Z99">Dunand</w><w frlemma="," frpos="PUNCT" frMUSAS="PUNCT">,</w><w frlemma="avec" frpos="ADP" frMUSAS="Z5">avec</w><w frlemma="son" frpos="DET" frMUSAS="Z5">sa</w><w frlemma="fille" frpos="NOUN" frMUSAS="Z99">fille</w><w frlemma="si" frpos="SCONJ" frMUSAS="Z5">si</w><w frlemma="tendrement" frpos="ADV" frMUSAS="Z99">tendrement</w><w frlemma="attacher" frpos="VERB" frMUSAS="A1.7+">attachée</w><w frlemma="à" frpos="ADP" frMUSAS="Z5">à</w><w frlemma="ce" frpos="DET" frMUSAS="Z5">ce</w><w frlemma="père" frpos="NOUN" frMUSAS="S4/B1">père</w><w frlemma="dans" frpos="ADP" frMUSAS="Z5">dans</w><w frlemma="le" frpos="DET" frMUSAS="Z5">la</w><w frlemma="commumauté" frpos="NOUN" frMUSAS="Z99">commumauté</w><w frlemma="de" frpos="ADP" frMUSAS="Z5">du</w><w frlemma="deuil" frpos="NOUN" frMUSAS="Z99">deuil</w><w frlemma="le" frpos="DET" frMUSAS="Z5">le</w><w frlemma="plus" frpos="ADV" frMUSAS="Z5">plus</w><w frlemma="cruel" frpos="ADJ" frMUSAS="Z99">cruel</w><w frlemma="," frpos="PUNCT" frMUSAS="PUNCT">,</w><w frlemma="il" frpos="PRON" frMUSAS="Z8">il</w><w frlemma="parcourir" frpos="VERB" frMUSAS="Z99">parcourt</w><w frlemma="notre" frpos="DET" frMUSAS="Z5">nos</w><w frlemma="chantier" frpos="NOUN" frMUSAS="Z99">chantiers</w><w frlemma="," frpos="PUNCT" frMUSAS="PUNCT">,</w><w frlemma="et" frpos="CCONJ" frMUSAS="Z5">et</w><w frlemma="," frpos="PUNCT" frMUSAS="PUNCT">,</w><w frlemma="de" frpos="ADP" frMUSAS="Z5">d'</w><w frlemma="Assouan" frpos="PROPN" frMUSAS="Z99">Assouan</w><w frlemma="à" frpos="ADP" frMUSAS="Z5">à</w><w frlemma="Tanis" frpos="PROPN" frMUSAS="Z99">Tanis</w><w frlemma="," frpos="PUNCT" frMUSAS="PUNCT">,</w><w frlemma="visiter" frpos="VERB" frMUSAS="S1.1.1">visite</w><w frlemma="le" frpos="DET" frMUSAS="Z5">les</w><w frlemma="site" frpos="NOUN" frMUSAS="M6">sites</w><w frlemma="de" frpos="ADP" frMUSAS="Z5">de</w><w frlemma="le" frpos="DET" frMUSAS="Z5">l'</w><w frlemma="Égypte" frpos="PROPN" frMUSAS="Z99">Égypte</w><w frlemma="." frpos="PUNCT" frMUSAS="PUNCT">.</w><w frlemma="son" frpos="DET" frMUSAS="Z5">Sa</w><w frlemma="passion" frpos="NOUN" frMUSAS="X5.2+">passion</w><w frlemma="de" frpos="ADP" frMUSAS="Z5">de</w><w frlemma="connaître" frpos="VERB" frMUSAS="X2.2+">connaître</w><w frlemma="le" frpos="PRON" frMUSAS="Z8">le</w><w frlemma="rendre" frpos="VERB" frMUSAS="Z99">rendait</w><w frlemma="infatigable" frpos="ADJ" frMUSAS="Z99">infatigable</w><w frlemma="." frpos="PUNCT" frMUSAS="PUNCT">.</w></p><p><w frlemma="il" frpos="PRON" frMUSAS="Z8">Il</w><w frlemma="ouvrir" frpos="VERB" frMUSAS="A10+">ouvre</w><w frlemma="le" frpos="DET" frMUSAS="Z5">les</w><w frlemma="oeil" frpos="NOUN" frMUSAS="Z99">yeux</w><w frlemma="sur" frpos="ADP" frMUSAS="Z5">sur</w><w frlemma="le" frpos="DET" frMUSAS="Z5">le</w><w frlemma="présent" frpos="NOUN" frMUSAS="A9-">présent</w><w frlemma="comme" frpos="ADP" frMUSAS="Z5">comme</w><w frlemma="sur" frpos="ADP" frMUSAS="Z5">sur</w><w frlemma="le" frpos="DET" frMUSAS="Z5">le</w><w frlemma="passé" frpos="NOUN" frMUSAS="M6">passé</w><w frlemma="." frpos="PUNCT" frMUSAS="PUNCT">.</w><w frlemma="ce" frpos="DET" frMUSAS="Z5">Ce</w><w frlemma="chimiste" frpos="NOUN" frMUSAS="Z99">chimiste</w><w frlemma="," frpos="PUNCT" frMUSAS="PUNCT">,</w><w frlemma="rompu" frpos="PROPN" frMUSAS="Z99">rompu</w><w frlemma="à" frpos="ADP" frMUSAS="Z5">aux</w><w frlemma="méthode" frpos="NOUN" frMUSAS="Z99">méthodes</w><w frlemma="de" frpos="ADP" frMUSAS="Z5">des</w><w frlemma="laboratoire" frpos="NOUN" frMUSAS="Y1/H1c">laboratoires</w><w frlemma="," frpos="PUNCT" frMUSAS="PUNCT">,</w><w frlemma="assimile" frpos="NOUN" frMUSAS="Z99">assimile</w><w frlemma="facilement" frpos="ADV" frMUSAS="A12+">facilement</w><w frlemma="le" frpos="DET" frMUSAS="Z5">les</w><w frlemma="procédé" frpos="NOUN" frMUSAS="Z99">procédés</w><w frlemma="de" frpos="ADP" frMUSAS="Z5">de</w><w frlemma="le" frpos="DET" frMUSAS="Z5">la</w><w frlemma="technique" frpos="NOUN" frMUSAS="Z99">technique</w><w frlemma="archéologique" frpos="ADJ" frMUSAS="Z99">archéologique</w><w frlemma="." frpos="PUNCT" frMUSAS="PUNCT">.</w><w frlemma="son" frpos="DET" frMUSAS="Z5">Ses</w><w frlemma="propos" frpos="NOUN" frMUSAS="Q2.2">propos</w><w frlemma="être" frpos="AUX" frMUSAS="Z99">sont</w><w frlemma="plein" frpos="VERB" frMUSAS="N5.1+">pleins</w><w frlemma="de" frpos="ADP" frMUSAS="Z5">de</w><w frlemma="suggestion" frpos="NOUN" frMUSAS="Q2.2">suggestions</w><w frlemma="," frpos="PUNCT" frMUSAS="PUNCT">,</w><w frlemma="dont" frpos="PRON" frMUSAS="Z8">dont</w><w frlemma="nous" frpos="PRON" frMUSAS="Z8">nous</w><w frlemma="pouvoir" frpos="VERB" frMUSAS="Z99">pouvons</w><w frlemma="faire" frpos="VERB" frMUSAS="Z99">faire</w><w frlemma="notre" frpos="DET" frMUSAS="Z8">notre</w><w frlemma="profit" frpos="NOUN" frMUSAS="Z99">profit</w><w frlemma="." frpos="PUNCT" frMUSAS="PUNCT">.</w><w frlemma="son" frpos="DET" frMUSAS="Z5">Son</w><w frlemma="regard" frpos="NOUN" frMUSAS="Z99">regard</w><w frlemma="pénétrer" frpos="VERB" frMUSAS="M1">pénétrant</w><w frlemma="mesure" frpos="NOUN" frMUSAS="N3.1">mesure</w><w frlemma="avec" frpos="ADP" frMUSAS="Z5">avec</w><w frlemma="exactitude" frpos="NOUN" frMUSAS="Z99">exactitude</w><w frlemma="le" frpos="DET" frMUSAS="Z5">les</w><w frlemma="mérite" frpos="NOUN" frMUSAS="A5.1+">mérites</w><w frlemma="et" frpos="CCONJ" frMUSAS="Z5">et</w><w frlemma="le" frpos="DET" frMUSAS="Z5">les</w><w frlemma="défaut" frpos="NOUN" frMUSAS="Z99">défauts</w><w frlemma="de" frpos="ADP" frMUSAS="Z5">de</w><w frlemma="tout" frpos="ADJ" frMUSAS="Z8">toutes</w><w frlemma="le" frpos="DET" frMUSAS="Z5">les</w><w frlemma="direction" frpos="NOUN" frMUSAS="Z99">directions</w><w frlemma="de" frpos="ADP" frMUSAS="Z5">de</w><w frlemma="fouille" frpos="NOUN" frMUSAS="Z99">fouilles</w><w frlemma="." frpos="PUNCT" frMUSAS="PUNCT">.</w><w frlemma="sur" frpos="ADP" frMUSAS="Z5">Sur</w><w frlemma="le" frpos="DET" frMUSAS="Z5">le</w><w frlemma="terrain" frpos="NOUN" frMUSAS="Z99">terrain</w><w frlemma="," frpos="PUNCT" frMUSAS="PUNCT">,</w><w frlemma="il" frpos="PRON" frMUSAS="Z8">il</w><w frlemma="se" frpos="PRON" frMUSAS="Z8">se</w><w frlemma="taire" frpos="VERB" frMUSAS="Z99">tait</w><w frlemma="discrètement" frpos="NOUN" frMUSAS="Z99">discrètement</w><w frlemma=";" frpos="PUNCT" frMUSAS="PUNCT">;</w><w frlemma="mais" frpos="CCONJ" frMUSAS="Z5">mais</w><w frlemma="le" frpos="DET" frMUSAS="Z5">le</w><w frlemma="soir" frpos="NOUN" frMUSAS="T1.3">soir</w><w frlemma="," frpos="PUNCT" frMUSAS="PUNCT">,</w><w frlemma="dans" frpos="ADP" frMUSAS="Z5">dans</w><w frlemma="un" frpos="DET" frMUSAS="Z5">une</w><w frlemma="conversation" frpos="NOUN" frMUSAS="Q2.1">conversation</w><w frlemma="confiant" frpos="ADJ" frMUSAS="Z99">confiante</w><w frlemma="," frpos="PUNCT" frMUSAS="PUNCT">,</w><w frlemma="il" frpos="PRON" frMUSAS="Z8">il</w><w frlemma="interroger" frpos="VERB" frMUSAS="Z99">interroge</w><w frlemma="et" frpos="CCONJ" frMUSAS="Z5">et</w><w frlemma="il" frpos="PRON" frMUSAS="Z8">il</w><w frlemma="juger" frpos="VERB" frMUSAS="G2.1">juge</w><w frlemma="." frpos="PUNCT" frMUSAS="PUNCT">.</w><w frlemma="il" frpos="PRON" frMUSAS="Z8">Il</w><w frlemma="avouer" frpos="VERB" frMUSAS="Q2.2">avoue</w><w frlemma="qu''un" frpos="DET" frMUSAS="Z99">qu''un</w><w frlemma="service" frpos="NOUN" frMUSAS="A1.1.1">service</w><w frlemma="de" frpos="ADP" frMUSAS="Z5">des</w><w frlemma="antiquité" frpos="NOUN" frMUSAS="Z99">antiquités</w><w frlemma="le" frpos="PRON" frMUSAS="Z8">l'</w><w frlemma="avoir" frpos="ADV" frMUSAS="A9+">eût</w><w frlemma="tenter" frpos="VERB" frMUSAS="Z99">tenté</w><w frlemma="," frpos="PUNCT" frMUSAS="PUNCT">,</w><w frlemma="et" frpos="CCONJ" frMUSAS="Z5">et</w><w frlemma="nous" frpos="PRON" frMUSAS="Z8">nous</w><w frlemma="ne" frpos="ADV" frMUSAS="Z6">ne</w><w frlemma="pouvoir" frpos="VERB" frMUSAS="Z99">pouvons</w><w frlemma="nous" frpos="PRON" frMUSAS="Z8">nous</w><w frlemma="empêcher" frpos="VERB" frMUSAS="S8-">empêcher</w><w frlemma="de" frpos="ADP" frMUSAS="Z5">de</w><w frlemma="penser" frpos="VERB" frMUSAS="X2.1">penser</w><w frlemma="que" frpos="SCONJ" frMUSAS="Z5">qu'</w><w frlemma="il" frpos="PRON" frMUSAS="Z8">il</w><w frlemma="avoir" frpos="ADV" frMUSAS="A9+">eût</w><w frlemma="admirablement" frpos="ADV" frMUSAS="Z99">admirablement</w><w frlemma="savoir" frpos="VERB" frMUSAS="X2.2+">su</w><w frlemma="le" frpos="DET" frMUSAS="Z5">le</w><w frlemma="diriger" frpos="VERB" frMUSAS="Z99">diriger</w><w frlemma="." frpos="PUNCT" frMUSAS="PUNCT">.</w><w frlemma="le" frpos="DET" frMUSAS="Z5">Les</w><w frlemma="quelque" frpos="DET" frMUSAS="A13.5">quelques</w><w frlemma="jour" frpos="NOUN" frMUSAS="T1.3">jours</w><w frlemma="que" frpos="PRON" frMUSAS="Z8">qu'</w><w frlemma="il" frpos="PRON" frMUSAS="Z8">il</w><w frlemma="passer" frpos="VERB" frMUSAS="M1">passe</w><w frlemma="avec" frpos="ADP" frMUSAS="Z5">avec</w><w frlemma="nous" frpos="PRON" frMUSAS="Z8">nous</w><w frlemma="," frpos="PUNCT" frMUSAS="PUNCT">,</w><w frlemma="nous" frpos="PRON" frMUSAS="Z8">nous</w><w frlemma="laisser" frpos="VERB" frMUSAS="M1">laissent</w><w frlemma="un" frpos="DET" frMUSAS="Z5">un</w><w frlemma="ardent" frpos="NOUN" frMUSAS="Z99">ardent</w><w frlemma="désir" frpos="NOUN" frMUSAS="X7+">désir</w><w frlemma="de" frpos="ADP" frMUSAS="Z5">de</w><w frlemma="le" frpos="DET" frMUSAS="Z5">le</w><w frlemma="revoir" frpos="NOUN" frMUSAS="Z99">revoir</w><w frlemma="," frpos="PUNCT" frMUSAS="PUNCT">,</w><w frlemma="et" frpos="CCONJ" frMUSAS="Z5">et</w><w frlemma="il" frpos="PRON" frMUSAS="Z8">il</w><w frlemma="ne" frpos="ADV" frMUSAS="Z6">ne</w><w frlemma="nous" frpos="PRON" frMUSAS="Z8">nous</w><w frlemma="avoir" frpos="AUX" frMUSAS="A9+">avait</w><w frlemma="pas" frpos="ADV" frMUSAS="Z99">pas</w><w frlemma="dire" frpos="VERB" frMUSAS="Q2.1">dit</w><w frlemma="adieu" frpos="ADJ" frMUSAS="Z99">adieu</w><w frlemma="." frpos="PUNCT" frMUSAS="PUNCT">.</w><w frlemma="Hélas" frpos="INTJ" frMUSAS="E4.1-">Hélas</w><w frlemma="!" frpos="PUNCT" frMUSAS="PUNCT">!</w><w frlemma="1l" frpos="PROPN" frMUSAS="Z99">1l</w><w frlemma="être" frpos="AUX" frMUSAS="M6">est</w><w frlemma="de" frpos="ADP" frMUSAS="Z5">de</w><w frlemma="celui" frpos="PRON" frMUSAS="Z8">ceux</w><w frlemma="pour" frpos="ADP" frMUSAS="Z5">pour</w><w frlemma="qui" frpos="PRON" frMUSAS="Z8">qui</w><w frlemma="le" frpos="DET" frMUSAS="Z5">le</w><w frlemma="vieux" frpos="ADJ" frMUSAS="T3+">vieux</w><w frlemma="proverb" frpos="ADJ" frMUSAS="Z99">proverbe</w><w frlemma="avoir" frpos="AUX" frMUSAS="A9+">a</w><w frlemma="mentir" frpos="ADV" frMUSAS="A5.2-">menti</w><w frlemma=":" frpos="PUNCT" frMUSAS="PUNCT">:</w><w frlemma="il" frpos="PRON" frMUSAS="Z8">il</w><w frlemma="ne" frpos="ADV" frMUSAS="Z6">ne</w><w frlemma="boire" frpos="VERB" frMUSAS="F2/B1">boira</w><w frlemma="pas" frpos="ADV" frMUSAS="Z99">pas</w><w frlemma="un" frpos="DET" frMUSAS="Z5">une</w><w frlemma="second" frpos="ADJ" frMUSAS="N4">seconde</w><w frlemma="fois" frpos="NOUN" frMUSAS="Z99">fois</w><w frlemma="le" frpos="DET" frMUSAS="Z5">l'</w><w frlemma="eau" frpos="NOUN" frMUSAS="F4">eau</w><w frlemma="de" frpos="ADP" frMUSAS="Z5">du</w><w frlemma="Nil" frpos="PROPN" frMUSAS="Z99">Nil</w><w frlemma="." frpos="PUNCT" frMUSAS="PUNCT">.</w><w frlemma="nous" frpos="PRON" frMUSAS="Z8">Nous</w><w frlemma="le" frpos="PRON" frMUSAS="Z8">l'</w><w frlemma="avoir" frpos="AUX" frMUSAS="A9+">avions</w><w frlemma="saluer" frpos="VERB" frMUSAS="Z99">salué</w><w frlemma="à" frpos="ADP" frMUSAS="Z5">à</w><w frlemma="son" frpos="DET" frMUSAS="Z5">son</w><w frlemma="départ" frpos="NOUN" frMUSAS="M1">départ</w><w frlemma="avec" frpos="ADP" frMUSAS="Z5">avec</w><w frlemma="tant" frpos="ADV" frMUSAS="Z99">tant</w><w frlemma="de" frpos="ADP" frMUSAS="Z5">de</w><w frlemma="gratitude" frpos="NOUN" frMUSAS="Z99">gratitude</w><w frlemma="et" frpos="CCONJ" frMUSAS="Z5">et</w><w frlemma="de" frpos="ADP" frMUSAS="Z5">d'</w><w frlemma="espoir" frpos="NOUN" frMUSAS="X2.6+">espoir</w><w frlemma="!" frpos="PUNCT" frMUSAS="PUNCT">!</w><w frlemma="il" frpos="PRON" frMUSAS="Z8">Il</w><w frlemma="nous" frpos="PRON" frMUSAS="Z8">nous</w><w frlemma="sembler" frpos="VERB" frMUSAS="A8">semblait</w><w frlemma="que" frpos="SCONJ" frMUSAS="Z5">que</w><w frlemma="son" frpos="DET" frMUSAS="Z5">son</w><w frlemma="amitié" frpos="NOUN" frMUSAS="S3.1">amitié</w><w frlemma="avec" frpos="ADP" frMUSAS="Z5">avec</w><w frlemma="nous" frpos="PRON" frMUSAS="Z8">nous</w><w frlemma="se" frpos="PRON" frMUSAS="Z8">s'</w><w frlemma="être" frpos="AUX" frMUSAS="Z99">était</w><w frlemma="sceller" frpos="VERB" frMUSAS="Z99">scellée</w><w frlemma="à" frpos="ADP" frMUSAS="Z5">à</w><w frlemma="jamais" frpos="ADV" frMUSAS="T1/Z6">jamais</w><w frlemma="." frpos="PUNCT" frMUSAS="PUNCT">.</w><w frlemma="ce" frpos="PRON" frMUSAS="Z8">C'</w><w frlemma="être" frpos="AUX" frMUSAS="Z99">était</w><w frlemma="un" frpos="DET" frMUSAS="Z5">un</w><w frlemma="réconfort" frpos="NOUN" frMUSAS="Z99">réconfort</w><w frlemma="de" frpos="ADP" frMUSAS="Z5">de</w><w frlemma="nous" frpos="PRON" frMUSAS="Z8">nous</w><w frlemma="dire" frpos="VERB" frMUSAS="Q2.1">dire</w><w frlemma="que" frpos="SCONJ" frMUSAS="Z5">que</w><w frlemma="lorsque" frpos="SCONJ" frMUSAS="Z5">lorsqu'</w><w frlemma="il" frpos="PRON" frMUSAS="Z8">il</w><w frlemma="recevoir" frpos="VERB" frMUSAS="A9+">recevrait</w><w frlemma="notre" frpos="DET" frMUSAS="Z5">nos</w><w frlemma="rapport" frpos="NOUN" frMUSAS="Z99">rapports</w><w frlemma="et" frpos="CCONJ" frMUSAS="Z5">et</w><w frlemma="notre" frpos="DET" frMUSAS="Z5">nos</w><w frlemma="lettre" frpos="NOUN" frMUSAS="Q1.2">lettres</w><w frlemma="," frpos="PUNCT" frMUSAS="PUNCT">,</w><w frlemma="il" frpos="PRON" frMUSAS="Z8">il</w><w frlemma="revoir" frpos="VERB" frMUSAS="Z99">reverrait</w><w frlemma="exactement" frpos="ADV" frMUSAS="A4.2+">exactement</w><w frlemma="," frpos="PUNCT" frMUSAS="PUNCT">,</w><w frlemma="dans" frpos="ADP" frMUSAS="Z5">dans</w><w frlemma="son" frpos="DET" frMUSAS="Z5">son</w><w frlemma="souvenir" frpos="NOUN" frMUSAS="Z99">souvenir</w><w frlemma="," frpos="PUNCT" frMUSAS="PUNCT">,</w><w frlemma="le" frpos="DET" frMUSAS="Z5">les</w><w frlemma="homme" frpos="NOUN" frMUSAS="I3.1">hommes</w><w frlemma="et" frpos="CCONJ" frMUSAS="Z5">et</w><w frlemma="le" frpos="DET" frMUSAS="Z5">les</w><w frlemma="lieux" frpos="ADJ" frMUSAS="Z99">lieux</w><w frlemma="dont" frpos="PRON" frMUSAS="Z8">dont</w><w frlemma="nous" frpos="PRON" frMUSAS="Z8">nous</w><w frlemma="luire" frpos="PRON" frMUSAS="Z8">lui</w><w frlemma="parler" frpos="VERB" frMUSAS="Q2.1">parlerions</w><w frlemma="," frpos="PUNCT" frMUSAS="PUNCT">,</w><w frlemma="que" frpos="SCONJ" frMUSAS="Z5">qu'</w><w frlemma="il" frpos="PRON" frMUSAS="Z8">il</w><w frlemma="apporter" frpos="VERB" frMUSAS="M2">apporterait</w><w frlemma="un" frpos="DET" frMUSAS="Z5">une</w><w frlemma="plus" frpos="ADV" frMUSAS="Z5">plus</w><w frlemma="familier" frpos="VERB" frMUSAS="Z99">familière</w><w frlemma="sollicitude" frpos="NOUN" frMUSAS="Z99">sollicitude</w><w frlemma="à" frpos="ADP" frMUSAS="Z5">à</w><w frlemma="nous" frpos="PRON" frMUSAS="Z8">nous</w><w frlemma="aider" frpos="VERB" frMUSAS="Z99">aider</w><w frlemma="dans" frpos="ADP" frMUSAS="Z5">dans</w><w frlemma="un" frpos="DET" frMUSAS="Z5">un</w><w frlemma="labeur" frpos="NOUN" frMUSAS="Z99">labeur</w><w frlemma="," frpos="PUNCT" frMUSAS="PUNCT">,</w><w frlemma="dont" frpos="PRON" frMUSAS="Z8">dont</w><w frlemma="il" frpos="PRON" frMUSAS="Z8">il</w><w frlemma="connaitrer" frpos="VERB" frMUSAS="Z99">connaitrait</w><w frlemma="et" frpos="CCONJ" frMUSAS="Z5">et</w><w frlemma="le" frpos="DET" frMUSAS="Z5">les</w><w frlemma="acteur" frpos="NOUN" frMUSAS="K4/S2.2m">acteurs</w><w frlemma="et" frpos="CCONJ" frMUSAS="Z5">et</w><w frlemma="le" frpos="DET" frMUSAS="Z5">le</w><w frlemma="théâtre" frpos="NOUN" frMUSAS="K4/H1">théâtre</w><w frlemma="," frpos="PUNCT" frMUSAS="PUNCT">,</w><w frlemma="et" frpos="CCONJ" frMUSAS="Z5">et</w><w frlemma="que" frpos="SCONJ" frMUSAS="Z5">qu'</w><w frlemma="il" frpos="PRON" frMUSAS="Z8">il</w><w frlemma="partager" frpos="VERB" frMUSAS="S1.1.2+">partagerait</w><w frlemma="avec" frpos="ADP" frMUSAS="Z5">avec</w><w frlemma="nous" frpos="PRON" frMUSAS="Z8">nous</w><w frlemma="tout" frpos="ADJ" frMUSAS="Z8">toutes</w><w frlemma="le" frpos="DET" frMUSAS="Z5">les</w><w frlemma="joie" frpos="NOUN" frMUSAS="E4.1+">joies</w><w frlemma="de" frpos="ADP" frMUSAS="Z5">de</w><w frlemma="le" frpos="DET" frMUSAS="Z5">la</w><w frlemma="recherche" frpos="NOUN" frMUSAS="Z99">recherche</w><w frlemma="." frpos="PUNCT" frMUSAS="PUNCT">.</w><w frlemma="notre" frpos="DET" frMUSAS="Z8">Nos</w><w frlemma="amer" frpos="ADJ" frMUSAS="F2">amers</w><w frlemma="regret" frpos="NOUN" frMUSAS="Z99">regrets</w><w frlemma="nous" frpos="PRON" frMUSAS="Z8">nous</w><w frlemma="faire" frpos="VERB" frMUSAS="Z99">font</w><w frlemma="plus" frpos="ADV" frMUSAS="Z5">plus</w><w frlemma="profondément" frpos="ADV" frMUSAS="Z99">profondément</w><w frlemma="sentir" frpos="VERB" frMUSAS="Z99">sentir</w><w frlemma="le" frpos="DET" frMUSAS="Z5">l'</w><w frlemma="austère" frpos="ADJ" frMUSAS="Z99">austère</w><w frlemma="grandeur" frpos="ADJ" frMUSAS="Z99">grandeur</w><w frlemma="de" frpos="ADP" frMUSAS="Z5">de</w><w frlemma="le" frpos="DET" frMUSAS="Z5">l'</w><w frlemma="anonyme" frpos="ADJ" frMUSAS="A10-">anonyme</w><w frlemma="travail" frpos="NOUN" frMUSAS="I3.1">travail</w><w frlemma="imposer" frpos="VERB" frMUSAS="S6+">imposé</w><w frlemma="par" frpos="ADP" frMUSAS="M6">par</w><w frlemma="ce" frpos="DET" frMUSAS="Z5">ces</w><w frlemma="fonction" frpos="NOUN" frMUSAS="A1.1.1">fonctions</w><w frlemma="administratif" frpos="ADJ" frMUSAS="S7.1+">administratives</w><w frlemma="tel" frpos="ADJ" frMUSAS="Z5">telles</w><w frlemma="que" frpos="SCONJ" frMUSAS="Z5">que</w><w frlemma="le" frpos="DET" frMUSAS="Z5">les</w><w frlemma="concevait" frpos="NOUN" frMUSAS="Z99">concevait</w><w frlemma="Jacques" frpos="PROPN" frMUSAS="Z99">Jacques</w><w frlemma="Cavalier" frpos="PROPN" frMUSAS="Z99">Cavalier</w><w frlemma="." frpos="PUNCT" frMUSAS="PUNCT">.</w><w frlemma="le" frpos="DET" frMUSAS="Z5">Le</w><w frlemma="saver" frpos="VERB" frMUSAS="Z99">savant</w><w frlemma="le" frpos="DET" frMUSAS="Z5">le</w><w frlemma="plus" frpos="ADV" frMUSAS="Z5">plus</w><w frlemma="modeste" frpos="ADJ" frMUSAS="N3.2-">modeste</w><w frlemma="attache" frpos="NOUN" frMUSAS="Z99">attache</w><w frlemma="son" frpos="DET" frMUSAS="Z5">son</w><w frlemma="nom" frpos="NOUN" frMUSAS="Q2.2">nom</w><w frlemma="à" frpos="ADP" frMUSAS="Z5">à</w><w frlemma="le" frpos="DET" frMUSAS="Z5">la</w><w frlemma="plus" frpos="ADV" frMUSAS="Z5">plus</w><w frlemma="humble" frpos="NOUN" frMUSAS="Z99">humble</w><w frlemma="de" frpos="ADP" frMUSAS="Z5">des</w><w frlemma="découverte" frpos="NOUN" frMUSAS="A10+">découvertes</w><w frlemma="." frpos="PUNCT" frMUSAS="PUNCT">.</w><w frlemma="Cavalier" frpos="PROPN" frMUSAS="Z99">Cavalier</w><w frlemma="avoir" frpos="AUX" frMUSAS="A9+">aurait</w><w frlemma="pouvoir" frpos="VERB" frMUSAS="Z99">pu</w><w frlemma="poursuivre" frpos="VERB" frMUSAS="A1.1.1">poursuivre</w><w frlemma="un" frpos="DET" frMUSAS="Z5">une</w><w frlemma="carrière" frpos="NOUN" frMUSAS="I3.1">carrière</w><w frlemma="de" frpos="ADP" frMUSAS="Z5">de</w><w frlemma="savant" frpos="NOUN" frMUSAS="Z99">savant</w><w frlemma="." frpos="PUNCT" frMUSAS="PUNCT">.</w><w frlemma="nous" frpos="PRON" frMUSAS="Z8">Nous</w><w frlemma="ne" frpos="ADV" frMUSAS="Z6">ne</w><w frlemma="vouloir" frpos="VERB" frMUSAS="X7+">voudrions</w><w frlemma="pas" frpos="ADV" frMUSAS="Z99">pas</w><w frlemma="que" frpos="SCONJ" frMUSAS="Z5">que</w><w frlemma="ce" frpos="PRON" frMUSAS="Z8">ce</w><w frlemma="que" frpos="PRON" frMUSAS="Z8">que</w><w frlemma="luire" frpos="PRON" frMUSAS="Z8">lui</w><w frlemma="devoir" frpos="VERB" frMUSAS="Z99">doit</w><w frlemma="notre" frpos="DET" frMUSAS="Z8">notre</w><w frlemma="Institut" frpos="PROPN" frMUSAS="P1/S5+c">Institut</w><w frlemma="de" frpos="ADP" frMUSAS="Z5">d'</w><w frlemma="archéologie" frpos="NOUN" frMUSAS="Z99">Archéologie</w><w frlemma="oriental" frpos="ADJ" frMUSAS="Z99">orientale</w><w frlemma="," frpos="PUNCT" frMUSAS="PUNCT">,</w><w frlemma="füt" frpos="PROPN" frMUSAS="Z99">füt</w><w frlemma="à" frpos="ADP" frMUSAS="Z5">à</w><w frlemma="jamais" frpos="ADV" frMUSAS="T1/Z6">jamais</w><w frlemma="ensevelir" frpos="VERB" frMUSAS="Z99">enseveli</w><w frlemma="dans" frpos="ADP" frMUSAS="Z5">dans</w><w frlemma="le" frpos="DET" frMUSAS="Z5">les</w><w frlemma="obscure" frpos="NOUN" frMUSAS="Z99">obscures</w><w frlemma="archive" frpos="ADJ" frMUSAS="Z99">archives</w><w frlemma="de" frpos="ADP" frMUSAS="Z5">de</w><w frlemma="quelque" frpos="DET" frMUSAS="A13.5">quelque</w><w frlemma="bureau" frpos="NOUN" frMUSAS="Z99">bureau</w><w frlemma="." frpos="PUNCT" frMUSAS="PUNCT">.</w><w frlemma="Pierre" frpos="PROPN" frMUSAS="F1">Pierre</w><w frlemma="Jouguet" frpos="PROPN" frMUSAS="Z99">Jouguet</w><w frlemma="." frpos="PUNCT" frMUSAS="PUNCT">.</w><note place="bottom"></note></p></text></TEI>