<?xml version='1.0' encoding='UTF-8'?>
<TEI xmlns="http://www.tei-c.org/ns/1.0"><teiHeader><fileDesc><titleStmt><title>Nécrologie [Karl Piehl, † 8 août 1904].</title></titleStmt><publicationStmt>Corpus produit par l'étudiant MA1 Ph. Hennebert (philippe.hennebert@student.uliege.be) du cours de l'Université de Liège Corpus INFO0943: 'Corpus textuels: principes de constitution et d'analyse'</publicationStmt><sourceDesc><p>https://www.ifao.egnet.net/bifao/4/10/ (BIFAO en ligne) processed using python scripts in https://github.com/PhilHen/BIFAOCorpusTools (typographical zones detected using OpenCV, OCR with Tesseract)</p></sourceDesc></fileDesc><encodingDesc><classDecl><taxonomy id="frpos"><bibl><title>pos tagset build from https://spacy.io/</title></bibl></taxonomy><taxonomy id="frlemma"><bibl><title>fr lemma of the model https://spacy.io/</title></bibl></taxonomy><taxonomy id="frMUSAS"><bibl><title>semantic tagging https://ucrel.github.io/pymusas/usage/how_to/tag_text#french</title></bibl></taxonomy></classDecl><editorialDecl><correction>Les erreurs d'orthographe confirmées par examen du PDF source n'ont pas été corrigées. Une vérification et correction manuelle du texte a été réalisée par Ph. Hennebert (philippe.hennebert@student.uliege.be) le 29/12/2023</correction><hyphenation>Les mots coupés en fin de ligne ont été réassemblés automatiquement, pour autant que la forme combinée sans trait d'union soit attestée dans le dictionnaire français https://unitexgramlab.org/fr/language-resources</hyphenation></editorialDecl></encodingDesc></teiHeader><text id="BIFAO004_art_10.pdf" auteur="Émile Chassinat" annee="1905" titre="Nécrologie [Karl Piehl, † 8 août 1904]." textId="04A10" nomDefunt="Piehl" metierDefunt="philologue" categ="Nécrologie"><p><pb n="243"/><w frlemma="NÉCROLOGIE" frpos="PROPN" frMUSAS="Z99">NÉCROLOGIE</w><w frlemma="." frpos="PUNCT" frMUSAS="PUNCT">.</w></p><p><w frlemma="je" frpos="PRON" frMUSAS="Z8mf">J'</w><w frlemma="avoir" frpos="VERB" frMUSAS="A9+">ai</w><w frlemma="le" frpos="DET" frMUSAS="Z5">le</w><w frlemma="regret" frpos="NOUN" frMUSAS="Z99">regret</w><w frlemma="de" frpos="ADP" frMUSAS="Z5">d'</w><w frlemma="apprendre" frpos="VERB" frMUSAS="X2.3+">apprendre</w><w frlemma="le" frpos="DET" frMUSAS="Z5">la</w><w frlemma="mort" frpos="NOUN" frMUSAS="Z99">mort</w><w frlemma="de" frpos="ADP" frMUSAS="Z5">de</w><w frlemma="m." frpos="NOUN" frMUSAS="Z99">M.</w><w frlemma="Karl" frpos="PROPN" frMUSAS="Z99">Karl</w><w frlemma="Piehl" frpos="PROPN" frMUSAS="Z99">Piehl</w><w frlemma="," frpos="PUNCT" frMUSAS="PUNCT">,</w><w frlemma="le" frpos="DET" frMUSAS="Z5">l'</w><w frlemma="égyptologue" frpos="NOUN" frMUSAS="Z99">égyptologue</w><w frlemma="suédois" frpos="PROPN" frMUSAS="Z99">suédois</w><w frlemma="," frpos="PUNCT" frMUSAS="PUNCT">,</w><w frlemma="décéder" frpos="VERB" frMUSAS="Z99">décédé</w><w frlemma="le" frpos="DET" frMUSAS="Z5">le</w><w frlemma="8" frpos="NUM" frMUSAS="N1">8</w><w frlemma="août" frpos="NOUN" frMUSAS="T1.3">août</w><w frlemma="." frpos="PUNCT" frMUSAS="PUNCT">.</w><w frlemma="je" frpos="PRON" frMUSAS="Z8mf">Je</w><w frlemma="laisser" frpos="VERB" frMUSAS="M1">laisserai</w><w frlemma="à" frpos="ADP" frMUSAS="Z5">à</w><w frlemma="de" frpos="DET" frMUSAS="Z5">d'</w><w frlemma="autre" frpos="ADJ" frMUSAS="A6.1-">autres</w><w frlemma="qui" frpos="PRON" frMUSAS="Z8">qui</w><w frlemma="le" frpos="PRON" frMUSAS="Z8">l'</w><w frlemma="avoir" frpos="AUX" frMUSAS="A9+">ont</w><w frlemma="mieux" frpos="ADV" frMUSAS="A5.1++">mieux</w><w frlemma="connaître" frpos="VERB" frMUSAS="X2.2+">connu</w><w frlemma="que" frpos="SCONJ" frMUSAS="Z5">que</w><w frlemma="moi" frpos="PRON" frMUSAS="Z8">moi</w><w frlemma="le" frpos="DET" frMUSAS="Z5">le</w><w frlemma="soin" frpos="NOUN" frMUSAS="E6-">soin</w><w frlemma="de" frpos="ADP" frMUSAS="Z5">de</w><w frlemma="décrire" frpos="VERB" frMUSAS="Q2.2">décrire</w><w frlemma="son" frpos="DET" frMUSAS="Z5">sa</w><w frlemma="personnalité" frpos="NOUN" frMUSAS="S1.2">personnalité</w><w frlemma="très" frpos="ADV" frMUSAS="A13.3">très</w><w frlemma="particulier" frpos="ADJ" frMUSAS="Z99">particulière</w><w frlemma="," frpos="PUNCT" frMUSAS="PUNCT">,</w><w frlemma="de" frpos="ADP" frMUSAS="Z5">de</w><w frlemma="dire" frpos="VERB" frMUSAS="Q2.1">dire</w><w frlemma="ce" frpos="PRON" frMUSAS="Z8">ce</w><w frlemma="que" frpos="PRON" frMUSAS="Z8">qu'</w><w frlemma="avoir" frpos="AUX" frMUSAS="A9+">ont</w><w frlemma="être" frpos="AUX" frMUSAS="T1.3">été</w><w frlemma="le" frpos="DET" frMUSAS="Z5">l'</w><w frlemma="homme" frpos="NOUN" frMUSAS="I3.1">homme</w><w frlemma="et" frpos="CCONJ" frMUSAS="Z5">et</w><w frlemma="le" frpos="DET" frMUSAS="Z5">le</w><w frlemma="savant" frpos="NOUN" frMUSAS="Z99">savant</w><w frlemma="." frpos="PUNCT" frMUSAS="PUNCT">.</w><w frlemma="je" frpos="PRON" frMUSAS="Z8mf">Je</w><w frlemma="me" frpos="PRON" frMUSAS="Z8">me</w><w frlemma="borner" frpos="VERB" frMUSAS="Z99">bornerai</w><w frlemma="à" frpos="ADP" frMUSAS="Z5">à</w><w frlemma="déplorer" frpos="VERB" frMUSAS="E2-">déplorer</w><w frlemma="le" frpos="DET" frMUSAS="Z5">la</w><w frlemma="disparition" frpos="NOUN" frMUSAS="A10-">disparition</w><w frlemma="prématurer" frpos="VERB" frMUSAS="Z99">prématurée</w><w frlemma="de" frpos="ADP" frMUSAS="Z5">d'</w><w frlemma="un" frpos="DET" frMUSAS="Z5">un</w><w frlemma="confrère" frpos="NOUN" frMUSAS="I3.2/S2mf">confrère</w><w frlemma="qui" frpos="PRON" frMUSAS="Z8">qui</w><w frlemma="avoir" frpos="AUX" frMUSAS="A9+">a</w><w frlemma="dépenser" frpos="VERB" frMUSAS="I1.2">dépensé</w><w frlemma="sans" frpos="ADP" frMUSAS="M6">sans</w><w frlemma="compter" frpos="VERB" frMUSAS="N2">compter</w><w frlemma="son" frpos="DET" frMUSAS="Z5">ses</w><w frlemma="force" frpos="NOUN" frMUSAS="E3-">forces</w><w frlemma="et" frpos="CCONJ" frMUSAS="Z5">et</w><w frlemma="son" frpos="DET" frMUSAS="Z5">son</w><w frlemma="intelligence" frpos="NOUN" frMUSAS="X9.1+">intelligence</w><w frlemma="pour" frpos="ADP" frMUSAS="Z5">pour</w><w frlemma="le" frpos="DET" frMUSAS="Z5">l'</w><w frlemma="avancement" frpos="NOUN" frMUSAS="Z99">avancement</w><w frlemma="de" frpos="ADP" frMUSAS="Z5">de</w><w frlemma="notre" frpos="DET" frMUSAS="Z5">nos</w><w frlemma="étude" frpos="NOUN" frMUSAS="P1">études</w><w frlemma="," frpos="PUNCT" frMUSAS="PUNCT">,</w><w frlemma="auxquelles" frpos="PRON" frMUSAS="Z99">auxquelles</w><w frlemma="il" frpos="PRON" frMUSAS="Z8">il</w><w frlemma="avoir" frpos="AUX" frMUSAS="A9+">aurait</w><w frlemma="certainement" frpos="ADV" frMUSAS="A7+">certainement</w><w frlemma="rendre" frpos="VERB" frMUSAS="Z99">rendu</w><w frlemma="encore" frpos="ADV" frMUSAS="Z99">encore</w><w frlemma="de" frpos="ADP" frMUSAS="Z5">de</w><w frlemma="signalé" frpos="NOUN" frMUSAS="Z99">signalés</w><w frlemma="service" frpos="ADJ" frMUSAS="A1.1.1">services</w><w frlemma="si" frpos="SCONJ" frMUSAS="Z5">si</w><w frlemma="le" frpos="DET" frMUSAS="Z5">la</w><w frlemma="maladie" frpos="NOUN" frMUSAS="Z99">maladie</w><w frlemma="ne" frpos="ADV" frMUSAS="Z6">n'</w><w frlemma="être" frpos="AUX" frMUSAS="Z99">était</w><w frlemma="venir" frpos="VERB" frMUSAS="M1">venue</w><w frlemma="le" frpos="DET" frMUSAS="Z5">l'</w><w frlemma="emporter" frpos="VERB" frMUSAS="Z99">emporter</w><w frlemma="." frpos="PUNCT" frMUSAS="PUNCT">.</w><w frlemma="il" frpos="PRON" frMUSAS="Z8">Il</w><w frlemma="consacrer" frpos="VERB" frMUSAS="Z99">consacra</w><w frlemma="le" frpos="DET" frMUSAS="Z5">les</w><w frlemma="dernier" frpos="ADJ" frMUSAS="N4">dernières</w><w frlemma="année" frpos="NOUN" frMUSAS="T1.3">années</w><w frlemma="de" frpos="ADP" frMUSAS="Z5">de</w><w frlemma="son" frpos="DET" frMUSAS="Z5">sa</w><w frlemma="vie" frpos="NOUN" frMUSAS="L1+">vie</w><w frlemma="à" frpos="ADP" frMUSAS="Z5">à</w><w frlemma="un" frpos="DET" frMUSAS="Z5">des</w><w frlemma="travail" frpos="NOUN" frMUSAS="I3.1">travaux</w><w frlemma="où" frpos="PRON" frMUSAS="Z8">où</w><w frlemma="le" frpos="DET" frMUSAS="Z5">la</w><w frlemma="polémique" frpos="NOUN" frMUSAS="Z99">polémique</w><w frlemma="violent" frpos="ADJ" frMUSAS="E3-">violente</w><w frlemma="tenir" frpos="AUX" frMUSAS="M2">tient</w><w frlemma="malheureusement" frpos="ADV" frMUSAS="A1.4-">malheureusement</w><w frlemma="le" frpos="DET" frMUSAS="Z5">la</w><w frlemma="plus" frpos="ADV" frMUSAS="Z5">plus</w><w frlemma="grand" frpos="ADJ" frMUSAS="Z99">grande</w><w frlemma="place" frpos="NOUN" frMUSAS="Z99">place</w><w frlemma="." frpos="PUNCT" frMUSAS="PUNCT">.</w><w frlemma="son" frpos="DET" frMUSAS="Z5">Ses</w><w frlemma="critique" frpos="NOUN" frMUSAS="Z99">critiques</w><w frlemma="être" frpos="AUX" frMUSAS="Z99">sont</w><w frlemma="empreindre" frpos="VERB" frMUSAS="Z99">empreintes</w><w frlemma="de" frpos="ADP" frMUSAS="Z5">d'</w><w frlemma="un" frpos="DET" frMUSAS="Z5">une</w><w frlemma="rudesse" frpos="NOUN" frMUSAS="Z99">rudesse</w><w frlemma="parfois" frpos="ADV" frMUSAS="N6">parfois</w><w frlemma="pénible" frpos="ADJ" frMUSAS="Z99">pénible</w><w frlemma="," frpos="PUNCT" frMUSAS="PUNCT">,</w><w frlemma="presque" frpos="ADV" frMUSAS="A13.4">presque</w><w frlemma="toujours" frpos="ADV" frMUSAS="N6+++">toujours</w><w frlemma="exagérer" frpos="VERB" frMUSAS="Z99">exagérée</w><w frlemma="." frpos="PUNCT" frMUSAS="PUNCT">.</w><w frlemma="je" frpos="PRON" frMUSAS="Z8mf">Je</w><w frlemma="ne" frpos="ADV" frMUSAS="Z6">ne</w><w frlemma="parler" frpos="VERB" frMUSAS="Q2.1">parlerai</w><w frlemma="pas" frpos="ADV" frMUSAS="Z99">pas</w><w frlemma="de" frpos="ADP" frMUSAS="Z5">de</w><w frlemma="le" frpos="DET" frMUSAS="Z5">la</w><w frlemma="série" frpos="NOUN" frMUSAS="N4c">série</w><w frlemma="de" frpos="ADP" frMUSAS="Z5">d'</w><w frlemma="article" frpos="NOUN" frMUSAS="G2.1/P1">articles</w><w frlemma="que" frpos="SCONJ" frMUSAS="Z5">qu'</w><w frlemma="il" frpos="PRON" frMUSAS="Z8">il</w><w frlemma="faire" frpos="VERB" frMUSAS="Z99">fit</w><w frlemma="paraître" frpos="VERB" frMUSAS="A8">paraître</w><w frlemma="dans" frpos="ADP" frMUSAS="Z5">dans</w><w frlemma="le" frpos="DET" frMUSAS="Z5">le</w><w frlemma="Sphinx" frpos="PROPN" frMUSAS="Z99">Sphinx</w><w frlemma="à" frpos="ADP" frMUSAS="Z5">à</w><w frlemma="propos" frpos="NOUN" frMUSAS="Q2.2">propos</w><w frlemma="de" frpos="ADP" frMUSAS="Z5">de</w><w frlemma="mon" frpos="DET" frMUSAS="Z5">ma</w><w frlemma="publication" frpos="NOUN" frMUSAS="Q4">publication</w><w frlemma="de" frpos="ADP" frMUSAS="Z5">des</w><w frlemma="texte" frpos="NOUN" frMUSAS="Q1.2">textes</w><w frlemma="de" frpos="ADP" frMUSAS="Z5">du</w><w frlemma="grand" frpos="ADJ" frMUSAS="Z99">grand</w><w frlemma="temple" frpos="NOUN" frMUSAS="S9/H1">temple</w><w frlemma="de" frpos="ADP" frMUSAS="Z5">d'</w><w frlemma="Edfou" frpos="PROPN" frMUSAS="Z99">Edfou</w><w frlemma="." frpos="PUNCT" frMUSAS="PUNCT">.</w><w frlemma="le" frpos="DET" frMUSAS="Z5">Le</w><w frlemma="temps" frpos="NOUN" frMUSAS="T1">temps</w><w frlemma="faire" frpos="VERB" frMUSAS="Z99">fera</w><w frlemma="son" frpos="DET" frMUSAS="Z5">son</w><w frlemma="œuvre" frpos="NOUN" frMUSAS="Z99">œuvre</w><w frlemma="." frpos="PUNCT" frMUSAS="PUNCT">.</w><w frlemma="le" frpos="DET" frMUSAS="Z5">La</w><w frlemma="forme" frpos="NOUN" frMUSAS="A4.1">forme</w><w frlemma="sou" frpos="ADP" frMUSAS="A13.6">sous</w><w frlemma="lequel" frpos="PRON" frMUSAS="Z99">laquelle</w><w frlemma="il" frpos="PRON" frMUSAS="Z8">il</w><w frlemma="exposer" frpos="VERB" frMUSAS="Z99">exposa</w><w frlemma="alors" frpos="ADV" frMUSAS="Z99">alors</w><w frlemma="son" frpos="DET" frMUSAS="Z5">ses</w><w frlemma="opinion" frpos="NOUN" frMUSAS="X2.1">opinions</w><w frlemma="être" frpos="AUX" frMUSAS="M6">est</w><w frlemma="de" frpos="ADP" frMUSAS="Z5">de</w><w frlemma="celui" frpos="PRON" frMUSAS="Z8">celles</w><w frlemma="que" frpos="PRON" frMUSAS="Z8">qu'</w><w frlemma="il" frpos="PRON" frMUSAS="Z8">il</w><w frlemma="convier" frpos="VERB" frMUSAS="Z99">convient</w><w frlemma="de" frpos="ADP" frMUSAS="Z5">d'</w><w frlemma="écarter" frpos="VERB" frMUSAS="Z99">écarter</w><w frlemma="de" frpos="ADP" frMUSAS="Z5">des</w><w frlemma="discussion" frpos="NOUN" frMUSAS="Q2.1">discussions</w><w frlemma="de" frpos="ADP" frMUSAS="Z5">de</w><w frlemma="ce" frpos="DET" frMUSAS="Z5">ce</w><w frlemma="genre" frpos="NOUN" frMUSAS="Z99">genre</w><w frlemma="." frpos="PUNCT" frMUSAS="PUNCT">.</w><w frlemma="il" frpos="PRON" frMUSAS="Z8">Il</w><w frlemma="se" frpos="PRON" frMUSAS="Z8">se</w><w frlemma="pouvoir" frpos="VERB" frMUSAS="Z99">peut</w><w frlemma="de" frpos="ADP" frMUSAS="Z5">d'</w><w frlemma="ailleurs" frpos="ADV" frMUSAS="Z99">ailleurs</w><w frlemma="," frpos="PUNCT" frMUSAS="PUNCT">,</w><w frlemma="de" frpos="ADP" frMUSAS="Z5">du</w><w frlemma="moins" frpos="ADV" frMUSAS="A13.6">moins</w><w frlemma="je" frpos="PRON" frMUSAS="Z8mf">je</w><w frlemma="le" frpos="PRON" frMUSAS="Z8">l'</w><w frlemma="avoir" frpos="AUX" frMUSAS="A9+">ai</w><w frlemma="penser" frpos="VERB" frMUSAS="X2.1">pensé</w><w frlemma="souvent" frpos="ADV" frMUSAS="N6+">souvent</w><w frlemma="," frpos="PUNCT" frMUSAS="PUNCT">,</w><w frlemma="que" frpos="SCONJ" frMUSAS="Z5">que</w><w frlemma="le" frpos="DET" frMUSAS="Z5">l'</w><w frlemma="expression" frpos="NOUN" frMUSAS="Q3">expression</w><w frlemma="," frpos="PUNCT" frMUSAS="PUNCT">,</w><w frlemma="dans" frpos="ADP" frMUSAS="Z5">dans</w><w frlemma="bien" frpos="ADV" frMUSAS="A10+">bien</w><w frlemma="un" frpos="DET" frMUSAS="Z5">des</w><w frlemma="cas" frpos="NOUN" frMUSAS="A4.1">cas</w><w frlemma="," frpos="PUNCT" frMUSAS="PUNCT">,</w><w frlemma="avoir" frpos="AUX" frMUSAS="A9+">ait</w><w frlemma="," frpos="PUNCT" frMUSAS="PUNCT">,</w><w frlemma="sans" frpos="ADP" frMUSAS="M6">sans</w><w frlemma="que" frpos="SCONJ" frMUSAS="Z5">qu'</w><w frlemma="il" frpos="PRON" frMUSAS="Z8">il</w><w frlemma="y" frpos="PRON" frMUSAS="M6">y</w><w frlemma="prendre" frpos="VERB" frMUSAS="A9+">prit</w><w frlemma="garde" frpos="NOUN" frMUSAS="A1.1.1/A15+">garde</w><w frlemma="," frpos="PUNCT" frMUSAS="PUNCT">,</w><w frlemma="trahir" frpos="ADJ" frMUSAS="Z99">trahi</w><w frlemma="son" frpos="DET" frMUSAS="Z5">sa</w><w frlemma="pensée" frpos="NOUN" frMUSAS="X2.1">pensée</w><w frlemma="." frpos="PUNCT" frMUSAS="PUNCT">.</w></p><p><w frlemma="quoi" frpos="PRON" frMUSAS="Z8">Quoi</w><w frlemma="que" frpos="SCONJ" frMUSAS="Z5">qu'</w><w frlemma="il" frpos="PRON" frMUSAS="Z8">il</w><w frlemma="en" frpos="PRON" frMUSAS="Z8">en</w><w frlemma="être" frpos="AUX" frMUSAS="Z99">soit</w><w frlemma="," frpos="PUNCT" frMUSAS="PUNCT">,</w><w frlemma="un" frpos="DET" frMUSAS="Z5">une</w><w frlemma="partie" frpos="NOUN" frMUSAS="A10+">partie</w><w frlemma="important" frpos="ADJ" frMUSAS="A11.1+">importante</w><w frlemma="de" frpos="ADP" frMUSAS="Z5">de</w><w frlemma="son" frpos="DET" frMUSAS="Z5">son</w><w frlemma="œuvre" frpos="NOUN" frMUSAS="Z99">œuvre</w><w frlemma="subsister" frpos="VERB" frMUSAS="Z99">subsistera</w><w frlemma="," frpos="PUNCT" frMUSAS="PUNCT">,</w><w frlemma="particulièrement" frpos="ADV" frMUSAS="A13.3">particulièrement</w><w frlemma="son" frpos="DET" frMUSAS="Z5">ses</w><w frlemma="nombreux" frpos="ADJ" frMUSAS="N5+">nombreuses</w><w frlemma="note" frpos="NOUN" frMUSAS="Z99">notes</w><w frlemma="lexicographique" frpos="ADJ" frMUSAS="Z99">lexicographiques</w><w frlemma="," frpos="PUNCT" frMUSAS="PUNCT">,</w><w frlemma="pour" frpos="ADP" frMUSAS="Z5">pour</w><w frlemma="lequel" frpos="PRON" frMUSAS="Z99">lesquelles</w><w frlemma="il" frpos="PRON" frMUSAS="Z8">il</w><w frlemma="mettre" frpos="VERB" frMUSAS="Z99">mit</w><w frlemma="à" frpos="ADP" frMUSAS="Z5">à</w><w frlemma="contribution" frpos="NOUN" frMUSAS="A9-">contribution</w><w frlemma="," frpos="PUNCT" frMUSAS="PUNCT">,</w><w frlemma="avec" frpos="ADP" frMUSAS="Z5">avec</w><w frlemma="un" frpos="DET" frMUSAS="Z5">une</w><w frlemma="connaissance" frpos="NOUN" frMUSAS="X2.2+">connaissance</w><w frlemma="approfondie" frpos="NOUN" frMUSAS="Z99">approfondie</w><w frlemma="de" frpos="ADP" frMUSAS="Z5">de</w><w frlemma="le" frpos="DET" frMUSAS="Z5">la</w><w frlemma="matière" frpos="NOUN" frMUSAS="Z99">matière</w><w frlemma="," frpos="PUNCT" frMUSAS="PUNCT">,</w><w frlemma="le" frpos="DET" frMUSAS="Z5">les</w><w frlemma="texte" frpos="NOUN" frMUSAS="Q1.2">textes</w><w frlemma="de" frpos="ADP" frMUSAS="Z5">d'</w><w frlemma="époque" frpos="NOUN" frMUSAS="Z99">époques</w><w frlemma="ptolémaïque" frpos="ADJ" frMUSAS="Z99">ptolémaïques</w><w frlemma="un" frpos="DET" frMUSAS="Z5">un</w><w frlemma="peu" frpos="ADV" frMUSAS="A13.7">peu</w><w frlemma="trop" frpos="ADV" frMUSAS="Z99">trop</w><w frlemma="négliger" frpos="ADJ" frMUSAS="A1.9">négligés</w><w frlemma="avant" frpos="ADP" frMUSAS="Z5">avant</w><w frlemma="luire" frpos="PRON" frMUSAS="Z8">lui</w><w frlemma="." frpos="PUNCT" frMUSAS="PUNCT">.</w></p><p><w frlemma="le" frpos="DET" frMUSAS="Z5">Le</w><w frlemma="Vésinet" frpos="PROPN" frMUSAS="Z99">Vésinet</w><w frlemma="," frpos="PUNCT" frMUSAS="PUNCT">,</w><w frlemma="le" frpos="DET" frMUSAS="Z5">le</w><w frlemma="31" frpos="NUM" frMUSAS="N1">31</w><w frlemma="août" frpos="NOUN" frMUSAS="T1.3">août</w><w frlemma="1904" frpos="NUM" frMUSAS="N1">1904</w><w frlemma="." frpos="PUNCT" frMUSAS="PUNCT">.</w><w frlemma="e." frpos="NOUN" frMUSAS="Z99">E.</w><w frlemma="Chassinat" frpos="PROPN" frMUSAS="Z99">Chassinat</w><w frlemma="." frpos="PUNCT" frMUSAS="PUNCT">.</w></p><p><note place="bottom"></note></p></text></TEI>