<?xml version='1.0' encoding='UTF-8'?>
<TEI xmlns="http://www.tei-c.org/ns/1.0"><teiHeader><fileDesc><titleStmt><title>[Nécrologie.] Pierre Clère [1 avril 1914-5 novembre 1962].</title></titleStmt><publicationStmt>Corpus produit par l'étudiant MA1 Ph. Hennebert (philippe.hennebert@student.uliege.be) du cours de l'Université de Liège Corpus INFO0943: 'Corpus textuels: principes de constitution et d'analyse'</publicationStmt><sourceDesc><p>https://www.ifao.egnet.net/bifao/62/21/ (BIFAO en ligne) processed using python scripts in https://github.com/PhilHen/BIFAOCorpusTools (typographical zones detected using OpenCV, OCR with Tesseract)</p></sourceDesc></fileDesc><encodingDesc><classDecl><taxonomy id="frpos"><bibl><title>pos tagset build from https://spacy.io/</title></bibl></taxonomy><taxonomy id="frlemma"><bibl><title>fr lemma of the model https://spacy.io/</title></bibl></taxonomy><taxonomy id="frMUSAS"><bibl><title>semantic tagging https://ucrel.github.io/pymusas/usage/how_to/tag_text#french</title></bibl></taxonomy></classDecl><editorialDecl><correction>Les erreurs d'orthographe confirmées par examen du PDF source n'ont pas été corrigées. Une vérification et correction manuelle du texte a été réalisée par Ph. Hennebert (philippe.hennebert@student.uliege.be) le 29/12/2023</correction><hyphenation>Les mots coupés en fin de ligne ont été réassemblés automatiquement, pour autant que la forme combinée sans trait d'union soit attestée dans le dictionnaire français https://unitexgramlab.org/fr/language-resources</hyphenation></editorialDecl></encodingDesc></teiHeader><text id="BIFAO062_art_21.pdf" auteur="François Daumas" annee="1964" titre="[Nécrologie.] Pierre Clère [1 avril 1914-5 novembre 1962]." textId="62A21" nomDefunt="Clère" metierDefunt="dessinateur" categ="Nécrologie"><p><pb n="237"/><w frlemma="pierre||clère" frpos="NOUN" frMUSAS="Z99">PIERRE||CLÈRE</w><w frlemma="par" frpos="ADP" frMUSAS="M6">PAR</w><w frlemma="FRANÇOIS" frpos="PROPN" frMUSAS="Z99">FRANÇOIS</w><w frlemma="DAUMAS" frpos="PROPN" frMUSAS="Z99">DAUMAS</w><w frlemma="le" frpos="DET" frMUSAS="Z5">Le</w><w frlemma="5" frpos="NUM" frMUSAS="N1">5</w><w frlemma="novembre" frpos="NOUN" frMUSAS="T1.3">novembre</w><w frlemma="1962" frpos="NUM" frMUSAS="N1">1962</w><w frlemma="mourir" frpos="VERB" frMUSAS="L1-">mourait</w><w frlemma="à" frpos="ADP" frMUSAS="Z5">à</w><w frlemma="Paris" frpos="PROPN" frMUSAS="Z99">Paris</w><w frlemma="Pierre" frpos="PROPN" frMUSAS="F1">Pierre</w><w frlemma="Clère" frpos="PROPN" frMUSAS="Z99">Clère</w><w frlemma="," frpos="PUNCT" frMUSAS="PUNCT">,</w><w frlemma="dessinateur" frpos="NOUN" frMUSAS="Z99">dessinateur</w><w frlemma="de" frpos="ADP" frMUSAS="Z5">de</w><w frlemma="notre" frpos="DET" frMUSAS="Z8">notre</w><w frlemma="Institut" frpos="PROPN" frMUSAS="P1/S5+c">Institut</w><w frlemma="." frpos="PUNCT" frMUSAS="PUNCT">.</w><w frlemma="ce" frpos="PRON" frMUSAS="Z8">Ce</w><w frlemma="être" frpos="AUX" frMUSAS="Z99">fut</w><w frlemma="un" frpos="DET" frMUSAS="Z5">une</w><w frlemma="pénible" frpos="ADJ" frMUSAS="Z99">pénible</w><w frlemma="surprise" frpos="NOUN" frMUSAS="X2.6-">surprise</w><w frlemma="," frpos="PUNCT" frMUSAS="PUNCT">,</w><w frlemma="pour" frpos="ADP" frMUSAS="Z5">pour</w><w frlemma="tout" frpos="ADJ" frMUSAS="Z8">tous</w><w frlemma="celui" frpos="PRON" frMUSAS="Z8">ceux</w><w frlemma="qui" frpos="PRON" frMUSAS="Z8">qui</w><w frlemma="le" frpos="DET" frMUSAS="Z5">le</w><w frlemma="connaissaient" frpos="NOUN" frMUSAS="Z99">connaissaient</w><w frlemma="," frpos="PUNCT" frMUSAS="PUNCT">,</w><w frlemma="de" frpos="ADP" frMUSAS="Z5">de</w><w frlemma="le" frpos="PRON" frMUSAS="Z8">le</w><w frlemma="voir" frpos="VERB" frMUSAS="X3.4">voir</w><w frlemma="partir" frpos="VERB" frMUSAS="M1">partir</w><w frlemma="à" frpos="ADP" frMUSAS="Z5">à</w><w frlemma="quarante" frpos="NUM" frMUSAS="N1">quarante</w><w frlemma="-" frpos="NUM" frMUSAS="N1">-</w><w frlemma="six" frpos="NUM" frMUSAS="N1">six</w><w frlemma="an" frpos="NOUN" frMUSAS="T1.3">ans</w><w frlemma="." frpos="PUNCT" frMUSAS="PUNCT">.</w><w frlemma="il" frpos="PRON" frMUSAS="Z8">Il</w><w frlemma="être" frpos="AUX" frMUSAS="Z99">était</w><w frlemma="naître" frpos="VERB" frMUSAS="Z99">né</w><w frlemma="à" frpos="ADP" frMUSAS="Z5">à</w><w frlemma="Paris" frpos="PROPN" frMUSAS="Z99">Paris</w><w frlemma="le" frpos="DET" frMUSAS="Z5">le</w><w frlemma="premier" frpos="ADJ" frMUSAS="N4">1er</w><w frlemma="avril" frpos="NOUN" frMUSAS="T1.3">avril</w><w frlemma="1914" frpos="NUM" frMUSAS="N1">1914</w><w frlemma="et" frpos="CCONJ" frMUSAS="Z5">et</w><w frlemma="avoir" frpos="AUX" frMUSAS="A9+">avait</w><w frlemma="faire" frpos="VERB" frMUSAS="Z99">fait</w><w frlemma="son" frpos="DET" frMUSAS="Z5">ses</w><w frlemma="étude" frpos="NOUN" frMUSAS="P1">études</w><w frlemma="au" frpos="ADP" frMUSAS="Z5">au</w><w frlemma="Lycée" frpos="PROPN" frMUSAS="Z99">Lycée</w><w frlemma="Janson" frpos="PROPN" frMUSAS="Z99">Janson</w><w frlemma="de" frpos="ADP" frMUSAS="Z5">de</w><w frlemma="Sailly" frpos="PROPN" frMUSAS="Z99">Sailly</w><w frlemma="." frpos="PUNCT" frMUSAS="PUNCT">.</w><w frlemma="il" frpos="PRON" frMUSAS="Z8">Il</w><w frlemma="le" frpos="PRON" frMUSAS="Z8">les</w><w frlemma="couronner" frpos="VERB" frMUSAS="Z99">couronna</w><w frlemma="en" frpos="ADP" frMUSAS="Z5">en</w><w frlemma="passer" frpos="VERB" frMUSAS="M1">passant</w><w frlemma="son" frpos="DET" frMUSAS="Z5">son</w><w frlemma="baccalauréat" frpos="NOUN" frMUSAS="Z99">baccalauréat</w><w frlemma="de" frpos="ADP" frMUSAS="Z5">de</w><w frlemma="philosophie" frpos="NOUN" frMUSAS="P1">philosophie</w><w frlemma="." frpos="PUNCT" frMUSAS="PUNCT">.</w><w frlemma="il" frpos="PRON" frMUSAS="Z8">Il</w><w frlemma="être" frpos="AUX" frMUSAS="Z99">fut</w><w frlemma="alors" frpos="ADV" frMUSAS="Z99">alors</w><w frlemma="attirer" frpos="VERB" frMUSAS="O4.2+">attiré</w><w frlemma="par" frpos="ADP" frMUSAS="M6">par</w><w frlemma="le" frpos="DET" frMUSAS="Z5">l'</w><w frlemma="égyptologie" frpos="NOUN" frMUSAS="Z99">égyptologie</w><w frlemma="et" frpos="CCONJ" frMUSAS="Z5">et</w><w frlemma="fréquenta" frpos="NOUN" frMUSAS="Z99">fréquenta</w><w frlemma="à" frpos="ADP" frMUSAS="Z5">à</w><w frlemma="le" frpos="DET" frMUSAS="Z5">la</w><w frlemma="fois" frpos="NOUN" frMUSAS="Z99">fois</w><w frlemma="le" frpos="DET" frMUSAS="Z5">le</w><w frlemma="Louvre" frpos="PROPN" frMUSAS="Z99">Louvre</w><w frlemma="et" frpos="CCONJ" frMUSAS="Z5">et</w><w frlemma="le" frpos="DET" frMUSAS="Z5">l'</w><w frlemma="Ecole" frpos="PROPN" frMUSAS="Z99">Ecole</w><w frlemma="Pratique" frpos="PROPN" frMUSAS="Z99">Pratique</w><w frlemma="de" frpos="ADP" frMUSAS="Z5">des</w><w frlemma="hautes-etude" frpos="NOUN" frMUSAS="Z99">Hautes-Etudes</w><w frlemma="où" frpos="PRON" frMUSAS="Z8">où</w><w frlemma="," frpos="PUNCT" frMUSAS="PUNCT">,</w><w frlemma="de" frpos="ADP" frMUSAS="Z5">de</w><w frlemma="1933" frpos="NUM" frMUSAS="N1">1933</w><w frlemma="à" frpos="ADP" frMUSAS="Z5">à</w><w frlemma="1935" frpos="NUM" frMUSAS="N1">1935</w><w frlemma="," frpos="PUNCT" frMUSAS="PUNCT">,</w><w frlemma="1l" frpos="NUM" frMUSAS="N1">1l</w><w frlemma="suivre" frpos="VERB" frMUSAS="M1">suivit</w><w frlemma="le" frpos="DET" frMUSAS="Z5">les</w><w frlemma="cours" frpos="NOUN" frMUSAS="M1">cours</w><w frlemma="de" frpos="ADP" frMUSAS="Z5">de</w><w frlemma="moret" frpos="NOUN" frMUSAS="Z99">Moret</w><w frlemma="et" frpos="CCONJ" frMUSAS="Z5">et</w><w frlemma="de" frpos="ADP" frMUSAS="Z5">de</w><w frlemma="Lefebvre" frpos="PROPN" frMUSAS="Z99">Lefebvre</w><w frlemma="." frpos="PUNCT" frMUSAS="PUNCT">.</w></p><p><w frlemma="mais" frpos="CCONJ" frMUSAS="Z5">Mais</w><w frlemma="le" frpos="DET" frMUSAS="Z5">l'</w><w frlemma="aspeet" frpos="NOUN" frMUSAS="Z99">aspeet</w><w frlemma="esthétique" frpos="ADJ" frMUSAS="Z99">esthétique</w><w frlemma="de" frpos="ADP" frMUSAS="Z5">de</w><w frlemma="le" frpos="DET" frMUSAS="Z5">la</w><w frlemma="civilisation" frpos="NOUN" frMUSAS="S1.1.1">civilisation</w><w frlemma="égyptienne" frpos="VERB" frMUSAS="Z99">égyptienne</w><w frlemma="le" frpos="DET" frMUSAS="Z5">le</w><w frlemma="séduisit" frpos="NOUN" frMUSAS="Z99">séduisit</w><w frlemma="plus" frpos="ADV" frMUSAS="Z5">plus</w><w frlemma="que" frpos="SCONJ" frMUSAS="Z5">que</w><w frlemma="le" frpos="DET" frMUSAS="Z5">la</w><w frlemma="philologie" frpos="NOUN" frMUSAS="Z99">philologie</w><w frlemma="et" frpos="CCONJ" frMUSAS="Z5">et</w><w frlemma="il" frpos="PRON" frMUSAS="Z8">il</w><w frlemma="finir" frpos="VERB" frMUSAS="T2-">finit</w><w frlemma="par" frpos="ADP" frMUSAS="M6">par</w><w frlemma="cultiver" frpos="VERB" frMUSAS="Z99">cultiver</w><w frlemma="surtout" frpos="ADV" frMUSAS="Z99">surtout</w><w frlemma="le" frpos="DET" frMUSAS="Z5">le</w><w frlemma="dessin" frpos="NOUN" frMUSAS="Z99">dessin</w><w frlemma="." frpos="PUNCT" frMUSAS="PUNCT">.</w><w frlemma="gepender" frpos="VERB" frMUSAS="Z99">Gependant</w><w frlemma="le" frpos="DET" frMUSAS="Z5">la</w><w frlemma="préparation" frpos="NOUN" frMUSAS="A1.1.1">préparation</w><w frlemma="scientifique" frpos="ADJ" frMUSAS="Y1">scientifique</w><w frlemma="que" frpos="PRON" frMUSAS="Z8">qu'</w><w frlemma="il" frpos="PRON" frMUSAS="Z8">il</w><w frlemma="avoir" frpos="AUX" frMUSAS="A9+">avait</w><w frlemma="acquérir" frpos="VERB" frMUSAS="A9+">acquise</w><w frlemma="luire" frpos="PRON" frMUSAS="Z8">lui</w><w frlemma="être" frpos="AUX" frMUSAS="Z99">fut</w><w frlemma="dans" frpos="ADP" frMUSAS="Z5">dans</w><w frlemma="le" frpos="DET" frMUSAS="Z5">la</w><w frlemma="suite" frpos="NOUN" frMUSAS="Z99">suite</w><w frlemma="de" frpos="ADP" frMUSAS="Z5">du</w><w frlemma="plus" frpos="ADV" frMUSAS="Z5">plus</w><w frlemma="grand" frpos="ADJ" frMUSAS="Z99">grand</w><w frlemma="secours" frpos="NOUN" frMUSAS="Z99">secours</w><w frlemma="." frpos="PUNCT" frMUSAS="PUNCT">.</w><w frlemma="îl" frpos="PRON" frMUSAS="Z99">Îl</w><w frlemma="être" frpos="AUX" frMUSAS="Z99">fut</w><w frlemma="mettre" frpos="VERB" frMUSAS="Z99">mis</w><w frlemma="à" frpos="ADP" frMUSAS="Z5">à</w><w frlemma="le" frpos="DET" frMUSAS="Z5">la</w><w frlemma="disposition" frpos="NOUN" frMUSAS="Z99">disposition</w><w frlemma="de" frpos="ADP" frMUSAS="Z5">de</w><w frlemma="m." frpos="NOUN" frMUSAS="Z99">M.</w><w frlemma="Dunand" frpos="PROPN" frMUSAS="Z99">Dunand</w><w frlemma="," frpos="PUNCT" frMUSAS="PUNCT">,</w><w frlemma="qui" frpos="PRON" frMUSAS="Z8">qui</w><w frlemma="fouiller" frpos="VERB" frMUSAS="Z99">fouillait</w><w frlemma="alors" frpos="ADV" frMUSAS="Z99">alors</w><w frlemma="Byblos" frpos="PROPN" frMUSAS="Z99">Byblos</w><w frlemma="," frpos="PUNCT" frMUSAS="PUNCT">,</w><w frlemma="pour" frpos="ADP" frMUSAS="Z5">pour</w><w frlemma="dessiner" frpos="VERB" frMUSAS="Z99">dessiner</w><w frlemma="surtout" frpos="ADV" frMUSAS="Z99">surtout</w><w frlemma="le" frpos="DET" frMUSAS="Z5">les</w><w frlemma="objet" frpos="NOUN" frMUSAS="Z99">objets</w><w frlemma="qui" frpos="PRON" frMUSAS="Z8">qui</w><w frlemma="évoquer" frpos="VERB" frMUSAS="Z99">évoquaient</w><w frlemma="le" frpos="DET" frMUSAS="Z5">les</w><w frlemma="rapport" frpos="NOUN" frMUSAS="Z99">rapports</w><w frlemma="de" frpos="ADP" frMUSAS="Z5">des</w><w frlemma="egyptien" frpos="NOUN" frMUSAS="Z99">Egyptiens</w><w frlemma="et" frpos="CCONJ" frMUSAS="Z5">et</w><w frlemma="de" frpos="ADP" frMUSAS="Z5">des</w><w frlemma="asiatique" frpos="NOUN" frMUSAS="Z2">Asiatiques</w><w frlemma="." frpos="PUNCT" frMUSAS="PUNCT">.</w><w frlemma="bien" frpos="ADV" frMUSAS="A10+">Bien</w><w frlemma="que" frpos="SCONJ" frMUSAS="Z5">qu'</w><w frlemma="il" frpos="PRON" frMUSAS="Z8">il</w><w frlemma="travailler" frpos="VERB" frMUSAS="I3.1">travaillât</w><w frlemma="pour" frpos="ADP" frMUSAS="Z5">pour</w><w frlemma="le" frpos="DET" frMUSAS="Z5">le</w><w frlemma="compte" frpos="NOUN" frMUSAS="Z99">compte</w><w frlemma="de" frpos="ADP" frMUSAS="Z5">du</w><w frlemma="gouvernement" frpos="NOUN" frMUSAS="G1.1c">gouvernement</w><w frlemma="libanais" frpos="ADJ" frMUSAS="Z2">libanais</w><w frlemma="," frpos="PUNCT" frMUSAS="PUNCT">,</w><w frlemma="il" frpos="PRON" frMUSAS="Z8">il</w><w frlemma="être" frpos="AUX" frMUSAS="Z99">fut</w><w frlemma="donc" frpos="ADV" frMUSAS="Z5">donc</w><w frlemma="appeler" frpos="VERB" frMUSAS="Q2.2">appelé</w><w frlemma="à" frpos="ADP" frMUSAS="Z5">à</w><w frlemma="venir" frpos="VERB" frMUSAS="M1">venir</w><w frlemma="en" frpos="ADP" frMUSAS="Z5">en</w><w frlemma="egypte" frpos="NOUN" frMUSAS="Z99">Egypte</w><w frlemma="où" frpos="PRON" frMUSAS="Z8">où</w><w frlemma="il" frpos="PRON" frMUSAS="Z8">il</w><w frlemma="séjourner" frpos="VERB" frMUSAS="Z99">séjourna</w><w frlemma="longuement" frpos="ADV" frMUSAS="Z99">longuement</w><w frlemma="à" frpos="ADP" frMUSAS="Z5">à</w><w frlemma="plusieurs" frpos="DET" frMUSAS="N5">plusieurs</w><w frlemma="reprise" frpos="NOUN" frMUSAS="Z99">reprises</w><w frlemma="entrer" frpos="ADP" frMUSAS="M6">entre</w><w frlemma="1935" frpos="NUM" frMUSAS="N1">1935</w><w frlemma="et" frpos="CCONJ" frMUSAS="Z5">et</w><w frlemma="1939" frpos="NUM" frMUSAS="N1">1939</w><w frlemma="." frpos="PUNCT" frMUSAS="PUNCT">.</w><w frlemma="il" frpos="PRON" frMUSAS="Z8">Il</w><w frlemma="y" frpos="PRON" frMUSAS="M6">y</w><w frlemma="dessiner" frpos="VERB" frMUSAS="Z99">dessina</w><w frlemma="notamment" frpos="ADV" frMUSAS="A14">notamment</w><w frlemma="le" frpos="DET" frMUSAS="Z5">les</w><w frlemma="scène" frpos="NOUN" frMUSAS="K4">scènes</w><w frlemma="de" frpos="ADP" frMUSAS="Z5">du</w><w frlemma="char" frpos="NOUN" frMUSAS="M3">char</w><w frlemma="de" frpos="ADP" frMUSAS="Z5">de</w><w frlemma="thoutmosi" frpos="NOUN" frMUSAS="Z99">Thoutmosis</w><w frlemma="iv" frpos="ADJ" frMUSAS="Z99">IV</w><w frlemma="qui" frpos="PRON" frMUSAS="Z8">qui</w><w frlemma="malheureusemer" frpos="VERB" frMUSAS="A1.4-">malheureusement</w><w frlemma="être" frpos="AUX" frMUSAS="Z99">sont</w><w frlemma="rester" frpos="VERB" frMUSAS="M8">restées</w><w frlemma="inédit" frpos="ADJ" frMUSAS="Z99">inédites</w><w frlemma="jusque" frpos="ADP" frMUSAS="Z5">jusqu'</w><w frlemma="à" frpos="ADP" frMUSAS="Z5">à</w><w frlemma="ce" frpos="DET" frMUSAS="Z5">ce</w><w frlemma="jjour" frpos="NOUN" frMUSAS="Z99">jJour</w><w frlemma="." frpos="PUNCT" frMUSAS="PUNCT">.</w></p><p><w frlemma="le" frpos="DET" frMUSAS="Z5">La</w><w frlemma="guerre" frpos="NOUN" frMUSAS="G3">guerre</w><w frlemma="interrompit" frpos="ADJ" frMUSAS="Z99">interrompit</w><w frlemma="en" frpos="ADP" frMUSAS="Z5">en</w><w frlemma="grand" frpos="ADJ" frMUSAS="Z99">grande</w><w frlemma="partie" frpos="NOUN" frMUSAS="A10+">partie</w><w frlemma="le" frpos="DET" frMUSAS="Z5">les</w><w frlemma="activité" frpos="NOUN" frMUSAS="A1.1.1">activités</w><w frlemma="scientifique" frpos="ADJ" frMUSAS="Y1">scientifiques</w><w frlemma="qui" frpos="PRON" frMUSAS="Z8">qui</w><w frlemma="requérir" frpos="VERB" frMUSAS="X7+">requièrent</w><w frlemma="beaucoup" frpos="ADV" frMUSAS="Z99">beaucoup</w><w frlemma="de" frpos="ADP" frMUSAS="Z5">de</w><w frlemma="calme" frpos="PROPN" frMUSAS="E3+">calme</w><w frlemma="." frpos="PUNCT" frMUSAS="PUNCT">.</w><w frlemma="le" frpos="DET" frMUSAS="Z5">La</w><w frlemma="santé" frpos="NOUN" frMUSAS="B2">santé</w><w frlemma="de" frpos="ADP" frMUSAS="Z5">de</w><w frlemma="Pierre" frpos="PROPN" frMUSAS="F1">Pierre</w><w frlemma="Clère" frpos="PROPN" frMUSAS="Z99">Clère</w><w frlemma="ne" frpos="ADV" frMUSAS="Z6">n'</w><w frlemma="être" frpos="AUX" frMUSAS="Z99">étant</w><w frlemma="guère" frpos="ADV" frMUSAS="A13.7">guère</w><w frlemma="bon" frpos="ADJ" frMUSAS="A5.1+">bonne</w><w frlemma="," frpos="PUNCT" frMUSAS="PUNCT">,</w><w frlemma="il" frpos="PRON" frMUSAS="Z8">il</w><w frlemma="ne" frpos="ADV" frMUSAS="Z6">ne</w><w frlemma="pouvoir" frpos="VERB" frMUSAS="Z99">put</w><w frlemma="être" frpos="AUX" frMUSAS="Z99">être</w><w frlemma="verser" frpos="VERB" frMUSAS="Z99">versé</w><w frlemma="dans" frpos="ADP" frMUSAS="Z5">dans</w><w frlemma="le" frpos="DET" frMUSAS="Z5">les</w><w frlemma="unité" frpos="NOUN" frMUSAS="Z99">unités</w><w frlemma="combattant" frpos="ADJ" frMUSAS="E3-/S2mf">combattantes</w><w frlemma="." frpos="PUNCT" frMUSAS="PUNCT">.</w><w frlemma="il" frpos="PRON" frMUSAS="Z8">Il</w><w frlemma="prendre" frpos="VERB" frMUSAS="A9+">prit</w><w frlemma="donc" frpos="ADV" frMUSAS="Z5">donc</w><w frlemma="de" frpos="ADP" frMUSAS="Z5">du</w><w frlemma="service" frpos="NOUN" frMUSAS="A1.1.1">service</w><w frlemma="au" frpos="ADP" frMUSAS="Z5">au</w><w frlemma="Lycée" frpos="PROPN" frMUSAS="Z99">Lycée</w><w frlemma="franco-egyptien" frpos="NOUN" frMUSAS="Z99">Franco-Egyptien</w><w frlemma="de" frpos="ADP" frMUSAS="Z5">d'</w><w frlemma="Héliopolis" frpos="PROPN" frMUSAS="Z99">Héliopolis</w><w frlemma="où" frpos="PRON" frMUSAS="Z8">où</w><w frlemma="il" frpos="PRON" frMUSAS="Z8">il</w><w frlemma="enseigner" frpos="VERB" frMUSAS="P1">enseigna</w><w frlemma="le" frpos="DET" frMUSAS="Z5">le</w><w frlemma="latin" frpos="NOUN" frMUSAS="Z2/Q3">latin</w><w frlemma="," frpos="PUNCT" frMUSAS="PUNCT">,</w><w frlemma="car" frpos="CCONJ" frMUSAS="Z5/A2.2">car</w><w frlemma="il" frpos="PRON" frMUSAS="Z8">il</w><w frlemma="avoir" frpos="AUX" frMUSAS="A9+">avait</w><w frlemma="faire" frpos="VERB" frMUSAS="Z99">fait</w><w frlemma="son" frpos="DET" frMUSAS="Z5">ses</w><w frlemma="classe" frpos="NOUN" frMUSAS="A4.1">classes</w><w frlemma="de" frpos="ADP" frMUSAS="Z5">d'</w><w frlemma="humanité" frpos="NOUN" frMUSAS="S1.2.1+">humanités</w><w frlemma="," frpos="PUNCT" frMUSAS="PUNCT">,</w><w frlemma="comme" frpos="SCONJ" frMUSAS="Z5">comme</w><w frlemma="on" frpos="PRON" frMUSAS="Z8">on</w><w frlemma="dire" frpos="VERB" frMUSAS="Q2.1">disait</w><w frlemma="alors" frpos="ADV" frMUSAS="Z99">alors</w><w frlemma="," frpos="PUNCT" frMUSAS="PUNCT">,</w><w frlemma="et" frpos="CCONJ" frMUSAS="Z5">et</w><w frlemma="il" frpos="PRON" frMUSAS="Z8">il</w><w frlemma="avoir" frpos="AUX" frMUSAS="A9+">avait</w><w frlemma="conserver" frpos="VERB" frMUSAS="Z99">conservé</w><w frlemma="le" frpos="DET" frMUSAS="Z5">le</w><w frlemma="goût" frpos="NOUN" frMUSAS="X3.1">goût</w><w frlemma="de" frpos="ADP" frMUSAS="Z5">de</w><w frlemma="le" frpos="DET" frMUSAS="Z5">la</w><w frlemma="culture" frpos="NOUN" frMUSAS="C1">culture</w><w frlemma="." frpos="PUNCT" frMUSAS="PUNCT">.</w><w frlemma="pouvoir" frpos="ADV" frMUSAS="Z99">Puis</w><w frlemma="," frpos="PUNCT" frMUSAS="PUNCT">,</w><w frlemma="comme" frpos="ADP" frMUSAS="Z5">comme</w><w frlemma="m." frpos="NOUN" frMUSAS="Z99">M.</w><w frlemma="Dunand" frpos="PROPN" frMUSAS="Z99">Dunand</w><w frlemma="avoir" frpos="AUX" frMUSAS="A9+">avait</w><w frlemma="pouvoir" frpos="VERB" frMUSAS="Z99">pu</w><w frlemma="reprendre" frpos="VERB" frMUSAS="Z99">reprendre</w><w frlemma="son" frpos="DET" frMUSAS="Z5">ses</w><w frlemma="travail" frpos="NOUN" frMUSAS="I3.1">travaux</w><w frlemma="archéologique" frpos="ADJ" frMUSAS="Z99">archéologiques</w><w frlemma="," frpos="PUNCT" frMUSAS="PUNCT">,</w><w frlemma="P." frpos="PROPN" frMUSAS="Z99">P.</w><w frlemma="Clère" frpos="PROPN" frMUSAS="Z99">Clère</w><w frlemma="," frpos="PUNCT" frMUSAS="PUNCT">,</w><w frlemma="qui" frpos="PRON" frMUSAS="Z8">qui</w><w frlemma="avoir" frpos="AUX" frMUSAS="A9+">avait</w><w frlemma="hâter" frpos="VERB" frMUSAS="Z99">hâte</w><w frlemma="de" frpos="ADP" frMUSAS="Z5">de</w><w frlemma="retrouver" frpos="VERB" frMUSAS="Z99">retrouver</w><w frlemma="dessin" frpos="ADJ" frMUSAS="Z99">dessins</w><w frlemma="et" frpos="CCONJ" frMUSAS="Z5">et</w><w frlemma="fouille" frpos="ADJ" frMUSAS="Z99">fouilles</w><w frlemma="," frpos="PUNCT" frMUSAS="PUNCT">,</w><w frlemma="le" frpos="DET" frMUSAS="Z5">le</w><w frlemma="rejoignit" frpos="NOUN" frMUSAS="Z99">rejoignit</w><w frlemma="au" frpos="ADP" frMUSAS="Z5">au</w><w frlemma="Liban" frpos="PROPN" frMUSAS="Z99">Liban</w><w frlemma="où" frpos="PRON" frMUSAS="Z8">où</w><w frlemma="il" frpos="PRON" frMUSAS="Z8">il</w><w frlemma="rester" frpos="VERB" frMUSAS="M8">resta</w><w frlemma="de" frpos="ADP" frMUSAS="Z5">de</w><w frlemma="1942" frpos="NUM" frMUSAS="N1">1942</w><w frlemma="à" frpos="ADP" frMUSAS="Z5">à</w><w frlemma="1946" frpos="NUM" frMUSAS="N1">1946</w><w frlemma="," frpos="PUNCT" frMUSAS="PUNCT">,</w><w frlemma="toujours" frpos="ADV" frMUSAS="N6+++">toujours</w><w frlemma="engager" frpos="VERB" frMUSAS="Z99">engagé</w><w frlemma="par" frpos="ADP" frMUSAS="M6">par</w><w frlemma="le" frpos="DET" frMUSAS="Z5">le</w><w frlemma="gouvernement" frpos="NOUN" frMUSAS="G1.1c">Gouvernement</w><w frlemma="libanais" frpos="ADJ" frMUSAS="Z2">libanais</w><w frlemma="." frpos="PUNCT" frMUSAS="PUNCT">.</w></p><p><w frlemma="ce" frpos="PRON" frMUSAS="Z8">C'</w><w frlemma="être" frpos="AUX" frMUSAS="M6">est</w><w frlemma="alors" frpos="ADV" frMUSAS="Z99">alors</w><w frlemma="que" frpos="SCONJ" frMUSAS="Z5">que</w><w frlemma="m." frpos="NOUN" frMUSAS="Z99">M.</w><w frlemma="Kuentz" frpos="PROPN" frMUSAS="Z99">Kuentz</w><w frlemma="," frpos="PUNCT" frMUSAS="PUNCT">,</w><w frlemma="directeur" frpos="NOUN" frMUSAS="S7.1+/S2mf">Directeur</w><w frlemma="de" frpos="ADP" frMUSAS="Z5">de</w><w frlemma="le" frpos="DET" frMUSAS="Z5">l'</w><w frlemma="ifao" frpos="NOUN" frMUSAS="Z99">IFAO</w><w frlemma="," frpos="PUNCT" frMUSAS="PUNCT">,</w><w frlemma="avoir" frpos="VERB" frMUSAS="A9+">ayant</w><w frlemma="besoin" frpos="NOUN" frMUSAS="S6+">besoin</w><w frlemma="de" frpos="ADP" frMUSAS="Z5">d'</w><w frlemma="un" frpos="DET" frMUSAS="Z5">un</w><w frlemma="dessinateur" frpos="NOUN" frMUSAS="Z99">dessinateur</w><w frlemma="pour" frpos="ADP" frMUSAS="Z5">pour</w><w frlemma="le" frpos="DET" frMUSAS="Z5">la</w><w frlemma="porte" frpos="NOUN" frMUSAS="H2">Porte</w><w frlemma="de" frpos="ADP" frMUSAS="Z5">d'</w><w frlemma="Evergète" frpos="PROPN" frMUSAS="Z99">Evergète</w><w frlemma="," frpos="PUNCT" frMUSAS="PUNCT">,</w><w frlemma="que" frpos="SCONJ" frMUSAS="Z5">qu'</w><w frlemma="il" frpos="PRON" frMUSAS="Z8">il</w><w frlemma="désirer" frpos="VERB" frMUSAS="X7+">désirait</w><w frlemma="publier" frpos="ADJ" frMUSAS="Q4">publier</w><w frlemma="," frpos="PUNCT" frMUSAS="PUNCT">,</w><w frlemma="et" frpos="CCONJ" frMUSAS="Z5">et</w><w frlemma="avoir" frpos="AUX" frMUSAS="A9+">ayant</w><w frlemma="apprécier" frpos="VERB" frMUSAS="E2+">apprécié</w><w frlemma="le" frpos="DET" frMUSAS="Z5">la</w><w frlemma="qualité" frpos="NOUN" frMUSAS="A5.1">qualité</w><w frlemma="de" frpos="ADP" frMUSAS="Z5">des</w><w frlemma="dessin" frpos="NOUN" frMUSAS="Z99">dessins</w><w frlemma="de" frpos="ADP" frMUSAS="Z5">de</w><w frlemma="Pierre" frpos="PROPN" frMUSAS="F1">Pierre</w><w frlemma="Clère" frpos="PROPN" frMUSAS="Z99">Clère</w><w frlemma="," frpos="PUNCT" frMUSAS="PUNCT">,</w><w frlemma="le" frpos="DET" frMUSAS="Z5">l'</w><w frlemma="appela" frpos="NOUN" frMUSAS="Z99">appela</w><w frlemma="à" frpos="ADP" frMUSAS="Z5">à</w><w frlemma="le" frpos="DET" frMUSAS="Z5">l'</w><w frlemma="Institut" frpos="PROPN" frMUSAS="P1/S5+c">Institut</w><w frlemma="." frpos="PUNCT" frMUSAS="PUNCT">.</w><w frlemma="il" frpos="PRON" frMUSAS="Z8">Il</w><w frlemma="avoir" frpos="AUX" frMUSAS="A9+">a</w><w frlemma="soigneusement" frpos="ADV" frMUSAS="Z99">soigneusement</w><w frlemma="exécuter" frpos="VERB" frMUSAS="Z99">exécuté</w><w frlemma="de" frpos="ADP" frMUSAS="Z5">de</w><w frlemma="1948" frpos="NUM" frMUSAS="N1">1948</w><w frlemma="à" frpos="ADP" frMUSAS="Z5">à</w><pb n="238"/><w frlemma="1953" frpos="NUM" frMUSAS="N1">1953</w><w frlemma="le" frpos="DET" frMUSAS="Z5">le</w><w frlemma="dessin" frpos="PROPN" frMUSAS="Z99">dessin</w><w frlemma="au" frpos="ADP" frMUSAS="Z5">au</w><w frlemma="crayon" frpos="NOUN" frMUSAS="Z99">crayon</w><w frlemma="de" frpos="ADP" frMUSAS="Z5">des</w><w frlemma="planche" frpos="NOUN" frMUSAS="Z99">planches</w><w frlemma="de" frpos="ADP" frMUSAS="Z5">d'</w><w frlemma="Evergète" frpos="PROPN" frMUSAS="Z99">Evergète</w><w frlemma="." frpos="PUNCT" frMUSAS="PUNCT">.</w><w frlemma="il" frpos="PRON" frMUSAS="Z8">Il</w><w frlemma="ne" frpos="ADV" frMUSAS="Z6">ne</w><w frlemma="luire" frpos="PRON" frMUSAS="Z8">lui</w><w frlemma="rester" frpos="VERB" frMUSAS="M8">restait</w><w frlemma="que" frpos="ADV" frMUSAS="Z8">qu'</w><w frlemma="à" frpos="ADP" frMUSAS="Z5">à</w><w frlemma="le" frpos="PRON" frMUSAS="Z8">les</w><w frlemma="passer" frpos="VERB" frMUSAS="M1">passer</w><w frlemma="à" frpos="ADP" frMUSAS="Z5">à</w><w frlemma="le" frpos="DET" frMUSAS="Z5">l'</w><w frlemma="encre" frpos="NOUN" frMUSAS="Z99">encre</w><w frlemma="et" frpos="CCONJ" frMUSAS="Z5">et</w><w frlemma="à" frpos="ADP" frMUSAS="Z5">à</w><w frlemma="faire" frpos="VERB" frMUSAS="Z99">faire</w><w frlemma="," frpos="PUNCT" frMUSAS="PUNCT">,</w><w frlemma="surtout" frpos="ADV" frMUSAS="Z99">surtout</w><w frlemma="pour" frpos="ADP" frMUSAS="Z5">pour</w><w frlemma="le" frpos="DET" frMUSAS="Z5">les</w><w frlemma="texte" frpos="NOUN" frMUSAS="Q1.2">textes</w><w frlemma="," frpos="PUNCT" frMUSAS="PUNCT">,</w><w frlemma="de" frpos="ADP" frMUSAS="Z5">d'</w><w frlemma="ultime" frpos="NOUN" frMUSAS="T2-">ultimes</w><w frlemma="collation" frpos="NOUN" frMUSAS="Z99">collations</w><w frlemma="avec" frpos="ADP" frMUSAS="Z5">avec</w><w frlemma="le" frpos="DET" frMUSAS="Z5">l'</w><w frlemma="aide" frpos="NOUN" frMUSAS="Z99">aide</w><w frlemma="de" frpos="ADP" frMUSAS="Z5">de</w><w frlemma="m." frpos="NOUN" frMUSAS="Z99">M.</w><w frlemma="Kuentz" frpos="PROPN" frMUSAS="Z99">Kuentz</w><w frlemma="." frpos="PUNCT" frMUSAS="PUNCT">.</w><w frlemma="il" frpos="PRON" frMUSAS="Z8">Il</w><w frlemma="pouvoir" frpos="VERB" frMUSAS="Z99">put</w><w frlemma="le" frpos="DET" frMUSAS="Z5">les</w><w frlemma="terminer" frpos="VERB" frMUSAS="Z99">terminer</w><w frlemma="au" frpos="ADP" frMUSAS="Z5">au</w><w frlemma="début" frpos="NOUN" frMUSAS="T2+">début</w><w frlemma="de" frpos="ADP" frMUSAS="Z5">de</w><w frlemma="1960" frpos="NUM" frMUSAS="N1">1960</w><w frlemma="." frpos="PUNCT" frMUSAS="PUNCT">.</w><w frlemma="et" frpos="CCONJ" frMUSAS="Z5">Et</w><w frlemma="le" frpos="DET" frMUSAS="Z5">l'</w><w frlemma="ouvrage" frpos="NOUN" frMUSAS="I3.1">ouvrage</w><w frlemma="avoir" frpos="AUX" frMUSAS="A9+">a</w><w frlemma="maintenant" frpos="ADV" frMUSAS="T1.1.2">maintenant</w><w frlemma="paraître" frpos="VERB" frMUSAS="A8">paru</w><w frlemma="sou" frpos="ADP" frMUSAS="A13.6">sous</w><w frlemma="forme" frpos="NOUN" frMUSAS="A4.1">forme</w><w frlemma="de" frpos="ADP" frMUSAS="Z5">d'</w><w frlemma="un" frpos="DET" frMUSAS="Z5">un</w><w frlemma="petit" frpos="ADJ" frMUSAS="Z99">petit</w><w frlemma="in" frpos="PROPN" frMUSAS="Z99">in</w><w frlemma="-" frpos="PROPN" frMUSAS="Z99">-</w><w frlemma="folio" frpos="PROPN" frMUSAS="Z99">folio</w><w frlemma="." frpos="PUNCT" frMUSAS="PUNCT">.</w><w frlemma="non" frpos="ADV" frMUSAS="Z99">Non</w><w frlemma="seulement" frpos="ADV" frMUSAS="A14">seulement</w><w frlemma="le" frpos="DET" frMUSAS="Z5">les</w><w frlemma="dessin" frpos="NOUN" frMUSAS="Z99">dessins</w><w frlemma="en" frpos="PRON" frMUSAS="Z8">en</w><w frlemma="être" frpos="AUX" frMUSAS="Z99">sont</w><w frlemma="excellent" frpos="ADJ" frMUSAS="A5.1+++">excellents</w><w frlemma="et" frpos="CCONJ" frMUSAS="Z5">et</w><w frlemma="de" frpos="ADP" frMUSAS="Z5">d'</w><w frlemma="un" frpos="DET" frMUSAS="Z5">une</w><w frlemma="facture" frpos="NOUN" frMUSAS="Z99">facture</w><w frlemma="très" frpos="ADV" frMUSAS="A13.3">très</w><w frlemma="agréable" frpos="ADJ" frMUSAS="Z99">agréable</w><w frlemma="," frpos="PUNCT" frMUSAS="PUNCT">,</w><w frlemma="mais" frpos="CCONJ" frMUSAS="Z5">mais</w><w frlemma="le" frpos="DET" frMUSAS="Z5">les</w><w frlemma="innombrable" frpos="NOUN" frMUSAS="Z99">innombrables</w><w frlemma="hiéroglyphe" frpos="NOUN" frMUSAS="Z99">hiéroglyphes</w><w frlemma="ptolémaïque" frpos="ADJ" frMUSAS="Z99">ptolémaïques</w><w frlemma="," frpos="PUNCT" frMUSAS="PUNCT">,</w><w frlemma="tout" frpos="ADJ" frMUSAS="Z8">tous</w><w frlemma="soigneusement" frpos="ADV" frMUSAS="Z99">soigneusement</w><w frlemma="collationner" frpos="VERB" frMUSAS="Z99">collationnés</w><w frlemma="," frpos="PUNCT" frMUSAS="PUNCT">,</w><w frlemma="être" frpos="AUX" frMUSAS="Z99">sont</w><w frlemma="un" frpos="DET" frMUSAS="Z5">des</w><w frlemma="fac-similé" frpos="NOUN" frMUSAS="Z99">fac-similés</w><w frlemma="exact" frpos="ADJ" frMUSAS="Z99">exacts</w><w frlemma=":" frpos="PUNCT" frMUSAS="PUNCT">:</w><w frlemma="ce" frpos="PRON" frMUSAS="Z8">ce</w><w frlemma="être" frpos="AUX" frMUSAS="Z99">sont</w><w frlemma="le" frpos="DET" frMUSAS="Z5">les</w><w frlemma="seul" frpos="ADJ" frMUSAS="Z99">seuls</w><w frlemma="qui" frpos="PRON" frMUSAS="Z8">qui</w><w frlemma="exister" frpos="VERB" frMUSAS="A3+">existent</w><w frlemma="à" frpos="ADP" frMUSAS="Z5">à</w><w frlemma="mon" frpos="DET" frMUSAS="Z5">ma</w><w frlemma="connaissance" frpos="NOUN" frMUSAS="X2.2+">connaissance</w><w frlemma="." frpos="PUNCT" frMUSAS="PUNCT">.</w><w frlemma="ce" frpos="DET" frMUSAS="Z5">Ce</w><w frlemma="travail" frpos="NOUN" frMUSAS="I3.1">travail</w><w frlemma="fait" frpos="ADJ" frMUSAS="Z99">fait</w><w frlemma="honneur" frpos="NOUN" frMUSAS="Z99">honneur</w><w frlemma="à" frpos="ADP" frMUSAS="Z5">à</w><w frlemma="son" frpos="DET" frMUSAS="Z5">ses</w><w frlemma="auteur" frpos="NOUN" frMUSAS="Q1.2">auteurs</w><w frlemma="et" frpos="CCONJ" frMUSAS="Z5">et</w><w frlemma="le" frpos="DET" frMUSAS="Z5">la</w><w frlemma="dernier" frpos="ADJ" frMUSAS="N4">dernière</w><w frlemma="joie" frpos="NOUN" frMUSAS="E4.1+">joie</w><w frlemma="scientifique" frpos="ADJ" frMUSAS="Y1">scientifique</w><w frlemma="de" frpos="ADP" frMUSAS="Z5">de</w><w frlemma="Pierre" frpos="PROPN" frMUSAS="F1">Pierre</w><w frlemma="Clère" frpos="PROPN" frMUSAS="Z99">Clère</w><w frlemma="avoir" frpos="AUX" frMUSAS="A9+">aura</w><w frlemma="être" frpos="AUX" frMUSAS="T1.3">été</w><w frlemma="de" frpos="ADP" frMUSAS="Z5">de</w><w frlemma="le" frpos="PRON" frMUSAS="Z8">le</w><w frlemma="voir" frpos="VERB" frMUSAS="X3.4">voir</w><w frlemma="enfin" frpos="ADV" frMUSAS="Z99">enfin</w><w frlemma="paraîtr" frpos="ADJ" frMUSAS="A8">paraître</w><w frlemma="." frpos="PUNCT" frMUSAS="PUNCT">.</w><w frlemma="à" frpos="ADP" frMUSAS="Z5">À</w><w frlemma="quelque" frpos="DET" frMUSAS="A13.5">quelques</w><w frlemma="mois" frpos="NOUN" frMUSAS="T1.3">mois</w><w frlemma="près" frpos="ADV" frMUSAS="Z99">près</w><w frlemma="," frpos="PUNCT" frMUSAS="PUNCT">,</w><w frlemma="1l" frpos="NUM" frMUSAS="N1">1l</w><w frlemma="avoir" frpos="AUX" frMUSAS="A9+">aurait</w><w frlemma="pouvoir" frpos="VERB" frMUSAS="Z99">pu</w><w frlemma="aussi" frpos="ADV" frMUSAS="Z99">aussi</w><w frlemma="avoir" frpos="VERB" frMUSAS="A9+">avoir</w><w frlemma="en" frpos="ADP" frMUSAS="Z5">en</w><w frlemma="main" frpos="NOUN" frMUSAS="A9-">mains</w><w frlemma="le" frpos="DET" frMUSAS="Z5">la</w><w frlemma="publication" frpos="NOUN" frMUSAS="Q4">publication</w><w frlemma="de" frpos="ADP" frMUSAS="Z5">des</w><w frlemma="dessin" frpos="NOUN" frMUSAS="Z99">dessins</w><w frlemma="que" frpos="PRON" frMUSAS="Z8">qu'</w><w frlemma="il" frpos="PRON" frMUSAS="Z8">il</w><w frlemma="avoir" frpos="AUX" frMUSAS="A9+">avait</w><w frlemma="préparer" frpos="VERB" frMUSAS="A1.1.1">préparés</w><w frlemma="pour" frpos="ADP" frMUSAS="Z5">pour</w><w frlemma="le" frpos="DET" frMUSAS="Z5">le</w><w frlemma="premier" frpos="ADJ" frMUSAS="N4">premier</w><w frlemma="volume" frpos="NOUN" frMUSAS="N3.4">volume</w><w frlemma="de" frpos="ADP" frMUSAS="Z5">des</w><w frlemma="texte" frpos="NOUN" frMUSAS="Q1.2">textes</w><w frlemma="hiéroglyphique" frpos="ADJ" frMUSAS="Z99">hiéroglyphiques</w><w frlemma="de" frpos="ADP" frMUSAS="Z5">d'</w><w frlemma="esna" frpos="NOUN" frMUSAS="Z99">Esna</w><w frlemma="de" frpos="ADP" frMUSAS="Z5">de</w><w frlemma="m." frpos="NOUN" frMUSAS="Z99">M.</w><w frlemma="Sauneron" frpos="PROPN" frMUSAS="Z99">Sauneron</w><w frlemma="." frpos="PUNCT" frMUSAS="PUNCT">.</w><w frlemma="Ge" frpos="PROPN" frMUSAS="Z99">Ge</w><w frlemma="être" frpos="AUX" frMUSAS="Z99">fut</w><w frlemma="son" frpos="DET" frMUSAS="Z5">son</w><w frlemma="dernier" frpos="ADJ" frMUSAS="N4">dernier</w><w frlemma="travail" frpos="NOUN" frMUSAS="I3.1">travail</w><w frlemma="." frpos="PUNCT" frMUSAS="PUNCT">.</w></p><p><w frlemma="il" frpos="PRON" frMUSAS="Z8">Il</w><w frlemma="nous" frpos="PRON" frMUSAS="Z8">nous</w><w frlemma="reste" frpos="VERB" frMUSAS="E3+">reste</w><w frlemma="de" frpos="ADP" frMUSAS="Z5">de</w><w frlemma="luire" frpos="PRON" frMUSAS="Z8">lui</w><w frlemma="un" frpos="DET" frMUSAS="Z5">un</w><w frlemma="souvenir" frpos="NOUN" frMUSAS="Z99">souvenir</w><w frlemma="très" frpos="ADV" frMUSAS="A13.3">très</w><w frlemma="agréable" frpos="ADJ" frMUSAS="Z99">agréable</w><w frlemma="." frpos="PUNCT" frMUSAS="PUNCT">.</w><w frlemma="il" frpos="PRON" frMUSAS="Z8">Il</w><w frlemma="avoir" frpos="VERB" frMUSAS="A9+">avait</w><w frlemma="un" frpos="DET" frMUSAS="Z5">un</w><w frlemma="caractère" frpos="NOUN" frMUSAS="Z99">caractère</w><w frlemma="conciliant" frpos="ADJ" frMUSAS="Z99">conciliant</w><w frlemma="et" frpos="CCONJ" frMUSAS="Z5">et</w><w frlemma="bienveiller" frpos="VERB" frMUSAS="Z99">bienveillant</w><w frlemma=";" frpos="PUNCT" frMUSAS="PUNCT">;</w><w frlemma="aussi" frpos="ADV" frMUSAS="Z99">aussi</w><w frlemma="savoir" frpos="VERB" frMUSAS="X2.2+">sut</w><w frlemma="il" frpos="PRON" frMUSAS="Z8">-il</w><w frlemma="," frpos="PUNCT" frMUSAS="PUNCT">,</w><w frlemma="dans" frpos="ADP" frMUSAS="Z5">dans</w><w frlemma="un" frpos="DET" frMUSAS="Z5">un</w><w frlemma="milieu" frpos="NOUN" frMUSAS="M6">milieu</w><w frlemma="psychologiquement" frpos="ADV" frMUSAS="Z99">psychologiquement</w><w frlemma="difficile" frpos="ADJ" frMUSAS="A12-">difficile</w><w frlemma="," frpos="PUNCT" frMUSAS="PUNCT">,</w><w frlemma="conserver" frpos="VERB" frMUSAS="Z99">conserver</w><w frlemma="de" frpos="DET" frMUSAS="Z5">de</w><w frlemma="bon" frpos="ADJ" frMUSAS="A5.1+">bonnes</w><w frlemma="relation" frpos="NOUN" frMUSAS="S3.1">relations</w><w frlemma="avec" frpos="ADP" frMUSAS="Z5">avec</w><w frlemma="tout" frpos="ADJ" frMUSAS="Z8">tout</w><w frlemma="le" frpos="DET" frMUSAS="Z5">le</w><w frlemma="monde" frpos="NOUN" frMUSAS="Z99">monde</w><w frlemma="." frpos="PUNCT" frMUSAS="PUNCT">.</w><w frlemma="on" frpos="PRON" frMUSAS="Z8">On</w><w frlemma="ne" frpos="ADV" frMUSAS="Z6">ne</w><w frlemma="le" frpos="PRON" frMUSAS="Z8">l'</w><w frlemma="entendre" frpos="VERB" frMUSAS="X3.2">entendait</w><w frlemma="jamais" frpos="ADV" frMUSAS="T1/Z6">jamais</w><w frlemma="protester" frpos="VERB" frMUSAS="Q2.2">protester</w><w frlemma="contre" frpos="ADP" frMUSAS="Z5">contre</w><w frlemma="qui" frpos="PRON" frMUSAS="Z8">qui</w><w frlemma="ce" frpos="PRON" frMUSAS="Z8">ce</w><w frlemma="fût" frpos="ADJ" frMUSAS="Z99">fût</w><w frlemma="," frpos="PUNCT" frMUSAS="PUNCT">,</w><w frlemma="bien" frpos="ADV" frMUSAS="A10+">bien</w><w frlemma="que" frpos="SCONJ" frMUSAS="Z5">qu'</w><w frlemma="il" frpos="PRON" frMUSAS="Z8">il</w><w frlemma="savoir" frpos="PRON" frMUSAS="X2.2+">sût</w><w frlemma="juger" frpos="VERB" frMUSAS="G2.1">juger</w><w frlemma="le" frpos="DET" frMUSAS="Z5">les</w><w frlemma="gens" frpos="NOUN" frMUSAS="S2">gens</w><w frlemma="." frpos="PUNCT" frMUSAS="PUNCT">.</w><w frlemma="de" frpos="ADP" frMUSAS="Z5">D'</w><w frlemma="ailleurs" frpos="ADV" frMUSAS="Z99">ailleurs</w><w frlemma="," frpos="PUNCT" frMUSAS="PUNCT">,</w><w frlemma="il" frpos="PRON" frMUSAS="Z8">il</w><w frlemma="savoir" frpos="VERB" frMUSAS="X2.2+">savait</w><w frlemma="montrer" frpos="VERB" frMUSAS="A10+">montrer</w><w frlemma="dans" frpos="ADP" frMUSAS="Z5">dans</w><w frlemma="le" frpos="DET" frMUSAS="Z5">les</w><w frlemma="difficulté" frpos="NOUN" frMUSAS="A12-">difficultés</w><w frlemma="," frpos="PUNCT" frMUSAS="PUNCT">,</w><w frlemma="beaucoup" frpos="ADV" frMUSAS="Z99">beaucoup</w><w frlemma="de" frpos="ADP" frMUSAS="Z5">de</w><w frlemma="sens" frpos="NOUN" frMUSAS="Z99">sens</w><w frlemma="pratique" frpos="ADJ" frMUSAS="Z99">pratique</w><w frlemma="." frpos="PUNCT" frMUSAS="PUNCT">.</w><w frlemma="à" frpos="ADP" frMUSAS="Z5">À</w><w frlemma="esna" frpos="NOUN" frMUSAS="Z99">Esna</w><w frlemma="," frpos="PUNCT" frMUSAS="PUNCT">,</w><w frlemma="ne" frpos="ADV" frMUSAS="Z6">n'</w><w frlemma="arriver" frpos="VERB" frMUSAS="Z99">arrivant</w><w frlemma="pas" frpos="ADV" frMUSAS="Z99">pas</w><w frlemma="à" frpos="ADP" frMUSAS="Z5">à</w><w frlemma="se" frpos="PRON" frMUSAS="Z8">se</w><w frlemma="procurer" frpos="VERB" frMUSAS="Z99">procurer</w><w frlemma="de" frpos="ADP" frMUSAS="Z5">du</w><w frlemma="kodatrace" frpos="NOUN" frMUSAS="Z99">kodatrace</w><w frlemma="pour" frpos="ADP" frMUSAS="Z5">pour</w><w frlemma="calquer" frpos="VERB" frMUSAS="Z99">calquer</w><w frlemma="le" frpos="DET" frMUSAS="Z5">les</w><w frlemma="scène" frpos="NOUN" frMUSAS="K4">scènes</w><w frlemma="de" frpos="ADP" frMUSAS="Z5">des</w><w frlemma="colonne" frpos="NOUN" frMUSAS="O2">colonnes</w><w frlemma="," frpos="PUNCT" frMUSAS="PUNCT">,</w><w frlemma="il" frpos="PRON" frMUSAS="Z8">il</w><w frlemma="acheter" frpos="VERB" frMUSAS="I2.2">acheta</w><w frlemma="un" frpos="DET" frMUSAS="Z5">un</w><w frlemma="grand" frpos="ADJ" frMUSAS="Z99">grand</w><w frlemma="morceau" frpos="NOUN" frMUSAS="Z99">morceau</w><w frlemma="de" frpos="ADP" frMUSAS="Z5">de</w><w frlemma="nylon" frpos="NOUN" frMUSAS="Z99">nylon</w><w frlemma="et" frpos="CCONJ" frMUSAS="Z5">et</w><w frlemma="," frpos="PUNCT" frMUSAS="PUNCT">,</w><w frlemma="aider" frpos="VERB" frMUSAS="Z99">aidé</w><w frlemma="de" frpos="ADP" frMUSAS="Z5">de</w><w frlemma="monsieur" frpos="NOUN" frMUSAS="Z99">Madame</w><w frlemma="Clère" frpos="PROPN" frMUSAS="Z99">Clère</w><w frlemma="," frpos="PUNCT" frMUSAS="PUNCT">,</w><w frlemma="qui" frpos="PRON" frMUSAS="Z8">qui</w><w frlemma="le" frpos="PRON" frMUSAS="Z8">le</w><w frlemma="seconder" frpos="VERB" frMUSAS="Z99">secondait</w><w frlemma="toujours" frpos="ADV" frMUSAS="N6+++">toujours</w><w frlemma="de" frpos="ADP" frMUSAS="Z5">de</w><w frlemma="façon" frpos="NOUN" frMUSAS="Z99">façon</w><w frlemma="parfait" frpos="ADJ" frMUSAS="A5.1+++">parfaite</w><w frlemma="et" frpos="CCONJ" frMUSAS="Z5">et</w><w frlemma="plus" frpos="ADV" frMUSAS="Z5">plus</w><w frlemma="de" frpos="ADP" frMUSAS="Z5">d'</w><w frlemma="un" frpos="DET" frMUSAS="Z5">une</w><w frlemma="fois" frpos="NOUN" frMUSAS="Z99">fois</w><w frlemma="même" frpos="ADJ" frMUSAS="Z99">même</w><w frlemma="collaborer" frpos="VERB" frMUSAS="Z99">collabora</w><w frlemma="avec" frpos="ADP" frMUSAS="Z5">avec</w><w frlemma="luire" frpos="PRON" frMUSAS="Z8">lui</w><w frlemma="," frpos="PUNCT" frMUSAS="PUNCT">,</w><w frlemma="il" frpos="PRON" frMUSAS="Z8">il</w><w frlemma="pouvoir" frpos="VERB" frMUSAS="Z99">put</w><w frlemma="faire" frpos="VERB" frMUSAS="Z99">faire</w><w frlemma="son" frpos="DET" frMUSAS="Z5">ses</w><w frlemma="relever" frpos="VERB" frMUSAS="M2">relevés</w><w frlemma="sans" frpos="ADP" frMUSAS="M6">sans</w><w frlemma="trop" frpos="ADV" frMUSAS="Z99">trop</w><w frlemma="de" frpos="ADP" frMUSAS="Z5">de</w><w frlemma="peine" frpos="NOUN" frMUSAS="Z99">peine</w><w frlemma="." frpos="PUNCT" frMUSAS="PUNCT">.</w><w frlemma="modeste" frpos="NOUN" frMUSAS="N3.2-">Modeste</w><w frlemma="," frpos="PUNCT" frMUSAS="PUNCT">,</w><w frlemma="bon" frpos="ADJ" frMUSAS="A5.1+">bon</w><w frlemma="," frpos="PUNCT" frMUSAS="PUNCT">,</w><w frlemma="habile" frpos="ADJ" frMUSAS="Z99">habile</w><w frlemma="en" frpos="ADP" frMUSAS="Z5">en</w><w frlemma="son" frpos="DET" frMUSAS="Z5">son</w><w frlemma="métier" frpos="NOUN" frMUSAS="Z99">métier</w><w frlemma="," frpos="PUNCT" frMUSAS="PUNCT">,</w><w frlemma="nous" frpos="PRON" frMUSAS="Z8">nous</w><w frlemma="avoir" frpos="AUX" frMUSAS="A9+">aurions</w><w frlemma="vouloir" frpos="VERB" frMUSAS="X7+">voulu</w><w frlemma="le" frpos="PRON" frMUSAS="Z8">le</w><w frlemma="voir" frpos="VERB" frMUSAS="X3.4">voir</w><w frlemma="continuer" frpos="VERB" frMUSAS="T2++">continuer</w><w frlemma="encore" frpos="ADV" frMUSAS="Z99">encore</w><w frlemma="longuement" frpos="ADV" frMUSAS="Z99">longuement</w><w frlemma="près" frpos="ADV" frMUSAS="Z99">près</w><w frlemma="de" frpos="ADP" frMUSAS="Z5">de</w><w frlemma="nous" frpos="PRON" frMUSAS="Z8">nous</w><w frlemma="son" frpos="DET" frMUSAS="Z5">sa</w><w frlemma="tâche" frpos="NOUN" frMUSAS="A1.1.1">tâche</w><w frlemma="..." frpos="PUNCT" frMUSAS="PUNCT">...</w><w frlemma="que" frpos="SCONJ" frMUSAS="Z5">Que</w><w frlemma="monsieur" frpos="NOUN" frMUSAS="Z99">Madame</w><w frlemma="clère" frpos="NOUN" frMUSAS="Z99">Clère</w><w frlemma="," frpos="PUNCT" frMUSAS="PUNCT">,</w><w frlemma="de" frpos="ADP" frMUSAS="Z5">du</w><w frlemma="moins" frpos="ADV" frMUSAS="A13.6">moins</w><w frlemma="," frpos="PUNCT" frMUSAS="PUNCT">,</w><w frlemma="agréer" frpos="VERB" frMUSAS="Z99">agrée</w><w frlemma="notre" frpos="DET" frMUSAS="Z5">nos</w><w frlemma="sentiment" frpos="NOUN" frMUSAS="E1">sentiments</w><w frlemma="de" frpos="ADP" frMUSAS="Z5">de</w><w frlemma="respectueux" frpos="ADJ" frMUSAS="S7.2+">respectueuse</w><w frlemma="sympathie" frpos="VERB" frMUSAS="Z99">sympathie</w><w frlemma="dans" frpos="ADP" frMUSAS="Z5">dans</w><w frlemma="le" frpos="DET" frMUSAS="Z5">le</w><w frlemma="deuil" frpos="NOUN" frMUSAS="Z99">deuil</w><w frlemma="cruel" frpos="ADJ" frMUSAS="Z99">cruel</w><w frlemma="qui" frpos="PRON" frMUSAS="Z8">qui</w><w frlemma="le" frpos="PRON" frMUSAS="Z8">l'</w><w frlemma="avoir" frpos="AUX" frMUSAS="A9+">a</w><w frlemma="trop" frpos="ADV" frMUSAS="Z99">trop</w><w frlemma="tôt" frpos="ADV" frMUSAS="T4+">tôt</w><w frlemma="frappé" frpos="ADJ" frMUSAS="Z99">frappée</w><w frlemma="." frpos="PUNCT" frMUSAS="PUNCT">.</w></p><p><w frlemma="castelnau-le-lez" frpos="ADJ" frMUSAS="Z99">Castelnau-le-Lez</w><w frlemma="," frpos="PUNCT" frMUSAS="PUNCT">,</w><w frlemma="le" frpos="DET" frMUSAS="Z5">le</w><w frlemma="3" frpos="NUM" frMUSAS="N1">3</w><w frlemma="août" frpos="NOUN" frMUSAS="T1.3">août</w><w frlemma="1963" frpos="NUM" frMUSAS="N1">1963</w><w frlemma="." frpos="PUNCT" frMUSAS="PUNCT">.</w></p><p><note place="bottom"></note></p></text></TEI>