<?xml version='1.0' encoding='UTF-8'?>
<TEI xmlns="http://www.tei-c.org/ns/1.0"><teiHeader><fileDesc><titleStmt><title>[Nécrologie.] Alexandre Piankoff (1897-1966).</title></titleStmt><publicationStmt>Corpus produit par l'étudiant MA1 Ph. Hennebert (philippe.hennebert@student.uliege.be) du cours de l'Université de Liège Corpus INFO0943: 'Corpus textuels: principes de constitution et d'analyse'</publicationStmt><sourceDesc><p>https://www.ifao.egnet.net/bifao/65/13/ (BIFAO en ligne) processed using python scripts in https://github.com/PhilHen/BIFAOCorpusTools (typographical zones detected using OpenCV, OCR with Tesseract)</p></sourceDesc></fileDesc><encodingDesc><classDecl><taxonomy id="frpos"><bibl><title>pos tagset build from https://spacy.io/</title></bibl></taxonomy><taxonomy id="frlemma"><bibl><title>fr lemma of the model https://spacy.io/</title></bibl></taxonomy><taxonomy id="frMUSAS"><bibl><title>semantic tagging https://ucrel.github.io/pymusas/usage/how_to/tag_text#french</title></bibl></taxonomy></classDecl><editorialDecl><correction>Les erreurs d'orthographe confirmées par examen du PDF source n'ont pas été corrigées. Une vérification et correction manuelle du texte a été réalisée par Ph. Hennebert (philippe.hennebert@student.uliege.be) le 29/12/2023</correction><hyphenation>Les mots coupés en fin de ligne ont été réassemblés automatiquement, pour autant que la forme combinée sans trait d'union soit attestée dans le dictionnaire français https://unitexgramlab.org/fr/language-resources</hyphenation></editorialDecl></encodingDesc></teiHeader><text id="BIFAO065_art_13.pdf" auteur="François Daumas" annee="1967" titre="[Nécrologie.] Alexandre Piankoff (1897-1966)." textId="65A13" nomDefunt="Piankoff" metierDefunt="philologue" categ="Nécrologie"><p><pb n="227"/><w frlemma="alexandre" frpos="NOUN" frMUSAS="Z99">ALEXANDRE</w><w frlemma="PIANKOFF" frpos="PROPN" frMUSAS="Z99">PIANKOFF</w><w frlemma="(" frpos="PUNCT" frMUSAS="PUNCT">(</w><w frlemma="1897" frpos="NOUN" frMUSAS="Z99">1897</w><w frlemma="-" frpos="NOUN" frMUSAS="Z99">-</w><w frlemma="1966" frpos="NOUN" frMUSAS="Z99">1966</w><w frlemma=")" frpos="PUNCT" frMUSAS="PUNCT">)</w></p><p><w frlemma="il" frpos="PRON" frMUSAS="Z8">Il</w><w frlemma="falloir" frpos="VERB" frMUSAS="Z99">faut</w><w frlemma="avoir" frpos="AUX" frMUSAS="A9+">avoir</w><w frlemma="connaître" frpos="VERB" frMUSAS="X2.2+">connu</w><w frlemma="Alexandre" frpos="PROPN" frMUSAS="Z99">Alexandre</w><w frlemma="Piankoff" frpos="PROPN" frMUSAS="Z99">Piankoff</w><w frlemma="," frpos="PUNCT" frMUSAS="PUNCT">,</w><w frlemma="aimer" frpos="VERB" frMUSAS="Z99">aimé</w><w frlemma="le" frpos="DET" frMUSAS="Z5">le</w><w frlemma="charme" frpos="NOUN" frMUSAS="O4.2+">charme</w><w frlemma="de" frpos="ADP" frMUSAS="Z5">de</w><w frlemma="son" frpos="DET" frMUSAS="Z5">son</w><w frlemma="entretien" frpos="NOUN" frMUSAS="Z99">entretien</w><w frlemma="," frpos="PUNCT" frMUSAS="PUNCT">,</w><w frlemma="apprécier" frpos="VERB" frMUSAS="E2+">apprécié</w><w frlemma="son" frpos="DET" frMUSAS="Z5">son</w><w frlemma="esprit" frpos="NOUN" frMUSAS="Z99">esprit</w><w frlemma="toujours" frpos="ADV" frMUSAS="N6+++">toujours</w><w frlemma="préoccuper" frpos="VERB" frMUSAS="Z99">préoccupé</w><w frlemma="de" frpos="ADP" frMUSAS="Z5">de</w><w frlemma="question" frpos="NOUN" frMUSAS="Q2.2">questions</w><w frlemma="fondamental" frpos="ADJ" frMUSAS="Z99">fondamentales</w><w frlemma="," frpos="PUNCT" frMUSAS="PUNCT">,</w><w frlemma="toujours" frpos="ADV" frMUSAS="N6+++">toujours</w><w frlemma="tendre" frpos="VERB" frMUSAS="Z99">tendu</w><w frlemma="vers" frpos="ADP" frMUSAS="Z5">vers</w><w frlemma="un" frpos="DET" frMUSAS="Z5">une</w><w frlemma="recherche" frpos="NOUN" frMUSAS="Z99">recherche</w><w frlemma="," frpos="PUNCT" frMUSAS="PUNCT">,</w><w frlemma="vers" frpos="ADP" frMUSAS="Z5">vers</w><w frlemma="un" frpos="DET" frMUSAS="Z5">une</w><w frlemma="interprétation" frpos="NOUN" frMUSAS="X2.5+">interprétation</w><w frlemma="plus" frpos="ADV" frMUSAS="Z5">plus</w><w frlemma="large" frpos="ADJ" frMUSAS="Z99">large</w><w frlemma="de" frpos="ADP" frMUSAS="Z5">de</w><w frlemma="le" frpos="DET" frMUSAS="Z5">l'</w><w frlemma="univers" frpos="NOUN" frMUSAS="W1">univers</w><w frlemma="et" frpos="CCONJ" frMUSAS="Z5">et</w><w frlemma="de" frpos="ADP" frMUSAS="Z5">de</w><w frlemma="le" frpos="DET" frMUSAS="Z5">la</w><w frlemma="civilisation" frpos="NOUN" frMUSAS="S1.1.1">civilisation</w><w frlemma="à" frpos="ADP" frMUSAS="Z5">à</w><w frlemma="lequel" frpos="PRON" frMUSAS="Z99">laquelle</w><w frlemma="il" frpos="PRON" frMUSAS="Z8">il</w><w frlemma="avoir" frpos="AUX" frMUSAS="A9+">avait</w><w frlemma="vouer" frpos="VERB" frMUSAS="Z99">voué</w><w frlemma="son" frpos="DET" frMUSAS="Z5">sa</w><w frlemma="vie" frpos="NOUN" frMUSAS="L1+">vie</w><w frlemma="," frpos="PUNCT" frMUSAS="PUNCT">,</w><w frlemma="pour" frpos="ADP" frMUSAS="Z5">pour</w><w frlemma="mesurer" frpos="VERB" frMUSAS="N3.1">mesurer</w><w frlemma="quel" frpos="DET" frMUSAS="Z5">quel</w><w frlemma="savant" frpos="NOUN" frMUSAS="Z99">savant</w><w frlemma="nous" frpos="PRON" frMUSAS="Z8">nous</w><w frlemma="avoir" frpos="AUX" frMUSAS="A9+">avons</w><w frlemma="perdre" frpos="VERB" frMUSAS="X9.2-">perdu</w><w frlemma="et" frpos="CCONJ" frMUSAS="Z5">et</w><w frlemma="de" frpos="ADP" frMUSAS="Z5">de</w><w frlemma="quel" frpos="DET" frMUSAS="Z5">quelle</w><w frlemma="richesse" frpos="NOUN" frMUSAS="Z99">richesse</w><w frlemma="de" frpos="ADP" frMUSAS="Z5">d'</w><w frlemma="âme" frpos="PRON" frMUSAS="K2">âme</w><w frlemma="nous" frpos="PRON" frMUSAS="Z8">nous</w><w frlemma="être" frpos="AUX" frMUSAS="Z99">sommes</w><w frlemma="priver" frpos="ADJ" frMUSAS="A9-">privés</w><w frlemma="." frpos="PUNCT" frMUSAS="PUNCT">.</w><w frlemma="comme" frpos="SCONJ" frMUSAS="Z5">Comme</w><w frlemma="il" frpos="PRON" frMUSAS="Z8">il</w><w frlemma="être" frpos="AUX" frMUSAS="Z99">était</w><w frlemma="modeste" frpos="ADJ" frMUSAS="N3.2-">modeste</w><w frlemma="et" frpos="CCONJ" frMUSAS="Z5">et</w><w frlemma="avoir" frpos="AUX" frMUSAS="A9+">avait</w><w frlemma="horreur" frpos="NOUN" frMUSAS="E5-">horreur</w><w frlemma="que" frpos="SCONJ" frMUSAS="Z5">qu'</w><w frlemma="on" frpos="PRON" frMUSAS="Z8">on</w><w frlemma="parler" frpos="VERB" frMUSAS="Q2.1">parle</w><w frlemma="de" frpos="ADP" frMUSAS="Z5">de</w><w frlemma="luire" frpos="PRON" frMUSAS="Z8">lui</w><w frlemma="," frpos="PUNCT" frMUSAS="PUNCT">,</w><w frlemma="beaucoup" frpos="ADV" frMUSAS="Z99">beaucoup</w><w frlemma="peut-être" frpos="ADV" frMUSAS="Z99">peut-être</w><w frlemma="être" frpos="AUX" frMUSAS="Z99">seront</w><w frlemma="passer" frpos="VERB" frMUSAS="M1">passés</w><w frlemma="près" frpos="ADV" frMUSAS="Z99">près</w><w frlemma="de" frpos="ADP" frMUSAS="Z5">de</w><w frlemma="luire" frpos="PRON" frMUSAS="Z8">lui</w><w frlemma="sans" frpos="ADP" frMUSAS="M6">sans</w><w frlemma="mesurer" frpos="VERB" frMUSAS="N3.1">mesurer</w><w frlemma="son" frpos="DET" frMUSAS="Z5">sa</w><w frlemma="valeur" frpos="NOUN" frMUSAS="Z99">valeur</w><w frlemma="." frpos="PUNCT" frMUSAS="PUNCT">.</w></p><p><w frlemma="son" frpos="DET" frMUSAS="Z5">Sa</w><w frlemma="discrétion" frpos="NOUN" frMUSAS="A1.3+">discrétion</w><w frlemma="," frpos="PUNCT" frMUSAS="PUNCT">,</w><w frlemma="d''ailleur" frpos="NOUN" frMUSAS="Z99">d''ailleurs</w><w frlemma="," frpos="PUNCT" frMUSAS="PUNCT">,</w><w frlemma="être" frpos="AUX" frMUSAS="Z99">était</w><w frlemma="le" frpos="DET" frMUSAS="Z5">le</w><w frlemma="fruit" frpos="NOUN" frMUSAS="F1">fruit</w><w frlemma="de" frpos="ADP" frMUSAS="Z5">d'</w><w frlemma="un" frpos="DET" frMUSAS="Z5">une</w><w frlemma="conviction" frpos="NOUN" frMUSAS="Z99">conviction</w><w frlemma="métaphysique" frpos="ADJ" frMUSAS="Z99">métaphysique</w><w frlemma="à" frpos="ADP" frMUSAS="Z5">à</w><w frlemma="lequel" frpos="PRON" frMUSAS="Z99">laquelle</w><w frlemma="il" frpos="PRON" frMUSAS="Z8">il</w><w frlemma="être" frpos="AUX" frMUSAS="Z99">était</w><w frlemma="attacher" frpos="VERB" frMUSAS="A1.7+">attaché</w><w frlemma="." frpos="PUNCT" frMUSAS="PUNCT">.</w><w frlemma="pour" frpos="ADP" frMUSAS="Z5">Pour</w><w frlemma="luire" frpos="PRON" frMUSAS="Z8">lui</w><w frlemma="," frpos="PUNCT" frMUSAS="PUNCT">,</w><w frlemma="le" frpos="DET" frMUSAS="Z5">l'</w><w frlemma="homme" frpos="NOUN" frMUSAS="I3.1">homme</w><w frlemma="être" frpos="AUX" frMUSAS="Z99">était</w><w frlemma="si" frpos="ADV" frMUSAS="Z5">si</w><w frlemma="peu" frpos="ADV" frMUSAS="A13.7">peu</w><w frlemma="de" frpos="DET" frMUSAS="Z5">de</w><w frlemma="chose" frpos="NOUN" frMUSAS="O2">chose</w><w frlemma="dans" frpos="ADP" frMUSAS="Z5">dans</w><w frlemma="le" frpos="DET" frMUSAS="Z5">l'</w><w frlemma="univers" frpos="NOUN" frMUSAS="W1">univers</w><w frlemma="que" frpos="SCONJ" frMUSAS="Z5">que</w><w frlemma="le" frpos="DET" frMUSAS="Z5">la</w><w frlemma="vanité" frpos="NOUN" frMUSAS="Z99">vanité</w><w frlemma="plus" frpos="ADV" frMUSAS="Z5">plus</w><w frlemma="ou" frpos="CCONJ" frMUSAS="Z5">ou</w><w frlemma="moins" frpos="ADV" frMUSAS="A13.6">moins</w><w frlemma="grand" frpos="ADJ" frMUSAS="Z99">grande</w><w frlemma="dont" frpos="PRON" frMUSAS="Z8">dont</w><w frlemma="il" frpos="PRON" frMUSAS="Z8">il</w><w frlemma="faire" frpos="VERB" frMUSAS="Z99">fait</w><w frlemma="preuve" frpos="NOUN" frMUSAS="A15+">preuve</w><w frlemma="luire" frpos="PRON" frMUSAS="Z8">lui</w><w frlemma="donne" frpos="VERB" frMUSAS="Z99">donne</w><w frlemma="plus" frpos="ADV" frMUSAS="Z5">plus</w><w frlemma="de" frpos="ADP" frMUSAS="Z5">de</w><w frlemma="peine" frpos="NOUN" frMUSAS="Z99">peine</w><w frlemma="que" frpos="SCONJ" frMUSAS="Z5">qu'</w><w frlemma="lui" frpos="PRON" frMUSAS="Z8">elle</w><w frlemma="ne" frpos="ADV" frMUSAS="Z6">ne</w><w frlemma="luire" frpos="PRON" frMUSAS="Z8">lui</w><w frlemma="apporter" frpos="VERB" frMUSAS="M2">apporte</w><w frlemma="de" frpos="ADP" frMUSAS="Z5">de</w><w frlemma="satisfaction" frpos="NOUN" frMUSAS="E4.2+">satisfaction</w><w frlemma="." frpos="PUNCT" frMUSAS="PUNCT">.</w><w frlemma="en" frpos="ADP" frMUSAS="Z5">En</w><w frlemma="quoi" frpos="PRON" frMUSAS="Z8">quoi</w><w frlemma="le" frpos="DET" frMUSAS="Z5">le</w><w frlemma="cosmos" frpos="NOUN" frMUSAS="Z99">cosmos</w><w frlemma="être" frpos="AUX" frMUSAS="M6">est</w><w frlemma="il" frpos="PRON" frMUSAS="Z8">-il</w><w frlemma="affecter" frpos="VERB" frMUSAS="A2.1+">affecté</w><w frlemma="par" frpos="ADP" frMUSAS="M6">par</w><w frlemma="le" frpos="DET" frMUSAS="Z5">le</w><w frlemma="plus" frpos="ADV" frMUSAS="Z5">plus</w><w frlemma="ou" frpos="CCONJ" frMUSAS="Z5">ou</w><w frlemma="moms" frpos="VERB" frMUSAS="Z99">moms</w><w frlemma="de" frpos="ADP" frMUSAS="Z5">d'</w><w frlemma="importance" frpos="NOUN" frMUSAS="A11.1+">importance</w><w frlemma="que" frpos="SCONJ" frMUSAS="Z5">que</w><w frlemma="nous" frpos="PRON" frMUSAS="Z8">nous</w><w frlemma="nous" frpos="PRON" frMUSAS="Z8">nous</w><w frlemma="attribuer" frpos="VERB" frMUSAS="Z99">attribuons</w><w frlemma="?" frpos="PUNCT" frMUSAS="PUNCT">?</w><w frlemma="comprendre" frpos="VERB" frMUSAS="X2.5+">Comprendre</w><w frlemma="le" frpos="DET" frMUSAS="Z5">l'</w><w frlemma="objet" frpos="NOUN" frMUSAS="Z99">objet</w><w frlemma="de" frpos="ADP" frMUSAS="Z5">de</w><w frlemma="son" frpos="DET" frMUSAS="Z5">son</w><w frlemma="étude" frpos="NOUN" frMUSAS="P1">étude</w><w frlemma="luire" frpos="PRON" frMUSAS="Z8">lui</w><w frlemma="paraître" frpos="VERB" frMUSAS="A8">paraissait</w><w frlemma="le" frpos="DET" frMUSAS="Z5">la</w><w frlemma="seul" frpos="ADJ" frMUSAS="Z99">seule</w><w frlemma="chose" frpos="NOUN" frMUSAS="O2">chose</w><w frlemma="essentiel" frpos="ADJ" frMUSAS="S6+">essentielle</w><w frlemma="." frpos="PUNCT" frMUSAS="PUNCT">.</w><w frlemma="tenter" frpos="VERB" frMUSAS="Z99">Tenter</w><w frlemma="de" frpos="ADP" frMUSAS="Z5">de</w><w frlemma="rendre" frpos="VERB" frMUSAS="Z99">rendre</w><w frlemma="un" frpos="DET" frMUSAS="Z5">un</w><w frlemma="peu" frpos="ADV" frMUSAS="A13.7">peu</w><w frlemma="moins" frpos="ADV" frMUSAS="A13.6">moins</w><w frlemma="obscur" frpos="NOUN" frMUSAS="Z99">obscur</w><w frlemma="le" frpos="DET" frMUSAS="Z5">le</w><w frlemma="mystère" frpos="NOUN" frMUSAS="X2.2-">mystère</w><w frlemma="de" frpos="ADP" frMUSAS="Z5">du</w><w frlemma="monde" frpos="NOUN" frMUSAS="Z99">monde</w><w frlemma="être" frpos="AUX" frMUSAS="Z99">était</w><w frlemma="à" frpos="ADP" frMUSAS="Z5">à</w><w frlemma="son" frpos="DET" frMUSAS="Z5">ses</w><w frlemma="oeil" frpos="NOUN" frMUSAS="Z99">yeux</w><w frlemma="le" frpos="DET" frMUSAS="Z5">la</w><w frlemma="seul" frpos="ADJ" frMUSAS="Z99">seule</w><w frlemma="occupation" frpos="NOUN" frMUSAS="Z99">occupation</w><w frlemma="valable" frpos="ADJ" frMUSAS="A5.2+">valable</w><w frlemma="." frpos="PUNCT" frMUSAS="PUNCT">.</w></p><p><w frlemma="aussi" frpos="ADV" frMUSAS="Z99">Aussi</w><w frlemma="être" frpos="AUX" frMUSAS="M6">est</w><w frlemma="il" frpos="PRON" frMUSAS="Z8">-il</w><w frlemma="mourir" frpos="VERB" frMUSAS="L1-">mort</w><w frlemma="dans" frpos="ADP" frMUSAS="Z5">dans</w><w frlemma="un" frpos="DET" frMUSAS="Z5">une</w><w frlemma="merveilleux" frpos="ADJ" frMUSAS="Z99">merveilleuse</w><w frlemma="paix" frpos="NOUN" frMUSAS="E3+">paix</w><w frlemma="de" frpos="ADP" frMUSAS="Z5">de</w><w frlemma="le" frpos="DET" frMUSAS="Z5">l'</w><w frlemma="âme" frpos="PROPN" frMUSAS="K2">âme</w><w frlemma="le" frpos="DET" frMUSAS="Z5">le</w><w frlemma="20" frpos="NUM" frMUSAS="N1">20</w><w frlemma="juillet" frpos="NOUN" frMUSAS="T1.3">Juillet</w><w frlemma="1966" frpos="NUM" frMUSAS="N1">1966</w><w frlemma="à" frpos="ADP" frMUSAS="Z5">à</w><w frlemma="Bruxelles" frpos="PROPN" frMUSAS="Z99">Bruxelles</w><w frlemma="," frpos="PUNCT" frMUSAS="PUNCT">,</w><w frlemma="où" frpos="PRON" frMUSAS="Z8">où</w><w frlemma="il" frpos="PRON" frMUSAS="Z8">il</w><w frlemma="être" frpos="AUX" frMUSAS="Z99">était</w><w frlemma="aller" frpos="VERB" frMUSAS="M1">allé</w><w frlemma="voir" frpos="VERB" frMUSAS="X3.4">voir</w><w frlemma="un" frpos="DET" frMUSAS="Z5">des</w><w frlemma="membre" frpos="NOUN" frMUSAS="S5+/S2mf">membres</w><w frlemma="de" frpos="ADP" frMUSAS="Z5">de</w><w frlemma="son" frpos="DET" frMUSAS="Z5">sa</w><w frlemma="famille" frpos="NOUN" frMUSAS="S4c">famille</w><w frlemma="." frpos="PUNCT" frMUSAS="PUNCT">.</w><w frlemma="il" frpos="PRON" frMUSAS="Z8">Il</w><w frlemma="venir" frpos="VERB" frMUSAS="M1">venait</w><w frlemma="de" frpos="ADP" frMUSAS="Z5">de</w><w frlemma="consulter" frpos="VERB" frMUSAS="Q2.1">consulter</w><w frlemma="un" frpos="DET" frMUSAS="Z5">un</w><w frlemma="docteur" frpos="NOUN" frMUSAS="B3">docteur</w><w frlemma="pour" frpos="ADP" frMUSAS="Z5">pour</w><w frlemma="quelque" frpos="DET" frMUSAS="A13.5">quelques</w><w frlemma="douleur" frpos="NOUN" frMUSAS="B2-">douleurs</w><w frlemma="à" frpos="ADP" frMUSAS="Z5">à</w><w frlemma="le" frpos="DET" frMUSAS="Z5">la</w><w frlemma="poitrine" frpos="NOUN" frMUSAS="Z99">poitrine</w><w frlemma="." frpos="PUNCT" frMUSAS="PUNCT">.</w><w frlemma="il" frpos="PRON" frMUSAS="Z8">Il</w><w frlemma="mourir" frpos="VERB" frMUSAS="L1-">mourut</w><w frlemma="en" frpos="ADP" frMUSAS="Z5">en</w><w frlemma="sourire" frpos="VERB" frMUSAS="Z99">souriant</w><w frlemma="avec" frpos="ADP" frMUSAS="Z5">avec</w><w frlemma="un" frpos="DET" frMUSAS="Z5">une</w><w frlemma="rapidité" frpos="NOUN" frMUSAS="Z99">rapidité</w><w frlemma="qui" frpos="PRON" frMUSAS="Z8">qui</w><w frlemma="surprendre" frpos="VERB" frMUSAS="X2.6-">surprit</w><w frlemma="et" frpos="CCONJ" frMUSAS="Z5">et</w><w frlemma="bouleversa" frpos="NOUN" frMUSAS="Z99">bouleversa</w><w frlemma="celui" frpos="PRON" frMUSAS="Z8">ceux</w><w frlemma="qui" frpos="PRON" frMUSAS="Z8">qui</w><w frlemma="le" frpos="PRON" frMUSAS="Z8">l'</w><w frlemma="entouraient" frpos="NOUN" frMUSAS="Z99">entouraient</w><w frlemma="." frpos="PUNCT" frMUSAS="PUNCT">.</w><w frlemma="il" frpos="PRON" frMUSAS="Z8">Il</w><w frlemma="être" frpos="AUX" frMUSAS="Z99">était</w><w frlemma="encore" frpos="ADV" frMUSAS="Z99">encore</w><w frlemma="plein" frpos="ADJ" frMUSAS="N5.1+">plein</w><w frlemma="de" frpos="ADP" frMUSAS="Z5">de</w><w frlemma="projet" frpos="NOUN" frMUSAS="A1.1.1">projets</w><w frlemma="," frpos="PUNCT" frMUSAS="PUNCT">,</w><w frlemma="en" frpos="ADP" frMUSAS="Z5">en</w><w frlemma="plein" frpos="NOUN" frMUSAS="N5.1+">pleins</w><w frlemma="traval" frpos="ADJ" frMUSAS="Z99">travaux</w><w frlemma=":" frpos="PUNCT" frMUSAS="PUNCT">:</w><w frlemma="il" frpos="PRON" frMUSAS="Z8">il</w><w frlemma="avoir" frpos="AUX" frMUSAS="A9+">avait</w><w frlemma="presque" frpos="ADV" frMUSAS="A13.4">presque</w><w frlemma="achever" frpos="VERB" frMUSAS="Z99">achevé</w><w frlemma="un" frpos="DET" frMUSAS="Z5">une</w><w frlemma="traduction" frpos="NOUN" frMUSAS="Q3">traduction</w><w frlemma="commenter" frpos="VERB" frMUSAS="Q2.1">commentée</w><w frlemma="de" frpos="ADP" frMUSAS="Z5">des</w><w frlemma="grand" frpos="ADJ" frMUSAS="Z99">grands</w><w frlemma="texte" frpos="NOUN" frMUSAS="Q1.2">textes</w><w frlemma="religieux" frpos="NOUN" frMUSAS="S9">religieux</w><w frlemma="de" frpos="ADP" frMUSAS="Z5">des</w><w frlemma="tombe" frpos="ADJ" frMUSAS="Z99">tombes</w><w frlemma="royale" frpos="NOUN" frMUSAS="Z99">royales</w><w frlemma="de" frpos="ADP" frMUSAS="Z5">du</w><w frlemma="nouveau" frpos="ADJ" frMUSAS="T3-">Nouvel</w><w frlemma="empire" frpos="NOUN" frMUSAS="G1.1">Empire</w><w frlemma="." frpos="PUNCT" frMUSAS="PUNCT">.</w><w frlemma="il" frpos="PRON" frMUSAS="Z8">Il</w><w frlemma="entreprendre" frpos="VERB" frMUSAS="Z99">entreprenait</w><w frlemma="sur" frpos="ADP" frMUSAS="Z5">sur</w><w frlemma="nouveau" frpos="ADJ" frMUSAS="T3-">nouveaux</w><w frlemma="frais" frpos="NOUN" frMUSAS="Z99">frais</w><w frlemma="le" frpos="DET" frMUSAS="Z5">la</w><w frlemma="publication" frpos="NOUN" frMUSAS="Q4">publication</w><w frlemma="de" frpos="ADP" frMUSAS="Z5">des</w><w frlemma="hypogée" frpos="NOUN" frMUSAS="Z99">hypogées</w><w frlemma="de" frpos="ADP" frMUSAS="Z5">de</w><w frlemma="le" frpos="DET" frMUSAS="Z5">la</w><w frlemma="vallée" frpos="NOUN" frMUSAS="W3">Vallée</w><w frlemma="de" frpos="ADP" frMUSAS="Z5">des</w><w frlemma="roi" frpos="NOUN" frMUSAS="S7.1+/S2.2m">Rois</w><w frlemma="," frpos="PUNCT" frMUSAS="PUNCT">,</w><w frlemma="dont" frpos="PRON" frMUSAS="Z8">dont</w><w frlemma="un" frpos="DET" frMUSAS="Z5">un</w><w frlemma="tombeau" frpos="NOUN" frMUSAS="Z99">Tombeau</w><w frlemma="de" frpos="ADP" frMUSAS="Z5">de</w><w frlemma="Ramsés" frpos="PROPN" frMUSAS="Z99">Ramsés</w><w frlemma="Ier" frpos="PROPN" frMUSAS="Z99">Ier</w><w frlemma="aller" frpos="VERB" frMUSAS="M1">va</w><w frlemma="paraître" frpos="VERB" frMUSAS="A8">paraître</w><w frlemma="dans" frpos="ADP" frMUSAS="Z5">dans</w><w frlemma="le" frpos="DET" frMUSAS="Z5">les</w><w frlemma="mémoire" frpos="NOUN" frMUSAS="X2">Mémoires</w><w frlemma="de" frpos="ADP" frMUSAS="Z5">de</w><w frlemma="le" frpos="DET" frMUSAS="Z5">l'</w><w frlemma="Institut" frpos="PROPN" frMUSAS="P1/S5+c">Institut</w><w frlemma="français" frpos="ADJ" frMUSAS="Z2">français</w><w frlemma="de" frpos="ADP" frMUSAS="Z5">d'</w><w frlemma="archéologie" frpos="NOUN" frMUSAS="Z99">Archéologie</w><w frlemma="oriental" frpos="ADJ" frMUSAS="Z99">orientale</w><w frlemma="." frpos="PUNCT" frMUSAS="PUNCT">.</w><w frlemma="le" frpos="DET" frMUSAS="Z5">Les</w><w frlemma="texte" frpos="NOUN" frMUSAS="Q1.2">textes</w><w frlemma="de" frpos="ADP" frMUSAS="Z5">de</w><w frlemma="le" frpos="DET" frMUSAS="Z5">la</w><w frlemma="pyramide" frpos="NOUN" frMUSAS="Z99">Pyramide</w><w frlemma="de" frpos="ADP" frMUSAS="Z5">d'</w><w frlemma="ouna" frpos="NOUN" frMUSAS="Z99">Ounas</w><w frlemma="être" frpos="AUX" frMUSAS="Z99">sont</w><w frlemma="déjà" frpos="ADV" frMUSAS="T1.1.1">déjà</w><w frlemma="imprimer" frpos="VERB" frMUSAS="Z99">imprimés</w><w frlemma="à" frpos="ADP" frMUSAS="Z5">aux</w><w frlemma="Etats-Unis" frpos="PROPN" frMUSAS="Z99">Etats-Unis</w><w frlemma="," frpos="PUNCT" frMUSAS="PUNCT">,</w><w frlemma="et" frpos="CCONJ" frMUSAS="Z5">et</w><w frlemma="1l" frpos="NUM" frMUSAS="N1">1l</w><w frlemma="rêver" frpos="VERB" frMUSAS="X2">rêvait</w><w frlemma="de" frpos="ADP" frMUSAS="Z5">d'</w><w frlemma="attaquer" frpos="VERB" frMUSAS="E3-">attaquer</w><w frlemma="le" frpos="DET" frMUSAS="Z5">l'</w><w frlemma="ensemble" frpos="NOUN" frMUSAS="Z99">ensemble</w><w frlemma="de" frpos="ADP" frMUSAS="Z5">des</w><w frlemma="texte" frpos="NOUN" frMUSAS="Q1.2">Textes</w><w frlemma="de" frpos="ADP" frMUSAS="Z5">des</w><w frlemma="pyramide" frpos="NOUN" frMUSAS="Z99">Pyramides</w><w frlemma="…" frpos="NOUN" frMUSAS="Z99">…</w></p><p><pb n="228"/><w frlemma="comment" frpos="ADV" frMUSAS="Z5">Comment</w><w frlemma="être" frpos="AUX" frMUSAS="Z99">était</w><w frlemma="il" frpos="PRON" frMUSAS="Z8">-il</w><w frlemma="venir" frpos="VERB" frMUSAS="M1">venu</w><w frlemma="à" frpos="ADP" frMUSAS="Z5">à</w><w frlemma="le" frpos="DET" frMUSAS="Z5">l'</w><w frlemma="égyptologie" frpos="NOUN" frMUSAS="Z99">égyptologie</w><w frlemma="?" frpos="PUNCT" frMUSAS="PUNCT">?</w><w frlemma="son" frpos="DET" frMUSAS="Z5">Sa</w><w frlemma="vocation" frpos="NOUN" frMUSAS="Z99">vocation</w><w frlemma="dater" frpos="VERB" frMUSAS="T3">datait</w><w frlemma="de" frpos="ADP" frMUSAS="Z5">de</w><w frlemma="le" frpos="DET" frMUSAS="Z5">la</w><w frlemma="prime" frpos="ADJ" frMUSAS="Z99">prime</w><w frlemma="jeuness" frpos="ADJ" frMUSAS="T3-/S2mf">jeunesse</w><w frlemma="." frpos="PUNCT" frMUSAS="PUNCT">.</w><w frlemma="à" frpos="ADP" frMUSAS="Z5">À</w><w frlemma="onze" frpos="PRON" frMUSAS="N1">onze</w><w frlemma="ou" frpos="CCONJ" frMUSAS="Z5">ou</w><w frlemma="douze" frpos="VERB" frMUSAS="Z99">douze</w><w frlemma="an" frpos="PROPN" frMUSAS="T1.3">ans</w><w frlemma="," frpos="PUNCT" frMUSAS="PUNCT">,</w><w frlemma="on" frpos="PRON" frMUSAS="Z8">on</w><w frlemma="le" frpos="PRON" frMUSAS="Z8">l'</w><w frlemma="emmener" frpos="VERB" frMUSAS="A9+">emmena</w><w frlemma="voir" frpos="VERB" frMUSAS="X3.4">voir</w><w frlemma="le" frpos="DET" frMUSAS="Z5">la</w><w frlemma="collection" frpos="NOUN" frMUSAS="Z99">collection</w><w frlemma="égyptien" frpos="ADJ" frMUSAS="Z2/S2mf">égyptienne</w><w frlemma="de" frpos="ADP" frMUSAS="Z5">de</w><w frlemma="Golénischeff" frpos="PROPN" frMUSAS="Z99">Golénischeff</w><w frlemma="déposer" frpos="VERB" frMUSAS="Z99">déposée</w><w frlemma="au" frpos="ADP" frMUSAS="Z5">au</w><w frlemma="Musée" frpos="PROPN" frMUSAS="T1.1.1/H1c">Musée</w><w frlemma="de" frpos="ADP" frMUSAS="Z5">de</w><w frlemma="le" frpos="DET" frMUSAS="Z5">l'</w><w frlemma="ermitage" frpos="NOUN" frMUSAS="Z99">Ermitage</w><w frlemma="à" frpos="ADP" frMUSAS="Z5">à</w><w frlemma="st." frpos="NOUN" frMUSAS="Z99">St.</w><w frlemma="Pétersbourg" frpos="PROPN" frMUSAS="Z99">Pétersbourg</w><w frlemma="," frpos="PUNCT" frMUSAS="PUNCT">,</w><w frlemma="où" frpos="PRON" frMUSAS="Z8">où</w><w frlemma="il" frpos="PRON" frMUSAS="Z8">il</w><w frlemma="être" frpos="AUX" frMUSAS="Z99">était</w><w frlemma="naître" frpos="VERB" frMUSAS="Z99">né</w><w frlemma="le" frpos="DET" frMUSAS="Z5">le</w><w frlemma="18" frpos="NUM" frMUSAS="N1">18</w><w frlemma="octobre" frpos="NOUN" frMUSAS="T1.3">Octobre</w><w frlemma="1897" frpos="NUM" frMUSAS="N1">1897</w><w frlemma="." frpos="PUNCT" frMUSAS="PUNCT">.</w><w frlemma="il" frpos="PRON" frMUSAS="Z8">Il</w><w frlemma="avoir" frpos="AUX" frMUSAS="A9+">avait</w><w frlemma="être" frpos="AUX" frMUSAS="T1.3">été</w><w frlemma="conquis" frpos="ADV" frMUSAS="Z99">conquis</w><w frlemma="." frpos="PUNCT" frMUSAS="PUNCT">.</w><w frlemma="mais" frpos="CCONJ" frMUSAS="Z5">Mais</w><w frlemma="il" frpos="PRON" frMUSAS="Z8">il</w><w frlemma="commencer" frpos="VERB" frMUSAS="Z99">commença</w><w frlemma="," frpos="PUNCT" frMUSAS="PUNCT">,</w><w frlemma="en" frpos="ADP" frMUSAS="Z5">en</w><w frlemma="bon" frpos="ADJ" frMUSAS="A5.1+">bonne</w><w frlemma="méthode" frpos="NOUN" frMUSAS="Z99">méthode</w><w frlemma="," frpos="PUNCT" frMUSAS="PUNCT">,</w><w frlemma="par" frpos="ADP" frMUSAS="M6">par</w><w frlemma="un" frpos="DET" frMUSAS="Z5">des</w><w frlemma="étude" frpos="NOUN" frMUSAS="P1">études</w><w frlemma="classique" frpos="ADJ" frMUSAS="A4.1">classiques</w><w frlemma="." frpos="PUNCT" frMUSAS="PUNCT">.</w><w frlemma="son" frpos="DET" frMUSAS="Z5">Son</w><w frlemma="père" frpos="NOUN" frMUSAS="S4/B1">père</w><w frlemma="," frpos="PUNCT" frMUSAS="PUNCT">,</w><w frlemma="de" frpos="ADP" frMUSAS="Z5">du</w><w frlemma="reste" frpos="NOUN" frMUSAS="E3+">reste</w><w frlemma="," frpos="PUNCT" frMUSAS="PUNCT">,</w><w frlemma="être" frpos="AUX" frMUSAS="Z99">était</w><w frlemma="hostile" frpos="ADJ" frMUSAS="S1.2.1-">hostile</w><w frlemma="à" frpos="ADP" frMUSAS="Z5">à</w><w frlemma="son" frpos="DET" frMUSAS="Z5">son</w><w frlemma="goût" frpos="NOUN" frMUSAS="X3.1">goût</w><w frlemma="pour" frpos="ADP" frMUSAS="Z5">pour</w><w frlemma="le" frpos="DET" frMUSAS="Z5">l'</w><w frlemma="orientalisme" frpos="NOUN" frMUSAS="Z99">orientalisme</w><w frlemma="," frpos="PUNCT" frMUSAS="PUNCT">,</w><w frlemma="mais" frpos="CCONJ" frMUSAS="Z5">mais</w><w frlemma="il" frpos="PRON" frMUSAS="Z8">il</w><w frlemma="devoir" frpos="VERB" frMUSAS="Z99">devait</w><w frlemma="mourir" frpos="VERB" frMUSAS="L1-">mourir</w><w frlemma="avant" frpos="ADP" frMUSAS="Z5">avant</w><w frlemma="que" frpos="SCONJ" frMUSAS="Z5">que</w><w frlemma="le" frpos="DET" frMUSAS="Z5">le</w><w frlemma="jeune" frpos="ADJ" frMUSAS="T3-">jeune</w><w frlemma="alexandre" frpos="NOUN" frMUSAS="Z99">Alexandre</w><w frlemma="," frpos="PUNCT" frMUSAS="PUNCT">,</w><w frlemma="déjà" frpos="ADV" frMUSAS="T1.1.1">déjà</w><w frlemma="orphelin" frpos="VERB" frMUSAS="Z99">orphelin</w><w frlemma="de" frpos="ADP" frMUSAS="Z5">de</w><w frlemma="mère" frpos="NOUN" frMUSAS="S4">mère</w><w frlemma="depuis" frpos="ADP" frMUSAS="Z5">depuis</w><w frlemma="le" frpos="DET" frMUSAS="Z5">l'</w><w frlemma="âge" frpos="NOUN" frMUSAS="T3">âge</w><w frlemma="de" frpos="ADP" frMUSAS="Z5">de</w><w frlemma="onze" frpos="NUM" frMUSAS="N1">onze</w><w frlemma="an" frpos="NOUN" frMUSAS="T1.3">ans</w><w frlemma="," frpos="PUNCT" frMUSAS="PUNCT">,</w><w frlemma="ne" frpos="ADV" frMUSAS="Z6">n'</w><w frlemma="aborder" frpos="VERB" frMUSAS="Z99">abordât</w><w frlemma="vraiment" frpos="ADV" frMUSAS="Z99">vraiment</w><w frlemma="son" frpos="DET" frMUSAS="Z5">ses</w><w frlemma="étude" frpos="NOUN" frMUSAS="P1">études</w><w frlemma="supérieur" frpos="ADJ" frMUSAS="A5.1++">supérieures</w><w frlemma="." frpos="PUNCT" frMUSAS="PUNCT">.</w><w frlemma="il" frpos="PRON" frMUSAS="Z8">Il</w><w frlemma="venir" frpos="VERB" frMUSAS="M1">venait</w><w frlemma="de" frpos="ADP" frMUSAS="Z5">de</w><w frlemma="passer" frpos="VERB" frMUSAS="M1">passer</w><w frlemma="son" frpos="DET" frMUSAS="Z5">son</w><w frlemma="baccalauréat" frpos="NOUN" frMUSAS="Z99">baccalauréat</w><w frlemma="à" frpos="ADP" frMUSAS="Z5">à</w><w frlemma="Moscou" frpos="PROPN" frMUSAS="Z99">Moscou</w><w frlemma="quand" frpos="SCONJ" frMUSAS="Z5">quand</w><w frlemma="le" frpos="DET" frMUSAS="Z5">la</w><w frlemma="guerre" frpos="NOUN" frMUSAS="G3">guerre</w><w frlemma="de" frpos="ADP" frMUSAS="Z5">de</w><w frlemma="1914" frpos="NOUN" frMUSAS="Z99">1914</w><w frlemma="-" frpos="NOUN" frMUSAS="Z99">-</w><w frlemma="1918" frpos="NOUN" frMUSAS="Z99">1918</w><w frlemma="et" frpos="CCONJ" frMUSAS="Z5">et</w><w frlemma="le" frpos="DET" frMUSAS="Z5">la</w><w frlemma="tourmente" frpos="NOUN" frMUSAS="Z99">tourmente</w><w frlemma="de" frpos="ADP" frMUSAS="Z5">de</w><w frlemma="le" frpos="DET" frMUSAS="Z5">la</w><w frlemma="révolution" frpos="NOUN" frMUSAS="G1.2">révolution</w><w frlemma="russe" frpos="ADJ" frMUSAS="Z2">russe</w><w frlemma="le" frpos="PRON" frMUSAS="Z8">l'</w><w frlemma="entraîner" frpos="VERB" frMUSAS="Z99">entraînèrent</w><w frlemma="hors" frpos="ADP" frMUSAS="Z5">hors</w><w frlemma="de" frpos="ADP" frMUSAS="Z5">de</w><w frlemma="Russie" frpos="PROPN" frMUSAS="Z99">Russie</w><w frlemma="." frpos="PUNCT" frMUSAS="PUNCT">.</w><w frlemma="mais" frpos="CCONJ" frMUSAS="Z5">Mais</w><w frlemma="il" frpos="PRON" frMUSAS="Z8">il</w><w frlemma="ne" frpos="ADV" frMUSAS="Z6">ne</w><w frlemma="fuir" frpos="VERB" frMUSAS="M1">fuit</w><w frlemma="pas" frpos="ADV" frMUSAS="Z99">pas</w><w frlemma="le" frpos="DET" frMUSAS="Z5">le</w><w frlemma="danger" frpos="NOUN" frMUSAS="A15-">danger</w><w frlemma="," frpos="PUNCT" frMUSAS="PUNCT">,</w><w frlemma="se" frpos="PRON" frMUSAS="Z8">s'</w><w frlemma="engager" frpos="VERB" frMUSAS="Z99">engage</w><w frlemma="dans" frpos="ADP" frMUSAS="Z5">dans</w><w frlemma="le" frpos="DET" frMUSAS="Z5">l'</w><w frlemma="armée" frpos="NOUN" frMUSAS="G3c">armée</w><w frlemma="français" frpos="ADJ" frMUSAS="Z2">française</w><w frlemma="de" frpos="ADP" frMUSAS="Z5">d'</w><w frlemma="Orient" frpos="PROPN" frMUSAS="Z99">Orient</w><w frlemma="dès" frpos="ADP" frMUSAS="Z5">dès</w><w frlemma="1917" frpos="NUM" frMUSAS="N1">1917</w><w frlemma="et" frpos="CCONJ" frMUSAS="Z5">et</w><w frlemma="reste" frpos="VERB" frMUSAS="E3+">reste</w><w frlemma="sur" frpos="ADP" frMUSAS="Z5">sur</w><w frlemma="le" frpos="DET" frMUSAS="Z5">le</w><w frlemma="front" frpos="NOUN" frMUSAS="Z99">front</w><w frlemma="de" frpos="ADP" frMUSAS="Z5">de</w><w frlemma="Salonique" frpos="PROPN" frMUSAS="Z99">Salonique</w><w frlemma="," frpos="PUNCT" frMUSAS="PUNCT">,</w><w frlemma="jusque" frpos="ADP" frMUSAS="Z5">jusqu'</w><w frlemma="à" frpos="ADP" frMUSAS="Z5">à</w><w frlemma="le" frpos="DET" frMUSAS="Z5">la</w><w frlemma="fin" frpos="NOUN" frMUSAS="Z99">fin</w><w frlemma="de" frpos="ADP" frMUSAS="Z5">des</w><w frlemma="hostilité" frpos="NOUN" frMUSAS="Z99">hostilités</w><w frlemma="." frpos="PUNCT" frMUSAS="PUNCT">.</w></p><p><w frlemma="dès" frpos="ADP" frMUSAS="Z5">Dès</w><w frlemma="1920" frpos="NUM" frMUSAS="N1">1920</w><w frlemma="," frpos="PUNCT" frMUSAS="PUNCT">,</w><w frlemma="boursier" frpos="NOUN" frMUSAS="Z99">boursier</w><w frlemma="de" frpos="ADP" frMUSAS="Z5">de</w><w frlemma="le" frpos="DET" frMUSAS="Z5">l'</w><w frlemma="Amérique" frpos="PROPN" frMUSAS="Z99">Amérique</w><w frlemma="," frpos="PUNCT" frMUSAS="PUNCT">,</w><w frlemma="il" frpos="PRON" frMUSAS="Z8">il</w><w frlemma="voir" frpos="VERB" frMUSAS="X3.4">vit</w><w frlemma="à" frpos="ADP" frMUSAS="Z5">à</w><w frlemma="Berlin" frpos="PROPN" frMUSAS="Z99">Berlin</w><w frlemma="où" frpos="PRON" frMUSAS="Z8">où</w><w frlemma="il" frpos="PRON" frMUSAS="Z8">il</w><w frlemma="se" frpos="PRON" frMUSAS="Z8">s'</w><w frlemma="adonner" frpos="VERB" frMUSAS="Z99">adonne</w><w frlemma="à" frpos="ADP" frMUSAS="Z5">à</w><w frlemma="le" frpos="DET" frMUSAS="Z5">l'</w><w frlemma="étude" frpos="NOUN" frMUSAS="P1">étude</w><w frlemma="de" frpos="ADP" frMUSAS="Z5">de</w><w frlemma="le" frpos="DET" frMUSAS="Z5">la</w><w frlemma="philologie" frpos="NOUN" frMUSAS="Z99">philologie</w><w frlemma="égyptien" frpos="ADJ" frMUSAS="Z2/S2mf">égyptienne</w><w frlemma="," frpos="PUNCT" frMUSAS="PUNCT">,</w><w frlemma="sou" frpos="ADP" frMUSAS="A13.6">sous</w><w frlemma="le" frpos="DET" frMUSAS="Z5">la</w><w frlemma="conduite" frpos="NOUN" frMUSAS="Z99">conduite</w><w frlemma="de" frpos="ADP" frMUSAS="Z5">d'</w><w frlemma="Erman" frpos="PROPN" frMUSAS="Z99">Erman</w><w frlemma="et" frpos="CCONJ" frMUSAS="Z5">et</w><w frlemma="de" frpos="ADP" frMUSAS="Z5">de</w><w frlemma="Sethe" frpos="PROPN" frMUSAS="Z99">Sethe</w><w frlemma="." frpos="PUNCT" frMUSAS="PUNCT">.</w><w frlemma="il" frpos="PRON" frMUSAS="Z8">Il</w><w frlemma="avoir" frpos="AUX" frMUSAS="A9+">avait</w><w frlemma="garder" frpos="VERB" frMUSAS="A9+">gardé</w><w frlemma="de" frpos="ADP" frMUSAS="Z5">de</w><w frlemma="son" frpos="DET" frMUSAS="Z5">leur</w><w frlemma="enseignement" frpos="NOUN" frMUSAS="Z99">enseignement</w><w frlemma="un" frpos="DET" frMUSAS="Z5">un</w><w frlemma="souvenir" frpos="NOUN" frMUSAS="Z99">souvenir</w><w frlemma="excellent" frpos="ADJ" frMUSAS="A5.1+++">excellent</w><w frlemma="que" frpos="SCONJ" frMUSAS="Z5">qu'</w><w frlemma="il" frpos="PRON" frMUSAS="Z8">il</w><w frlemma="aimer" frpos="VERB" frMUSAS="Z99">aimait</w><w frlemma="évoquer" frpos="VERB" frMUSAS="Z99">évoquer</w><w frlemma="." frpos="PUNCT" frMUSAS="PUNCT">.</w><w frlemma="non" frpos="ADV" frMUSAS="Z99">Non</w><w frlemma="sans" frpos="ADP" frMUSAS="M6">sans</w><w frlemma="humour" frpos="NOUN" frMUSAS="E4.1+">humour</w><w frlemma="," frpos="PUNCT" frMUSAS="PUNCT">,</w><w frlemma="de" frpos="ADP" frMUSAS="Z5">d'</w><w frlemma="ailleurs" frpos="ADV" frMUSAS="Z99">ailleurs</w><w frlemma="." frpos="PUNCT" frMUSAS="PUNCT">.</w><w frlemma="il" frpos="PRON" frMUSAS="Z8">Il</w><w frlemma="raconter" frpos="VERB" frMUSAS="Q2.2">racontait</w><w frlemma="que" frpos="ADV" frMUSAS="Z8">que</w><w frlemma="plus" frpos="ADV" frMUSAS="Z5">plus</w><w frlemma="de" frpos="ADP" frMUSAS="Z5">d'</w><w frlemma="un" frpos="DET" frMUSAS="Z5">une</w><w frlemma="fois" frpos="NOUN" frMUSAS="Z99">fois</w><w frlemma="Erman" frpos="PROPN" frMUSAS="Z99">Erman</w><w frlemma="interrompre" frpos="VERB" frMUSAS="Q2.2">interrompit</w><w frlemma="un" frpos="DET" frMUSAS="Z5">un</w><w frlemma="étudiant" frpos="ADJ" frMUSAS="P1/S2mf">étudiant</w><w frlemma="de" frpos="ADP" frMUSAS="Z5">d'</w><w frlemma="expliquer" frpos="VERB" frMUSAS="Q2.2/A7+">expliquer</w><w frlemma="le" frpos="DET" frMUSAS="Z5">les</w><w frlemma="Urkunden" frpos="PROPN" frMUSAS="Z99">Urkunden</w><w frlemma="par" frpos="ADP" frMUSAS="M6">par</w><w frlemma="ce" frpos="DET" frMUSAS="Z5">ces</w><w frlemma="mot" frpos="NOUN" frMUSAS="Q3">mots</w><w frlemma=":" frpos="PUNCT" frMUSAS="PUNCT">:</w><w frlemma="«" frpos="NOUN" frMUSAS="Z99">«</w><w frlemma="Das" frpos="PROPN" frMUSAS="Z99">Das</w><w frlemma="lesen" frpos="VERB" frMUSAS="Z99">lesen</w><w frlemma="wir" frpos="ADP" frMUSAS="Z99">wir</w><w frlemma="nicht" frpos="NOUN" frMUSAS="Z99">nicht</w><w frlemma="." frpos="PUNCT" frMUSAS="PUNCT">.</w><w frlemma="sethe'" frpos="SCONJ" frMUSAS="Z99">Sethe'</w><w frlemma="s" frpos="PRON" frMUSAS="Z99">s</w><w frlemma="ist" frpos="VERB" frMUSAS="Z99">ist</w><w frlemma="e" frpos="NOUN" frMUSAS="Z99">es</w><w frlemma="!" frpos="PUNCT" frMUSAS="PUNCT">!</w><w frlemma="»" frpos="PUNCT" frMUSAS="PUNCT">»</w><w frlemma="." frpos="PUNCT" frMUSAS="PUNCT">.</w><w frlemma="le" frpos="DET" frMUSAS="Z5">Les</w><w frlemma="restitution" frpos="NOUN" frMUSAS="Z99">restitutions</w><w frlemma="de" frpos="ADP" frMUSAS="Z5">de</w><w frlemma="le" frpos="DET" frMUSAS="Z5">l'</w><w frlemma="ingénieux" frpos="ADJ" frMUSAS="Z99">ingénieux</w><w frlemma="philologue" frpos="NOUN" frMUSAS="Z99">philologue</w><w frlemma="ne" frpos="ADV" frMUSAS="Z6">n'</w><w frlemma="être" frpos="AUX" frMUSAS="Z99">étaient</w><w frlemma="pas" frpos="ADV" frMUSAS="Z99">pas</w><w frlemma="," frpos="PUNCT" frMUSAS="PUNCT">,</w><w frlemma="on" frpos="PRON" frMUSAS="Z8">on</w><w frlemma="le" frpos="PRON" frMUSAS="Z8">le</w><w frlemma="voit" frpos="NOUN" frMUSAS="Z99">voit</w><w frlemma="," frpos="PUNCT" frMUSAS="PUNCT">,</w><w frlemma="toujours" frpos="ADV" frMUSAS="N6+++">toujours</w><w frlemma="accepter" frpos="VERB" frMUSAS="A9+">acceptées</w><w frlemma="par" frpos="ADP" frMUSAS="M6">par</w><w frlemma="son" frpos="DET" frMUSAS="Z5">ses</w><w frlemma="collègue" frpos="NOUN" frMUSAS="I3.2/S2mf">collègues</w><w frlemma="." frpos="PUNCT" frMUSAS="PUNCT">.</w></p><p><w frlemma="il" frpos="PRON" frMUSAS="Z8">Il</w><w frlemma="en" frpos="PRON" frMUSAS="Z8">en</w><w frlemma="profiter" frpos="VERB" frMUSAS="Z99">profite</w><w frlemma="pour" frpos="ADP" frMUSAS="Z5">pour</w><w frlemma="se" frpos="PRON" frMUSAS="Z8">s'</w><w frlemma="initier" frpos="VERB" frMUSAS="Z99">initier</w><w frlemma="à" frpos="ADP" frMUSAS="Z5">à</w><w frlemma="le" frpos="DET" frMUSAS="Z5">la</w><w frlemma="philologie" frpos="NOUN" frMUSAS="Z99">philologie</w><w frlemma="allemand" frpos="ADJ" frMUSAS="Z2/S2mf">allemande</w><w frlemma="et" frpos="CCONJ" frMUSAS="Z5">et</w><w frlemma="à" frpos="ADP" frMUSAS="Z5">aux</w><w frlemma="travail" frpos="NOUN" frMUSAS="I3.1">travaux</w><w frlemma="de" frpos="ADP" frMUSAS="Z5">des</w><w frlemma="savant" frpos="NOUN" frMUSAS="Z99">savants</w><w frlemma="de" frpos="ADP" frMUSAS="Z5">d'</w><w frlemma="Outre-Rhin" frpos="PROPN" frMUSAS="Z99">Outre-Rhin</w><w frlemma="," frpos="PUNCT" frMUSAS="PUNCT">,</w><w frlemma="sur" frpos="ADP" frMUSAS="Z5">sur</w><w frlemma="le" frpos="DET" frMUSAS="Z5">les</w><w frlemma="philosophie" frpos="NOUN" frMUSAS="P1">philosophies</w><w frlemma="oriental" frpos="ADJ" frMUSAS="Z99">orientales</w><w frlemma=":" frpos="PUNCT" frMUSAS="PUNCT">:</w><w frlemma="11" frpos="NUM" frMUSAS="N1">11</w><w frlemma="lut" frpos="PRON" frMUSAS="Z99">lut</w><w frlemma="le" frpos="DET" frMUSAS="Z5">les</w><w frlemma="ouvrage" frpos="NOUN" frMUSAS="I3.1">ouvrages</w><w frlemma="de" frpos="ADP" frMUSAS="Z5">de</w><w frlemma="Forke" frpos="PROPN" frMUSAS="Z99">Forke</w><w frlemma="sur" frpos="ADP" frMUSAS="Z5">sur</w><w frlemma="le" frpos="DET" frMUSAS="Z5">la</w><w frlemma="pensée" frpos="NOUN" frMUSAS="X2.1">pensée</w><w frlemma="chinois" frpos="ADJ" frMUSAS="Z2/Q3">chinoise</w><w frlemma="et" frpos="CCONJ" frMUSAS="Z5">et</w><w frlemma="le" frpos="DET" frMUSAS="Z5">les</w><w frlemma="livre" frpos="NOUN" frMUSAS="Z99">livres</w><w frlemma="majeur" frpos="ADJ" frMUSAS="A11.1+">majeurs</w><w frlemma="concerner" frpos="VERB" frMUSAS="E6-">concernant</w><w frlemma="le" frpos="DET" frMUSAS="Z5">les</w><w frlemma="grand" frpos="ADJ" frMUSAS="Z99">grands</w><w frlemma="courant" frpos="NOUN" frMUSAS="T1.1.2">courants</w><w frlemma="spirituel" frpos="ADJ" frMUSAS="Z99">spirituels</w><w frlemma="de" frpos="ADP" frMUSAS="Z5">de</w><w frlemma="le" frpos="DET" frMUSAS="Z5">l'</w><w frlemma="Inde" frpos="PROPN" frMUSAS="Z99">Inde</w><w frlemma="antique" frpos="ADJ" frMUSAS="Z99">antique</w><w frlemma="." frpos="PUNCT" frMUSAS="PUNCT">.</w></p><p><w frlemma="en" frpos="ADP" frMUSAS="Z5">En</w><w frlemma="1924" frpos="NUM" frMUSAS="N1">1924</w><w frlemma="," frpos="PUNCT" frMUSAS="PUNCT">,</w><w frlemma="il" frpos="PRON" frMUSAS="Z8">il</w><w frlemma="venir" frpos="VERB" frMUSAS="M1">vient</w><w frlemma="à" frpos="ADP" frMUSAS="Z5">à</w><w frlemma="Paris" frpos="PROPN" frMUSAS="Z99">Paris</w><w frlemma="où" frpos="PRON" frMUSAS="Z8">où</w><w frlemma="il" frpos="PRON" frMUSAS="Z8">il</w><w frlemma="rester" frpos="VERB" frMUSAS="M8">restera</w><w frlemma="de" frpos="ADP" frMUSAS="Z5">de</w><w frlemma="manière" frpos="NOUN" frMUSAS="Z99">manière</w><w frlemma="continuer" frpos="VERB" frMUSAS="T2++">continue</w><w frlemma="jusque" frpos="ADP" frMUSAS="Z5">jusqu'</w><w frlemma="en" frpos="ADP" frMUSAS="Z5">en</w><w frlemma="1939" frpos="NUM" frMUSAS="N1">1939</w><w frlemma="." frpos="PUNCT" frMUSAS="PUNCT">.</w><w frlemma="il" frpos="PRON" frMUSAS="Z8">Il</w><w frlemma="y" frpos="PRON" frMUSAS="M6">y</w><w frlemma="poursuivre" frpos="VERB" frMUSAS="A1.1.1">poursuit</w><w frlemma="de" frpos="ADP" frMUSAS="Z5">d'</w><w frlemma="abord" frpos="ADV" frMUSAS="Z99">abord</w><w frlemma="son" frpos="DET" frMUSAS="Z5">ses</w><w frlemma="étude" frpos="NOUN" frMUSAS="P1">études</w><w frlemma="classique" frpos="ADJ" frMUSAS="A4.1">classiques</w><w frlemma="et" frpos="CCONJ" frMUSAS="Z5">et</w><w frlemma="obtenir" frpos="VERB" frMUSAS="Z99">obtient</w><w frlemma="son" frpos="DET" frMUSAS="Z5">sa</w><w frlemma="licence" frpos="NOUN" frMUSAS="Z99">licence</w><w frlemma="à" frpos="ADP" frMUSAS="Z5">à</w><w frlemma="le" frpos="DET" frMUSAS="Z5">la</w><w frlemma="Sorbonne" frpos="PROPN" frMUSAS="Z99">Sorbonne</w><w frlemma="en" frpos="ADP" frMUSAS="Z5">en</w><w frlemma="1927" frpos="NUM" frMUSAS="N1">1927</w><w frlemma="." frpos="PUNCT" frMUSAS="PUNCT">.</w><w frlemma="Deux" frpos="NUM" frMUSAS="N1">Deux</w><w frlemma="an" frpos="NOUN" frMUSAS="T1.3">ans</w><w frlemma="après" frpos="ADP" frMUSAS="Z5">après</w><w frlemma="," frpos="PUNCT" frMUSAS="PUNCT">,</w><w frlemma="il" frpos="PRON" frMUSAS="Z8">il</w><w frlemma="présente" frpos="VERB" frMUSAS="Z99">présente</w><w frlemma="un" frpos="DET" frMUSAS="Z5">une</w><w frlemma="thèse" frpos="NOUN" frMUSAS="Z99">thèse</w><w frlemma="sur" frpos="ADP" frMUSAS="Z5">sur</w><w frlemma="le" frpos="DET" frMUSAS="Z5">Le</w><w frlemma="cœur" frpos="NOUN" frMUSAS="B1">cœur</w><w frlemma="dans" frpos="ADP" frMUSAS="Z5">dans</w><w frlemma="le" frpos="DET" frMUSAS="Z5">les</w><w frlemma="texte" frpos="NOUN" frMUSAS="Q1.2">Textes</w><w frlemma="égyptien" frpos="ADJ" frMUSAS="Z2/S2mf">égyptiens</w><w frlemma="qui" frpos="PRON" frMUSAS="Z8">qui</w><w frlemma="luire" frpos="PRON" frMUSAS="Z8">lui</w><w frlemma="valoir" frpos="VERB" frMUSAS="Z99">vaut</w><w frlemma="le" frpos="DET" frMUSAS="Z5">le</w><w frlemma="doctorat" frpos="NOUN" frMUSAS="Z99">Doctorat</w><w frlemma="de" frpos="ADP" frMUSAS="Z5">de</w><w frlemma="le" frpos="DET" frMUSAS="Z5">l'</w><w frlemma="université" frpos="NOUN" frMUSAS="P1/H1c">Université</w><w frlemma="de" frpos="ADP" frMUSAS="Z5">de</w><w frlemma="Paris" frpos="PROPN" frMUSAS="Z99">Paris</w><w frlemma="." frpos="PUNCT" frMUSAS="PUNCT">.</w><w frlemma="il" frpos="PRON" frMUSAS="Z8">Il</w><w frlemma="y" frpos="PRON" frMUSAS="M6">y</w><w frlemma="montrer" frpos="VERB" frMUSAS="A10+">montrait</w><w frlemma="à" frpos="ADP" frMUSAS="Z5">à</w><w frlemma="le" frpos="DET" frMUSAS="Z5">la</w><w frlemma="fois" frpos="NOUN" frMUSAS="Z99">fois</w><w frlemma="son" frpos="DET" frMUSAS="Z5">son</w><w frlemma="double" frpos="NOUN" frMUSAS="F2">double</w><w frlemma="intérêt" frpos="NOUN" frMUSAS="X5.2+">intérêt</w><w frlemma="pour" frpos="ADP" frMUSAS="Z5">pour</w><w frlemma="le" frpos="DET" frMUSAS="Z5">la</w><w frlemma="philologie" frpos="NOUN" frMUSAS="Z99">philologie</w><w frlemma="et" frpos="CCONJ" frMUSAS="Z5">et</w><w frlemma="pour" frpos="ADP" frMUSAS="Z5">pour</w><w frlemma="le" frpos="DET" frMUSAS="Z5">les</w><w frlemma="question" frpos="NOUN" frMUSAS="Q2.2">questions</w><w frlemma="de" frpos="ADP" frMUSAS="Z5">de</w><w frlemma="philosophie" frpos="NOUN" frMUSAS="P1">philosophie</w><w frlemma="religieux" frpos="ADJ" frMUSAS="S9">religieuse</w><w frlemma="." frpos="PUNCT" frMUSAS="PUNCT">.</w><w frlemma="mais" frpos="CCONJ" frMUSAS="Z5">Mais</w><w frlemma="son" frpos="DET" frMUSAS="Z5">son</w><w frlemma="goût" frpos="NOUN" frMUSAS="X3.1">goût</w><w frlemma="de" frpos="ADP" frMUSAS="Z5">de</w><w frlemma="le" frpos="DET" frMUSAS="Z5">la</w><w frlemma="science" frpos="NOUN" frMUSAS="Y1">science</w><w frlemma="et" frpos="CCONJ" frMUSAS="Z5">et</w><w frlemma="de" frpos="ADP" frMUSAS="Z5">des</w><w frlemma="langue" frpos="NOUN" frMUSAS="Z99">langues</w><w frlemma="oriental" frpos="ADJ" frMUSAS="Z99">orientales</w><w frlemma="ne" frpos="ADV" frMUSAS="Z6">ne</w><w frlemma="se" frpos="PRON" frMUSAS="Z8">se</w><w frlemma="contenter" frpos="VERB" frMUSAS="Z99">contentait</w><w frlemma="pas" frpos="ADV" frMUSAS="Z99">pas</w><w frlemma="de" frpos="ADP" frMUSAS="Z5">de</w><w frlemma="le" frpos="DET" frMUSAS="Z5">l'</w><w frlemma="égyptien" frpos="NOUN" frMUSAS="Z2/S2mf">égyptien</w><w frlemma="que" frpos="PRON" frMUSAS="Z8">qu'</w><w frlemma="enseigner" frpos="VERB" frMUSAS="P1">enseignaient</w><w frlemma="sotta" frpos="ADJ" frMUSAS="Z99">Sottas</w><w frlemma="et" frpos="CCONJ" frMUSAS="Z5">et</w><w frlemma="Drioton" frpos="PROPN" frMUSAS="Z99">Drioton</w><w frlemma="." frpos="PUNCT" frMUSAS="PUNCT">.</w><w frlemma="il" frpos="PRON" frMUSAS="Z8">Il</w><w frlemma="fréquenter" frpos="VERB" frMUSAS="Z99">fréquente</w><w frlemma="assidûment" frpos="ADV" frMUSAS="Z99">assidûment</w><w frlemma="le" frpos="DET" frMUSAS="Z5">l'</w><w frlemma="Ecole" frpos="PROPN" frMUSAS="Z99">Ecole</w><w frlemma="de" frpos="ADP" frMUSAS="Z5">des</w><w frlemma="Langues" frpos="PROPN" frMUSAS="Z99">Langues</w><w frlemma="Orientales" frpos="PROPN" frMUSAS="Z99">Orientales</w><w frlemma="vivant" frpos="ADJ" frMUSAS="Z99">vivantes</w><w frlemma="dont" frpos="PRON" frMUSAS="Z8">dont</w><w frlemma="il" frpos="PRON" frMUSAS="Z8">il</w><w frlemma="devenir" frpos="VERB" frMUSAS="A2.1+">devient</w><w frlemma="Eléve" frpos="PROPN" frMUSAS="Z99">Eléve</w><w frlemma="Diplômé" frpos="PROPN" frMUSAS="Z99">Diplômé</w><w frlemma="," frpos="PUNCT" frMUSAS="PUNCT">,</w><w frlemma="avoir" frpos="AUX" frMUSAS="A9+">ayant</w><w frlemma="obtenir" frpos="VERB" frMUSAS="Z99">obtenu</w><w frlemma="le" frpos="DET" frMUSAS="Z5">le</w><w frlemma="certificat" frpos="NOUN" frMUSAS="Q1.2">certificat</w><w frlemma="de" frpos="ADP" frMUSAS="Z5">de</w><w frlemma="Turc" frpos="PROPN" frMUSAS="Z99">Turc</w><w frlemma="," frpos="PUNCT" frMUSAS="PUNCT">,</w><w frlemma="le" frpos="DET" frMUSAS="Z5">le</w><w frlemma="31" frpos="NUM" frMUSAS="N1">31</w><w frlemma="août" frpos="NOUN" frMUSAS="T1.3">Août</w><w frlemma="1925" frpos="NUM" frMUSAS="N1">1925</w><w frlemma="," frpos="PUNCT" frMUSAS="PUNCT">,</w><w frlemma="celui" frpos="PRON" frMUSAS="Z8">celui</w><w frlemma="de" frpos="ADP" frMUSAS="Z5">d'</w><w frlemma="Arabe" frpos="PROPN" frMUSAS="Z99">Arabe</w><w frlemma="le" frpos="DET" frMUSAS="Z5">le</w><w frlemma="3" frpos="NUM" frMUSAS="N1">3</w><w frlemma="août" frpos="NOUN" frMUSAS="T1.3">Août</w><w frlemma="1926" frpos="NUM" frMUSAS="N1">1926</w><w frlemma="et" frpos="CCONJ" frMUSAS="Z5">et</w><w frlemma="celui" frpos="PRON" frMUSAS="Z8">celui</w><w frlemma="de" frpos="ADP" frMUSAS="Z5">de</w><w frlemma="persan" frpos="VERB" frMUSAS="Z99">persan</w><w frlemma="le" frpos="DET" frMUSAS="Z5">le</w><w frlemma="12" frpos="NUM" frMUSAS="N1">12</w><w frlemma="novembre" frpos="NOUN" frMUSAS="T1.3">Novembre</w><w frlemma="1927" frpos="NUM" frMUSAS="N1">1927</w><w frlemma="." frpos="PUNCT" frMUSAS="PUNCT">.</w></p><p><pb n="229"/><w frlemma="de" frpos="ADP" frMUSAS="Z5">De</w><w frlemma="1928" frpos="NUM" frMUSAS="N1">1928</w><w frlemma="à" frpos="ADP" frMUSAS="Z5">à</w><w frlemma="1939" frpos="NUM" frMUSAS="N1">1939</w><w frlemma="," frpos="PUNCT" frMUSAS="PUNCT">,</w><w frlemma="il" frpos="PRON" frMUSAS="Z8">il</w><w frlemma="être" frpos="AUX" frMUSAS="Z99">fut</w><w frlemma="attacher" frpos="VERB" frMUSAS="A1.7+">attaché</w><w frlemma="à" frpos="ADP" frMUSAS="Z5">à</w><w frlemma="le" frpos="DET" frMUSAS="Z5">l'</w><w frlemma="Institut" frpos="PROPN" frMUSAS="P1/S5+c">Institut</w><w frlemma="Byzantin" frpos="PROPN" frMUSAS="Z99">Byzantin</w><w frlemma="de" frpos="ADP" frMUSAS="Z5">de</w><w frlemma="le" frpos="DET" frMUSAS="Z5">la</w><w frlemma="rue" frpos="NOUN" frMUSAS="M3/H3">rue</w><w frlemma="de" frpos="ADP" frMUSAS="Z5">de</w><w frlemma="Lille" frpos="PROPN" frMUSAS="Z99">Lille</w><w frlemma="comme" frpos="ADP" frMUSAS="Z5">comme</w><w frlemma="spécialiste" frpos="NOUN" frMUSAS="X2.2+">spécialiste</w><w frlemma="pour" frpos="ADP" frMUSAS="Z5">pour</w><w frlemma="le" frpos="DET" frMUSAS="Z5">l'</w><w frlemma="arabe" frpos="NOUN" frMUSAS="Z99">arabe</w><w frlemma="et" frpos="CCONJ" frMUSAS="Z5">et</w><w frlemma="le" frpos="DET" frMUSAS="Z5">le</w><w frlemma="copte" frpos="NOUN" frMUSAS="Z99">copte</w><w frlemma="." frpos="PUNCT" frMUSAS="PUNCT">.</w><w frlemma="tout" frpos="ADJ" frMUSAS="Z8">Tous</w><w frlemma="son" frpos="DET" frMUSAS="Z5">ses</w><w frlemma="premier" frpos="ADJ" frMUSAS="N4">premiers</w><w frlemma="article" frpos="NOUN" frMUSAS="G2.1/P1">articles</w><w frlemma="porter" frpos="VERB" frMUSAS="Z99">portent</w><w frlemma="sur" frpos="ADP" frMUSAS="Z5">sur</w><w frlemma="un" frpos="DET" frMUSAS="Z5">des</w><w frlemma="point" frpos="NOUN" frMUSAS="A10+">points</w><w frlemma="de" frpos="ADP" frMUSAS="Z5">de</w><w frlemma="religion" frpos="NOUN" frMUSAS="S9">religion</w><w frlemma="—" frpos="PUNCT" frMUSAS="PUNCT">—</w><w frlemma="ce" frpos="PRON" frMUSAS="Z8">ce</w><w frlemma="qui" frpos="PRON" frMUSAS="Z8">qui</w><w frlemma="montre" frpos="VERB" frMUSAS="T1/O2">montre</w><w frlemma="bien" frpos="ADV" frMUSAS="A10+">bien</w><w frlemma="le" frpos="DET" frMUSAS="Z5">la</w><w frlemma="direction" frpos="NOUN" frMUSAS="Z99">direction</w><w frlemma="que" frpos="PRON" frMUSAS="Z8">que</w><w frlemma="prendre" frpos="VERB" frMUSAS="A9+">prenait</w><w frlemma="son" frpos="DET" frMUSAS="Z5">sa</w><w frlemma="recherche" frpos="NOUN" frMUSAS="Z99">recherche</w><w frlemma="—" frpos="NUM" frMUSAS="N1">—</w><w frlemma="." frpos="PUNCT" frMUSAS="PUNCT">.</w><w frlemma="en" frpos="ADP" frMUSAS="Z5">En</w><w frlemma="1936" frpos="NUM" frMUSAS="N1">1936</w><w frlemma="," frpos="PUNCT" frMUSAS="PUNCT">,</w><w frlemma="il" frpos="PRON" frMUSAS="Z8">il</w><w frlemma="être" frpos="AUX" frMUSAS="Z99">fut</w><w frlemma="naturaliser" frpos="VERB" frMUSAS="Z99">naturalisé</w><w frlemma="français" frpos="ADJ" frMUSAS="Z2">français</w><w frlemma="." frpos="PUNCT" frMUSAS="PUNCT">.</w><w frlemma="il" frpos="PRON" frMUSAS="Z8">Il</w><w frlemma="avoir" frpos="AUX" frMUSAS="A9+">avait</w><w frlemma="déjà" frpos="ADV" frMUSAS="T1.1.1">déjà</w><w frlemma="commencer" frpos="VERB" frMUSAS="Z99">commencé</w><w frlemma="à" frpos="ADP" frMUSAS="Z5">à</w><w frlemma="se" frpos="PRON" frMUSAS="Z8">s'</w><w frlemma="intéresser" frpos="VERB" frMUSAS="Z99">intéresser</w><w frlemma="à" frpos="ADP" frMUSAS="Z5">aux</w><w frlemma="tombe" frpos="ADJ" frMUSAS="Z99">tombes</w><w frlemma="royale" frpos="NOUN" frMUSAS="Z99">royales</w><w frlemma="de" frpos="ADP" frMUSAS="Z5">du</w><w frlemma="nouveau" frpos="ADJ" frMUSAS="T3-">Nouvel</w><w frlemma="empire" frpos="NOUN" frMUSAS="G1.1">Empire</w><w frlemma="et" frpos="CCONJ" frMUSAS="Z5">et</w><w frlemma="le" frpos="DET" frMUSAS="Z5">la</w><w frlemma="guerre" frpos="NOUN" frMUSAS="G3">guerre</w><w frlemma="le" frpos="DET" frMUSAS="Z5">le</w><w frlemma="surprit" frpos="NOUN" frMUSAS="Z99">surprit</w><w frlemma="en" frpos="ADP" frMUSAS="Z5">en</w><w frlemma="1939" frpos="NUM" frMUSAS="N1">1939</w><w frlemma="," frpos="PUNCT" frMUSAS="PUNCT">,</w><w frlemma="alors" frpos="ADV" frMUSAS="Z99">alors</w><w frlemma="que" frpos="SCONJ" frMUSAS="Z5">qu'</w><w frlemma="il" frpos="PRON" frMUSAS="Z8">il</w><w frlemma="songer" frpos="VERB" frMUSAS="X2">songeait</w><w frlemma="à" frpos="ADP" frMUSAS="Z5">à</w><w frlemma="gagner" frpos="VERB" frMUSAS="Z99">gagner</w><w frlemma="le" frpos="DET" frMUSAS="Z5">l'</w><w frlemma="egypte" frpos="NOUN" frMUSAS="Z99">Egypte</w><w frlemma="." frpos="PUNCT" frMUSAS="PUNCT">.</w><w frlemma="il" frpos="PRON" frMUSAS="Z8">Il</w><w frlemma="être" frpos="AUX" frMUSAS="Z99">fut</w><w frlemma="mobiliser" frpos="VERB" frMUSAS="Z99">mobilisé</w><w frlemma="dès" frpos="ADP" frMUSAS="Z5">dès</w><w frlemma="le" frpos="DET" frMUSAS="Z5">le</w><w frlemma="début" frpos="NOUN" frMUSAS="T2+">début</w><w frlemma="," frpos="PUNCT" frMUSAS="PUNCT">,</w><w frlemma="mais" frpos="CCONJ" frMUSAS="Z5">mais</w><w frlemma="par" frpos="ADP" frMUSAS="M6">par</w><w frlemma="suite" frpos="NOUN" frMUSAS="Z99">suite</w><w frlemma="de" frpos="ADP" frMUSAS="Z5">d'</w><w frlemma="un" frpos="DET" frMUSAS="Z5">un</w><w frlemma="décollement" frpos="NOUN" frMUSAS="Z99">décollement</w><w frlemma="de" frpos="ADP" frMUSAS="Z5">de</w><w frlemma="le" frpos="DET" frMUSAS="Z5">la</w><w frlemma="rétine" frpos="NOUN" frMUSAS="Z99">rétine</w><w frlemma="," frpos="PUNCT" frMUSAS="PUNCT">,</w><w frlemma="devoir" frpos="ADP" frMUSAS="Z99">dut</w><w frlemma="être" frpos="AUX" frMUSAS="Z99">être</w><w frlemma="réformer" frpos="VERB" frMUSAS="Z99">réformé</w><w frlemma="en" frpos="ADP" frMUSAS="Z5">en</w><w frlemma="1940" frpos="NUM" frMUSAS="N1">1940</w><w frlemma="." frpos="PUNCT" frMUSAS="PUNCT">.</w><w frlemma="charger" frpos="VERB" frMUSAS="Z99">Chargé</w><w frlemma="de" frpos="ADP" frMUSAS="Z5">de</w><w frlemma="mission" frpos="NOUN" frMUSAS="X7+">mission</w><w frlemma="à" frpos="ADP" frMUSAS="Z5">à</w><w frlemma="le" frpos="DET" frMUSAS="Z5">l'</w><w frlemma="Institut" frpos="PROPN" frMUSAS="P1/S5+c">Institut</w><w frlemma="français" frpos="ADJ" frMUSAS="Z2">français</w><w frlemma="," frpos="PUNCT" frMUSAS="PUNCT">,</w><w frlemma="il" frpos="PRON" frMUSAS="Z8">il</w><w frlemma="se" frpos="PRON" frMUSAS="Z8">s'</w><w frlemma="embarquer" frpos="VERB" frMUSAS="Z99">embarque</w><w frlemma="pour" frpos="ADP" frMUSAS="Z5">pour</w><w frlemma="le" frpos="DET" frMUSAS="Z5">le</w><w frlemma="caire" frpos="NOUN" frMUSAS="Z99">Caire</w><w frlemma="," frpos="PUNCT" frMUSAS="PUNCT">,</w><w frlemma="se" frpos="PRON" frMUSAS="Z8">s'</w><w frlemma="y" frpos="PRON" frMUSAS="M6">y</w><w frlemma="imstalle" frpos="VERB" frMUSAS="Z99">imstalle</w><w frlemma="et" frpos="CCONJ" frMUSAS="Z5">et</w><w frlemma="y" frpos="PRON" frMUSAS="M6">y</w><w frlemma="voir" frpos="VERB" frMUSAS="X3.4">vit</w><w frlemma="pratiquemer" frpos="VERB" frMUSAS="A13.4">pratiquement</w><w frlemma="depuis" frpos="ADP" frMUSAS="Z5">depuis</w><w frlemma="ce" frpos="DET" frMUSAS="Z5">cette</w><w frlemma="date" frpos="NOUN" frMUSAS="T1.2">date</w><w frlemma="jusque" frpos="ADP" frMUSAS="Z5">jusqu'</w><w frlemma="à" frpos="ADP" frMUSAS="Z5">à</w><w frlemma="son" frpos="DET" frMUSAS="Z5">sa</w><w frlemma="mort" frpos="NOUN" frMUSAS="Z99">mort</w><w frlemma="." frpos="PUNCT" frMUSAS="PUNCT">.</w><w frlemma="durer" frpos="ADP" frMUSAS="Z5">Durant</w><w frlemma="le" frpos="DET" frMUSAS="Z5">les</w><w frlemma="vacance" frpos="NOUN" frMUSAS="Z99">vacances</w><w frlemma="," frpos="PUNCT" frMUSAS="PUNCT">,</w><w frlemma="seulement" frpos="ADV" frMUSAS="A14">seulement</w><w frlemma="," frpos="PUNCT" frMUSAS="PUNCT">,</w><w frlemma="à" frpos="ADP" frMUSAS="Z5">à</w><w frlemma="partir" frpos="VERB" frMUSAS="M1">partir</w><w frlemma="de" frpos="ADP" frMUSAS="Z5">de</w><w frlemma="1947" frpos="NUM" frMUSAS="N1">1947</w><w frlemma="," frpos="PUNCT" frMUSAS="PUNCT">,</w><w frlemma="il" frpos="PRON" frMUSAS="Z8">il</w><w frlemma="faire" frpos="VERB" frMUSAS="Z99">fait</w><w frlemma="de" frpos="ADP" frMUSAS="Z5">de</w><w frlemma="court" frpos="NOUN" frMUSAS="N5-">courts</w><w frlemma="séjour" frpos="ADJ" frMUSAS="M8">séjours</w><w frlemma="en" frpos="ADP" frMUSAS="Z5">en</w><w frlemma="Europe" frpos="PROPN" frMUSAS="Z99">Europe</w><w frlemma="et" frpos="CCONJ" frMUSAS="Z5">et</w><w frlemma="particulièrement" frpos="ADV" frMUSAS="A13.3">particulièrement</w><w frlemma="en" frpos="ADP" frMUSAS="Z5">en</w><w frlemma="France" frpos="PROPN" frMUSAS="Z99">France</w><w frlemma="." frpos="PUNCT" frMUSAS="PUNCT">.</w><w frlemma="tout" frpos="ADV" frMUSAS="Z8">Tout</w><w frlemma="de" frpos="ADP" frMUSAS="Z5">d'</w><w frlemma="abord" frpos="ADV" frMUSAS="Z99">abord</w><w frlemma="il" frpos="PRON" frMUSAS="Z8">il</w><w frlemma="être" frpos="AUX" frMUSAS="Z99">fut</w><w frlemma="uniquement" frpos="ADV" frMUSAS="A14">uniquement</w><w frlemma="charger" frpos="VERB" frMUSAS="Z99">chargé</w><w frlemma="de" frpos="ADP" frMUSAS="Z5">de</w><w frlemma="mission" frpos="NOUN" frMUSAS="X7+">Missions</w><w frlemma="à" frpos="ADP" frMUSAS="Z5">à</w><w frlemma="le" frpos="DET" frMUSAS="Z5">l'</w><w frlemma="Institut" frpos="PROPN" frMUSAS="P1/S5+c">Institut</w><w frlemma="français" frpos="ADJ" frMUSAS="Z2">français</w><w frlemma="," frpos="PUNCT" frMUSAS="PUNCT">,</w><w frlemma="et" frpos="CCONJ" frMUSAS="Z5">et</w><w frlemma="ce" frpos="PRON" frMUSAS="Z8">c'</w><w frlemma="être" frpos="AUX" frMUSAS="M6">est</w><w frlemma="à" frpos="ADP" frMUSAS="Z5">à</w><w frlemma="ce" frpos="DET" frMUSAS="Z5">ce</w><w frlemma="titre" frpos="NOUN" frMUSAS="Q2.2">titre</w><w frlemma="que" frpos="SCONJ" frMUSAS="Z5">qu'</w><w frlemma="il" frpos="PRON" frMUSAS="Z8">il</w><w frlemma="y" frpos="PRON" frMUSAS="M6">y</w><w frlemma="demeurer" frpos="VERB" frMUSAS="Z99">demeura</w><w frlemma="jusque" frpos="ADP" frMUSAS="Z5">jusqu'</w><w frlemma="en" frpos="ADP" frMUSAS="Z5">en</w><w frlemma="1946" frpos="NUM" frMUSAS="N1">1946</w><w frlemma="." frpos="PUNCT" frMUSAS="PUNCT">.</w><w frlemma="lorsque" frpos="SCONJ" frMUSAS="Z5">Lorsque</w><w frlemma="le" frpos="DET" frMUSAS="Z5">les</w><w frlemma="relation" frpos="NOUN" frMUSAS="S3.1">relations</w><w frlemma="pouvoir" frpos="ADV" frMUSAS="Z99">purent</w><w frlemma="être" frpos="AUX" frMUSAS="Z99">être</w><w frlemma="rétablir" frpos="VERB" frMUSAS="Z99">rétablies</w><w frlemma="avec" frpos="ADP" frMUSAS="Z5">avec</w><w frlemma="le" frpos="DET" frMUSAS="Z5">la</w><w frlemma="métropole" frpos="NOUN" frMUSAS="Z99">métropole</w><w frlemma="il" frpos="PRON" frMUSAS="Z8">il</w><w frlemma="être" frpos="AUX" frMUSAS="Z99">fut</w><w frlemma="nommer" frpos="VERB" frMUSAS="Z99">nommé</w><w frlemma="pensionnaire" frpos="VERB" frMUSAS="Z99">pensionnaire</w><w frlemma="." frpos="PUNCT" frMUSAS="PUNCT">.</w><w frlemma="son" frpos="DET" frMUSAS="Z5">Son</w><w frlemma="activité" frpos="NOUN" frMUSAS="A1.1.1">activité</w><w frlemma="durer" frpos="ADP" frMUSAS="Z5">durant</w><w frlemma="tout" frpos="ADJ" frMUSAS="Z8">tout</w><w frlemma="ce" frpos="DET" frMUSAS="Z5">ce</w><w frlemma="temps" frpos="NOUN" frMUSAS="T1">temps</w><w frlemma="être" frpos="AUX" frMUSAS="Z99">fut</w><w frlemma="consacrer" frpos="VERB" frMUSAS="Z99">consacrée</w><w frlemma="à" frpos="ADP" frMUSAS="Z5">aux</w><w frlemma="grand" frpos="ADJ" frMUSAS="Z99">grandes</w><w frlemma="composition" frpos="NOUN" frMUSAS="Z99">compositions</w><w frlemma="funéraire" frpos="ADJ" frMUSAS="Z99">funéraires</w><w frlemma="royal" frpos="ADJ" frMUSAS="S7.1+/S2mf">royales</w><w frlemma=":" frpos="PUNCT" frMUSAS="PUNCT">:</w><w frlemma="le" frpos="DET" frMUSAS="Z5">l'</w><w frlemma="Am" frpos="PROPN" frMUSAS="Z99">Am</w><w frlemma="-" frpos="PROPN" frMUSAS="Z99">-</w><w frlemma="Douat" frpos="PROPN" frMUSAS="Z99">Douat</w><w frlemma="," frpos="PUNCT" frMUSAS="PUNCT">,</w><w frlemma="livre" frpos="NOUN" frMUSAS="Z99">Livre</w><w frlemma="de" frpos="ADP" frMUSAS="Z5">des</w><w frlemma="porte" frpos="NOUN" frMUSAS="H2">Portes</w><w frlemma="," frpos="PUNCT" frMUSAS="PUNCT">,</w><w frlemma="livre" frpos="NOUN" frMUSAS="Z99">Livre</w><w frlemma="de" frpos="ADP" frMUSAS="Z5">des</w><w frlemma="querert" frpos="NOUN" frMUSAS="Z99">Quererts</w><w frlemma="," frpos="PUNCT" frMUSAS="PUNCT">,</w><w frlemma="livre" frpos="NOUN" frMUSAS="Z99">Livre</w><w frlemma="de" frpos="ADP" frMUSAS="Z5">de</w><w frlemma="le" frpos="DET" frMUSAS="Z5">la</w><w frlemma="vache" frpos="NOUN" frMUSAS="L2fn">Vache</w><w frlemma="Divine" frpos="PROPN" frMUSAS="Z99">Divine</w><w frlemma="," frpos="PUNCT" frMUSAS="PUNCT">,</w><w frlemma="litanie" frpos="NOUN" frMUSAS="Z99">Litanies</w><w frlemma="de" frpos="ADP" frMUSAS="Z5">du</w><w frlemma="soleil" frpos="NOUN" frMUSAS="K1/W4">Soleil</w><w frlemma="." frpos="PUNCT" frMUSAS="PUNCT">.</w><w frlemma="il" frpos="PRON" frMUSAS="Z8">Il</w><w frlemma="publier" frpos="VERB" frMUSAS="Q4">publie</w><w frlemma="tout" frpos="ADJ" frMUSAS="Z8">toutes</w><w frlemma="le" frpos="DET" frMUSAS="Z5">les</w><w frlemma="version" frpos="NOUN" frMUSAS="A4.1">versions</w><w frlemma="connu" frpos="ADJ" frMUSAS="Z99">connues</w><w frlemma="de" frpos="ADP" frMUSAS="Z5">du</w><w frlemma="livre" frpos="NOUN" frMUSAS="Z99">Livre</w><w frlemma="de" frpos="ADP" frMUSAS="Z5">des</w><w frlemma="porte" frpos="NOUN" frMUSAS="H2">Portes</w><w frlemma="de" frpos="ADP" frMUSAS="Z5">d'</w><w frlemma="abord" frpos="NOUN" frMUSAS="Z99">abord</w><w frlemma="en" frpos="ADP" frMUSAS="Z5">en</w><w frlemma="collaboration" frpos="NOUN" frMUSAS="S1.1.3+">collaboration</w><w frlemma="avec" frpos="ADP" frMUSAS="Z5">avec</w><w frlemma="Ch" frpos="PROPN" frMUSAS="Z99">Ch</w><w frlemma="." frpos="PUNCT" frMUSAS="PUNCT">.</w><w frlemma="maystre" frpos="NOUN" frMUSAS="Z99">Maystre</w><w frlemma="," frpos="PUNCT" frMUSAS="PUNCT">,</w><w frlemma="pouvoir" frpos="CCONJ" frMUSAS="Z99">puis</w><w frlemma="tout" frpos="ADV" frMUSAS="Z8">tout</w><w frlemma="seul" frpos="ADJ" frMUSAS="Z99">seul</w><w frlemma="." frpos="PUNCT" frMUSAS="PUNCT">.</w><w frlemma="le" frpos="DET" frMUSAS="Z5">Le</w><w frlemma="livre" frpos="NOUN" frMUSAS="Z99">Livre</w><w frlemma="de" frpos="ADP" frMUSAS="Z5">du</w><w frlemma="jour" frpos="NOUN" frMUSAS="T1.3">Jour</w><w frlemma="et" frpos="CCONJ" frMUSAS="Z5">et</w><w frlemma="celui" frpos="PRON" frMUSAS="Z8">celui</w><w frlemma="de" frpos="ADP" frMUSAS="Z5">des</w><w frlemma="querert" frpos="NOUN" frMUSAS="Z99">Quererts</w><w frlemma="en" frpos="ADP" frMUSAS="Z5">en</w><w frlemma="traduction" frpos="NOUN" frMUSAS="Q3">traduction</w><w frlemma="." frpos="PUNCT" frMUSAS="PUNCT">.</w><w frlemma="pouvoir" frpos="CCONJ" frMUSAS="Z99">Puis</w><w frlemma="il" frpos="PRON" frMUSAS="Z8">il</w><w frlemma="donne" frpos="VERB" frMUSAS="Z99">donne</w><w frlemma="le" frpos="DET" frMUSAS="Z5">la</w><w frlemma="bel" frpos="ADJ" frMUSAS="Z99">belle</w><w frlemma="publication" frpos="NOUN" frMUSAS="Q4">publication</w><w frlemma="de" frpos="ADP" frMUSAS="Z5">des</w><w frlemma="chapelle" frpos="NOUN" frMUSAS="Z99">Chapelles</w><w frlemma="de" frpos="ADP" frMUSAS="Z5">de</w><w frlemma="Tout-Ankh-Amon" frpos="PROPN" frMUSAS="Z99">Tout-Ankh-Amon</w><w frlemma="." frpos="PUNCT" frMUSAS="PUNCT">.</w><w frlemma="Alexandre" frpos="PROPN" frMUSAS="Z99">Alexandre</w><w frlemma="Piankoff" frpos="PROPN" frMUSAS="Z99">Piankoff</w><w frlemma="," frpos="PUNCT" frMUSAS="PUNCT">,</w><w frlemma="profondément" frpos="ADV" frMUSAS="Z99">profondément</w><w frlemma="attirer" frpos="VERB" frMUSAS="O4.2+">attiré</w><w frlemma="par" frpos="ADP" frMUSAS="M6">par</w><w frlemma="ce" frpos="DET" frMUSAS="Z5">cette</w><w frlemma="littérature" frpos="NOUN" frMUSAS="Q4.1">littérature</w><w frlemma="au" frpos="ADP" frMUSAS="Z5">au</w><w frlemma="premier" frpos="ADJ" frMUSAS="N4">premier</w><w frlemma="abord" frpos="ADV" frMUSAS="Z99">abord</w><w frlemma="rebutante" frpos="NOUN" frMUSAS="Z99">rebutante</w><w frlemma="," frpos="PUNCT" frMUSAS="PUNCT">,</w><w frlemma="y" frpos="PRON" frMUSAS="M6">y</w><w frlemma="retrouver" frpos="VERB" frMUSAS="Z99">retrouve</w><w frlemma="par" frpos="ADP" frMUSAS="M6">par</w><w frlemma="un" frpos="DET" frMUSAS="Z5">un</w><w frlemma="patient" frpos="NOUN" frMUSAS="B2-/S2mf">patient</w><w frlemma="labeur" frpos="NOUN" frMUSAS="Z99">labeur</w><w frlemma="scientifique" frpos="ADJ" frMUSAS="Y1">scientifique</w><w frlemma="le" frpos="DET" frMUSAS="Z5">les</w><w frlemma="procédé" frpos="NOUN" frMUSAS="Z99">procédés</w><w frlemma="liturgique" frpos="ADJ" frMUSAS="Z99">liturgiques</w><w frlemma="de" frpos="ADP" frMUSAS="Z5">de</w><w frlemma="ce" frpos="PRON" frMUSAS="Z8">ce</w><w frlemma="que" frpos="PRON" frMUSAS="Z8">qu'</w><w frlemma="on" frpos="PRON" frMUSAS="Z8">on</w><w frlemma="pouvoir" frpos="VERB" frMUSAS="Z99">pourrait</w><w frlemma="appeler" frpos="VERB" frMUSAS="Q2.2">appeler</w><w frlemma="le" frpos="DET" frMUSAS="Z5">la</w><w frlemma="solarisation" frpos="NOUN" frMUSAS="Z99">solarisation</w><w frlemma="de" frpos="ADP" frMUSAS="Z5">du</w><w frlemma="roi" frpos="NOUN" frMUSAS="S7.1+/S2.2m">Roi</w><w frlemma="." frpos="PUNCT" frMUSAS="PUNCT">.</w><w frlemma="il" frpos="PRON" frMUSAS="Z8">Il</w><w frlemma="me" frpos="PRON" frMUSAS="Z8">m'</w><w frlemma="avoir" frpos="AUX" frMUSAS="A9+">a</w><w frlemma="confier" frpos="VERB" frMUSAS="A9-">confié</w><w frlemma="un" frpos="DET" frMUSAS="Z5">un</w><w frlemma="jour" frpos="NOUN" frMUSAS="T1.3">jour</w><w frlemma="que" frpos="SCONJ" frMUSAS="Z5">que</w><w frlemma="," frpos="PUNCT" frMUSAS="PUNCT">,</w><w frlemma="pour" frpos="ADP" frMUSAS="Z5">pour</w><w frlemma="luire" frpos="PRON" frMUSAS="Z8">lui</w><w frlemma="," frpos="PUNCT" frMUSAS="PUNCT">,</w><w frlemma="le" frpos="DET" frMUSAS="Z5">la</w><w frlemma="métaphysique" frpos="NOUN" frMUSAS="Z99">métaphysique</w><w frlemma="profond" frpos="VERB" frMUSAS="N3.7+">profonde</w><w frlemma="sur" frpos="ADP" frMUSAS="Z5">sur</w><w frlemma="lequel" frpos="PRON" frMUSAS="Z99">laquelle</w><w frlemma="reposer" frpos="VERB" frMUSAS="E3+">reposaient</w><w frlemma="ce" frpos="DET" frMUSAS="Z5">ces</w><w frlemma="composition" frpos="NOUN" frMUSAS="Z99">compositions</w><w frlemma="théologique" frpos="ADJ" frMUSAS="Z99">théologiques</w><w frlemma="être" frpos="AUX" frMUSAS="Z99">était</w><w frlemma="un" frpos="DET" frMUSAS="Z5">une</w><w frlemma="sorte" frpos="NOUN" frMUSAS="Z99">sorte</w><w frlemma="de" frpos="ADP" frMUSAS="Z5">de</w><w frlemma="panthéisme" frpos="NOUN" frMUSAS="Z99">panthéisme</w><w frlemma="." frpos="PUNCT" frMUSAS="PUNCT">.</w><w frlemma="le" frpos="DET" frMUSAS="Z5">La</w><w frlemma="personnalité" frpos="NOUN" frMUSAS="S1.2">personnalité</w><w frlemma="humain" frpos="ADJ" frMUSAS="S2">humaine</w><w frlemma="de" frpos="ADP" frMUSAS="Z5">du</w><w frlemma="roi" frpos="NOUN" frMUSAS="S7.1+/S2.2m">roi</w><w frlemma="aller" frpos="VERB" frMUSAS="M1">allait</w><w frlemma="se" frpos="PRON" frMUSAS="Z8">se</w><w frlemma="perdre" frpos="VERB" frMUSAS="X9.2-">perdre</w><w frlemma="dans" frpos="ADP" frMUSAS="Z5">dans</w><w frlemma="le" frpos="DET" frMUSAS="Z5">l'</w><w frlemma="océan" frpos="NOUN" frMUSAS="W3/M4">Océan</w><w frlemma="infini" frpos="ADJ" frMUSAS="Z99">infini</w><w frlemma="de" frpos="ADP" frMUSAS="Z5">du</w><w frlemma="divin" frpos="NOUN" frMUSAS="Z99">divin</w><w frlemma="comme" frpos="ADP" frMUSAS="Z5">comme</w><w frlemma="un" frpos="DET" frMUSAS="Z5">une</w><w frlemma="goutte" frpos="NOUN" frMUSAS="M2">goutte</w><w frlemma="de" frpos="ADP" frMUSAS="Z5">d'</w><w frlemma="eau" frpos="NOUN" frMUSAS="F4">eau</w><w frlemma="," frpos="PUNCT" frMUSAS="PUNCT">,</w><w frlemma="un" frpos="DET" frMUSAS="Z5">un</w><w frlemma="instant" frpos="NOUN" frMUSAS="Z99">instant</w><w frlemma="détacher" frpos="VERB" frMUSAS="Z99">détachée</w><w frlemma="retourn" frpos="ADJ" frMUSAS="Z99">retourne</w><w frlemma="se" frpos="PRON" frMUSAS="Z8">se</w><w frlemma="plonger" frpos="VERB" frMUSAS="M4">plonger</w><w frlemma="en" frpos="ADP" frMUSAS="Z5">en</w><w frlemma="luire" frpos="PRON" frMUSAS="Z8">lui</w><w frlemma="." frpos="PUNCT" frMUSAS="PUNCT">.</w></p><p><w frlemma="ce" frpos="PRON" frMUSAS="Z8">C'</w><w frlemma="être" frpos="AUX" frMUSAS="M6">est</w><w frlemma="alors" frpos="ADV" frMUSAS="Z99">alors</w><w frlemma="que" frpos="SCONJ" frMUSAS="Z5">que</w><w frlemma="le" frpos="DET" frMUSAS="Z5">la</w><w frlemma="fondation" frpos="NOUN" frMUSAS="T2+">Fondation</w><w frlemma="Bollingen" frpos="PROPN" frMUSAS="Z99">Bollingen</w><w frlemma="luire" frpos="PRON" frMUSAS="Z8">lui</w><w frlemma="demande" frpos="VERB" frMUSAS="Z99">demande</w><w frlemma="un" frpos="DET" frMUSAS="Z5">des</w><w frlemma="traduction" frpos="NOUN" frMUSAS="Q3">traductions</w><w frlemma="anglais" frpos="ADJ" frMUSAS="Z1mf">anglaises</w><w frlemma="de" frpos="ADP" frMUSAS="Z5">de</w><w frlemma="tout" frpos="ADJ" frMUSAS="Z8">tous</w><w frlemma="ce" frpos="DET" frMUSAS="Z5">ces</w><w frlemma="ouvrage" frpos="NOUN" frMUSAS="I3.1">ouvrages</w><w frlemma="religieux" frpos="PRON" frMUSAS="S9">religieux</w><w frlemma="." frpos="PUNCT" frMUSAS="PUNCT">.</w><w frlemma="il" frpos="PRON" frMUSAS="Z8">Il</w><w frlemma="procure" frpos="VERB" frMUSAS="Z99">procure</w><w frlemma="dans" frpos="ADP" frMUSAS="Z5">dans</w><w frlemma="son" frpos="DET" frMUSAS="Z5">ses</w><w frlemma="publication" frpos="NOUN" frMUSAS="Q4">publications</w><w frlemma="somptueux" frpos="ADJ" frMUSAS="Z99">somptueuses</w><w frlemma="The" frpos="X" frMUSAS="Z99">The</w><w frlemma="Shrines" frpos="X" frMUSAS="Z99">Shrines</w><w frlemma="of" frpos="X" frMUSAS="Z99">of</w><w frlemma="Toutankhamun" frpos="PROPN" frMUSAS="Z99">Toutankhamun</w><w frlemma="," frpos="PUNCT" frMUSAS="PUNCT">,</w><w frlemma="et" frpos="CCONJ" frMUSAS="Z5">et</w><w frlemma="The" frpos="X" frMUSAS="Z99">The</w><w frlemma="Tomb" frpos="PROPN" frMUSAS="Z99">Tomb</w><w frlemma="of" frpos="X" frMUSAS="Z99">of</w><w frlemma="ramse" frpos="NOUN" frMUSAS="Z99">Ramses</w><w frlemma="vi" frpos="ADJ" frMUSAS="Z99">VI</w><w frlemma="." frpos="PUNCT" frMUSAS="PUNCT">.</w><w frlemma="ce" frpos="DET" frMUSAS="Z5">Ce</w><w frlemma="dernier" frpos="ADJ" frMUSAS="N4">dernier</w><w frlemma="iivre" frpos="NOUN" frMUSAS="Z99">Iivre</w><w frlemma="être" frpos="AUX" frMUSAS="M6">est</w><w frlemma="pratiquemer" frpos="VERB" frMUSAS="A13.4">pratiquement</w><w frlemma="un" frpos="DET" frMUSAS="Z5">un</w><w frlemma="conpendium" frpos="NOUN" frMUSAS="Z99">conpendium</w><w frlemma="de" frpos="ADP" frMUSAS="Z5">de</w><w frlemma="tout" frpos="ADJ" frMUSAS="Z8">tous</w><w frlemma="le" frpos="DET" frMUSAS="Z5">les</w><w frlemma="texte" frpos="NOUN" frMUSAS="Q1.2">textes</w><w frlemma="funéraire" frpos="ADJ" frMUSAS="Z99">funéraires</w><w frlemma="royal" frpos="ADJ" frMUSAS="S7.1+/S2mf">royaux</w><w frlemma="." frpos="PUNCT" frMUSAS="PUNCT">.</w><w frlemma="il" frpos="PRON" frMUSAS="Z8">Il</w><w frlemma="y" frpos="PRON" frMUSAS="M6">y</w><w frlemma="adjoindre" frpos="VERB" frMUSAS="Z99">adjoignit</w><w frlemma="un" frpos="DET" frMUSAS="Z5">une</w><w frlemma="collection" frpos="NOUN" frMUSAS="Z99">collection</w><w frlemma="de" frpos="ADP" frMUSAS="Z5">de</w><w frlemma="papyrus" frpos="NOUN" frMUSAS="Z99">papyrus</w><w frlemma="," frpos="PUNCT" frMUSAS="PUNCT">,</w><w frlemma="en" frpos="ADP" frMUSAS="Z5">en</w><w frlemma="majeur" frpos="ADJ" frMUSAS="A11.1+">majeure</w><w frlemma="partie" frpos="NOUN" frMUSAS="A10+">partie</w><w frlemma="de" frpos="ADP" frMUSAS="Z5">du</w><w frlemma="caire" frpos="NOUN" frMUSAS="Z99">Caire</w><w frlemma="," frpos="PUNCT" frMUSAS="PUNCT">,</w><w frlemma="intituler" frpos="VERB" frMUSAS="Z99">intitulée</w><w frlemma="Mythological" frpos="PROPN" frMUSAS="Z99">Mythological</w><w frlemma="Papyri" frpos="PROPN" frMUSAS="Z99">Papyri</w><w frlemma="," frpos="PUNCT" frMUSAS="PUNCT">,</w><w frlemma="que" frpos="PRON" frMUSAS="Z8">qu'</w><w frlemma="il" frpos="PRON" frMUSAS="Z8">il</w><w frlemma="accompagner" frpos="VERB" frMUSAS="S3.1">accompagna</w><w frlemma="de" frpos="ADP" frMUSAS="Z5">d'</w><w frlemma="un" frpos="DET" frMUSAS="Z5">un</w><w frlemma="savant" frpos="NOUN" frMUSAS="Z99">savant</w><w frlemma="et" frpos="CCONJ" frMUSAS="Z5">et</w><w frlemma="sagace" frpos="ADJ" frMUSAS="Z99">sagace</w><w frlemma="commentair" frpos="ADJ" frMUSAS="Z99">commentaire</w><w frlemma="." frpos="PUNCT" frMUSAS="PUNCT">.</w><w frlemma="son" frpos="DET" frMUSAS="Z5">Sa</w><w frlemma="renommée" frpos="NOUN" frMUSAS="Z99">renommée</w><w frlemma="être" frpos="AUX" frMUSAS="Z99">était</w><w frlemma="grand" frpos="ADJ" frMUSAS="Z99">grande</w><w frlemma="et" frpos="CCONJ" frMUSAS="Z5">et</w><w frlemma="chacun" frpos="PRON" frMUSAS="N5.1+">chacun</w><w frlemma="de" frpos="ADP" frMUSAS="Z5">de</w><w frlemma="celui" frpos="PRON" frMUSAS="Z8">ceux</w><w frlemma="qui" frpos="PRON" frMUSAS="Z8">qui</w><w frlemma="aborder" frpos="VERB" frMUSAS="Z99">abordaient</w><w frlemma="le" frpos="DET" frMUSAS="Z5">les</w><w frlemma="problème" frpos="NOUN" frMUSAS="A12-">problèmes</w><w frlemma="religieux" frpos="PRON" frMUSAS="S9">religieux</w><w frlemma="le" frpos="DET" frMUSAS="Z5">le</w><w frlemma="consultait" frpos="NOUN" frMUSAS="Z99">consultait</w><w frlemma="." frpos="PUNCT" frMUSAS="PUNCT">.</w></p><p><w frlemma="dans" frpos="ADP" frMUSAS="Z5">Dans</w><w frlemma="le" frpos="DET" frMUSAS="Z5">l'</w><w frlemma="intervalle" frpos="NOUN" frMUSAS="Z99">intervalle</w><w frlemma="," frpos="PUNCT" frMUSAS="PUNCT">,</w><w frlemma="il" frpos="PRON" frMUSAS="Z8">il</w><w frlemma="être" frpos="AUX" frMUSAS="Z99">était</w><w frlemma="passer" frpos="VERB" frMUSAS="M1">passé</w><w frlemma="au" frpos="ADP" frMUSAS="Z5">au</w><w frlemma="centre" frpos="NOUN" frMUSAS="M6">Centre</w><w frlemma="national" frpos="ADJ" frMUSAS="M7/N5.1+">National</w><w frlemma="de" frpos="ADP" frMUSAS="Z5">de</w><w frlemma="le" frpos="DET" frMUSAS="Z5">la</w><w frlemma="recherche" frpos="NOUN" frMUSAS="Z99">Recherche</w><w frlemma="scientifique" frpos="ADJ" frMUSAS="Y1">Scientifique</w><w frlemma="à" frpos="ADP" frMUSAS="Z5">à</w><w frlemma="Paris" frpos="PROPN" frMUSAS="Z99">Paris</w><w frlemma="." frpos="PUNCT" frMUSAS="PUNCT">.</w><w frlemma="en" frpos="ADP" frMUSAS="Z5">En</w><w frlemma="1964" frpos="NUM" frMUSAS="N1">1964</w><w frlemma="il" frpos="PRON" frMUSAS="Z8">il</w><w frlemma="être" frpos="AUX" frMUSAS="Z99">fut</w><w frlemma="promouvoir" frpos="ADJ" frMUSAS="S8+">promu</w><w frlemma="maître" frpos="NOUN" frMUSAS="S7.1+/S2.2m">Maître</w><w frlemma="de" frpos="ADP" frMUSAS="Z5">de</w><w frlemma="Recherches" frpos="PROPN" frMUSAS="Z99">Recherches</w><w frlemma="et" frpos="CCONJ" frMUSAS="Z5">et</w><w frlemma="obtint" frpos="NOUN" frMUSAS="Z99">obtint</w><w frlemma="pour" frpos="ADP" frMUSAS="Z5">pour</w><w frlemma="le" frpos="DET" frMUSAS="Z5">l'</w><w frlemma="ensemble" frpos="NOUN" frMUSAS="Z99">ensemble</w><w frlemma="de" frpos="ADP" frMUSAS="Z5">de</w><w frlemma="son" frpos="DET" frMUSAS="Z5">ses</w><pb n="230"/><w frlemma="traval" frpos="ADJ" frMUSAS="Z99">travaux</w><w frlemma="un" frpos="DET" frMUSAS="Z5">une</w><w frlemma="médaille" frpos="NOUN" frMUSAS="O2">médaille</w><w frlemma="de" frpos="ADP" frMUSAS="Z5">d'</w><w frlemma="argent" frpos="NOUN" frMUSAS="Z99">argent</w><w frlemma="." frpos="PUNCT" frMUSAS="PUNCT">.</w><w frlemma="mais" frpos="CCONJ" frMUSAS="Z5">Mais</w><w frlemma="il" frpos="PRON" frMUSAS="Z8">il</w><w frlemma="demeurer" frpos="VERB" frMUSAS="Z99">demeurait</w><w frlemma="toujours" frpos="ADV" frMUSAS="N6+++">toujours</w><w frlemma="aussi" frpos="ADV" frMUSAS="Z99">aussi</w><w frlemma="simple" frpos="ADJ" frMUSAS="A12+">simple</w><w frlemma="et" frpos="CCONJ" frMUSAS="Z5">et</w><w frlemma="désintéressé" frpos="ADJ" frMUSAS="Z99">désintéressé</w><w frlemma="." frpos="PUNCT" frMUSAS="PUNCT">.</w><w frlemma="il" frpos="PRON" frMUSAS="Z8">Il</w><w frlemma="vivre" frpos="VERB" frMUSAS="H4">vivait</w><w frlemma="au" frpos="ADP" frMUSAS="Z5">au</w><w frlemma="caire" frpos="NOUN" frMUSAS="Z99">Caire</w><w frlemma="et" frpos="CCONJ" frMUSAS="Z5">et</w><w frlemma="ne" frpos="ADV" frMUSAS="Z6">ne</w><w frlemma="revenir" frpos="VERB" frMUSAS="Z99">revenait</w><w frlemma="en" frpos="ADP" frMUSAS="Z5">en</w><w frlemma="France" frpos="PROPN" frMUSAS="Z99">France</w><w frlemma="que" frpos="SCONJ" frMUSAS="Z5">que</w><w frlemma="le" frpos="PRON" frMUSAS="Z8">l'</w><w frlemma="été" frpos="NOUN" frMUSAS="T1.3">été</w><w frlemma="." frpos="PUNCT" frMUSAS="PUNCT">.</w><w frlemma="ce" frpos="PRON" frMUSAS="Z8">C'</w><w frlemma="être" frpos="AUX" frMUSAS="Z99">était</w><w frlemma="plaisir" frpos="NOUN" frMUSAS="E4.2+">plaisir</w><w frlemma="de" frpos="ADP" frMUSAS="Z5">de</w><w frlemma="le" frpos="PRON" frMUSAS="Z8">le</w><w frlemma="voir" frpos="VERB" frMUSAS="X3.4">voir</w><w frlemma="arriver" frpos="VERB" frMUSAS="Z99">arriver</w><w frlemma="à" frpos="ADP" frMUSAS="Z5">à</w><w frlemma="le" frpos="DET" frMUSAS="Z5">l'</w><w frlemma="Institut" frpos="PROPN" frMUSAS="P1/S5+c">Institut</w><w frlemma="français" frpos="NOUN" frMUSAS="Z2">Français</w><w frlemma="pour" frpos="ADP" frMUSAS="Z5">pour</w><w frlemma="se" frpos="PRON" frMUSAS="Z8">s'</w><w frlemma="occuper" frpos="VERB" frMUSAS="H4">occuper</w><w frlemma="de" frpos="ADP" frMUSAS="Z5">de</w><w frlemma="question" frpos="NOUN" frMUSAS="Q2.2">questions</w><w frlemma="administratif" frpos="ADJ" frMUSAS="S7.1+">administratives</w><w frlemma="," frpos="PUNCT" frMUSAS="PUNCT">,</w><w frlemma="comme" frpos="ADP" frMUSAS="Z5">comme</w><w frlemma="," frpos="PUNCT" frMUSAS="PUNCT">,</w><w frlemma="par" frpos="ADP" frMUSAS="M6">par</w><w frlemma="exemple" frpos="NOUN" frMUSAS="A4.1">exemple</w><w frlemma="," frpos="PUNCT" frMUSAS="PUNCT">,</w><w frlemma="le" frpos="DET" frMUSAS="Z5">la</w><w frlemma="validation" frpos="NOUN" frMUSAS="Z99">validation</w><w frlemma="de" frpos="ADP" frMUSAS="Z5">de</w><w frlemma="son" frpos="DET" frMUSAS="Z5">ses</w><w frlemma="service" frpos="NOUN" frMUSAS="A1.1.1">services</w><w frlemma="pour" frpos="ADP" frMUSAS="Z5">pour</w><w frlemma="le" frpos="DET" frMUSAS="Z5">la</w><w frlemma="retraite" frpos="NOUN" frMUSAS="Z99">retraite</w><w frlemma="." frpos="PUNCT" frMUSAS="PUNCT">.</w><w frlemma="il" frpos="PRON" frMUSAS="Z8">Il</w><w frlemma="se" frpos="PRON" frMUSAS="Z8">s'</w><w frlemma="y" frpos="PRON" frMUSAS="M6">y</w><w frlemma="appliquer" frpos="VERB" frMUSAS="Q2.2">appliquait</w><w frlemma="sans" frpos="ADP" frMUSAS="M6">sans</w><w frlemma="doute" frpos="NOUN" frMUSAS="A7-">doute</w><w frlemma="." frpos="PUNCT" frMUSAS="PUNCT">.</w><w frlemma="mais" frpos="CCONJ" frMUSAS="Z5">Mais</w><w frlemma="on" frpos="PRON" frMUSAS="Z8">on</w><w frlemma="sentir" frpos="VERB" frMUSAS="Z99">sentait</w><w frlemma="que" frpos="SCONJ" frMUSAS="Z5">que</w><w frlemma="celer" frpos="PRON" frMUSAS="Z8">cela</w><w frlemma="luire" frpos="PRON" frMUSAS="Z8">lui</w><w frlemma="peser" frpos="VERB" frMUSAS="N3.5">pesait</w><w frlemma="et" frpos="CCONJ" frMUSAS="Z5">et</w><w frlemma="le" frpos="DET" frMUSAS="Z5">la</w><w frlemma="conversation" frpos="NOUN" frMUSAS="Q2.1">conversation</w><w frlemma="passer" frpos="VERB" frMUSAS="M1">passait</w><w frlemma="bien" frpos="ADV" frMUSAS="A10+">bien</w><w frlemma="vite" frpos="ADV" frMUSAS="Z99">vite</w><w frlemma="au" frpos="ADP" frMUSAS="Z5">au</w><w frlemma="bouddhisme" frpos="NOUN" frMUSAS="Z99">bouddhisme</w><w frlemma="zen" frpos="ADJ" frMUSAS="Z99">zen</w><w frlemma="," frpos="PUNCT" frMUSAS="PUNCT">,</w><w frlemma="à" frpos="ADP" frMUSAS="Z5">à</w><w frlemma="le" frpos="DET" frMUSAS="Z5">la</w><w frlemma="pensée" frpos="NOUN" frMUSAS="X2.1">pensée</w><w frlemma="de" frpos="ADP" frMUSAS="Z5">de</w><w frlemma="Heidegger" frpos="PROPN" frMUSAS="Z99">Heidegger</w><w frlemma="," frpos="PUNCT" frMUSAS="PUNCT">,</w><w frlemma="ou" frpos="CCONJ" frMUSAS="Z5">ou</w><w frlemma="à" frpos="ADP" frMUSAS="Z5">à</w><w frlemma="le" frpos="DET" frMUSAS="Z5">la</w><w frlemma="formation" frpos="NOUN" frMUSAS="P1">formation</w><w frlemma="de" frpos="ADP" frMUSAS="Z5">de</w><w frlemma="le" frpos="DET" frMUSAS="Z5">la</w><w frlemma="théologie" frpos="NOUN" frMUSAS="S9">théologie</w><w frlemma="atonienne" frpos="VERB" frMUSAS="Z99">atonienne</w><w frlemma="dans" frpos="ADP" frMUSAS="Z5">dans</w><w frlemma="le" frpos="DET" frMUSAS="Z5">les</w><w frlemma="livre" frpos="NOUN" frMUSAS="Z99">livres</w><w frlemma="funéraire" frpos="ADJ" frMUSAS="Z99">funéraires</w><w frlemma="royal" frpos="ADJ" frMUSAS="S7.1+/S2mf">royaux</w><w frlemma="." frpos="PUNCT" frMUSAS="PUNCT">.</w><w frlemma="il" frpos="PRON" frMUSAS="Z8">Il</w><w frlemma="avoir" frpos="AUX" frMUSAS="A9+">avait</w><w frlemma="," frpos="PUNCT" frMUSAS="PUNCT">,</w><w frlemma="de" frpos="ADP" frMUSAS="Z5">du</w><w frlemma="reste" frpos="NOUN" frMUSAS="E3+">reste</w><w frlemma="," frpos="PUNCT" frMUSAS="PUNCT">,</w><w frlemma="un" frpos="DET" frMUSAS="Z5">une</w><w frlemma="profonde" frpos="NOUN" frMUSAS="Z99">profonde</w><w frlemma="culture" frpos="NOUN" frMUSAS="C1">culture</w><w frlemma="et" frpos="CCONJ" frMUSAS="Z5">et</w><w frlemma="reprendre" frpos="VERB" frMUSAS="Z99">reprenait</w><w frlemma="au" frpos="ADP" frMUSAS="Z5">au</w><w frlemma="vol" frpos="NOUN" frMUSAS="Z99">vol</w><w frlemma="aussi" frpos="ADV" frMUSAS="Z99">aussi</w><w frlemma="bien" frpos="ADV" frMUSAS="A10+">bien</w><w frlemma="un" frpos="DET" frMUSAS="Z5">un</w><w frlemma="passage" frpos="NOUN" frMUSAS="Z99">passage</w><w frlemma="de" frpos="ADP" frMUSAS="Z5">d'</w><w frlemma="a" frpos="NOUN" frMUSAS="Z99">A</w><w frlemma="le" frpos="DET" frMUSAS="Z5">la</w><w frlemma="manière" frpos="NOUN" frMUSAS="Z99">Manière</w><w frlemma="de" frpos="ADP" frMUSAS="Z5">de</w><w frlemma="..." frpos="PUNCT" frMUSAS="PUNCT">...</w><w frlemma="de" frpos="ADP" frMUSAS="Z5">de</w><w frlemma="Reboux" frpos="PROPN" frMUSAS="Z99">Reboux</w><w frlemma="et" frpos="CCONJ" frMUSAS="Z5">et</w><w frlemma="Muller" frpos="PROPN" frMUSAS="Z99">Muller</w><w frlemma="," frpos="PUNCT" frMUSAS="PUNCT">,</w><w frlemma="que" frpos="SCONJ" frMUSAS="Z5">qu'</w><w frlemma="un" frpos="DET" frMUSAS="Z5">une</w><w frlemma="scène" frpos="NOUN" frMUSAS="K4">scène</w><w frlemma="de" frpos="ADP" frMUSAS="Z5">de</w><w frlemma="Shakespeare" frpos="PROPN" frMUSAS="Z99">Shakespeare</w><w frlemma="," frpos="PUNCT" frMUSAS="PUNCT">,</w><w frlemma="de" frpos="ADP" frMUSAS="Z5">de</w><w frlemma="racine" frpos="NOUN" frMUSAS="L3">Racine</w><w frlemma="ou" frpos="CCONJ" frMUSAS="Z5">ou</w><w frlemma="de" frpos="ADP" frMUSAS="Z5">de</w><w frlemma="Goethe" frpos="PROPN" frMUSAS="Z99">Goethe</w><w frlemma="." frpos="PUNCT" frMUSAS="PUNCT">.</w></p><p><w frlemma="cependant" frpos="ADV" frMUSAS="A13.1">Cependant</w><w frlemma="le" frpos="DET" frMUSAS="Z5">le</w><w frlemma="service" frpos="NOUN" frMUSAS="A1.1.1">Service</w><w frlemma="de" frpos="ADP" frMUSAS="Z5">des</w><w frlemma="antiquité" frpos="NOUN" frMUSAS="Z99">Antiquités</w><w frlemma="de" frpos="ADP" frMUSAS="Z5">de</w><w frlemma="le" frpos="DET" frMUSAS="Z5">l'</w><w frlemma="Egypte" frpos="PROPN" frMUSAS="Z99">Egypte</w><w frlemma="luire" frpos="PRON" frMUSAS="Z8">lui</w><w frlemma="avoir" frpos="AUX" frMUSAS="A9+">avait</w><w frlemma="demander" frpos="VERB" frMUSAS="Z99">demandé</w><w frlemma="de" frpos="ADP" frMUSAS="Z5">de</w><w frlemma="publier" frpos="NOUN" frMUSAS="Q4">publier</w><w frlemma="au" frpos="ADP" frMUSAS="Z5">au</w><w frlemma="complet" frpos="NOUN" frMUSAS="Z99">complet</w><w frlemma="le" frpos="DET" frMUSAS="Z5">les</w><w frlemma="tombe" frpos="NOUN" frMUSAS="Z99">tombes</w><w frlemma="de" frpos="ADP" frMUSAS="Z5">de</w><w frlemma="le" frpos="DET" frMUSAS="Z5">la</w><w frlemma="vallée" frpos="NOUN" frMUSAS="W3">Vallée</w><w frlemma="de" frpos="ADP" frMUSAS="Z5">des</w><w frlemma="roi" frpos="NOUN" frMUSAS="S7.1+/S2.2m">Rois</w><w frlemma="," frpos="PUNCT" frMUSAS="PUNCT">,</w><w frlemma="que" frpos="SCONJ" frMUSAS="Z5">que</w><w frlemma="le" frpos="DET" frMUSAS="Z5">l'</w><w frlemma="Institut" frpos="PROPN" frMUSAS="P1/S5+c">Institut</w><w frlemma="devoir" frpos="VERB" frMUSAS="Z99">devait</w><w frlemma="imprimer" frpos="VERB" frMUSAS="Z99">imprimer</w><w frlemma="dans" frpos="ADP" frMUSAS="Z5">dans</w><w frlemma="son" frpos="DET" frMUSAS="Z5">ses</w><w frlemma="collection" frpos="NOUN" frMUSAS="Z99">collections</w><w frlemma="." frpos="PUNCT" frMUSAS="PUNCT">.</w><w frlemma="le" frpos="DET" frMUSAS="Z5">La</w><w frlemma="tombe" frpos="NOUN" frMUSAS="Z99">tombe</w><w frlemma="de" frpos="ADP" frMUSAS="Z5">de</w><w frlemma="Ramsés" frpos="PROPN" frMUSAS="Z99">Ramsés</w><w frlemma="ier" frpos="PRON" frMUSAS="Z99">Ier</w><w frlemma="être" frpos="AUX" frMUSAS="M6">est</w><w frlemma="achevé" frpos="ADJ" frMUSAS="Z99">achevée</w><w frlemma="et" frpos="CCONJ" frMUSAS="Z5">et</w><w frlemma="imprimé" frpos="ADJ" frMUSAS="Z99">imprimée</w><w frlemma="." frpos="PUNCT" frMUSAS="PUNCT">.</w><w frlemma="mais" frpos="CCONJ" frMUSAS="Z5">Mais</w><w frlemma="Alexandre" frpos="PROPN" frMUSAS="Z99">Alexandre</w><w frlemma="Piankoff" frpos="PROPN" frMUSAS="Z99">Piankoff</w><w frlemma="avoir" frpos="AUX" frMUSAS="A9+">avait</w><w frlemma="entreprendre" frpos="VERB" frMUSAS="Z99">entrepris</w><w frlemma="de" frpos="ADP" frMUSAS="Z5">d'</w><w frlemma="étudier" frpos="NOUN" frMUSAS="P1">étudier</w><w frlemma="à" frpos="ADP" frMUSAS="Z5">à</w><w frlemma="nouveau" frpos="ADJ" frMUSAS="T3-">nouveau</w><w frlemma="le" frpos="DET" frMUSAS="Z5">les</w><w frlemma="texte" frpos="NOUN" frMUSAS="Q1.2">Textes</w><w frlemma="de" frpos="ADP" frMUSAS="Z5">des</w><w frlemma="pyramide" frpos="NOUN" frMUSAS="Z99">Pyramides</w><w frlemma="." frpos="PUNCT" frMUSAS="PUNCT">.</w><w frlemma="convaincre" frpos="VERB" frMUSAS="A7+/Q2.2">Convaincu</w><w frlemma="que" frpos="SCONJ" frMUSAS="Z5">que</w><w frlemma="le" frpos="DET" frMUSAS="Z5">la</w><w frlemma="méthod" frpos="ADJ" frMUSAS="Z99">méthode</w><w frlemma="purement" frpos="ADV" frMUSAS="A14">purement</w><w frlemma="philologique" frpos="ADJ" frMUSAS="Z99">philologique</w><w frlemma="de" frpos="ADP" frMUSAS="Z5">de</w><w frlemma="Sethe" frpos="PROPN" frMUSAS="Z99">Sethe</w><w frlemma="ne" frpos="ADV" frMUSAS="Z6">ne</w><w frlemma="suffire" frpos="VERB" frMUSAS="Z99">suffisait</w><w frlemma="pas" frpos="ADV" frMUSAS="Z99">pas</w><w frlemma="," frpos="PUNCT" frMUSAS="PUNCT">,</w><w frlemma="il" frpos="PRON" frMUSAS="Z8">il</w><w frlemma="aller" frpos="VERB" frMUSAS="M1">allait</w><w frlemma="prendre" frpos="VERB" frMUSAS="A9+">prendre</w><w frlemma="chaque" frpos="DET" frMUSAS="N5.1+">chaque</w><w frlemma="pyramide" frpos="NOUN" frMUSAS="Z99">pyramide</w><w frlemma="comme" frpos="ADP" frMUSAS="Z5">comme</w><w frlemma="un" frpos="DET" frMUSAS="Z5">un</w><w frlemma="tout" frpos="ADJ" frMUSAS="Z8">tout</w><w frlemma="en" frpos="ADP" frMUSAS="Z5">en</w><w frlemma="replacer" frpos="VERB" frMUSAS="Z99">replaçant</w><w frlemma="le" frpos="DET" frMUSAS="Z5">les</w><w frlemma="inscription" frpos="NOUN" frMUSAS="Z99">inscriptions</w><w frlemma="dans" frpos="ADP" frMUSAS="Z5">dans</w><w frlemma="son" frpos="DET" frMUSAS="Z5">leur</w><w frlemma="ordre" frpos="NOUN" frMUSAS="S7.1+/Q2.2">ordre</w><w frlemma="antique" frpos="ADJ" frMUSAS="Z99">antique</w><w frlemma="et" frpos="CCONJ" frMUSAS="Z5">et</w><w frlemma="à" frpos="ADP" frMUSAS="Z5">à</w><w frlemma="son" frpos="DET" frMUSAS="Z5">leur</w><w frlemma="place" frpos="NOUN" frMUSAS="Z99">place</w><w frlemma="architectural" frpos="ADJ" frMUSAS="Z99">architecturale</w><w frlemma="." frpos="PUNCT" frMUSAS="PUNCT">.</w><w frlemma="il" frpos="PRON" frMUSAS="Z8">Il</w><w frlemma="commencer" frpos="VERB" frMUSAS="Z99">commença</w><w frlemma="par" frpos="ADP" frMUSAS="M6">par</w><w frlemma="The" frpos="X" frMUSAS="Z99">The</w><w frlemma="tomb" frpos="VERB" frMUSAS="Z99">Tomb</w><w frlemma="of" frpos="ADP" frMUSAS="Z99">of</w><w frlemma="Unas" frpos="PROPN" frMUSAS="Z99">Unas</w><w frlemma="," frpos="PUNCT" frMUSAS="PUNCT">,</w><w frlemma="qui" frpos="PRON" frMUSAS="Z8">qui</w><w frlemma="aller" frpos="VERB" frMUSAS="M1">va</w><w frlemma="paraître" frpos="VERB" frMUSAS="A8">paraître</w><w frlemma="à" frpos="ADP" frMUSAS="Z5">à</w><w frlemma="le" frpos="DET" frMUSAS="Z5">la</w><w frlemma="Bollingen" frpos="PROPN" frMUSAS="Z99">Bollingen</w><w frlemma="foundation" frpos="NOUN" frMUSAS="Z99">Foundation</w><w frlemma="." frpos="PUNCT" frMUSAS="PUNCT">.</w></p><p><w frlemma="il" frpos="PRON" frMUSAS="Z8">Il</w><w frlemma="préparer" frpos="VERB" frMUSAS="A1.1.1">préparait</w><w frlemma="un" frpos="DET" frMUSAS="Z5">une</w><w frlemma="traduction" frpos="NOUN" frMUSAS="Q3">traduction</w><w frlemma="complet" frpos="ADJ" frMUSAS="Z99">complète</w><w frlemma="de" frpos="ADP" frMUSAS="Z5">des</w><w frlemma="texte" frpos="NOUN" frMUSAS="Q1.2">textes</w><w frlemma="funéraire" frpos="ADJ" frMUSAS="Z99">funéraires</w><w frlemma="royal" frpos="ADJ" frMUSAS="S7.1+/S2mf">royaux</w><w frlemma="de" frpos="ADP" frMUSAS="Z5">du</w><w frlemma="nouveau" frpos="ADJ" frMUSAS="T3-">Nouvel</w><w frlemma="empire" frpos="NOUN" frMUSAS="G1.1">Empire</w><w frlemma="munir" frpos="ADJ" frMUSAS="Z99">munis</w><w frlemma="de" frpos="ADP" frMUSAS="Z5">d'</w><w frlemma="introduction" frpos="NOUN" frMUSAS="T2+">introductions</w><w frlemma="et" frpos="CCONJ" frMUSAS="Z5">et</w><w frlemma="de" frpos="ADP" frMUSAS="Z5">de</w><w frlemma="commentaire" frpos="NOUN" frMUSAS="Z99">commentaires</w><w frlemma="," frpos="PUNCT" frMUSAS="PUNCT">,</w><w frlemma="quand" frpos="SCONJ" frMUSAS="Z5">quand</w><w frlemma="1l" frpos="PROPN" frMUSAS="Z99">1l</w><w frlemma="être" frpos="AUX" frMUSAS="Z99">fut</w><w frlemma="frapper" frpos="VERB" frMUSAS="Z99">frappé</w><w frlemma="en" frpos="ADP" frMUSAS="Z5">en</w><w frlemma="plein" frpos="ADJ" frMUSAS="N5.1+">plein</w><w frlemma="travail" frpos="NOUN" frMUSAS="I3.1">travail</w><w frlemma="." frpos="PUNCT" frMUSAS="PUNCT">.</w></p><p><w frlemma="si" frpos="SCONJ" frMUSAS="Z5">Si</w><w frlemma="lui" frpos="PRON" frMUSAS="Z8">elle</w><w frlemma="ne" frpos="ADV" frMUSAS="Z6">n'</w><w frlemma="être" frpos="AUX" frMUSAS="Z99">était</w><w frlemma="particulièrement" frpos="ADV" frMUSAS="A13.3">particulièrement</w><w frlemma="dur" frpos="ADJ" frMUSAS="O4.1">dure</w><w frlemma="pour" frpos="ADP" frMUSAS="Z5">pour</w><w frlemma="celui" frpos="PRON" frMUSAS="Z8">ceux</w><w frlemma="qui" frpos="PRON" frMUSAS="Z8">qui</w><w frlemma="le" frpos="DET" frMUSAS="Z5">l'</w><w frlemma="entouraient" frpos="NOUN" frMUSAS="Z99">entouraient</w><w frlemma="de" frpos="ADP" frMUSAS="Z5">de</w><w frlemma="son" frpos="DET" frMUSAS="Z5">leur</w><w frlemma="affection" frpos="NOUN" frMUSAS="Z99">affection</w><w frlemma="," frpos="PUNCT" frMUSAS="PUNCT">,</w><w frlemma="ce" frpos="DET" frMUSAS="Z5">cette</w><w frlemma="mort" frpos="NOUN" frMUSAS="Z99">mort</w><w frlemma="être" frpos="AUX" frMUSAS="M6">est</w><w frlemma="le" frpos="DET" frMUSAS="Z5">la</w><w frlemma="plus" frpos="ADV" frMUSAS="Z5">plus</w><w frlemma="bel" frpos="ADJ" frMUSAS="Z99">belle</w><w frlemma="que" frpos="SCONJ" frMUSAS="Z5">que</w><w frlemma="pouvoir" frpos="VERB" frMUSAS="Z99">puisse</w><w frlemma="souhaiter" frpos="VERB" frMUSAS="X7+">souhaiter</w><w frlemma="un" frpos="DET" frMUSAS="Z5">un</w><w frlemma="travailleur" frpos="NOUN" frMUSAS="I3.1/S2mf">travailleur</w><w frlemma=":" frpos="PUNCT" frMUSAS="PUNCT">:</w><w frlemma="sans" frpos="ADP" frMUSAS="M6">sans</w><w frlemma="diminution" frpos="NOUN" frMUSAS="Z99">diminution</w><w frlemma="," frpos="PUNCT" frMUSAS="PUNCT">,</w><w frlemma="en" frpos="ADP" frMUSAS="Z5">en</w><w frlemma="pleine" frpos="NOUN" frMUSAS="Z99">pleine</w><w frlemma="activité" frpos="NOUN" frMUSAS="A1.1.1">activité</w><w frlemma="," frpos="PUNCT" frMUSAS="PUNCT">,</w><w frlemma="en" frpos="ADP" frMUSAS="Z5">en</w><w frlemma="plein" frpos="NOUN" frMUSAS="N5.1+">pleins</w><w frlemma="projet" frpos="ADJ" frMUSAS="A1.1.1">projets</w><w frlemma="," frpos="PUNCT" frMUSAS="PUNCT">,</w><w frlemma="il" frpos="PRON" frMUSAS="Z8">il</w><w frlemma="être" frpos="AUX" frMUSAS="M6">est</w><w frlemma="partir" frpos="VERB" frMUSAS="M1">parti</w><w frlemma="vers" frpos="ADP" frMUSAS="Z5">vers</w><w frlemma="le" frpos="DET" frMUSAS="Z5">la</w><w frlemma="lumière" frpos="NOUN" frMUSAS="N3.5-">lumière</w><w frlemma="promettre" frpos="VERB" frMUSAS="S6+">promise</w><w frlemma="à" frpos="ADP" frMUSAS="Z5">aux</w><w frlemma="roi" frpos="NOUN" frMUSAS="S7.1+/S2.2m">rois</w><w frlemma="divin" frpos="NOUN" frMUSAS="Z99">divins</w><w frlemma="dont" frpos="PRON" frMUSAS="Z8">dont</w><w frlemma="il" frpos="PRON" frMUSAS="Z8">il</w><w frlemma="avoir" frpos="AUX" frMUSAS="A9+">avait</w><w frlemma="tenter" frpos="VERB" frMUSAS="Z99">tenté</w><w frlemma="de" frpos="ADP" frMUSAS="Z5">de</w><w frlemma="pénétrer" frpos="VERB" frMUSAS="M1">pénétrer</w><w frlemma="le" frpos="DET" frMUSAS="Z5">la</w><w frlemma="pensée" frpos="NOUN" frMUSAS="X2.1">pensée</w><w frlemma="profonde" frpos="NOUN" frMUSAS="Z99">profonde</w><w frlemma="." frpos="PUNCT" frMUSAS="PUNCT">.</w><w frlemma="ne" frpos="ADV" frMUSAS="Z6">N'</w><w frlemma="être" frpos="AUX" frMUSAS="Z99">était</w><w frlemma="il" frpos="PRON" frMUSAS="Z8">-il</w><w frlemma="de" frpos="ADP" frMUSAS="Z5">d'</w><w frlemma="ailleurs" frpos="ADV" frMUSAS="Z99">ailleurs</w><w frlemma="pas" frpos="ADV" frMUSAS="Z99">pas</w><w frlemma="prêt" frpos="ADJ" frMUSAS="A1.1.1">prêt</w><w frlemma="," frpos="PUNCT" frMUSAS="PUNCT">,</w><w frlemma="selon" frpos="ADP" frMUSAS="Z5">selon</w><w frlemma="le" frpos="DET" frMUSAS="Z5">le</w><w frlemma="conseil" frpos="NOUN" frMUSAS="Z99">conseil</w><w frlemma="de" frpos="ADP" frMUSAS="Z5">d'</w><w frlemma="Anii" frpos="PROPN" frMUSAS="Z99">Anii</w><w frlemma="," frpos="PUNCT" frMUSAS="PUNCT">,</w><w frlemma="à" frpos="ADP" frMUSAS="Z5">à</w><w frlemma="aller" frpos="VERB" frMUSAS="M1">aller</w><w frlemma="vers" frpos="ADP" frMUSAS="Z5">vers</w><w frlemma="son" frpos="DET" frMUSAS="Z5">sa</w><w frlemma="place" frpos="NOUN" frMUSAS="Z99">place</w><w frlemma="de" frpos="ADP" frMUSAS="Z5">de</w><w frlemma="repos" frpos="NOUN" frMUSAS="E3+">repos</w><w frlemma="avec" frpos="ADP" frMUSAS="Z5">avec</w><w frlemma="ce" frpos="DET" frMUSAS="Z5">ces</w><w frlemma="mot" frpos="NOUN" frMUSAS="Q3">mots</w><w frlemma=":" frpos="PUNCT" frMUSAS="PUNCT">:</w><w frlemma="«" frpos="NOUN" frMUSAS="Z99">«</w><w frlemma="Vois" frpos="PROPN" frMUSAS="Z99">Vois</w><w frlemma=";" frpos="PUNCT" frMUSAS="PUNCT">;</w><w frlemma="celui" frpos="PRON" frMUSAS="Z8">celui</w><w frlemma="qui" frpos="PRON" frMUSAS="Z8">qui</w><w frlemma="se" frpos="PRON" frMUSAS="Z8">s'</w><w frlemma="être" frpos="AUX" frMUSAS="M6">est</w><w frlemma="préparer" frpos="VERB" frMUSAS="A1.1.1">préparé</w><w frlemma="pour" frpos="ADP" frMUSAS="Z5">pour</w><w frlemma="toi" frpos="PRON" frMUSAS="Z8">toi</w><w frlemma="," frpos="PUNCT" frMUSAS="PUNCT">,</w><w frlemma="venir" frpos="VERB" frMUSAS="M1">vient</w><w frlemma="!" frpos="PUNCT" frMUSAS="PUNCT">!</w><w frlemma="»" frpos="PUNCT" frMUSAS="PUNCT">»</w><w frlemma="." frpos="PUNCT" frMUSAS="PUNCT">.</w></p><p><w frlemma="notre" frpos="DET" frMUSAS="Z8">Notre</w><w frlemma="amitié" frpos="NOUN" frMUSAS="S3.1">amitié</w><w frlemma="pourtant" frpos="ADV" frMUSAS="Z99">pourtant</w><w frlemma="ne" frpos="ADV" frMUSAS="Z6">ne</w><w frlemma="pouvoir" frpos="VERB" frMUSAS="Z99">peut</w><w frlemma="manquer" frpos="VERB" frMUSAS="A5.3-">manquer</w><w frlemma="de" frpos="ADP" frMUSAS="Z5">de</w><w frlemma="regretter" frpos="VERB" frMUSAS="E4.1-">regretter</w><w frlemma="le" frpos="DET" frMUSAS="Z5">l'</w><w frlemma="humaniste" frpos="NOUN" frMUSAS="Z99">humaniste</w><w frlemma="intéresser" frpos="VERB" frMUSAS="Z99">intéressé</w><w frlemma="par" frpos="ADP" frMUSAS="M6">par</w><w frlemma="tout" frpos="DET" frMUSAS="Z8">toute</w><w frlemma="forme" frpos="NOUN" frMUSAS="A4.1">forme</w><w frlemma="de" frpos="ADP" frMUSAS="Z5">de</w><w frlemma="culture" frpos="NOUN" frMUSAS="C1">culture</w><w frlemma="," frpos="PUNCT" frMUSAS="PUNCT">,</w><w frlemma="et" frpos="CCONJ" frMUSAS="Z5">et</w><w frlemma="le" frpos="DET" frMUSAS="Z5">l'</w><w frlemma="esprit" frpos="NOUN" frMUSAS="Z99">esprit</w><w frlemma="religieux" frpos="NOUN" frMUSAS="S9">religieux</w><w frlemma="pour" frpos="ADP" frMUSAS="Z5">pour</w><w frlemma="qui" frpos="PRON" frMUSAS="Z8">qui</w><w frlemma="le" frpos="DET" frMUSAS="Z5">le</w><w frlemma="cosmos" frpos="NOUN" frMUSAS="Z99">cosmos</w><w frlemma="tout" frpos="ADV" frMUSAS="Z8">tout</w><w frlemma="entier" frpos="ADJ" frMUSAS="Z99">entier</w><w frlemma="baigner" frpos="VERB" frMUSAS="Z99">baignait</w><w frlemma="dans" frpos="ADP" frMUSAS="Z5">dans</w><w frlemma="le" frpos="DET" frMUSAS="Z5">le</w><w frlemma="divin" frpos="NOUN" frMUSAS="Z99">divin</w><w frlemma="." frpos="PUNCT" frMUSAS="PUNCT">.</w></p><p><w frlemma="François" frpos="PROPN" frMUSAS="Z99">François</w><w frlemma="Daumas" frpos="PROPN" frMUSAS="Z99">Daumas</w><note place="bottom"></note></p></text></TEI>