<?xml version='1.0' encoding='UTF-8'?>
<TEI xmlns="http://www.tei-c.org/ns/1.0"><teiHeader><fileDesc><titleStmt><title>[Nécrologie] Jean Vercoutter [20 janvier 1911-16 juillet 2000].</title></titleStmt><publicationStmt>Corpus produit par l'étudiant MA1 Ph. Hennebert (philippe.hennebert@student.uliege.be) du cours de l'Université de Liège Corpus INFO0943: 'Corpus textuels: principes de constitution et d'analyse'</publicationStmt><sourceDesc><p>https://www.ifao.egnet.net/bifao/100/1/ (BIFAO en ligne) processed using python scripts in https://github.com/PhilHen/BIFAOCorpusTools (typographical zones detected using OpenCV, OCR with Tesseract)</p></sourceDesc></fileDesc><encodingDesc><classDecl><taxonomy id="frpos"><bibl><title>pos tagset build from https://spacy.io/</title></bibl></taxonomy><taxonomy id="frlemma"><bibl><title>fr lemma of the model https://spacy.io/</title></bibl></taxonomy><taxonomy id="frMUSAS"><bibl><title>semantic tagging https://ucrel.github.io/pymusas/usage/how_to/tag_text#french</title></bibl></taxonomy></classDecl><editorialDecl><correction>Les erreurs d'orthographe confirmées par examen du PDF source n'ont pas été corrigées. Une vérification et correction manuelle du texte a été réalisée par Ph. Hennebert (philippe.hennebert@student.uliege.be) le 29/12/2023</correction><hyphenation>Les mots coupés en fin de ligne ont été réassemblés automatiquement, pour autant que la forme combinée sans trait d'union soit attestée dans le dictionnaire français https://unitexgramlab.org/fr/language-resources</hyphenation></editorialDecl></encodingDesc></teiHeader><text id="BIFAO100_art_01.pdf" auteur="Jean-Pierre Corteggiani" annee="2000" titre="[Nécrologie] Jean Vercoutter [20 janvier 1911-16 juillet 2000]." textId="00A01" nomDefunt="Vercoutter" metierDefunt="archéologue" categ="Nécrologie"><p><pb n="9"/><w frlemma="Jean" frpos="PROPN" frMUSAS="Z99">Jean</w><w frlemma="VERCOUTTER" frpos="PROPN" frMUSAS="Z99">VERCOUTTER</w></p><p><w frlemma="avecc" frpos="CCONJ" frMUSAS="Z99">AvecC</w><w frlemma="le" frpos="DET" frMUSAS="Z5">le</w><w frlemma="décès" frpos="NOUN" frMUSAS="L1-">décès</w><w frlemma="de" frpos="ADP" frMUSAS="Z5">de</w><w frlemma="Jean" frpos="PROPN" frMUSAS="Z99">Jean</w><w frlemma="vercoutter" frpos="VERB" frMUSAS="Z99">Vercoutter</w><w frlemma="qui" frpos="PRON" frMUSAS="Z8">qui</w><w frlemma="," frpos="PUNCT" frMUSAS="PUNCT">,</w><w frlemma="après" frpos="ADP" frMUSAS="Z5">après</w><w frlemma="quelque" frpos="DET" frMUSAS="A13.5">quelques</w><w frlemma="mois" frpos="NOUN" frMUSAS="T1.3">mois</w><w frlemma="de" frpos="ADP" frMUSAS="Z5">d'</w><w frlemma="hospitalisation" frpos="NOUN" frMUSAS="Z99">hospitalisation</w><w frlemma="," frpos="PUNCT" frMUSAS="PUNCT">,</w><w frlemma="se" frpos="PRON" frMUSAS="Z8">s'</w><w frlemma="être" frpos="AUX" frMUSAS="M6">est</w><w frlemma="éteindre" frpos="VERB" frMUSAS="Z99">éteint</w><w frlemma="à" frpos="ADP" frMUSAS="Z5">à</w><w frlemma="Paris" frpos="PROPN" frMUSAS="Z99">Paris</w><w frlemma="le" frpos="DET" frMUSAS="Z5">le</w><w frlemma="dimanche" frpos="NOUN" frMUSAS="T1.3">dimanche</w><w frlemma="16" frpos="NUM" frMUSAS="N1">16</w><w frlemma="juillet" frpos="NOUN" frMUSAS="T1.3">juillet</w><w frlemma="," frpos="PUNCT" frMUSAS="PUNCT">,</w><w frlemma="dans" frpos="ADP" frMUSAS="Z5">dans</w><w frlemma="son" frpos="DET" frMUSAS="Z5">sa</w><w frlemma="quatre-vingt-neuvièm" frpos="ADJ" frMUSAS="Z99">quatre-vingt-neuvième</w><w frlemma="année" frpos="NOUN" frMUSAS="T1.3">année</w><w frlemma="," frpos="PUNCT" frMUSAS="PUNCT">,</w><w frlemma="ce" frpos="PRON" frMUSAS="Z8">c'</w><w frlemma="être" frpos="AUX" frMUSAS="M6">est</w><w frlemma="le" frpos="DET" frMUSAS="Z5">l'</w><w frlemma="un" frpos="PRON" frMUSAS="Z5">une</w><w frlemma="de" frpos="ADP" frMUSAS="Z5">des</w><w frlemma="grand" frpos="ADJ" frMUSAS="Z99">grandes</w><w frlemma="figure" frpos="NOUN" frMUSAS="Z99">figures</w><w frlemma="de" frpos="ADP" frMUSAS="Z5">de</w><w frlemma="le" frpos="DET" frMUSAS="Z5">l'</w><w frlemma="égyptologie" frpos="NOUN" frMUSAS="Z99">égyptologie</w><w frlemma="français" frpos="ADJ" frMUSAS="Z2">française</w><w frlemma="et" frpos="CCONJ" frMUSAS="Z5">et</w><w frlemma="le" frpos="DET" frMUSAS="Z5">l'</w><w frlemma="un" frpos="PRON" frMUSAS="Z5">un</w><w frlemma="de" frpos="ADP" frMUSAS="Z5">des</w><w frlemma="meilleur" frpos="NOUN" frMUSAS="Z99">meilleurs</w><w frlemma="connaisseur" frpos="ADJ" frMUSAS="Z99">connaisseurs</w><w frlemma="de" frpos="ADP" frMUSAS="Z5">du</w><w frlemma="Soudan" frpos="PROPN" frMUSAS="Z99">Soudan</w><w frlemma="ancien" frpos="ADJ" frMUSAS="Z99">ancien</w><w frlemma="qui" frpos="PRON" frMUSAS="Z8">qui</w><w frlemma="venir" frpos="VERB" frMUSAS="M1">vient</w><w frlemma="de" frpos="ADP" frMUSAS="Z5">de</w><w frlemma="disparaître" frpos="NOUN" frMUSAS="Z99">disparaître</w><w frlemma="." frpos="PUNCT" frMUSAS="PUNCT">.</w><w frlemma="naître" frpos="VERB" frMUSAS="Z99">Né</w><w frlemma="le" frpos="DET" frMUSAS="Z5">le</w><w frlemma="20" frpos="NUM" frMUSAS="N1">20</w><w frlemma="janvier" frpos="NOUN" frMUSAS="T1.3">janvier</w><w frlemma="1911" frpos="NUM" frMUSAS="N1">1911</w><w frlemma="à" frpos="ADP" frMUSAS="Z5">à</w><w frlemma="Lambersart" frpos="PROPN" frMUSAS="Z99">Lambersart</w><w frlemma="," frpos="PUNCT" frMUSAS="PUNCT">,</w><w frlemma="près" frpos="ADV" frMUSAS="Z99">près</w><w frlemma="de" frpos="ADP" frMUSAS="Z5">de</w><w frlemma="Lille" frpos="PROPN" frMUSAS="Z99">Lille</w><w frlemma="," frpos="PUNCT" frMUSAS="PUNCT">,</w><w frlemma="dans" frpos="ADP" frMUSAS="Z5">dans</w><w frlemma="un" frpos="DET" frMUSAS="Z5">une</w><w frlemma="famille" frpos="NOUN" frMUSAS="S4c">famille</w><w frlemma="qui" frpos="PRON" frMUSAS="Z8">qui</w><w frlemma="se" frpos="PRON" frMUSAS="Z8">se</w><w frlemma="réfugier" frpos="VERB" frMUSAS="Z99">réfugiera</w><w frlemma="à" frpos="ADP" frMUSAS="Z5">à</w><w frlemma="Paris" frpos="PROPN" frMUSAS="Z99">Paris</w><w frlemma="au" frpos="ADP" frMUSAS="Z5">au</w><w frlemma="début" frpos="NOUN" frMUSAS="T2+">début</w><w frlemma="de" frpos="ADP" frMUSAS="Z5">de</w><w frlemma="le" frpos="DET" frMUSAS="Z5">la</w><w frlemma="premier" frpos="ADJ" frMUSAS="N4">première</w><w frlemma="guerre" frpos="NOUN" frMUSAS="G3">guerre</w><w frlemma="mondial" frpos="ADJ" frMUSAS="Z99">mondiale</w><w frlemma="," frpos="PUNCT" frMUSAS="PUNCT">,</w><w frlemma="il" frpos="PRON" frMUSAS="Z8">il</w><w frlemma="faire" frpos="VERB" frMUSAS="Z99">fait</w><w frlemma="son" frpos="DET" frMUSAS="Z5">ses</w><w frlemma="étude" frpos="NOUN" frMUSAS="P1">études</w><w frlemma="au" frpos="ADP" frMUSAS="Z5">au</w><w frlemma="collège" frpos="NOUN" frMUSAS="Z99">collège</w><w frlemma="sainte-croix" frpos="ADJ" frMUSAS="Z99">Sainte-Croix</w><w frlemma="de" frpos="ADP" frMUSAS="Z5">de</w><w frlemma="Neuilly" frpos="PROPN" frMUSAS="Z99">Neuilly</w><w frlemma="," frpos="PUNCT" frMUSAS="PUNCT">,</w><w frlemma="pouvoir" frpos="CCONJ" frMUSAS="Z99">puis</w><w frlemma="en" frpos="ADP" frMUSAS="Z5">en</w><w frlemma="sorbonne" frpos="NOUN" frMUSAS="Z99">Sorbonne</w><w frlemma="et" frpos="CCONJ" frMUSAS="Z5">et</w><w frlemma="à" frpos="ADP" frMUSAS="Z5">à</w><w frlemma="le" frpos="DET" frMUSAS="Z5">la</w><w frlemma="iv" frpos="ADJ" frMUSAS="Z99">IVe</w><w frlemma="section" frpos="NOUN" frMUSAS="A1.1.1">section</w><w frlemma="de" frpos="ADP" frMUSAS="Z5">de</w><w frlemma="le" frpos="DET" frMUSAS="Z5">l'</w><w frlemma="école" frpos="NOUN" frMUSAS="P1">École</w><w frlemma="pratique" frpos="ADJ" frMUSAS="Z99">pratique</w><w frlemma="de" frpos="ADP" frMUSAS="Z5">des</w><w frlemma="haute" frpos="NOUN" frMUSAS="Z99">hautes</w><w frlemma="étude" frpos="ADJ" frMUSAS="P1">études</w><w frlemma="." frpos="PUNCT" frMUSAS="PUNCT">.</w><w frlemma="en" frpos="ADP" frMUSAS="Z5">En</w><w frlemma="1937" frpos="NUM" frMUSAS="N1">1937</w><w frlemma="," frpos="PUNCT" frMUSAS="PUNCT">,</w><w frlemma="un" frpos="DET" frMUSAS="Z5">une</w><w frlemma="mission" frpos="NOUN" frMUSAS="X7+">mission</w><w frlemma="en" frpos="ADP" frMUSAS="Z5">en</w><w frlemma="tunisie" frpos="NOUN" frMUSAS="Z99">Tunisie</w><w frlemma="," frpos="PUNCT" frMUSAS="PUNCT">,</w><w frlemma="accorder" frpos="VERB" frMUSAS="A9-">accordée</w><w frlemma="par" frpos="ADP" frMUSAS="M6">par</w><w frlemma="le" frpos="DET" frMUSAS="Z5">le</w><w frlemma="fonds" frpos="NOUN" frMUSAS="I1.1">Fonds</w><w frlemma="national" frpos="ADJ" frMUSAS="M7/N5.1+">national</w><w frlemma="de" frpos="ADP" frMUSAS="Z5">de</w><w frlemma="le" frpos="DET" frMUSAS="Z5">la</w><w frlemma="recherche" frpos="NOUN" frMUSAS="Z99">recherche</w><w frlemma="scientifique" frpos="ADJ" frMUSAS="Y1">scientifique</w><w frlemma="," frpos="PUNCT" frMUSAS="PUNCT">,</w><w frlemma="luire" frpos="PRON" frMUSAS="Z8">lui</w><w frlemma="permettre" frpos="VERB" frMUSAS="S7.4+">permet</w><w frlemma="de" frpos="ADP" frMUSAS="Z5">d'</w><w frlemma="étudier" frpos="VERB" frMUSAS="P1">étudier</w><w frlemma="le" frpos="DET" frMUSAS="Z5">Les</w><w frlemma="objet" frpos="NOUN" frMUSAS="Z99">objets</w><w frlemma="égyptien" frpos="ADJ" frMUSAS="Z2/S2mf">égyptiens</w><w frlemma="et" frpos="CCONJ" frMUSAS="Z5">et</w><w frlemma="égyptisant" frpos="ADJ" frMUSAS="Z99">égyptisants</w><w frlemma="de" frpos="ADP" frMUSAS="Z5">du</w><w frlemma="mobilier" frpos="NOUN" frMUSAS="Z99">mobilier</w><w frlemma="funéraire" frpos="ADJ" frMUSAS="Z99">funéraire</w><w frlemma="carthaginois" frpos="NOUN" frMUSAS="Z99">carthaginois</w><w frlemma="(" frpos="PUNCT" frMUSAS="PUNCT">(</w><w frlemma="Geuthner" frpos="PROPN" frMUSAS="Z99">Geuthner</w><w frlemma="," frpos="PUNCT" frMUSAS="PUNCT">,</w><w frlemma="1945" frpos="NUM" frMUSAS="N1">1945</w><w frlemma="):" frpos="VERB" frMUSAS="Z99">):</w><w frlemma="ce" frpos="DET" frMUSAS="Z5">ce</w><w frlemma="diplôme" frpos="NOUN" frMUSAS="Z99">diplôme</w><w frlemma="de" frpos="ADP" frMUSAS="Z5">de</w><w frlemma="le" frpos="DET" frMUSAS="Z5">l'</w><w frlemma="ephe" frpos="NOUN" frMUSAS="Z99">Ephe</w><w frlemma="," frpos="PUNCT" frMUSAS="PUNCT">,</w><w frlemma="obtenir" frpos="VERB" frMUSAS="Z99">obtenu</w><w frlemma="en" frpos="ADP" frMUSAS="Z5">en</w><w frlemma="1939" frpos="NUM" frMUSAS="N1">1939</w><w frlemma="," frpos="PUNCT" frMUSAS="PUNCT">,</w><w frlemma="luire" frpos="PRON" frMUSAS="Z8">lui</w><w frlemma="permettre" frpos="VERB" frMUSAS="S7.4+">permet</w><w frlemma="le" frpos="DET" frMUSAS="Z5">la</w><w frlemma="même" frpos="ADJ" frMUSAS="Z99">même</w><w frlemma="année" frpos="NOUN" frMUSAS="T1.3">année</w><w frlemma="de" frpos="ADP" frMUSAS="Z5">d'</w><w frlemma="être" frpos="AUX" frMUSAS="Z99">être</w><w frlemma="nommer" frpos="VERB" frMUSAS="Z99">nommé</w><w frlemma="pensionnaire" frpos="VERB" frMUSAS="Z99">pensionnaire</w><w frlemma="à" frpos="ADP" frMUSAS="Z5">à</w><w frlemma="le" frpos="DET" frMUSAS="Z5">l'</w><w frlemma="Institut" frpos="PROPN" frMUSAS="P1/S5+c">Institut</w><w frlemma="français" frpos="ADJ" frMUSAS="Z2">français</w><w frlemma="de" frpos="ADP" frMUSAS="Z5">d'</w><w frlemma="archéologie" frpos="NOUN" frMUSAS="Z99">archéologie</w><w frlemma="oriental" frpos="ADJ" frMUSAS="Z99">orientale</w><w frlemma="(" frpos="PUNCT" frMUSAS="PUNCT">(</w><w frlemma="Ifao" frpos="PROPN" frMUSAS="Z99">Ifao</w><w frlemma=")" frpos="PUNCT" frMUSAS="PUNCT">)</w><w frlemma="mais" frpos="CCONJ" frMUSAS="Z5">mais</w><w frlemma="," frpos="PUNCT" frMUSAS="PUNCT">,</w><w frlemma="le" frpos="DET" frMUSAS="Z5">la</w><w frlemma="guerre" frpos="NOUN" frMUSAS="G3">guerre</w><w frlemma="venir" frpos="VERB" frMUSAS="M1">venant</w><w frlemma="de" frpos="ADP" frMUSAS="Z5">d'</w><w frlemma="éclater" frpos="VERB" frMUSAS="Z99">éclater</w><w frlemma="," frpos="PUNCT" frMUSAS="PUNCT">,</w><w frlemma="il" frpos="PRON" frMUSAS="Z8">il</w><w frlemma="ne" frpos="ADV" frMUSAS="Z6">ne</w><w frlemma="pouvoir" frpos="VERB" frMUSAS="Z99">pourra</w><w frlemma="pas" frpos="ADV" frMUSAS="Z99">pas</w><w frlemma="rejoindre" frpos="VERB" frMUSAS="Z99">rejoindre</w><w frlemma="son" frpos="DET" frMUSAS="Z5">son</w><w frlemma="poste" frpos="NOUN" frMUSAS="Z99">poste</w><w frlemma="avant" frpos="ADP" frMUSAS="Z5">avant</w><w frlemma="1945" frpos="NUM" frMUSAS="N1">1945</w><w frlemma="." frpos="PUNCT" frMUSAS="PUNCT">.</w><w frlemma="mobiliser" frpos="VERB" frMUSAS="Z99">Mobilisé</w><w frlemma="en" frpos="ADP" frMUSAS="Z5">en</w><w frlemma="Alsace" frpos="PROPN" frMUSAS="Z99">Alsace</w><w frlemma="," frpos="PUNCT" frMUSAS="PUNCT">,</w><w frlemma="il" frpos="PRON" frMUSAS="Z8">il</w><w frlemma="être" frpos="AUX" frMUSAS="M6">est</w><w frlemma="faire" frpos="AUX" frMUSAS="Z99">fait</w><w frlemma="prisonnier" frpos="VERB" frMUSAS="Z99">prisonnier</w><w frlemma="en" frpos="ADP" frMUSAS="Z5">en</w><w frlemma="1940" frpos="NUM" frMUSAS="N1">1940</w><w frlemma="." frpos="PUNCT" frMUSAS="PUNCT">.</w><w frlemma="rapatrié" frpos="NOUN" frMUSAS="Z99">Rapatrié</w><w frlemma="le" frpos="DET" frMUSAS="Z5">l'</w><w frlemma="année" frpos="NOUN" frMUSAS="T1.3">année</w><w frlemma="suivant" frpos="ADJ" frMUSAS="N4">suivante</w><w frlemma="," frpos="PUNCT" frMUSAS="PUNCT">,</w><w frlemma="il" frpos="PRON" frMUSAS="Z8">il</w><w frlemma="être" frpos="AUX" frMUSAS="Z99">sera</w><w frlemma="charger" frpos="VERB" frMUSAS="Z99">chargé</w><w frlemma="de" frpos="ADP" frMUSAS="Z5">de</w><w frlemma="mission" frpos="NOUN" frMUSAS="X7+">mission</w><w frlemma="au" frpos="ADP" frMUSAS="Z5">au</w><w frlemma="musée" frpos="NOUN" frMUSAS="T1.1.1/H1c">musée</w><w frlemma="de" frpos="ADP" frMUSAS="Z5">du</w><w frlemma="Louvre" frpos="PROPN" frMUSAS="Z99">Louvre</w><w frlemma="jusque" frpos="ADP" frMUSAS="Z5">jusqu'</w><w frlemma="à" frpos="ADP" frMUSAS="Z5">à</w><w frlemma="ce" frpos="PRON" frMUSAS="Z8">ce</w><w frlemma="que" frpos="SCONJ" frMUSAS="Z5">qu'</w><w frlemma="il" frpos="PRON" frMUSAS="Z8">il</w><w frlemma="pouvoir" frpos="VERB" frMUSAS="Z99">puisse</w><w frlemma="enfin" frpos="ADV" frMUSAS="Z99">enfin</w><w frlemma="partir" frpos="VERB" frMUSAS="M1">partir</w><w frlemma="en" frpos="ADP" frMUSAS="Z5">en</w><w frlemma="Égypte" frpos="PROPN" frMUSAS="Z99">Égypte</w><w frlemma=":" frpos="PUNCT" frMUSAS="PUNCT">:</w><w frlemma="il" frpos="PRON" frMUSAS="Z8">il</w><w frlemma="y" frpos="PRON" frMUSAS="M6">y</w><w frlemma="reste" frpos="VERB" frMUSAS="E3+">reste</w><w frlemma="jusque" frpos="ADP" frMUSAS="Z5">jusqu'</w><w frlemma="en" frpos="ADP" frMUSAS="Z5">en</w><w frlemma="1949" frpos="NUM" frMUSAS="N1">1949</w><w frlemma="," frpos="PUNCT" frMUSAS="PUNCT">,</w><w frlemma="participer" frpos="VERB" frMUSAS="S1.1.3+">participant</w><w frlemma="à" frpos="ADP" frMUSAS="Z5">aux</w><w frlemma="fouille" frpos="NOUN" frMUSAS="Z99">fouilles</w><w frlemma="de" frpos="ADP" frMUSAS="Z5">de</w><w frlemma="karnak" frpos="NOUN" frMUSAS="Z99">Karnak</w><w frlemma="ou" frpos="CCONJ" frMUSAS="Z5">ou</w><w frlemma="dirigeant" frpos="NOUN" frMUSAS="S7.1+/S2mf">dirigeant</w><w frlemma="celle" frpos="ADJ" frMUSAS="Z8">celles</w><w frlemma="de" frpos="ADP" frMUSAS="Z5">de</w><w frlemma="tôd" frpos="NOUN" frMUSAS="Z99">Tôd</w><w frlemma="tout" frpos="ADV" frMUSAS="Z8">tout</w><w frlemma="en" frpos="ADP" frMUSAS="Z5">en</w><w frlemma="réunir" frpos="VERB" frMUSAS="Z99">réunissant</w><w frlemma="le" frpos="DET" frMUSAS="Z5">le</w><w frlemma="matériel" frpos="NOUN" frMUSAS="Z99">matériel</w><w frlemma="de" frpos="ADP" frMUSAS="Z5">de</w><w frlemma="son" frpos="DET" frMUSAS="Z5">sa</w><w frlemma="thèse" frpos="NOUN" frMUSAS="Z99">thèse</w><w frlemma="de" frpos="ADP" frMUSAS="Z5">d'</w><w frlemma="état" frpos="NOUN" frMUSAS="G1.1c">État</w><w frlemma="intituler" frpos="VERB" frMUSAS="Z99">intitulée</w><w frlemma="le" frpos="DET" frMUSAS="Z5">L'</w><w frlemma="égypte" frpos="NOUN" frMUSAS="Z99">Égypte</w><w frlemma="et" frpos="CCONJ" frMUSAS="Z5">et</w><w frlemma="le" frpos="DET" frMUSAS="Z5">le</w><w frlemma="Monde" frpos="PROPN" frMUSAS="Z99">Monde</w><w frlemma="égéen" frpos="ADJ" frMUSAS="Z99">égéen</w><w frlemma="préhellénique" frpos="ADJ" frMUSAS="Z99">préhellénique</w><w frlemma="." frpos="PUNCT" frMUSAS="PUNCT">.</w><w frlemma="étude" frpos="NOUN" frMUSAS="P1">Étude</w><w frlemma="critique" frpos="ADJ" frMUSAS="Z99">critique</w><w frlemma="de" frpos="ADP" frMUSAS="Z5">des</w><w frlemma="source" frpos="NOUN" frMUSAS="Z99">sources</w><w frlemma="égyptien" frpos="ADJ" frMUSAS="Z2/S2mf">égyptiennes</w><w frlemma="(" frpos="PUNCT" frMUSAS="PUNCT">(</w><w frlemma="Ifao" frpos="PROPN" frMUSAS="Z99">Ifao</w><w frlemma="," frpos="PUNCT" frMUSAS="PUNCT">,</w><w frlemma="1956" frpos="NUM" frMUSAS="N1">1956</w><w frlemma=")" frpos="PUNCT" frMUSAS="PUNCT">)</w><w frlemma="," frpos="PUNCT" frMUSAS="PUNCT">,</w><w frlemma="soutenir" frpos="VERB" frMUSAS="Z99">soutenue</w><w frlemma="à" frpos="ADP" frMUSAS="Z5">à</w><w frlemma="Paris" frpos="PROPN" frMUSAS="Z99">Paris</w><w frlemma="en" frpos="ADP" frMUSAS="Z5">en</w><w frlemma="1953" frpos="NUM" frMUSAS="N1">1953</w><w frlemma="." frpos="PUNCT" frMUSAS="PUNCT">.</w><w frlemma="charger" frpos="VERB" frMUSAS="Z99">Chargé</w><w frlemma="," frpos="PUNCT" frMUSAS="PUNCT">,</w><w frlemma="pouvoir" frpos="CCONJ" frMUSAS="Z99">puis</w><w frlemma="maître" frpos="NOUN" frMUSAS="S7.1+/S2.2m">maître</w><w frlemma="de" frpos="ADP" frMUSAS="Z5">de</w><w frlemma="recherche" frpos="NOUN" frMUSAS="Z99">recherches</w><w frlemma="au" frpos="ADP" frMUSAS="Z5">au</w><w frlemma="Cnrs" frpos="PROPN" frMUSAS="Z99">Cnrs</w><w frlemma="," frpos="PUNCT" frMUSAS="PUNCT">,</w><w frlemma="le" frpos="DET" frMUSAS="Z5">la</w><w frlemma="direction" frpos="NOUN" frMUSAS="Z99">direction</w><w frlemma="de" frpos="ADP" frMUSAS="Z5">des</w><w frlemma="relation" frpos="NOUN" frMUSAS="S3.1">relations</w><w frlemma="culturel" frpos="ADJ" frMUSAS="C1">culturelles</w><w frlemma="de" frpos="ADP" frMUSAS="Z5">du</w><w frlemma="ministère" frpos="NOUN" frMUSAS="G1.1c">ministère</w><w frlemma="de" frpos="ADP" frMUSAS="Z5">des</w><w frlemma="affaire" frpos="NOUN" frMUSAS="Z99">Affaires</w><w frlemma="étranger" frpos="ADJ" frMUSAS="Z99">étrangères</w><w frlemma="luire" frpos="PRON" frMUSAS="Z8">lui</w><w frlemma="confier" frpos="VERB" frMUSAS="A9-">confie</w><w frlemma="divers" frpos="ADJ" frMUSAS="Z99">divers</w><w frlemma="chantier" frpos="NOUN" frMUSAS="Z99">chantiers</w><w frlemma="de" frpos="ADP" frMUSAS="Z5">de</w><w frlemma="fouille" frpos="NOUN" frMUSAS="Z99">fouilles</w><w frlemma="en" frpos="ADP" frMUSAS="Z5">en</w><w frlemma="Égypte" frpos="PROPN" frMUSAS="Z99">Égypte</w><w frlemma="(" frpos="PUNCT" frMUSAS="PUNCT">(</w><w frlemma="Dara" frpos="PROPN" frMUSAS="Z99">Dara</w><w frlemma=")" frpos="PUNCT" frMUSAS="PUNCT">)</w><w frlemma="et" frpos="CCONJ" frMUSAS="Z5">et</w><w frlemma="surtout" frpos="ADV" frMUSAS="Z99">surtout</w><w frlemma="au" frpos="ADP" frMUSAS="Z5">au</w><w frlemma="Soudan" frpos="PROPN" frMUSAS="Z99">Soudan</w><w frlemma="(" frpos="PUNCT" frMUSAS="PUNCT">(</w><w frlemma="kor" frpos="NOUN" frMUSAS="Z99">Kor</w><w frlemma="et" frpos="CCONJ" frMUSAS="Z5">et</w><w frlemma="Saï" frpos="PROPN" frMUSAS="Z99">Saï</w><w frlemma=")" frpos="PUNCT" frMUSAS="PUNCT">)</w><w frlemma="," frpos="PUNCT" frMUSAS="PUNCT">,</w><w frlemma="ce" frpos="PRON" frMUSAS="Z8">ce</w><w frlemma="qui" frpos="PRON" frMUSAS="Z8">qui</w><w frlemma="," frpos="PUNCT" frMUSAS="PUNCT">,</w><w frlemma="en" frpos="ADP" frMUSAS="Z5">en</w><w frlemma="1955" frpos="NUM" frMUSAS="N1">1955</w><w frlemma="," frpos="PUNCT" frMUSAS="PUNCT">,</w><w frlemma="amener" frpos="VERB" frMUSAS="M2">amènera</w><w frlemma="le" frpos="DET" frMUSAS="Z5">les</w><w frlemma="autorité" frpos="NOUN" frMUSAS="G1.1c">autorités</w><w frlemma="soudanais" frpos="ADJ" frMUSAS="Z99">soudanaises</w><w frlemma="à" frpos="ADP" frMUSAS="Z5">à</w><w frlemma="luire" frpos="PRON" frMUSAS="Z8">lui</w><w frlemma="offrir" frpos="VERB" frMUSAS="A9-">offrir</w><w frlemma="le" frpos="DET" frMUSAS="Z5">la</w><w frlemma="direction" frpos="NOUN" frMUSAS="Z99">direction</w><w frlemma="de" frpos="ADP" frMUSAS="Z5">des</w><w frlemma="antiquité" frpos="NOUN" frMUSAS="Z99">antiquités</w><w frlemma="de" frpos="ADP" frMUSAS="Z5">de</w><w frlemma="son" frpos="DET" frMUSAS="Z5">leur</w><w frlemma="pays" frpos="NOUN" frMUSAS="G1.1c">pays</w><w frlemma="." frpos="PUNCT" frMUSAS="PUNCT">.</w><w frlemma="il" frpos="PRON" frMUSAS="Z8">Il</w><w frlemma="être" frpos="AUX" frMUSAS="Z99">sera</w><w frlemma="le" frpos="DET" frMUSAS="Z5">le</w><w frlemma="seul" frpos="ADJ" frMUSAS="Z99">seul</w><w frlemma="français" frpos="ADJ" frMUSAS="Z2">français</w><w frlemma="à" frpos="ADP" frMUSAS="Z5">à</w><w frlemma="occuper" frpos="VERB" frMUSAS="H4">occuper</w><w frlemma="ce" frpos="DET" frMUSAS="Z5">ce</w><w frlemma="poste" frpos="NOUN" frMUSAS="Z99">poste</w><w frlemma="de" frpos="ADP" frMUSAS="Z5">de</w><w frlemma="directeur" frpos="NOUN" frMUSAS="S7.1+/S2mf">directeur</w><w frlemma="général" frpos="ADJ" frMUSAS="G3/S7.1+/S2mf">général</w><w frlemma="," frpos="PUNCT" frMUSAS="PUNCT">,</w><w frlemma="prendre" frpos="VERB" frMUSAS="A9+">prenant</w><w frlemma="un" frpos="DET" frMUSAS="Z5">une</w><w frlemma="part" frpos="NOUN" frMUSAS="S1.1.2+">part</w><w frlemma="actif" frpos="ADJ" frMUSAS="A1.1.1">active</w><w frlemma="à" frpos="ADP" frMUSAS="Z5">à</w><w frlemma="le" frpos="DET" frMUSAS="Z5">l'</w><w frlemma="organisation" frpos="NOUN" frMUSAS="S5+c">organisation</w><w frlemma="de" frpos="ADP" frMUSAS="Z5">du</w><w frlemma="Musée" frpos="PROPN" frMUSAS="T1.1.1/H1c">Musée</w><w frlemma="national" frpos="ADJ" frMUSAS="M7/N5.1+">national</w><w frlemma="de" frpos="ADP" frMUSAS="Z5">de</w><w frlemma="Khartoum" frpos="PROPN" frMUSAS="Z99">Khartoum</w><w frlemma="et" frpos="CCONJ" frMUSAS="Z5">et</w><w frlemma="à" frpos="ADP" frMUSAS="Z5">à</w><w frlemma="le" frpos="DET" frMUSAS="Z5">la</w><w frlemma="campagne" frpos="NOUN" frMUSAS="W3">campagne</w><w frlemma="de" frpos="ADP" frMUSAS="Z5">de</w><w frlemma="sauvegarde" frpos="NOUN" frMUSAS="Z99">sauvegarde</w><w frlemma="de" frpos="ADP" frMUSAS="Z5">des</w><w frlemma="monument" frpos="NOUN" frMUSAS="O2">monuments</w><w frlemma="de" frpos="ADP" frMUSAS="Z5">de</w><w frlemma="le" frpos="DET" frMUSAS="Z5">la</w><w frlemma="Nubie" frpos="PROPN" frMUSAS="Z99">Nubie</w><w frlemma="soudanais" frpos="ADJ" frMUSAS="Z99">soudanaise</w><w frlemma="condamner" frpos="VERB" frMUSAS="Q2.2/E2-">condamnés</w><w frlemma="à" frpos="ADP" frMUSAS="Z5">à</w><w frlemma="disparaître" frpos="NOUN" frMUSAS="Z99">disparaître</w><w frlemma="sou" frpos="ADP" frMUSAS="A13.6">sous</w><w frlemma="le" frpos="DET" frMUSAS="Z5">les</w><w frlemma="eau" frpos="NOUN" frMUSAS="F4">eaux</w><w frlemma="de" frpos="ADP" frMUSAS="Z5">du</w><w frlemma="Nil" frpos="PROPN" frMUSAS="Z99">Nil</w><w frlemma="par" frpos="ADP" frMUSAS="M6">par</w><w frlemma="le" frpos="DET" frMUSAS="Z5">la</w><w frlemma="construction" frpos="NOUN" frMUSAS="Z99">construction</w><w frlemma="de" frpos="ADP" frMUSAS="Z5">du</w><w frlemma="haut" frpos="ADJ" frMUSAS="Z99">haut</w><w frlemma="barrage" frpos="NOUN" frMUSAS="Z99">barrage</w><w frlemma="de" frpos="ADP" frMUSAS="Z5">d'</w><w frlemma="Assouan" frpos="PROPN" frMUSAS="Z99">Assouan</w><w frlemma="." frpos="PUNCT" frMUSAS="PUNCT">.</w><w frlemma="à" frpos="ADP" frMUSAS="Z5">À</w><w frlemma="son" frpos="DET" frMUSAS="Z5">son</w><w frlemma="retour" frpos="NOUN" frMUSAS="M1">retour</w><w frlemma="en" frpos="ADP" frMUSAS="Z5">en</w><w frlemma="France" frpos="PROPN" frMUSAS="Z99">France</w><w frlemma="en" frpos="ADP" frMUSAS="Z5">en</w><w frlemma="1960" frpos="NUM" frMUSAS="N1">1960</w><w frlemma="," frpos="PUNCT" frMUSAS="PUNCT">,</w><w frlemma="il" frpos="PRON" frMUSAS="Z8">il</w><w frlemma="être" frpos="AUX" frMUSAS="M6">est</w><w frlemma="nommer" frpos="VERB" frMUSAS="Z99">nommé</w><w frlemma="maître" frpos="NOUN" frMUSAS="S7.1+/S2.2m">maître</w><w frlemma="de" frpos="ADP" frMUSAS="Z5">de</w><w frlemma="conférence" frpos="NOUN" frMUSAS="S1.1.3+">conférences</w><w frlemma="pouvoir" frpos="CCONJ" frMUSAS="Z99">puis</w><w frlemma="professeur" frpos="NOUN" frMUSAS="Z99">professeur</w><w frlemma="à" frpos="ADP" frMUSAS="Z5">à</w><w frlemma="le" frpos="DET" frMUSAS="Z5">la</w><w frlemma="faculté" frpos="NOUN" frMUSAS="Z99">faculté</w><w frlemma="de" frpos="ADP" frMUSAS="Z5">des</w><w frlemma="lettre" frpos="NOUN" frMUSAS="Q1.2">lettres</w><w frlemma="de" frpos="ADP" frMUSAS="Z5">de</w><w frlemma="Lille" frpos="PROPN" frMUSAS="Z99">Lille</w><w frlemma="iii" frpos="ADJ" frMUSAS="Z99">III</w><w frlemma="où" frpos="PRON" frMUSAS="Z8">où</w><w frlemma="il" frpos="PRON" frMUSAS="Z8">il</w><w frlemma="diriger" frpos="VERB" frMUSAS="Z99">dirigera</w><w frlemma="pendant" frpos="ADP" frMUSAS="Z5">pendant</w><w frlemma="seize" frpos="NUM" frMUSAS="N1">seize</w><w frlemma="an" frpos="NOUN" frMUSAS="T1.3">ans</w><w frlemma="le" frpos="DET" frMUSAS="Z5">l'</w><w frlemma="Institut" frpos="PROPN" frMUSAS="P1/S5+c">Institut</w><w frlemma="de" frpos="ADP" frMUSAS="Z5">de</w><w frlemma="papyrologie" frpos="NOUN" frMUSAS="Z99">papyrologie</w><pb n="10"/><w frlemma="et" frpos="CCONJ" frMUSAS="Z5">et</w><w frlemma="de" frpos="ADP" frMUSAS="Z5">d'</w><w frlemma="égyptologie" frpos="NOUN" frMUSAS="Z99">égyptologie</w><w frlemma="," frpos="PUNCT" frMUSAS="PUNCT">,</w><w frlemma="fondre" frpos="VERB" frMUSAS="Z99">fondant</w><w frlemma="le" frpos="DET" frMUSAS="Z5">les</w><w frlemma="cahier" frpos="NOUN" frMUSAS="Q1.2">Cahiers</w><w frlemma="de" frpos="ADP" frMUSAS="Z5">de</w><w frlemma="recherche" frpos="NOUN" frMUSAS="Z99">recherches</w><w frlemma="de" frpos="ADP" frMUSAS="Z5">de</w><w frlemma="le" frpos="DET" frMUSAS="Z5">l'</w><w frlemma="Institut" frpos="PROPN" frMUSAS="P1/S5+c">Institut</w><w frlemma="de" frpos="ADP" frMUSAS="Z5">de</w><w frlemma="papyrologie" frpos="NOUN" frMUSAS="Z99">papyrologie</w><w frlemma="et" frpos="CCONJ" frMUSAS="Z5">et</w><w frlemma="de" frpos="ADP" frMUSAS="Z5">d'</w><w frlemma="égyptologie" frpos="NOUN" frMUSAS="Z99">égyptologie</w><w frlemma="(" frpos="PUNCT" frMUSAS="PUNCT">(</w><w frlemma="CRIPEL" frpos="PROPN" frMUSAS="Z99">CRIPEL</w><w frlemma=")" frpos="PUNCT" frMUSAS="PUNCT">)</w><w frlemma="," frpos="PUNCT" frMUSAS="PUNCT">,</w><w frlemma="un" frpos="DET" frMUSAS="Z5">une</w><w frlemma="nouveau" frpos="ADJ" frMUSAS="T3-">nouvelle</w><w frlemma="revue" frpos="NOUN" frMUSAS="Z99">revue</w><w frlemma="spécialiser" frpos="VERB" frMUSAS="A4.2+">spécialisée</w><w frlemma="dont" frpos="PRON" frMUSAS="Z8">dont</w><w frlemma="le" frpos="DET" frMUSAS="Z5">le</w><w frlemma="premier" frpos="ADJ" frMUSAS="N4">premier</w><w frlemma="numéro" frpos="NOUN" frMUSAS="N1">numéro</w><w frlemma="parut" frpos="ADJ" frMUSAS="Z99">parut</w><w frlemma="en" frpos="ADP" frMUSAS="Z5">en</w><w frlemma="1973" frpos="NUM" frMUSAS="N1">1973</w><w frlemma="." frpos="PUNCT" frMUSAS="PUNCT">.</w><w frlemma="il" frpos="PRON" frMUSAS="Z8">Il</w><w frlemma="y" frpos="PRON" frMUSAS="M6">y</w><w frlemma="adjoindre" frpos="VERB" frMUSAS="Z99">adjoint</w><w frlemma="un" frpos="DET" frMUSAS="Z5">un</w><w frlemma="musée" frpos="NOUN" frMUSAS="T1.1.1/H1c">musée</w><w frlemma="et" frpos="CCONJ" frMUSAS="Z5">et</w><w frlemma="développer" frpos="VERB" frMUSAS="A2.1+">développe</w><w frlemma="le" frpos="DET" frMUSAS="Z5">la</w><w frlemma="collection" frpos="NOUN" frMUSAS="Z99">collection</w><w frlemma="de" frpos="ADP" frMUSAS="Z5">de</w><w frlemma="papyrus" frpos="NOUN" frMUSAS="Z99">papyrus</w><w frlemma="grec" frpos="NOUN" frMUSAS="Z2">grecs</w><w frlemma="et" frpos="CCONJ" frMUSAS="Z5">et</w><w frlemma="démotique" frpos="ADJ" frMUSAS="Z99">démotiques</w><w frlemma="," frpos="PUNCT" frMUSAS="PUNCT">,</w><w frlemma="mais" frpos="CCONJ" frMUSAS="Z5">mais</w><w frlemma="il" frpos="PRON" frMUSAS="Z8">il</w><w frlemma="reste" frpos="VERB" frMUSAS="E3+">reste</w><w frlemma="un" frpos="DET" frMUSAS="Z5">un</w><w frlemma="homme" frpos="NOUN" frMUSAS="I3.1">homme</w><w frlemma="de" frpos="ADP" frMUSAS="Z5">de</w><w frlemma="terrain" frpos="NOUN" frMUSAS="Z99">terrain</w><w frlemma="et" frpos="CCONJ" frMUSAS="Z5">et</w><w frlemma="," frpos="PUNCT" frMUSAS="PUNCT">,</w><w frlemma="en" frpos="ADP" frMUSAS="Z5">en</w><w frlemma="tant" frpos="ADV" frMUSAS="Z99">tant</w><w frlemma="que" frpos="SCONJ" frMUSAS="Z5">que</w><w frlemma="responsable" frpos="NOUN" frMUSAS="A2.2">responsable</w><w frlemma="de" frpos="ADP" frMUSAS="Z5">d'</w><w frlemma="un" frpos="DET" frMUSAS="Z5">une</w><w frlemma="équipe" frpos="NOUN" frMUSAS="S5+">équipe</w><w frlemma="de" frpos="ADP" frMUSAS="Z5">de</w><w frlemma="recherche" frpos="NOUN" frMUSAS="Z99">recherche</w><w frlemma="associer" frpos="VERB" frMUSAS="A6.1+/X2.1">associée</w><w frlemma="de" frpos="ADP" frMUSAS="Z5">du</w><w frlemma="Cnrs" frpos="PROPN" frMUSAS="Z99">Cnrs</w><w frlemma="," frpos="PUNCT" frMUSAS="PUNCT">,</w><w frlemma="il" frpos="PRON" frMUSAS="Z8">il</w><w frlemma="continuer" frpos="VERB" frMUSAS="T2++">continue</w><w frlemma="à" frpos="ADP" frMUSAS="Z5">à</w><w frlemma="diriger" frpos="VERB" frMUSAS="Z99">diriger</w><w frlemma="le" frpos="DET" frMUSAS="Z5">les</w><w frlemma="fouille" frpos="NOUN" frMUSAS="Z99">fouilles</w><w frlemma="français" frpos="ADJ" frMUSAS="Z2">françaises</w><w frlemma="au" frpos="ADP" frMUSAS="Z5">au</w><w frlemma="Soudan" frpos="PROPN" frMUSAS="Z99">Soudan</w><w frlemma="," frpos="PUNCT" frMUSAS="PUNCT">,</w><w frlemma="à" frpos="ADP" frMUSAS="Z5">à</w><w frlemma="Aksha" frpos="PROPN" frMUSAS="Z99">Aksha</w><w frlemma="," frpos="PUNCT" frMUSAS="PUNCT">,</w><w frlemma="Mirgissa" frpos="PROPN" frMUSAS="Z99">Mirgissa</w><w frlemma="et" frpos="CCONJ" frMUSAS="Z5">et</w><w frlemma="Saï" frpos="PROPN" frMUSAS="Z99">Saï</w><w frlemma="," frpos="PUNCT" frMUSAS="PUNCT">,</w><w frlemma="traval" frpos="ADJ" frMUSAS="Z99">travaux</w><w frlemma="qui" frpos="PRON" frMUSAS="Z8">qui</w><w frlemma="faire" frpos="VERB" frMUSAS="Z99">feront</w><w frlemma="le" frpos="DET" frMUSAS="Z5">l'</w><w frlemma="objet" frpos="NOUN" frMUSAS="Z99">objet</w><w frlemma="de" frpos="ADP" frMUSAS="Z5">de</w><w frlemma="magnifique" frpos="NOUN" frMUSAS="A5.1+">magnifiques</w><w frlemma="publication" frpos="ADJ" frMUSAS="Q4">publications</w><w frlemma="." frpos="PUNCT" frMUSAS="PUNCT">.</w><w frlemma="en" frpos="ADP" frMUSAS="Z5">En</w><w frlemma="juin" frpos="NOUN" frMUSAS="T1.3">juin</w><w frlemma="1976" frpos="NUM" frMUSAS="N1">1976</w><w frlemma="," frpos="PUNCT" frMUSAS="PUNCT">,</w><w frlemma="à" frpos="ADP" frMUSAS="Z5">à</w><w frlemma="le" frpos="DET" frMUSAS="Z5">l'</w><w frlemma="approche" frpos="NOUN" frMUSAS="M1">approche</w><w frlemma="de" frpos="ADP" frMUSAS="Z5">de</w><w frlemma="le" frpos="DET" frMUSAS="Z5">la</w><w frlemma="retraite" frpos="NOUN" frMUSAS="Z99">retraite</w><w frlemma="," frpos="PUNCT" frMUSAS="PUNCT">,</w><w frlemma="le" frpos="DET" frMUSAS="Z5">la</w><w frlemma="mort" frpos="NOUN" frMUSAS="Z99">mort</w><w frlemma="tragique" frpos="ADJ" frMUSAS="E4.1-">tragique</w><w frlemma="de" frpos="ADP" frMUSAS="Z5">de</w><w frlemma="Serge" frpos="PROPN" frMUSAS="Z99">Serge</w><w frlemma="Sauneron" frpos="PROPN" frMUSAS="Z99">Sauneron</w><w frlemma="imprim" frpos="ADJ" frMUSAS="Z99">imprime</w><w frlemma="brusquemer" frpos="VERB" frMUSAS="Z99">brusquement</w><w frlemma="un" frpos="DET" frMUSAS="Z5">un</w><w frlemma="tournant" frpos="NOUN" frMUSAS="Z99">tournant</w><w frlemma="inattendu" frpos="ADJ" frMUSAS="X2.6-">inattendu</w><w frlemma="à" frpos="ADP" frMUSAS="Z5">à</w><w frlemma="son" frpos="DET" frMUSAS="Z5">sa</w><w frlemma="carrière" frpos="NOUN" frMUSAS="I3.1">carrière</w><w frlemma=":" frpos="PUNCT" frMUSAS="PUNCT">:</w><w frlemma="il" frpos="PRON" frMUSAS="Z8">il</w><w frlemma="devenir" frpos="VERB" frMUSAS="A2.1+">devient</w><w frlemma="directeur" frpos="NOUN" frMUSAS="S7.1+/S2mf">directeur</w><w frlemma="de" frpos="ADP" frMUSAS="Z5">de</w><w frlemma="le" frpos="DET" frMUSAS="Z5">l'</w><w frlemma="ifao" frpos="NOUN" frMUSAS="Z99">Ifao</w><w frlemma="et" frpos="CCONJ" frMUSAS="Z5">et</w><w frlemma="," frpos="PUNCT" frMUSAS="PUNCT">,</w><w frlemma="comme" frpos="ADP" frMUSAS="Z5">comme</w><w frlemma="toujours" frpos="ADV" frMUSAS="N6+++">toujours</w><w frlemma="seconder" frpos="VERB" frMUSAS="Z99">secondé</w><w frlemma="par" frpos="ADP" frMUSAS="M6">par</w><w frlemma="son" frpos="DET" frMUSAS="Z5">son</w><w frlemma="épouse" frpos="NOUN" frMUSAS="Z99">épouse</w><w frlemma="," frpos="PUNCT" frMUSAS="PUNCT">,</w><w frlemma="il" frpos="PRON" frMUSAS="Z8">il</w><w frlemma="retrouver" frpos="VERB" frMUSAS="Z99">retrouve</w><w frlemma="le" frpos="DET" frMUSAS="Z5">l'</w><w frlemma="égypte" frpos="NOUN" frMUSAS="Z99">Égypte</w><w frlemma="de" frpos="ADP" frMUSAS="Z5">de</w><w frlemma="janvier" frpos="NOUN" frMUSAS="T1.3">janvier</w><w frlemma="1977" frpos="NUM" frMUSAS="N1">1977</w><w frlemma="à" frpos="ADP" frMUSAS="Z5">à</w><w frlemma="mai" frpos="NOUN" frMUSAS="T1.3">mai</w><w frlemma="1981" frpos="NUM" frMUSAS="N1">1981</w><w frlemma="." frpos="PUNCT" frMUSAS="PUNCT">.</w><w frlemma="il" frpos="PRON" frMUSAS="Z8">Il</w><w frlemma="confirmer" frpos="VERB" frMUSAS="A7+">confirme</w><w frlemma="le" frpos="DET" frMUSAS="Z5">les</w><w frlemma="choix" frpos="NOUN" frMUSAS="A5.1+">choix</w><w frlemma="de" frpos="ADP" frMUSAS="Z5">de</w><w frlemma="son" frpos="DET" frMUSAS="Z5">son</w><w frlemma="prédécesseur" frpos="NOUN" frMUSAS="N4/S2mf">prédécesseur</w><w frlemma="et" frpos="CCONJ" frMUSAS="Z5">et</w><w frlemma="mettre" frpos="VERB" frMUSAS="Z99">met</w><w frlemma="en" frpos="ADP" frMUSAS="Z5">en</w><w frlemma="particulier" frpos="ADJ" frMUSAS="Z99">particulier</w><w frlemma="le" frpos="DET" frMUSAS="Z5">l'</w><w frlemma="accent" frpos="NOUN" frMUSAS="Q3">accent</w><w frlemma="sur" frpos="ADP" frMUSAS="Z5">sur</w><w frlemma="le" frpos="DET" frMUSAS="Z5">les</w><w frlemma="fouille" frpos="NOUN" frMUSAS="Z99">fouilles</w><w frlemma="commencer" frpos="VERB" frMUSAS="Z99">commencées</w><w frlemma="dans" frpos="ADP" frMUSAS="Z5">dans</w><w frlemma="le" frpos="DET" frMUSAS="Z5">les</w><w frlemma="oasis" frpos="NOUN" frMUSAS="Z99">oasis</w><w frlemma="de" frpos="ADP" frMUSAS="Z5">du</w><w frlemma="désert" frpos="NOUN" frMUSAS="Z99">désert</w><w frlemma="libyqu" frpos="ADJ" frMUSAS="Z99">libyque</w><w frlemma="à" frpos="ADP" frMUSAS="Z5">à</w><w frlemma="Balat" frpos="PROPN" frMUSAS="Z99">Balat</w><w frlemma="(" frpos="PUNCT" frMUSAS="PUNCT">(</w><w frlemma="Dakhla" frpos="PROPN" frMUSAS="Z99">Dakhla</w><w frlemma=")" frpos="PUNCT" frMUSAS="PUNCT">)</w><w frlemma="et" frpos="CCONJ" frMUSAS="Z5">et</w><w frlemma="à" frpos="ADP" frMUSAS="Z5">à</w><w frlemma="Douch" frpos="PROPN" frMUSAS="Z99">Douch</w><w frlemma="(" frpos="PUNCT" frMUSAS="PUNCT">(</w><w frlemma="kharga" frpos="NOUN" frMUSAS="Z99">Kharga</w><w frlemma=")" frpos="PUNCT" frMUSAS="PUNCT">)</w><w frlemma="," frpos="PUNCT" frMUSAS="PUNCT">,</w><w frlemma="sur" frpos="ADP" frMUSAS="Z5">sur</w><w frlemma="le" frpos="DET" frMUSAS="Z5">les</w><w frlemma="piste" frpos="NOUN" frMUSAS="Z99">pistes</w><w frlemma="conduire" frpos="VERB" frMUSAS="Z99">conduisant</w><w frlemma="à" frpos="ADP" frMUSAS="Z5">à</w><w frlemma="son" frpos="DET" frMUSAS="Z5">son</w><w frlemma="cher" frpos="ADJ" frMUSAS="I1.3+">cher</w><w frlemma="Soudan" frpos="PROPN" frMUSAS="Z99">Soudan</w><w frlemma="." frpos="PUNCT" frMUSAS="PUNCT">.</w><w frlemma="pendant" frpos="ADP" frMUSAS="Z5">Pendant</w><w frlemma="son" frpos="DET" frMUSAS="Z5">son</w><w frlemma="mandat" frpos="NOUN" frMUSAS="Z99">mandat</w><w frlemma="," frpos="PUNCT" frMUSAS="PUNCT">,</w><w frlemma="le" frpos="DET" frMUSAS="Z5">l'</w><w frlemma="ifao" frpos="NOUN" frMUSAS="Z99">Ifao</w><w frlemma="," frpos="PUNCT" frMUSAS="PUNCT">,</w><w frlemma="que" frpos="SCONJ" frMUSAS="Z5">qu'</w><w frlemma="il" frpos="PRON" frMUSAS="Z8">il</w><w frlemma="diriger" frpos="VERB" frMUSAS="Z99">dirige</w><w frlemma="avec" frpos="ADP" frMUSAS="Z5">avec</w><w frlemma="un" frpos="DET" frMUSAS="Z5">une</w><w frlemma="calme" frpos="PROPN" frMUSAS="E3+">calme</w><w frlemma="autorité" frpos="NOUN" frMUSAS="G1.1c">autorité</w><w frlemma="," frpos="PUNCT" frMUSAS="PUNCT">,</w><w frlemma="fêter" frpos="VERB" frMUSAS="E4.1+">fêtera</w><w frlemma="solennellemer" frpos="VERB" frMUSAS="Z99">solennellement</w><w frlemma="son" frpos="DET" frMUSAS="Z5">son</w><w frlemma="centenaire" frpos="NOUN" frMUSAS="Z99">centenaire</w><w frlemma="," frpos="PUNCT" frMUSAS="PUNCT">,</w><w frlemma="marquer" frpos="VERB" frMUSAS="O4.2-">marqué</w><w frlemma="par" frpos="ADP" frMUSAS="M6">par</w><w frlemma="divers" frpos="ADJ" frMUSAS="Z99">diverses</w><w frlemma="manifestation" frpos="NOUN" frMUSAS="Z99">manifestations</w><w frlemma="," frpos="PUNCT" frMUSAS="PUNCT">,</w><w frlemma="dont" frpos="PRON" frMUSAS="Z8">dont</w><w frlemma="un" frpos="DET" frMUSAS="Z5">une</w><w frlemma="exposition" frpos="NOUN" frMUSAS="Z99">exposition</w><w frlemma="au" frpos="ADP" frMUSAS="Z5">au</w><w frlemma="Musée" frpos="PROPN" frMUSAS="T1.1.1/H1c">Musée</w><w frlemma="de" frpos="ADP" frMUSAS="Z5">du</w><w frlemma="caire" frpos="NOUN" frMUSAS="Z99">Caire</w><w frlemma="," frpos="PUNCT" frMUSAS="PUNCT">,</w><w frlemma="et" frpos="CCONJ" frMUSAS="Z5">et</w><w frlemma="par" frpos="ADP" frMUSAS="M6">par</w><w frlemma="le" frpos="DET" frMUSAS="Z5">la</w><w frlemma="publication" frpos="NOUN" frMUSAS="Q4">publication</w><w frlemma="de" frpos="ADP" frMUSAS="Z5">du</w><w frlemma="livre" frpos="NOUN" frMUSAS="Z99">Livre</w><w frlemma="de" frpos="ADP" frMUSAS="Z5">du</w><w frlemma="centenaire" frpos="NOUN" frMUSAS="Z99">Centenaire</w><w frlemma="et" frpos="CCONJ" frMUSAS="Z5">et</w><w frlemma="de" frpos="ADP" frMUSAS="Z5">du</w><w frlemma="supplément" frpos="NOUN" frMUSAS="Z99">Supplément</w><w frlemma="au" frpos="ADP" frMUSAS="Z5">au</w><w frlemma="bifao" frpos="NOUN" frMUSAS="Z99">BIFAO</w><w frlemma="81" frpos="NUM" frMUSAS="N1">81</w><w frlemma="regroupant" frpos="NOUN" frMUSAS="Z99">regroupant</w><w frlemma="," frpos="PUNCT" frMUSAS="PUNCT">,</w><w frlemma="le" frpos="DET" frMUSAS="Z5">le</w><w frlemma="premier" frpos="NOUN" frMUSAS="N4">premier</w><w frlemma="de" frpos="ADP" frMUSAS="Z5">des</w><w frlemma="article" frpos="NOUN" frMUSAS="G2.1/P1">articles</w><w frlemma="écrire" frpos="VERB" frMUSAS="Q1.2">écrits</w><w frlemma="par" frpos="ADP" frMUSAS="M6">par</w><w frlemma="le" frpos="DET" frMUSAS="Z5">les</w><w frlemma="pensionnaire" frpos="NOUN" frMUSAS="Z99">pensionnaires</w><w frlemma="passer" frpos="VERB" frMUSAS="M1">passés</w><w frlemma="et" frpos="CCONJ" frMUSAS="Z5">et</w><w frlemma="présent" frpos="ADJ" frMUSAS="A9-">présents</w><w frlemma="de" frpos="ADP" frMUSAS="Z5">de</w><w frlemma="le" frpos="DET" frMUSAS="Z5">l'</w><w frlemma="ifao" frpos="NOUN" frMUSAS="Z99">Ifao</w><w frlemma="," frpos="PUNCT" frMUSAS="PUNCT">,</w><w frlemma="le" frpos="DET" frMUSAS="Z5">le</w><w frlemma="second" frpos="NOUN" frMUSAS="N4">second</w><w frlemma="un" frpos="DET" frMUSAS="Z5">des</w><w frlemma="contribution" frpos="NOUN" frMUSAS="A9-">contributions</w><w frlemma="de" frpos="ADP" frMUSAS="Z5">de</w><w frlemma="savant" frpos="NOUN" frMUSAS="Z99">savants</w><w frlemma="étranger" frpos="ADJ" frMUSAS="Z99">étrangers</w><w frlemma="au" frpos="ADP" frMUSAS="Z5">au</w><w frlemma="palais" frpos="NOUN" frMUSAS="Z99">palais</w><w frlemma="Mounira" frpos="PROPN" frMUSAS="Z99">Mounira</w><w frlemma="." frpos="PUNCT" frMUSAS="PUNCT">.</w><w frlemma="élu" frpos="NOUN" frMUSAS="Z99">Élu</w><w frlemma="le" frpos="DET" frMUSAS="Z5">le</w><w frlemma="11" frpos="NUM" frMUSAS="N1">11</w><w frlemma="mai" frpos="NOUN" frMUSAS="T1.3">mai</w><w frlemma="1984" frpos="NUM" frMUSAS="N1">1984</w><w frlemma="membre" frpos="NOUN" frMUSAS="S5+/S2mf">membre</w><w frlemma="de" frpos="ADP" frMUSAS="Z5">de</w><w frlemma="le" frpos="DET" frMUSAS="Z5">l'</w><w frlemma="académie" frpos="NOUN" frMUSAS="Z99">Académie</w><w frlemma="de" frpos="ADP" frMUSAS="Z5">des</w><w frlemma="inscription" frpos="NOUN" frMUSAS="Z99">inscriptions</w><w frlemma="et" frpos="CCONJ" frMUSAS="Z5">et</w><w frlemma="belles-lettre" frpos="ADJ" frMUSAS="Z99">belles-lettres</w><w frlemma="," frpos="PUNCT" frMUSAS="PUNCT">,</w><w frlemma="il" frpos="PRON" frMUSAS="Z8">il</w><w frlemma="mettre" frpos="VERB" frMUSAS="Z99">met</w><w frlemma="à" frpos="ADP" frMUSAS="Z5">à</w><w frlemma="profit" frpos="NOUN" frMUSAS="Z99">profit</w><w frlemma="son" frpos="DET" frMUSAS="Z5">sa</w><w frlemma="retraite" frpos="NOUN" frMUSAS="Z99">retraite</w><w frlemma="pour" frpos="ADP" frMUSAS="Z5">pour</w><w frlemma="rédiger" frpos="VERB" frMUSAS="Z99">rédiger</w><w frlemma="plusieurs" frpos="DET" frMUSAS="N5">plusieurs</w><w frlemma="ouvrage" frpos="NOUN" frMUSAS="I3.1">ouvrages</w><w frlemma="dont" frpos="PRON" frMUSAS="Z8">dont</w><w frlemma="le" frpos="DET" frMUSAS="Z5">L'</w><w frlemma="égypte" frpos="NOUN" frMUSAS="Z99">Égypte</w><w frlemma="et" frpos="CCONJ" frMUSAS="Z5">et</w><w frlemma="le" frpos="DET" frMUSAS="Z5">la</w><w frlemma="vallée" frpos="NOUN" frMUSAS="W3">vallée</w><w frlemma="de" frpos="ADP" frMUSAS="Z5">du</w><w frlemma="Nil" frpos="PROPN" frMUSAS="Z99">Nil</w><w frlemma="." frpos="PUNCT" frMUSAS="PUNCT">.</w><w frlemma="un" frpos="DET" frMUSAS="Z5">Des</w><w frlemma="origine" frpos="NOUN" frMUSAS="Z99">origines</w><w frlemma="à" frpos="ADP" frMUSAS="Z5">à</w><w frlemma="le" frpos="DET" frMUSAS="Z5">la</w><w frlemma="fin" frpos="NOUN" frMUSAS="Z99">fin</w><w frlemma="de" frpos="ADP" frMUSAS="Z5">de</w><w frlemma="le" frpos="DET" frMUSAS="Z5">l'</w><w frlemma="ancien" frpos="ADJ" frMUSAS="Z99">Ancien</w><w frlemma="empire" frpos="NOUN" frMUSAS="G1.1">Empire</w><w frlemma="(" frpos="PUNCT" frMUSAS="PUNCT">(</w><w frlemma="puf" frpos="NOUN" frMUSAS="Z99">PUF</w><w frlemma="," frpos="PUNCT" frMUSAS="PUNCT">,</w><w frlemma="1992" frpos="NUM" frMUSAS="N1">1992</w><w frlemma=")" frpos="PUNCT" frMUSAS="PUNCT">)</w><w frlemma="," frpos="PUNCT" frMUSAS="PUNCT">,</w><w frlemma="le" frpos="DET" frMUSAS="Z5">le</w><w frlemma="premier" frpos="NOUN" frMUSAS="N4">premier</w><w frlemma="de" frpos="ADP" frMUSAS="Z5">des</w><w frlemma="trois" frpos="NUM" frMUSAS="Z5">trois</w><w frlemma="tome" frpos="NOUN" frMUSAS="Z99">tomes</w><w frlemma="que" frpos="PRON" frMUSAS="Z8">que</w><w frlemma="le" frpos="DET" frMUSAS="Z5">la</w><w frlemma="Nouvelle" frpos="PROPN" frMUSAS="Z99">Nouvelle</w><w frlemma="Clio" frpos="PROPN" frMUSAS="Z99">Clio</w><w frlemma="devoir" frpos="VERB" frMUSAS="Z99">doit</w><w frlemma="consacrer" frpos="VERB" frMUSAS="Z99">consacrer</w><w frlemma="à" frpos="ADP" frMUSAS="Z5">à</w><w frlemma="le" frpos="DET" frMUSAS="Z5">l'</w><w frlemma="histoire" frpos="NOUN" frMUSAS="Z99">histoire</w><w frlemma="de" frpos="ADP" frMUSAS="Z5">de</w><w frlemma="le" frpos="DET" frMUSAS="Z5">la</w><w frlemma="civilisation" frpos="NOUN" frMUSAS="S1.1.1">civilisation</w><w frlemma="égyptien" frpos="ADJ" frMUSAS="Z2/S2mf">égyptienne</w><w frlemma="." frpos="PUNCT" frMUSAS="PUNCT">.</w><w frlemma="déjà" frpos="ADV" frMUSAS="T1.1.1">Déjà</w><w frlemma="auteur" frpos="NOUN" frMUSAS="Q1.2">auteur</w><w frlemma="de" frpos="ADP" frMUSAS="Z5">d'</w><w frlemma="un" frpos="DET" frMUSAS="Z5">un</w><w frlemma="que" frpos="PRON" frMUSAS="Z8">Que</w><w frlemma="sai" frpos="NOUN" frMUSAS="Z99">sais</w><w frlemma="je" frpos="PRON" frMUSAS="Z8mf">-je</w><w frlemma="?" frpos="PUNCT" frMUSAS="PUNCT">?</w><w frlemma="consacrer" frpos="VERB" frMUSAS="Z99">consacré</w><w frlemma="à" frpos="ADP" frMUSAS="Z5">à</w><w frlemma="le" frpos="DET" frMUSAS="Z5">L'</w><w frlemma="Égypte" frpos="PROPN" frMUSAS="Z99">Égypte</w><w frlemma="ancien" frpos="ADJ" frMUSAS="Z99">ancienne</w><w frlemma="et" frpos="CCONJ" frMUSAS="Z5">et</w><w frlemma="constamment" frpos="ADV" frMUSAS="Z99">constamment</w><w frlemma="rééditer" frpos="VERB" frMUSAS="Z99">réédité</w><w frlemma="depuis" frpos="ADP" frMUSAS="Z5">depuis</w><w frlemma="1947" frpos="NUM" frMUSAS="N1">1947</w><w frlemma="," frpos="PUNCT" frMUSAS="PUNCT">,</w><w frlemma="il" frpos="PRON" frMUSAS="Z8">il</w><w frlemma="ne" frpos="ADV" frMUSAS="Z6">n'</w><w frlemma="oublier" frpos="VERB" frMUSAS="X2.2-">oublie</w><w frlemma="pas" frpos="ADV" frMUSAS="Z99">pas</w><w frlemma="le" frpos="DET" frMUSAS="Z5">le</w><w frlemma="grand" frpos="ADJ" frMUSAS="Z99">grand</w><w frlemma="public" frpos="NOUN" frMUSAS="Z99">public</w><w frlemma="et" frpos="CCONJ" frMUSAS="Z5">et</w><w frlemma="inaugurer" frpos="VERB" frMUSAS="Z99">inaugure</w><w frlemma="le" frpos="DET" frMUSAS="Z5">la</w><w frlemma="nouveau" frpos="ADJ" frMUSAS="T3-">nouvelle</w><w frlemma="collection" frpos="NOUN" frMUSAS="Z99">collection</w><w frlemma="Découvertes" frpos="PROPN" frMUSAS="Z99">Découvertes</w><w frlemma="Gallimard" frpos="PROPN" frMUSAS="Z99">Gallimard</w><w frlemma="avec" frpos="ADP" frMUSAS="Z5">avec</w><w frlemma="à" frpos="ADP" frMUSAS="Z5">À</w><w frlemma="le" frpos="DET" frMUSAS="Z5">la</w><w frlemma="recherche" frpos="NOUN" frMUSAS="Z99">recherche</w><w frlemma="de" frpos="ADP" frMUSAS="Z5">de</w><w frlemma="le" frpos="DET" frMUSAS="Z5">l'</w><w frlemma="Égypte" frpos="PROPN" frMUSAS="Z99">Égypte</w><w frlemma="oublier" frpos="VERB" frMUSAS="X2.2-">oubliée</w><w frlemma="(" frpos="PUNCT" frMUSAS="PUNCT">(</w><w frlemma="1986" frpos="NUM" frMUSAS="N1">1986</w><w frlemma=")" frpos="PUNCT" frMUSAS="PUNCT">)</w><w frlemma="qui" frpos="PRON" frMUSAS="Z8">qui</w><w frlemma="reste" frpos="VERB" frMUSAS="E3+">reste</w><w frlemma="depuis" frpos="ADP" frMUSAS="Z5">depuis</w><w frlemma="en" frpos="ADP" frMUSAS="Z5">en</w><w frlemma="tête" frpos="NOUN" frMUSAS="B1">tête</w><w frlemma="de" frpos="ADP" frMUSAS="Z5">des</w><w frlemma="vente" frpos="NOUN" frMUSAS="I2.2">ventes</w><w frlemma="." frpos="PUNCT" frMUSAS="PUNCT">.</w><w frlemma="son" frpos="DET" frMUSAS="Z5">Ses</w><w frlemma="travail" frpos="NOUN" frMUSAS="I3.1">travaux</w><w frlemma="et" frpos="CCONJ" frMUSAS="Z5">et</w><w frlemma="son" frpos="DET" frMUSAS="Z5">ses</w><w frlemma="nombreux" frpos="ADJ" frMUSAS="N5+">nombreuses</w><w frlemma="publication" frpos="NOUN" frMUSAS="Q4">publications</w><w frlemma="scientifique" frpos="ADJ" frMUSAS="Y1">scientifiques</w><w frlemma="avoir" frpos="AUX" frMUSAS="A9+">ont</w><w frlemma="apporter" frpos="VERB" frMUSAS="M2">apporté</w><w frlemma="au" frpos="ADP" frMUSAS="Z5">au</w><w frlemma="saver" frpos="VERB" frMUSAS="Z99">savant</w><w frlemma="le" frpos="DET" frMUSAS="Z5">la</w><w frlemma="reconnaissance" frpos="NOUN" frMUSAS="Z99">reconnaissance</w><w frlemma="international" frpos="ADJ" frMUSAS="M7">internationale</w><w frlemma="et" frpos="CCONJ" frMUSAS="Z5">et</w><w frlemma="le" frpos="DET" frMUSAS="Z5">les</w><w frlemma="honneur" frpos="NOUN" frMUSAS="Z99">honneurs</w><w frlemma="qui" frpos="PRON" frMUSAS="Z8">qui</w><w frlemma="aller" frpos="VERB" frMUSAS="M1">vont</w><w frlemma="de" frpos="ADP" frMUSAS="Z5">de</w><w frlemma="pair" frpos="NOUN" frMUSAS="Z99">pair</w><w frlemma="avec" frpos="ADP" frMUSAS="Z5">avec</w><w frlemma="celui-ci" frpos="PROPN" frMUSAS="Z8">celle-ci</w><w frlemma="(" frpos="PUNCT" frMUSAS="PUNCT">(</w><w frlemma="membre" frpos="NOUN" frMUSAS="S5+/S2mf">membre</w><w frlemma="de" frpos="ADP" frMUSAS="Z5">de</w><w frlemma="plusieurs" frpos="DET" frMUSAS="N5">plusieurs</w><w frlemma="institut" frpos="NOUN" frMUSAS="P1/S5+c">instituts</w><w frlemma="," frpos="PUNCT" frMUSAS="PUNCT">,</w><w frlemma="il" frpos="PRON" frMUSAS="Z8">il</w><w frlemma="avoir" frpos="AUX" frMUSAS="A9+">a</w><w frlemma="être" frpos="AUX" frMUSAS="T1.3">été</w><w frlemma="président" frpos="NOUN" frMUSAS="G1.1/S7.1+/S2mf">président</w><w frlemma="de" frpos="ADP" frMUSAS="Z5">de</w><w frlemma="le" frpos="DET" frMUSAS="Z5">la</w><w frlemma="Société" frpos="PROPN" frMUSAS="S5+c">Société</w><w frlemma="français" frpos="ADJ" frMUSAS="Z2">française</w><w frlemma="de" frpos="ADP" frMUSAS="Z5">d'</w><w frlemma="égyptologie" frpos="NOUN" frMUSAS="Z99">égyptologie</w><w frlemma="et" frpos="CCONJ" frMUSAS="Z5">et</w><w frlemma="de" frpos="ADP" frMUSAS="Z5">de</w><w frlemma="le" frpos="DET" frMUSAS="Z5">la</w><w frlemma="Société" frpos="PROPN" frMUSAS="S5+c">Société</w><w frlemma="international" frpos="ADJ" frMUSAS="M7">internationale</w><w frlemma="de" frpos="ADP" frMUSAS="Z5">des</w><w frlemma="étude" frpos="NOUN" frMUSAS="P1">études</w><w frlemma="nubien" frpos="ADJ" frMUSAS="Z99">nubiennes</w><w frlemma="…" frpos="NOUN" frMUSAS="Z99">…</w><w frlemma=")" frpos="PUNCT" frMUSAS="PUNCT">)</w><w frlemma="mais" frpos="CCONJ" frMUSAS="Z5">mais</w><w frlemma="," frpos="PUNCT" frMUSAS="PUNCT">,</w><w frlemma="chose" frpos="NOUN" frMUSAS="O2">chose</w><w frlemma="peut-être" frpos="ADV" frMUSAS="Z99">peut-être</w><w frlemma="plus" frpos="ADV" frMUSAS="Z5">plus</w><w frlemma="rare" frpos="NOUN" frMUSAS="N6-">rare</w><w frlemma="," frpos="PUNCT" frMUSAS="PUNCT">,</w><w frlemma="son" frpos="DET" frMUSAS="Z5">ses</w><w frlemma="qualité" frpos="NOUN" frMUSAS="A5.1">qualités</w><w frlemma="humain" frpos="ADJ" frMUSAS="S2">humaines</w><w frlemma="luire" frpos="PRON" frMUSAS="Z8">lui</w><w frlemma="avoir" frpos="AUX" frMUSAS="A9+">ont</w><w frlemma="valoir" frpos="VERB" frMUSAS="Z99">valu</w><w frlemma="le" frpos="DET" frMUSAS="Z5">l'</w><w frlemma="affection" frpos="NOUN" frMUSAS="Z99">affection</w><w frlemma="," frpos="PUNCT" frMUSAS="PUNCT">,</w><w frlemma="parfois" frpos="ADV" frMUSAS="N6">parfois</w><w frlemma="presque" frpos="ADV" frMUSAS="A13.4">presque</w><w frlemma="filial" frpos="ADJ" frMUSAS="Z99">filiale</w><w frlemma="," frpos="PUNCT" frMUSAS="PUNCT">,</w><w frlemma="de" frpos="ADP" frMUSAS="Z5">de</w><w frlemma="son" frpos="DET" frMUSAS="Z5">ses</w><w frlemma="étudiant" frpos="NOUN" frMUSAS="P1/S2mf">étudiants</w><w frlemma="et" frpos="CCONJ" frMUSAS="Z5">et</w><w frlemma="de" frpos="ADP" frMUSAS="Z5">de</w><w frlemma="son" frpos="DET" frMUSAS="Z5">ses</w><w frlemma="collaborateur" frpos="NOUN" frMUSAS="Z99">collaborateurs</w><w frlemma="que" frpos="PRON" frMUSAS="Z8">qu'</w><w frlemma="il" frpos="PRON" frMUSAS="Z8">il</w><w frlemma="savoir" frpos="VERB" frMUSAS="X2.2+">savait</w><w frlemma="écouter" frpos="VERB" frMUSAS="Z99">écouter</w><w frlemma="et" frpos="CCONJ" frMUSAS="Z5">et</w><w frlemma="conseiller" frpos="NOUN" frMUSAS="Z99">conseiller</w><w frlemma=":" frpos="PUNCT" frMUSAS="PUNCT">:</w><w frlemma="son" frpos="DET" frMUSAS="Z5">son</w><w frlemma="regard" frpos="NOUN" frMUSAS="Z99">regard</w><w frlemma="clair" frpos="ADJ" frMUSAS="A7+">clair</w><w frlemma="sou" frpos="ADP" frMUSAS="A13.6">sous</w><w frlemma="le" frpos="DET" frMUSAS="Z5">le</w><w frlemma="sourcil" frpos="NOUN" frMUSAS="Z99">sourcil</w><w frlemma="broussailleu" frpos="NOUN" frMUSAS="Z99">broussailleux</w><w frlemma="," frpos="PUNCT" frMUSAS="PUNCT">,</w><w frlemma="le" frpos="DET" frMUSAS="Z5">la</w><w frlemma="bonté" frpos="NOUN" frMUSAS="Z99">bonté</w><w frlemma="de" frpos="ADP" frMUSAS="Z5">de</w><w frlemma="son" frpos="DET" frMUSAS="Z5">son</w><w frlemma="sourire" frpos="NOUN" frMUSAS="Z99">sourire</w><w frlemma="et" frpos="CCONJ" frMUSAS="Z5">et</w><w frlemma="son" frpos="DET" frMUSAS="Z5">son</w><w frlemma="extrême" frpos="ADJ" frMUSAS="N5.1+++">extrême</w><w frlemma="gentillesse" frpos="NOUN" frMUSAS="Z99">gentillesse</w><w frlemma="manquer" frpos="VERB" frMUSAS="A5.3-">manqueront</w><w frlemma="désormais" frpos="ADV" frMUSAS="Z99">désormais</w><w frlemma="à" frpos="ADP" frMUSAS="Z5">à</w><w frlemma="celui" frpos="PRON" frMUSAS="Z8">ceux</w><w frlemma="de" frpos="ADP" frMUSAS="Z5">d'</w><w frlemma="entrer" frpos="ADP" frMUSAS="M6">entre</w><w frlemma="lui" frpos="PRON" frMUSAS="Z8mfn">eux</w><w frlemma="qui" frpos="PRON" frMUSAS="Z8">qui</w><w frlemma="," frpos="PUNCT" frMUSAS="PUNCT">,</w><w frlemma="jusque" frpos="ADP" frMUSAS="Z5">jusqu'</w><w frlemma="à" frpos="ADP" frMUSAS="Z5">à</w><w frlemma="ce" frpos="PRON" frMUSAS="Z8">ce</w><w frlemma="que" frpos="SCONJ" frMUSAS="Z5">que</w><w frlemma="son" frpos="DET" frMUSAS="Z5">sa</w><w frlemma="santé" frpos="NOUN" frMUSAS="B2">santé</w><w frlemma="ne" frpos="ADV" frMUSAS="Z6">ne</w><w frlemma="luire" frpos="PRON" frMUSAS="Z8">lui</w><w frlemma="permette" frpos="NOUN" frMUSAS="Z99">permette</w><w frlemma="plus" frpos="ADV" frMUSAS="Z5">plus</w><w frlemma="de" frpos="ADP" frMUSAS="Z5">de</w><w frlemma="se" frpos="PRON" frMUSAS="Z8">se</w><w frlemma="déplacer" frpos="VERB" frMUSAS="Z99">déplacer</w><w frlemma="," frpos="PUNCT" frMUSAS="PUNCT">,</w><w frlemma="avoir" frpos="AUX" frMUSAS="A9+">avaient</w><w frlemma="prendre" frpos="VERB" frMUSAS="A9+">pris</w><w frlemma="le" frpos="DET" frMUSAS="Z5">l'</w><w frlemma="habitude" frpos="NOUN" frMUSAS="S1.1.1">habitude</w><w frlemma="de" frpos="ADP" frMUSAS="Z5">de</w><w frlemma="se" frpos="PRON" frMUSAS="Z8">se</w><w frlemma="réunir" frpos="VERB" frMUSAS="Z99">réunir</w><w frlemma="chaque" frpos="DET" frMUSAS="N5.1+">chaque</w><w frlemma="être" frpos="AUX" frMUSAS="T1.3">été</w><w frlemma="autour" frpos="ADV" frMUSAS="A13.4">autour</w><w frlemma="de" frpos="ADP" frMUSAS="Z5">de</w><w frlemma="luire" frpos="PRON" frMUSAS="Z8">lui</w><w frlemma="pour" frpos="ADP" frMUSAS="Z5">pour</w><w frlemma="luire" frpos="PRON" frMUSAS="Z8">lui</w><w frlemma="manifester" frpos="VERB" frMUSAS="Z99">manifester</w><w frlemma="son" frpos="DET" frMUSAS="Z5">leur</w><w frlemma="attachement" frpos="NOUN" frMUSAS="Z99">attachement</w><w frlemma="." frpos="PUNCT" frMUSAS="PUNCT">.</w></p><p><w frlemma="Jean-Pierre" frpos="PROPN" frMUSAS="Z99">Jean-Pierre</w><w frlemma="Corteggiani" frpos="PROPN" frMUSAS="Z99">Corteggiani</w><note place="bottom"></note></p></text></TEI>