<?xml version='1.0' encoding='UTF-8'?>
<TEI xmlns="http://www.tei-c.org/ns/1.0"><teiHeader><fileDesc><titleStmt><title>Michel Wuttmann</title></titleStmt><publicationStmt>Corpus produit par l'étudiant MA1 Ph. Hennebert (philippe.hennebert@student.uliege.be) du cours de l'Université de Liège Corpus INFO0943: 'Corpus textuels: principes de constitution et d'analyse'</publicationStmt><sourceDesc><p>https://www.ifao.egnet.net/bifao/113/2/ (BIFAO en ligne) processed using python scripts in https://github.com/PhilHen/BIFAOCorpusTools (typographical zones detected using OpenCV, OCR with Tesseract)</p></sourceDesc></fileDesc><encodingDesc><classDecl><taxonomy id="frpos"><bibl><title>pos tagset build from https://spacy.io/</title></bibl></taxonomy><taxonomy id="frlemma"><bibl><title>fr lemma of the model https://spacy.io/</title></bibl></taxonomy><taxonomy id="frMUSAS"><bibl><title>semantic tagging https://ucrel.github.io/pymusas/usage/how_to/tag_text#french</title></bibl></taxonomy></classDecl><editorialDecl><correction>Les erreurs d'orthographe confirmées par examen du PDF source n'ont pas été corrigées. Une vérification et correction manuelle du texte a été réalisée par Ph. Hennebert (philippe.hennebert@student.uliege.be) le 29/12/2023</correction><hyphenation>Les mots coupés en fin de ligne ont été réassemblés automatiquement, pour autant que la forme combinée sans trait d'union soit attestée dans le dictionnaire français https://unitexgramlab.org/fr/language-resources</hyphenation></editorialDecl></encodingDesc></teiHeader><text id="BIFAO113_art_02.pdf" auteur="Béatrix Midant-Reynes" annee="2014" titre="Michel Wuttmann" textId="13A02" nomDefunt="Wuttmann" metierDefunt="chimiste" categ="Nécrologie"><p><pb n="11"/><w frlemma="Michel" frpos="PROPN" frMUSAS="Z99">Michel</w><w frlemma=" " frpos="SPACE" frMUSAS="Z99"> </w><w frlemma="Wuttmann" frpos="PROPN" frMUSAS="Z99">Wuttmann</w><w frlemma="1955" frpos="NOUN" frMUSAS="Z99">1955</w><w frlemma="-" frpos="NOUN" frMUSAS="Z99">-</w><w frlemma="2013" frpos="NOUN" frMUSAS="Z99">2013</w></p><p><w frlemma="Michel" frpos="PROPN" frMUSAS="Z99">Michel</w><w frlemma="Wuttmann" frpos="PROPN" frMUSAS="Z99">Wuttmann</w><w frlemma="nous" frpos="PRON" frMUSAS="Z8">nous</w><w frlemma="avoir" frpos="AUX" frMUSAS="A9+">a</w><w frlemma="quitter" frpos="VERB" frMUSAS="M1">quittés</w><w frlemma="le" frpos="DET" frMUSAS="Z5">le</w><w frlemma="10" frpos="NUM" frMUSAS="N1">10</w><w frlemma="février" frpos="NOUN" frMUSAS="T1.3">février</w><w frlemma="2013" frpos="NUM" frMUSAS="N1">2013</w><w frlemma="." frpos="PUNCT" frMUSAS="PUNCT">.</w><w frlemma="nous" frpos="PRON" frMUSAS="Z8">Nous</w><w frlemma="perdre" frpos="VERB" frMUSAS="X9.2-">perdons</w><w frlemma="un" frpos="DET" frMUSAS="Z5">un</w><w frlemma="collègue" frpos="NOUN" frMUSAS="I3.2/S2mf">collègue</w><w frlemma="et" frpos="CCONJ" frMUSAS="Z5">et</w><w frlemma="un" frpos="DET" frMUSAS="Z5">un</w><w frlemma="ami" frpos="NOUN" frMUSAS="S3.1/S2mf">ami</w><w frlemma="qui" frpos="PRON" frMUSAS="Z8">qui</w><w frlemma="avoir" frpos="AUX" frMUSAS="A9+">a</w><w frlemma="œuvrer" frpos="VERB" frMUSAS="I3.1">œuvré</w><w frlemma="pour" frpos="ADP" frMUSAS="Z5">pour</w><w frlemma="le" frpos="DET" frMUSAS="Z5">la</w><w frlemma="science" frpos="NOUN" frMUSAS="Y1">science</w><w frlemma="et" frpos="CCONJ" frMUSAS="Z5">et</w><w frlemma="pour" frpos="ADP" frMUSAS="Z5">pour</w><w frlemma="le" frpos="DET" frMUSAS="Z5">l'</w><w frlemma="égypte" frpos="NOUN" frMUSAS="Z99">Égypte</w><w frlemma="durer" frpos="ADP" frMUSAS="Z5">durant</w><w frlemma="près" frpos="ADV" frMUSAS="Z99">près</w><w frlemma="de" frpos="ADP" frMUSAS="Z5">de</w><w frlemma="trente" frpos="NUM" frMUSAS="N1">trente</w><w frlemma="année" frpos="NOUN" frMUSAS="T1.3">années</w><w frlemma="." frpos="PUNCT" frMUSAS="PUNCT">.</w><w frlemma="Michel" frpos="PROPN" frMUSAS="Z99">Michel</w><w frlemma="être" frpos="AUX" frMUSAS="M6">est</w><w frlemma="naître" frpos="VERB" frMUSAS="Z99">né</w><w frlemma="le" frpos="DET" frMUSAS="Z5">le</w><w frlemma="6" frpos="NUM" frMUSAS="N1">6</w><w frlemma="juillet" frpos="NOUN" frMUSAS="T1.3">juillet</w><w frlemma="1955" frpos="NUM" frMUSAS="N1">1955</w><w frlemma="," frpos="PUNCT" frMUSAS="PUNCT">,</w><w frlemma="à" frpos="ADP" frMUSAS="Z5">à</w><w frlemma="Strasbourg" frpos="PROPN" frMUSAS="Z99">Strasbourg</w><w frlemma="," frpos="PUNCT" frMUSAS="PUNCT">,</w><w frlemma="en" frpos="ADP" frMUSAS="Z5">en</w><w frlemma="Alsace" frpos="PROPN" frMUSAS="Z99">Alsace</w><w frlemma="." frpos="PUNCT" frMUSAS="PUNCT">.</w><w frlemma="après" frpos="ADP" frMUSAS="Z5">Après</w><w frlemma="un" frpos="DET" frMUSAS="Z5">des</w><w frlemma="étude" frpos="NOUN" frMUSAS="P1">études</w><w frlemma="supérieur" frpos="ADJ" frMUSAS="A5.1++">supérieures</w><w frlemma="à" frpos="ADP" frMUSAS="Z5">à</w><w frlemma="le" frpos="DET" frMUSAS="Z5">l'</w><w frlemma="école" frpos="NOUN" frMUSAS="P1">École</w><w frlemma="de" frpos="ADP" frMUSAS="Z5">de</w><w frlemma="chimie" frpos="NOUN" frMUSAS="Y1">chimie</w><w frlemma="de" frpos="ADP" frMUSAS="Z5">de</w><w frlemma="Nancy" frpos="PROPN" frMUSAS="Z99">Nancy</w><w frlemma="," frpos="PUNCT" frMUSAS="PUNCT">,</w><w frlemma="il" frpos="PRON" frMUSAS="Z8">il</w><w frlemma="avoir" frpos="AUX" frMUSAS="A9+">a</w><w frlemma="obtenir" frpos="VERB" frMUSAS="Z99">obtenu</w><w frlemma="son" frpos="DET" frMUSAS="Z5">son</w><w frlemma="diplôme" frpos="NOUN" frMUSAS="Z99">diplôme</w><w frlemma="de" frpos="ADP" frMUSAS="Z5">d'</w><w frlemma="ingénieur" frpos="NOUN" frMUSAS="S7.1+">ingénieur</w><w frlemma="chimist" frpos="ADJ" frMUSAS="Z99">chimiste</w><w frlemma="et" frpos="CCONJ" frMUSAS="Z5">et</w><w frlemma="avoir" frpos="AUX" frMUSAS="A9+">aurait</w><w frlemma="pouvoir" frpos="VERB" frMUSAS="Z99">pu</w><w frlemma="poursuivre" frpos="VERB" frMUSAS="A1.1.1">poursuivre</w><w frlemma="," frpos="PUNCT" frMUSAS="PUNCT">,</w><w frlemma="dans" frpos="ADP" frMUSAS="Z5">dans</w><w frlemma="le" frpos="DET" frMUSAS="Z5">l'</w><w frlemma="industrie" frpos="NOUN" frMUSAS="I4c">industrie</w><w frlemma="," frpos="PUNCT" frMUSAS="PUNCT">,</w><w frlemma="un" frpos="DET" frMUSAS="Z5">une</w><w frlemma="carrière" frpos="NOUN" frMUSAS="I3.1">carrière</w><w frlemma="doré" frpos="ADJ" frMUSAS="O4.3">dorée</w><w frlemma="," frpos="PUNCT" frMUSAS="PUNCT">,</w><w frlemma="à" frpos="ADP" frMUSAS="Z5">à</w><w frlemma="le" frpos="DET" frMUSAS="Z5">l'</w><w frlemma="abri" frpos="NOUN" frMUSAS="A10-">abri</w><w frlemma="de" frpos="ADP" frMUSAS="Z5">du</w><w frlemma="besoin" frpos="NOUN" frMUSAS="S6+">besoin</w><w frlemma="." frpos="PUNCT" frMUSAS="PUNCT">.</w><w frlemma="il" frpos="PRON" frMUSAS="Z8">Il</w><w frlemma="avoir" frpos="AUX" frMUSAS="A9+">a</w><w frlemma="préférer" frpos="VERB" frMUSAS="E2++">préféré</w><w frlemma="le" frpos="DET" frMUSAS="Z5">les</w><w frlemma="chemin" frpos="NOUN" frMUSAS="Z99">chemins</w><w frlemma="étroit" frpos="ADJ" frMUSAS="Z99">étroits</w><w frlemma="de" frpos="ADP" frMUSAS="Z5">de</w><w frlemma="le" frpos="DET" frMUSAS="Z5">l'</w><w frlemma="archéologie" frpos="NOUN" frMUSAS="Z99">archéologie</w><w frlemma="," frpos="PUNCT" frMUSAS="PUNCT">,</w><w frlemma="un" frpos="DET" frMUSAS="Z5">une</w><w frlemma="passion" frpos="NOUN" frMUSAS="X5.2+">passion</w><w frlemma="qui" frpos="PRON" frMUSAS="Z8">qui</w><w frlemma="luire" frpos="PRON" frMUSAS="Z8">lui</w><w frlemma="avoir" frpos="AUX" frMUSAS="A9+">a</w><w frlemma="permettre" frpos="VERB" frMUSAS="S7.4+">permis</w><w frlemma="de" frpos="ADP" frMUSAS="Z5">d'</w><w frlemma="allier" frpos="NOUN" frMUSAS="Z99">allier</w><w frlemma="son" frpos="DET" frMUSAS="Z5">sa</w><w frlemma="haute" frpos="NOUN" frMUSAS="Z99">haute</w><w frlemma="formation" frpos="NOUN" frMUSAS="P1">formation</w><w frlemma="de" frpos="ADP" frMUSAS="Z5">de</w><w frlemma="chimiste" frpos="NOUN" frMUSAS="Z99">chimiste</w><w frlemma="et" frpos="CCONJ" frMUSAS="Z5">et</w><w frlemma="son" frpos="DET" frMUSAS="Z5">son</w><w frlemma="aisance" frpos="NOUN" frMUSAS="Z99">aisance</w><w frlemma="dans" frpos="ADP" frMUSAS="Z5">dans</w><w frlemma="le" frpos="DET" frMUSAS="Z5">les</w><w frlemma="science" frpos="NOUN" frMUSAS="Y1">sciences</w><w frlemma="dire" frpos="VERB" frMUSAS="Q2.1">dites</w><w frlemma="«" frpos="NUM" frMUSAS="N1">«</w><w frlemma="exact" frpos="ADJ" frMUSAS="Z99">exactes</w><w frlemma="»" frpos="PUNCT" frMUSAS="PUNCT">»</w><w frlemma="à" frpos="ADP" frMUSAS="Z5">aux</w><w frlemma="démarche" frpos="NOUN" frMUSAS="Z99">démarches</w><w frlemma="moins" frpos="ADV" frMUSAS="A13.6">moins</w><w frlemma="assuré" frpos="NOUN" frMUSAS="Z99">assurées</w><w frlemma="," frpos="PUNCT" frMUSAS="PUNCT">,</w><w frlemma="mais" frpos="CCONJ" frMUSAS="Z5">mais</w><w frlemma="tout" frpos="ADV" frMUSAS="Z8">tout</w><w frlemma="aussi" frpos="ADV" frMUSAS="Z99">aussi</w><w frlemma="exigeant" frpos="ADJ" frMUSAS="Z99">exigeantes</w><w frlemma="," frpos="PUNCT" frMUSAS="PUNCT">,</w><w frlemma="un" frpos="DET" frMUSAS="Z5">des</w><w frlemma="science" frpos="NOUN" frMUSAS="Y1">sciences</w><w frlemma="humain" frpos="ADJ" frMUSAS="S2">humaines</w><w frlemma="." frpos="PUNCT" frMUSAS="PUNCT">.</w><w frlemma="après" frpos="ADP" frMUSAS="Z5">Après</w><w frlemma="avoir" frpos="AUX" frMUSAS="A9+">avoir</w><w frlemma="exercer" frpos="VERB" frMUSAS="Z99">exercé</w><w frlemma="le" frpos="DET" frMUSAS="Z5">l'</w><w frlemma="archéologie" frpos="NOUN" frMUSAS="Z99">archéologie</w><w frlemma="chez" frpos="ADP" frMUSAS="Z5">chez</w><w frlemma="luire" frpos="PRON" frMUSAS="Z8">lui</w><w frlemma="," frpos="PUNCT" frMUSAS="PUNCT">,</w><w frlemma="en" frpos="ADP" frMUSAS="Z5">en</w><w frlemma="Alsace" frpos="PROPN" frMUSAS="Z99">Alsace</w><w frlemma="," frpos="PUNCT" frMUSAS="PUNCT">,</w><w frlemma="pouvoir" frpos="CCONJ" frMUSAS="Z99">puis</w><w frlemma="au" frpos="ADP" frMUSAS="Z5">au</w><w frlemma="yémen" frpos="NOUN" frMUSAS="Z99">Yémen</w><w frlemma="et" frpos="CCONJ" frMUSAS="Z5">et</w><w frlemma="en" frpos="ADP" frMUSAS="Z5">en</w><w frlemma="Syrie" frpos="PROPN" frMUSAS="Z99">Syrie</w><w frlemma="," frpos="PUNCT" frMUSAS="PUNCT">,</w><w frlemma="il" frpos="PRON" frMUSAS="Z8">il</w><w frlemma="avoir" frpos="AUX" frMUSAS="A9+">a</w><w frlemma="effectuer" frpos="VERB" frMUSAS="Z99">effectué</w><w frlemma="son" frpos="DET" frMUSAS="Z5">son</w><w frlemma="service" frpos="NOUN" frMUSAS="A1.1.1">service</w><w frlemma="militaire" frpos="ADJ" frMUSAS="G3">militaire</w><w frlemma="dans" frpos="ADP" frMUSAS="Z5">dans</w><w frlemma="le" frpos="DET" frMUSAS="Z5">le</w><w frlemma="cadre" frpos="NOUN" frMUSAS="Z99">cadre</w><w frlemma="de" frpos="ADP" frMUSAS="Z5">de</w><w frlemma="le" frpos="DET" frMUSAS="Z5">la</w><w frlemma="coopération" frpos="NOUN" frMUSAS="S8+">coopération</w><w frlemma="," frpos="PUNCT" frMUSAS="PUNCT">,</w><w frlemma="au" frpos="ADP" frMUSAS="Z5">au</w><w frlemma="centre" frpos="NOUN" frMUSAS="M6">centre</w><w frlemma="de" frpos="ADP" frMUSAS="Z5">d'</w><w frlemma="étude" frpos="NOUN" frMUSAS="P1">étude</w><w frlemma="franco-égyptien" frpos="ADJ" frMUSAS="Z99">franco-égyptien</w><w frlemma="de" frpos="ADP" frMUSAS="Z5">des</w><w frlemma="temple" frpos="NOUN" frMUSAS="S9/H1">temples</w><w frlemma="de" frpos="ADP" frMUSAS="Z5">de</w><w frlemma="Karnak" frpos="PROPN" frMUSAS="Z99">Karnak</w><w frlemma="," frpos="PUNCT" frMUSAS="PUNCT">,</w><w frlemma="pouvoir" frpos="CCONJ" frMUSAS="Z99">puis</w><w frlemma="avoir" frpos="AUX" frMUSAS="A9+">a</w><w frlemma="rejoindre" frpos="VERB" frMUSAS="Z99">rejoint</w><w frlemma="le" frpos="DET" frMUSAS="Z5">les</w><w frlemma="chantier" frpos="NOUN" frMUSAS="Z99">chantiers</w><w frlemma="de" frpos="ADP" frMUSAS="Z5">de</w><w frlemma="le" frpos="DET" frMUSAS="Z5">l'</w><w frlemma="Ifao" frpos="PROPN" frMUSAS="Z99">Ifao</w><w frlemma="et" frpos="CCONJ" frMUSAS="Z5">et</w><w frlemma="ce" frpos="PRON" frMUSAS="Z8">c'</w><w frlemma="être" frpos="AUX" frMUSAS="M6">est</w><w frlemma="alors" frpos="ADV" frMUSAS="Z99">alors</w><w frlemma="que" frpos="SCONJ" frMUSAS="Z5">que</w><w frlemma="son" frpos="DET" frMUSAS="Z5">son</w><w frlemma="rêve" frpos="NOUN" frMUSAS="X2">rêve</w><w frlemma="égyptien" frpos="ADJ" frMUSAS="Z2/S2mf">égyptien</w><w frlemma="avoir" frpos="AUX" frMUSAS="A9+">a</w><w frlemma="commencer" frpos="VERB" frMUSAS="Z99">commencé</w><w frlemma="à" frpos="ADP" frMUSAS="Z5">à</w><w frlemma="se" frpos="PRON" frMUSAS="Z8">se</w><w frlemma="réaliser" frpos="VERB" frMUSAS="Z99">réaliser</w><w frlemma="." frpos="PUNCT" frMUSAS="PUNCT">.</w><w frlemma="embauché" frpos="NOUN" frMUSAS="Z99">Embauché</w><w frlemma="sur" frpos="ADP" frMUSAS="Z5">sur</w><w frlemma="de" frpos="DET" frMUSAS="Z5">de</w><w frlemma="petit" frpos="ADJ" frMUSAS="Z99">petits</w><w frlemma="contrat" frpos="NOUN" frMUSAS="Q1.2/I2.1">contrats</w><w frlemma="," frpos="PUNCT" frMUSAS="PUNCT">,</w><w frlemma="il" frpos="PRON" frMUSAS="Z8">il</w><w frlemma="se" frpos="PRON" frMUSAS="Z8">se</w><w frlemma="rendre" frpos="VERB" frMUSAS="Z99">rend</w><w frlemma="vite" frpos="ADV" frMUSAS="Z99">vite</w><w frlemma="indispensable" frpos="ADJ" frMUSAS="S6+">indispensable</w><w frlemma="," frpos="PUNCT" frMUSAS="PUNCT">,</w><w frlemma="même" frpos="ADV" frMUSAS="Z99">même</w><w frlemma="si" frpos="SCONJ" frMUSAS="Z5">si</w><w frlemma="," frpos="PUNCT" frMUSAS="PUNCT">,</w><w frlemma="à" frpos="ADP" frMUSAS="Z5">à</w><w frlemma="ce" frpos="DET" frMUSAS="Z5">cette</w><w frlemma="époque" frpos="NOUN" frMUSAS="Z99">époque</w><w frlemma="," frpos="PUNCT" frMUSAS="PUNCT">,</w><w frlemma="en" frpos="ADP" frMUSAS="Z5">en</w><w frlemma="1982" frpos="NUM" frMUSAS="N1">1982</w><w frlemma="," frpos="PUNCT" frMUSAS="PUNCT">,</w><w frlemma="le" frpos="DET" frMUSAS="Z5">l'</w><w frlemma="idée" frpos="NOUN" frMUSAS="X4.1">idée</w><w frlemma="de" frpos="ADP" frMUSAS="Z5">d'</w><w frlemma="un" frpos="DET" frMUSAS="Z5">un</w><w frlemma="laboratoire" frpos="NOUN" frMUSAS="Y1/H1c">laboratoire</w><w frlemma="de" frpos="ADP" frMUSAS="Z5">de</w><w frlemma="restauration" frpos="NOUN" frMUSAS="Z99">restauration</w><w frlemma="implanter" frpos="VERB" frMUSAS="Z99">implanté</w><w frlemma="à" frpos="ADP" frMUSAS="Z5">à</w><w frlemma="le" frpos="DET" frMUSAS="Z5">l'</w><w frlemma="Institut" frpos="PROPN" frMUSAS="P1/S5+c">Institut</w><w frlemma="ne" frpos="ADV" frMUSAS="Z6">n'</w><w frlemma="avoir" frpos="AUX" frMUSAS="A9+">a</w><w frlemma="pas" frpos="ADV" frMUSAS="Z99">pas</w><w frlemma="encore" frpos="ADV" frMUSAS="Z99">encore</w><w frlemma="faire" frpos="VERB" frMUSAS="Z99">fait</w><w frlemma="son" frpos="DET" frMUSAS="Z5">son</w><w frlemma="chemin" frpos="NOUN" frMUSAS="Z99">chemin</w><w frlemma="." frpos="PUNCT" frMUSAS="PUNCT">.</w><w frlemma="écouton" frpos="NOUN" frMUSAS="Z99">Écoutons</w><w frlemma="le" frpos="DET" frMUSAS="Z5">la</w><w frlemma="directrice" frpos="NOUN" frMUSAS="Z99">directrice</w><w frlemma="de" frpos="ADP" frMUSAS="Z5">d'</w><w frlemma="alors" frpos="ADV" frMUSAS="Z99">alors</w><w frlemma="(" frpos="PUNCT" frMUSAS="PUNCT">(</w><w frlemma="bifao" frpos="NOUN" frMUSAS="Z99">BIFAO</w><w frlemma="82" frpos="NUM" frMUSAS="N1">82</w><w frlemma="," frpos="PUNCT" frMUSAS="PUNCT">,</w><w frlemma="1982" frpos="NUM" frMUSAS="N1">1982</w><w frlemma="," frpos="PUNCT" frMUSAS="PUNCT">,</w><w frlemma="p." frpos="NOUN" frMUSAS="Z99">p.</w><w frlemma="380" frpos="NUM" frMUSAS="N1">380</w><w frlemma=")" frpos="PUNCT" frMUSAS="PUNCT">)</w><w frlemma=":" frpos="PUNCT" frMUSAS="PUNCT">:</w><w frlemma="«" frpos="NOUN" frMUSAS="Z99">«</w><w frlemma="Rien" frpos="PROPN" frMUSAS="A11.1-">Rien</w><w frlemma="," frpos="PUNCT" frMUSAS="PUNCT">,</w><w frlemma="dans" frpos="ADP" frMUSAS="Z5">dans</w><w frlemma="le" frpos="DET" frMUSAS="Z5">les</w><w frlemma="exigence" frpos="NOUN" frMUSAS="Z99">exigences</w><w frlemma="de" frpos="ADP" frMUSAS="Z5">du</w><w frlemma="service" frpos="NOUN" frMUSAS="A1.1.1">service</w><w frlemma="en" frpos="ADP" frMUSAS="Z5">en</w><w frlemma="ce" frpos="PRON" frMUSAS="Z8">ce</w><w frlemma="qui" frpos="PRON" frMUSAS="Z8">qui</w><w frlemma="concerner" frpos="VERB" frMUSAS="E6-">concerne</w><w frlemma="le" frpos="DET" frMUSAS="Z5">les</w><w frlemma="fouille" frpos="NOUN" frMUSAS="Z99">fouilles</w><w frlemma="," frpos="PUNCT" frMUSAS="PUNCT">,</w><w frlemma="ne" frpos="ADV" frMUSAS="Z6">ne</w><w frlemma="gêne" frpos="VERB" frMUSAS="Z99">gêne</w><w frlemma="le" frpos="DET" frMUSAS="Z5">l'</w><w frlemma="ifao" frpos="NOUN" frMUSAS="Z99">IFAO</w><w frlemma="," frpos="PUNCT" frMUSAS="PUNCT">,</w><w frlemma="si" frpos="SCONJ" frMUSAS="Z5">si</w><w frlemma="ce" frpos="PRON" frMUSAS="Z8">ce</w><w frlemma="ne" frpos="ADV" frMUSAS="Z6">n'</w><w frlemma="être" frpos="AUX" frMUSAS="M6">est</w><w frlemma="le" frpos="DET" frMUSAS="Z5">la</w><w frlemma="présence" frpos="NOUN" frMUSAS="M6">présence</w><w frlemma="de" frpos="ADP" frMUSAS="Z5">d'</w><w frlemma="un" frpos="DET" frMUSAS="Z5">un</w><w frlemma="restaurateur" frpos="NOUN" frMUSAS="Z99">restaurateur</w><w frlemma="," frpos="PUNCT" frMUSAS="PUNCT">,</w><w frlemma="puisque" frpos="SCONJ" frMUSAS="N4">puisque</w><w frlemma="le" frpos="DET" frMUSAS="Z5">l'</w><w frlemma="Institut" frpos="PROPN" frMUSAS="P1/S5+c">Institut</w><w frlemma="ne" frpos="ADV" frMUSAS="Z6">ne</w><w frlemma="posséder" frpos="VERB" frMUSAS="Z99">possède</w><w frlemma="pas" frpos="ADV" frMUSAS="Z99">pas</w><w frlemma="de" frpos="DET" frMUSAS="Z5">de</w><w frlemma="technicien" frpos="ADJ" frMUSAS="Y1/S2mf">technicien</w><w frlemma="spécialisé" frpos="ADJ" frMUSAS="Z99">spécialisé</w><w frlemma="dans" frpos="ADP" frMUSAS="Z5">dans</w><w frlemma="le" frpos="DET" frMUSAS="Z5">la</w><w frlemma="restauration" frpos="NOUN" frMUSAS="Z99">restauration</w><w frlemma="de" frpos="ADP" frMUSAS="Z5">des</w><w frlemma="antiquité" frpos="NOUN" frMUSAS="Z99">antiquités</w><w frlemma="qui" frpos="PRON" frMUSAS="Z8">qui</w><w frlemma="luire" frpos="PRON" frMUSAS="Z8">lui</w><w frlemma="être" frpos="AUX" frMUSAS="Z99">soit</w><w frlemma="attacher" frpos="VERB" frMUSAS="A1.7+">attaché</w><w frlemma="de" frpos="ADP" frMUSAS="Z5">de</w><w frlemma="façon" frpos="NOUN" frMUSAS="Z99">façon</w><w frlemma="permanent" frpos="ADJ" frMUSAS="T2+++">permanente</w><w frlemma="." frpos="PUNCT" frMUSAS="PUNCT">.</w><w frlemma="ce" frpos="DET" frMUSAS="Z5">Cette</w><w frlemma="année" frpos="NOUN" frMUSAS="T1.3">année</w><w frlemma="le" frpos="DET" frMUSAS="Z5">la</w><w frlemma="mission" frpos="NOUN" frMUSAS="X7+">mission</w><w frlemma="de" frpos="ADP" frMUSAS="Z5">de</w><w frlemma="Balat" frpos="PROPN" frMUSAS="Z99">Balat</w><w frlemma="avoir" frpos="AUX" frMUSAS="A9+">a</w><w frlemma="pouvoir" frpos="VERB" frMUSAS="Z99">pu</w><w frlemma="profiter" frpos="VERB" frMUSAS="Z99">profiter</w><w frlemma="de" frpos="ADP" frMUSAS="Z5">de</w><w frlemma="le" frpos="DET" frMUSAS="Z5">la</w><w frlemma="présence" frpos="NOUN" frMUSAS="M6">présence</w><w frlemma="de" frpos="ADP" frMUSAS="Z5">de</w><w frlemma="m." frpos="NOUN" frMUSAS="Z99">M.</w><w frlemma="Michel" frpos="PROPN" frMUSAS="Z99">Michel</w><w frlemma="Wuttmann" frpos="PROPN" frMUSAS="Z99">Wuttmann</w><w frlemma="," frpos="PUNCT" frMUSAS="PUNCT">,</w><w frlemma="ingénieur" frpos="NOUN" frMUSAS="S7.1+">ingénieur</w><w frlemma="chimist" frpos="ADJ" frMUSAS="Z99">chimiste</w><w frlemma="et" frpos="CCONJ" frMUSAS="Z5">et</w><w frlemma="restaurateur" frpos="NOUN" frMUSAS="Z99">restaurateur</w><w frlemma="de" frpos="ADP" frMUSAS="Z5">d'</w><w frlemma="antiquité" frpos="NOUN" frMUSAS="Z99">antiquités</w><w frlemma="," frpos="PUNCT" frMUSAS="PUNCT">,</w><w frlemma="de" frpos="ADP" frMUSAS="Z5">de</w><w frlemma="passage" frpos="NOUN" frMUSAS="Z99">passage</w><w frlemma="en" frpos="ADP" frMUSAS="Z5">en</w><w frlemma="égypte" frpos="NOUN" frMUSAS="Z99">Égypte</w><w frlemma="." frpos="PUNCT" frMUSAS="PUNCT">.</w><w frlemma="m." frpos="NOUN" frMUSAS="Z99">M.</w><w frlemma="Wuttmann" frpos="PROPN" frMUSAS="Z99">Wuttmann</w><w frlemma="avoir" frpos="AUX" frMUSAS="A9+">a</w><w frlemma="recevoir" frpos="VERB" frMUSAS="A9+">reçu</w><w frlemma="deux" frpos="NUM" frMUSAS="N1">deux</w><w frlemma="vacation" frpos="NOUN" frMUSAS="Z99">vacations</w><w frlemma="pour" frpos="ADP" frMUSAS="Z5">pour</w><w frlemma="restaurer" frpos="VERB" frMUSAS="Z99">restaurer</w><w frlemma="un" frpos="DET" frMUSAS="Z5">des</w><w frlemma="objet" frpos="NOUN" frMUSAS="Z99">objets</w><w frlemma="découvrir" frpos="VERB" frMUSAS="A10+">découverts</w><w frlemma="au" frpos="ADP" frMUSAS="Z5">au</w><w frlemma="cours" frpos="NOUN" frMUSAS="M1">cours</w><w frlemma="de" frpos="ADP" frMUSAS="Z5">des</w><w frlemma="campagne" frpos="NOUN" frMUSAS="W3">campagnes</w><w frlemma="de" frpos="ADP" frMUSAS="Z5">de</w><w frlemma="Balat" frpos="PROPN" frMUSAS="Z99">Balat</w><w frlemma="et" frpos="CCONJ" frMUSAS="Z5">et</w><w frlemma="stocker" frpos="VERB" frMUSAS="Z99">stockés</w><w frlemma="dans" frpos="ADP" frMUSAS="Z5">dans</w><w frlemma="le" frpos="DET" frMUSAS="Z5">le</w><w frlemma="magasin" frpos="NOUN" frMUSAS="A9+">magasin</w><w frlemma="de" frpos="ADP" frMUSAS="Z5">du</w><w frlemma="site" frpos="NOUN" frMUSAS="M6">site</w><w frlemma="." frpos="PUNCT" frMUSAS="PUNCT">.</w><w frlemma="ce" frpos="PRON" frMUSAS="Z8">C'</w><w frlemma="être" frpos="AUX" frMUSAS="Z99">était</w><w frlemma="un" frpos="DET" frMUSAS="Z5">un</w><w frlemma="hasard" frpos="NOUN" frMUSAS="Z99">hasard</w><w frlemma="heureux" frpos="ADJ" frMUSAS="Z99">heureux</w><w frlemma="dont" frpos="PRON" frMUSAS="Z8">dont</w><w frlemma="nous" frpos="PRON" frMUSAS="Z8">nous</w><w frlemma="ne" frpos="ADV" frMUSAS="Z6">ne</w><w frlemma="pouvoir" frpos="VERB" frMUSAS="Z99">pourrons</w><w frlemma="pas" frpos="ADV" frMUSAS="Z99">pas</w><w frlemma="toujours" frpos="ADV" frMUSAS="N6+++">toujours</w><w frlemma="profiter" frpos="VERB" frMUSAS="Z99">profiter</w><w frlemma="." frpos="PUNCT" frMUSAS="PUNCT">.</w><w frlemma="»" frpos="PUNCT" frMUSAS="PUNCT">»</w><w frlemma="et" frpos="CCONJ" frMUSAS="Z5">Et</w><w frlemma="," frpos="PUNCT" frMUSAS="PUNCT">,</w><w frlemma="en" frpos="ADP" frMUSAS="Z5">en</w><w frlemma="1985" frpos="NUM" frMUSAS="N1">1985</w><w frlemma="(" frpos="PUNCT" frMUSAS="PUNCT">(</w><w frlemma="bifao" frpos="ADV" frMUSAS="Z99">BIFAO</w><w frlemma="85" frpos="NUM" frMUSAS="N1">85</w><w frlemma="," frpos="PUNCT" frMUSAS="PUNCT">,</w><w frlemma="1985" frpos="NUM" frMUSAS="N1">1985</w><w frlemma="," frpos="PUNCT" frMUSAS="PUNCT">,</w><w frlemma="p." frpos="NOUN" frMUSAS="Z99">p.</w><w frlemma="296" frpos="NUM" frMUSAS="N1">296</w><w frlemma=")" frpos="PUNCT" frMUSAS="PUNCT">)</w><w frlemma=":" frpos="PUNCT" frMUSAS="PUNCT">:</w><w frlemma="«" frpos="VERB" frMUSAS="Z99">«</w><w frlemma="dans" frpos="ADP" frMUSAS="Z5">Dans</w><w frlemma="le" frpos="DET" frMUSAS="Z5">le</w><w frlemma="même" frpos="ADJ" frMUSAS="Z99">même</w><w frlemma="chapitre" frpos="NOUN" frMUSAS="Q4.1">chapitre</w><w frlemma="," frpos="PUNCT" frMUSAS="PUNCT">,</w><w frlemma="on" frpos="PRON" frMUSAS="Z8">on</w><w frlemma="signaler" frpos="VERB" frMUSAS="Z99">signalera</w><w frlemma="le" frpos="DET" frMUSAS="Z5">les</w><w frlemma="travail" frpos="NOUN" frMUSAS="I3.1">travaux</w><w frlemma="de" frpos="ADP" frMUSAS="Z5">de</w><w frlemma="Michel" frpos="PROPN" frMUSAS="Z99">Michel</w><w frlemma="Wuttmann" frpos="PROPN" frMUSAS="Z99">Wuttmann</w><w frlemma="," frpos="PUNCT" frMUSAS="PUNCT">,</w><w frlemma="missionnaire" frpos="ADJ" frMUSAS="Z99">missionnaire</w><w frlemma="et" frpos="CCONJ" frMUSAS="Z5">et</w><w frlemma="vacataire" frpos="ADJ" frMUSAS="Z99">vacataire</w><w frlemma="de" frpos="ADP" frMUSAS="Z5">de</w><w frlemma="le" frpos="DET" frMUSAS="Z5">l'</w><w frlemma="ifao" frpos="NOUN" frMUSAS="Z99">IFAO</w><w frlemma="," frpos="PUNCT" frMUSAS="PUNCT">,</w><w frlemma="dont" frpos="PRON" frMUSAS="Z8">dont</w><w frlemma="le" frpos="DET" frMUSAS="Z5">l'</w><w frlemma="activité" frpos="NOUN" frMUSAS="A1.1.1">activité</w><w frlemma="sur" frpos="ADP" frMUSAS="Z5">sur</w><w frlemma="notre" frpos="DET" frMUSAS="Z5">nos</w><w frlemma="chantier" frpos="NOUN" frMUSAS="Z99">chantiers</w><w frlemma="et" frpos="CCONJ" frMUSAS="Z5">et</w><w frlemma="sur" frpos="ADP" frMUSAS="Z5">sur</w><w frlemma="le" frpos="DET" frMUSAS="Z5">les</w><w frlemma="chantier" frpos="NOUN" frMUSAS="Z99">chantiers</w><w frlemma="extérieur" frpos="ADJ" frMUSAS="M6">extérieurs</w><w frlemma="à" frpos="ADP" frMUSAS="Z5">à</w><w frlemma="le" frpos="DET" frMUSAS="Z5">l'</w><w frlemma="ifao" frpos="NOUN" frMUSAS="Z99">IFAO</w><w frlemma="être" frpos="AUX" frMUSAS="M6">est</w><w frlemma="au-dessus" frpos="ADV" frMUSAS="M6">au-dessus</w><w frlemma="de" frpos="ADP" frMUSAS="Z5">de</w><w frlemma="tout" frpos="DET" frMUSAS="Z8">tout</w><w frlemma="éloge" frpos="NOUN" frMUSAS="S7.2+/Q2.2">éloge</w><w frlemma="," frpos="PUNCT" frMUSAS="PUNCT">,</w><w frlemma="pour" frpos="ADP" frMUSAS="Z5">pour</w><w frlemma="son" frpos="DET" frMUSAS="Z5">ses</w><w frlemma="restauration" frpos="NOUN" frMUSAS="Z99">restaurations</w><w frlemma="de" frpos="ADP" frMUSAS="Z5">d'</w><w frlemma="objet" frpos="NOUN" frMUSAS="Z99">objets</w><w frlemma="ou" frpos="CCONJ" frMUSAS="Z5">ou</w><w frlemma="de" frpos="ADP" frMUSAS="Z5">de</w><w frlemma="monument" frpos="NOUN" frMUSAS="O2">monuments</w><w frlemma="et" frpos="CCONJ" frMUSAS="Z5">et</w><w frlemma="son" frpos="DET" frMUSAS="Z5">sa</w><w frlemma="collaboration" frpos="NOUN" frMUSAS="S1.1.3+">collaboration</w><w frlemma="à" frpos="ADP" frMUSAS="Z5">aux</w><w frlemma="fouille" frpos="NOUN" frMUSAS="Z99">fouilles</w><w frlemma="." frpos="PUNCT" frMUSAS="PUNCT">.</w><w frlemma="»" frpos="PUNCT" frMUSAS="PUNCT">»</w><w frlemma="tant" frpos="ADV" frMUSAS="Z99">Tant</w><w frlemma="et" frpos="CCONJ" frMUSAS="Z5">et</w><w frlemma="si" frpos="SCONJ" frMUSAS="Z5">si</w><w frlemma="bien" frpos="ADV" frMUSAS="A10+">bien</w><w frlemma="que" frpos="SCONJ" frMUSAS="Z5">qu'</w><w frlemma="en" frpos="ADP" frMUSAS="Z5">en</w><w frlemma="1992" frpos="NUM" frMUSAS="N1">1992</w><w frlemma="," frpos="PUNCT" frMUSAS="PUNCT">,</w><w frlemma="il" frpos="PRON" frMUSAS="Z8">il</w><w frlemma="être" frpos="AUX" frMUSAS="M6">est</w><w frlemma="recruter" frpos="VERB" frMUSAS="I3.1/A9+">recruté</w><w frlemma="sur" frpos="ADP" frMUSAS="Z5">sur</w><w frlemma="un" frpos="DET" frMUSAS="Z5">un</w><w frlemma="poste" frpos="NOUN" frMUSAS="Z99">poste</w><w frlemma="de" frpos="ADP" frMUSAS="Z5">d'</w><w frlemma="ingénieur" frpos="NOUN" frMUSAS="S7.1+">ingénieur</w><w frlemma="de" frpos="ADP" frMUSAS="Z5">de</w><w frlemma="recherche" frpos="NOUN" frMUSAS="Z99">recherche</w><w frlemma="et" frpos="CCONJ" frMUSAS="Z5">et</w><w frlemma="créer" frpos="VERB" frMUSAS="A1.1.1">crée</w><w frlemma="le" frpos="DET" frMUSAS="Z5">le</w><w frlemma="laboratoire" frpos="NOUN" frMUSAS="Y1/H1c">laboratoire</w><w frlemma="de" frpos="ADP" frMUSAS="Z5">de</w><w frlemma="restauration" frpos="NOUN" frMUSAS="Z99">restauration</w><w frlemma="et" frpos="CCONJ" frMUSAS="Z5">et</w><w frlemma="de" frpos="ADP" frMUSAS="Z5">d'</w><w frlemma="étude" frpos="NOUN" frMUSAS="P1">étude</w><w frlemma="de" frpos="ADP" frMUSAS="Z5">des</w><w frlemma="matériau" frpos="NOUN" frMUSAS="A1.6">matériaux</w><w frlemma="," frpos="PUNCT" frMUSAS="PUNCT">,</w><w frlemma="pouvoir" frpos="CCONJ" frMUSAS="Z99">puis</w><w frlemma="," frpos="PUNCT" frMUSAS="PUNCT">,</w><w frlemma="en" frpos="ADP" frMUSAS="Z5">en</w><w frlemma="2006" frpos="NUM" frMUSAS="N1">2006</w><w frlemma="," frpos="PUNCT" frMUSAS="PUNCT">,</w><w frlemma="le" frpos="DET" frMUSAS="Z5">le</w><w frlemma="laboratoire" frpos="NOUN" frMUSAS="Y1/H1c">laboratoire</w><w frlemma="de" frpos="ADP" frMUSAS="Z5">de</w><pb n="12"/><w frlemma="datation" frpos="NOUN" frMUSAS="Z99">datation</w><w frlemma="radiocarbone" frpos="VERB" frMUSAS="Z99">radiocarbone</w><w frlemma="," frpos="PUNCT" frMUSAS="PUNCT">,</w><w frlemma="dont" frpos="PRON" frMUSAS="Z8">dont</w><w frlemma="tout" frpos="ADJ" frMUSAS="Z8">tout</w><w frlemma="le" frpos="DET" frMUSAS="Z5">l'</w><w frlemma="intérêt" frpos="NOUN" frMUSAS="X5.2+">intérêt</w><w frlemma="se" frpos="PRON" frMUSAS="Z8">se</w><w frlemma="concevoir" frpos="VERB" frMUSAS="X2.1">conçoit</w><w frlemma="aisémer" frpos="VERB" frMUSAS="Z99">aisément</w><w frlemma="dans" frpos="ADP" frMUSAS="Z5">dans</w><w frlemma="un" frpos="DET" frMUSAS="Z5">un</w><w frlemma="pays" frpos="NOUN" frMUSAS="G1.1c">pays</w><w frlemma="où" frpos="PRON" frMUSAS="Z8">où</w><w frlemma="le" frpos="DET" frMUSAS="Z5">l'</w><w frlemma="exportation" frpos="NOUN" frMUSAS="I2.2/M2">exportation</w><w frlemma="de" frpos="ADP" frMUSAS="Z5">d'</w><w frlemma="échantillon" frpos="NOUN" frMUSAS="A4.1">échantillons</w><w frlemma="archéologique" frpos="ADJ" frMUSAS="Z99">archéologiques</w><w frlemma="être" frpos="AUX" frMUSAS="M6">est</w><w frlemma="strictement" frpos="ADV" frMUSAS="S1.2.5+">strictement</w><w frlemma="interdire" frpos="VERB" frMUSAS="Z99">interdite</w><w frlemma="par" frpos="ADP" frMUSAS="M6">par</w><w frlemma="le" frpos="DET" frMUSAS="Z5">la</w><w frlemma="législation" frpos="NOUN" frMUSAS="G2.1">législation</w><w frlemma="." frpos="PUNCT" frMUSAS="PUNCT">.</w><w frlemma="commandité" frpos="NOUN" frMUSAS="Z99">Commandité</w><w frlemma="en" frpos="ADP" frMUSAS="Z5">en</w><w frlemma="1996" frpos="NUM" frMUSAS="N1">1996</w><w frlemma="par" frpos="ADP" frMUSAS="M6">par</w><w frlemma="le" frpos="DET" frMUSAS="Z5">la</w><w frlemma="direction" frpos="NOUN" frMUSAS="Z99">direction</w><w frlemma="de" frpos="ADP" frMUSAS="Z5">de</w><w frlemma="le" frpos="DET" frMUSAS="Z5">l'</w><w frlemma="ifao" frpos="NOUN" frMUSAS="Z99">Ifao</w><w frlemma="pour" frpos="ADP" frMUSAS="Z5">pour</w><w frlemma="un" frpos="DET" frMUSAS="Z5">un</w><w frlemma="travail" frpos="NOUN" frMUSAS="I3.1">travail</w><w frlemma="de" frpos="ADP" frMUSAS="Z5">de</w><w frlemma="restauration" frpos="NOUN" frMUSAS="Z99">restauration</w><w frlemma="majeur" frpos="ADJ" frMUSAS="A11.1+">majeur</w><w frlemma="sur" frpos="ADP" frMUSAS="Z5">sur</w><w frlemma="le" frpos="DET" frMUSAS="Z5">le</w><w frlemma="temple" frpos="NOUN" frMUSAS="S9/H1">temple</w><w frlemma="de" frpos="ADP" frMUSAS="Z5">de</w><w frlemma="Douch" frpos="PROPN" frMUSAS="Z99">Douch</w><w frlemma="," frpos="PUNCT" frMUSAS="PUNCT">,</w><w frlemma="dans" frpos="ADP" frMUSAS="Z5">dans</w><w frlemma="le" frpos="DET" frMUSAS="Z5">l'</w><w frlemma="oasis" frpos="NOUN" frMUSAS="Z99">oasis</w><w frlemma="de" frpos="ADP" frMUSAS="Z5">de</w><w frlemma="Kharga" frpos="PROPN" frMUSAS="Z99">Kharga</w><w frlemma="," frpos="PUNCT" frMUSAS="PUNCT">,</w><w frlemma="Michel" frpos="PROPN" frMUSAS="Z99">Michel</w><w frlemma="découvrir" frpos="VERB" frMUSAS="A10+">découvre</w><w frlemma="alors" frpos="ADV" frMUSAS="Z99">alors</w><w frlemma="," frpos="PUNCT" frMUSAS="PUNCT">,</w><w frlemma="dans" frpos="ADP" frMUSAS="Z5">dans</w><w frlemma="le" frpos="DET" frMUSAS="Z5">le</w><w frlemma="paysage" frpos="NOUN" frMUSAS="Z99">paysage</w><w frlemma="magique" frpos="ADJ" frMUSAS="Z99">magique</w><w frlemma="de" frpos="ADP" frMUSAS="Z5">des</w><w frlemma="grand" frpos="ADJ" frMUSAS="Z99">grandes</w><w frlemma="barkhane" frpos="NOUN" frMUSAS="Z99">barkhanes</w><w frlemma="," frpos="PUNCT" frMUSAS="PUNCT">,</w><w frlemma="le" frpos="DET" frMUSAS="Z5">l'</w><w frlemma="immensité" frpos="NOUN" frMUSAS="Z99">immensité</w><w frlemma="de" frpos="ADP" frMUSAS="Z5">des</w><w frlemma="recherche" frpos="NOUN" frMUSAS="Z99">recherches</w><w frlemma="qui" frpos="PRON" frMUSAS="Z8">qui</w><w frlemma="rester" frpos="VERB" frMUSAS="M8">restent</w><w frlemma="à" frpos="ADP" frMUSAS="Z5">à</w><w frlemma="accomplir" frpos="VERB" frMUSAS="X9.2+">accomplir</w><w frlemma="dans" frpos="ADP" frMUSAS="Z5">dans</w><w frlemma="ce" frpos="DET" frMUSAS="Z5">ces</w><w frlemma="désert" frpos="NOUN" frMUSAS="Z99">déserts</w><w frlemma="qui" frpos="PRON" frMUSAS="Z8">qui</w><w frlemma="avoir" frpos="AUX" frMUSAS="A9+">ont</w><w frlemma="savoir" frpos="VERB" frMUSAS="X2.2+">su</w><w frlemma="garder" frpos="VERB" frMUSAS="A9+">garder</w><w frlemma="durer" frpos="ADP" frMUSAS="Z5">durant</w><w frlemma="un" frpos="DET" frMUSAS="Z5">des</w><w frlemma="millénaire" frpos="NOUN" frMUSAS="Z99">millénaires</w><w frlemma="le" frpos="DET" frMUSAS="Z5">les</w><w frlemma="vestige" frpos="NOUN" frMUSAS="Z99">vestiges</w><w frlemma="quasi" frpos="ADJ" frMUSAS="Z99">quasi</w><w frlemma="intact" frpos="ADJ" frMUSAS="N5.1+">intacts</w><w frlemma="de" frpos="ADP" frMUSAS="Z5">des</w><w frlemma="population" frpos="NOUN" frMUSAS="S2/N5c">populations</w><w frlemma="qui" frpos="PRON" frMUSAS="Z8">qui</w><w frlemma="se" frpos="PRON" frMUSAS="Z8">s'</w><w frlemma="y" frpos="PRON" frMUSAS="M6">y</w><w frlemma="succéder" frpos="VERB" frMUSAS="Z99">succédèrent</w><w frlemma="en" frpos="ADP" frMUSAS="Z5">en</w><w frlemma="un" frpos="DET" frMUSAS="Z5">des</w><w frlemma="temps" frpos="NOUN" frMUSAS="T1">temps</w><w frlemma="plus" frpos="ADV" frMUSAS="Z5">plus</w><w frlemma="clément" frpos="ADJ" frMUSAS="Z99">cléments</w><w frlemma="." frpos="PUNCT" frMUSAS="PUNCT">.</w><w frlemma="car" frpos="ADV" frMUSAS="Z5/A2.2">Car</w><w frlemma="au-delà" frpos="ADV" frMUSAS="M6">au-delà</w><w frlemma="de" frpos="ADP" frMUSAS="Z5">du</w><w frlemma="scientifique" frpos="ADJ" frMUSAS="Y1">scientifique</w><w frlemma="respecter" frpos="ADJ" frMUSAS="S7.2+">respecté</w><w frlemma="," frpos="PUNCT" frMUSAS="PUNCT">,</w><w frlemma="le" frpos="DET" frMUSAS="Z5">la</w><w frlemma="dimension" frpos="NOUN" frMUSAS="A4.1">dimension</w><w frlemma="humain" frpos="ADJ" frMUSAS="S2">humaine</w><w frlemma="de" frpos="ADP" frMUSAS="Z5">de</w><w frlemma="Michel" frpos="PROPN" frMUSAS="Z99">Michel</w><w frlemma="luire" frpos="PRON" frMUSAS="Z8">lui</w><w frlemma="venir" frpos="VERB" frMUSAS="M1">venait</w><w frlemma="aussi" frpos="ADV" frMUSAS="Z99">aussi</w><w frlemma="de" frpos="ADP" frMUSAS="Z5">de</w><w frlemma="ce" frpos="DET" frMUSAS="Z5">cette</w><w frlemma="innocence" frpos="NOUN" frMUSAS="G2.1+">innocence</w><w frlemma="que" frpos="SCONJ" frMUSAS="Z5">que</w><w frlemma="le" frpos="DET" frMUSAS="Z5">les</w><w frlemma="grand" frpos="ADJ" frMUSAS="Z99">grands</w><w frlemma="enfant" frpos="NOUN" frMUSAS="S2mf/T3-">enfants</w><w frlemma="garder" frpos="ADV" frMUSAS="A9+">gardent</w><w frlemma="en" frpos="ADP" frMUSAS="Z5">en</w><w frlemma="lui" frpos="PRON" frMUSAS="Z8mfn">eux</w><w frlemma="et" frpos="CCONJ" frMUSAS="Z5">et</w><w frlemma="qui" frpos="PRON" frMUSAS="Z8">qui</w><w frlemma="son" frpos="PRON" frMUSAS="Z5">leur</w><w frlemma="permettre" frpos="VERB" frMUSAS="S7.4+">permet</w><w frlemma="de" frpos="ADP" frMUSAS="Z5">de</w><w frlemma="soulever" frpos="VERB" frMUSAS="Z99">soulever</w><w frlemma="un" frpos="DET" frMUSAS="Z5">des</w><w frlemma="montagne" frpos="NOUN" frMUSAS="W3">montagnes</w><w frlemma="." frpos="PUNCT" frMUSAS="PUNCT">.</w><w frlemma="avec" frpos="ADP" frMUSAS="Z5">Avec</w><w frlemma="lucidité" frpos="NOUN" frMUSAS="Z99">lucidité</w><w frlemma="et" frpos="CCONJ" frMUSAS="Z5">et</w><w frlemma="un" frpos="DET" frMUSAS="Z5">une</w><w frlemma="avance" frpos="NOUN" frMUSAS="I1.1">avance</w><w frlemma="sur" frpos="ADP" frMUSAS="Z5">sur</w><w frlemma="son" frpos="DET" frMUSAS="Z5">son</w><w frlemma="temps" frpos="NOUN" frMUSAS="T1">temps</w><w frlemma="," frpos="PUNCT" frMUSAS="PUNCT">,</w><w frlemma="il" frpos="PRON" frMUSAS="Z8">il</w><w frlemma="entreprendre" frpos="VERB" frMUSAS="Z99">entreprend</w><w frlemma="un" frpos="DET" frMUSAS="Z5">un</w><w frlemma="projet" frpos="NOUN" frMUSAS="A1.1.1">projet</w><w frlemma="de" frpos="ADP" frMUSAS="Z5">de</w><w frlemma="long" frpos="ADJ" frMUSAS="Z99">longue</w><w frlemma="haleine" frpos="NOUN" frMUSAS="Z99">haleine</w><w frlemma="fonder" frpos="VERB" frMUSAS="Z99">fondé</w><w frlemma="sur" frpos="ADP" frMUSAS="Z5">sur</w><w frlemma="le" frpos="DET" frMUSAS="Z5">l'</w><w frlemma="étude" frpos="NOUN" frMUSAS="P1">étude</w><w frlemma="de" frpos="ADP" frMUSAS="Z5">d'</w><w frlemma="un" frpos="DET" frMUSAS="Z5">un</w><w frlemma="territoire" frpos="NOUN" frMUSAS="M7">territoire</w><w frlemma="dans" frpos="ADP" frMUSAS="Z5">dans</w><w frlemma="un" frpos="DET" frMUSAS="Z5">une</w><w frlemma="perspective" frpos="NOUN" frMUSAS="Z99">perspective</w><w frlemma="diachronique" frpos="ADJ" frMUSAS="Z99">diachronique</w><w frlemma="–" frpos="NOUN" frMUSAS="Z99">–</w><w frlemma="de" frpos="ADP" frMUSAS="Z5">de</w><w frlemma="le" frpos="DET" frMUSAS="Z5">la</w><w frlemma="préhistoire" frpos="NOUN" frMUSAS="Z99">préhistoire</w><w frlemma="à" frpos="ADP" frMUSAS="Z5">à</w><w frlemma="le" frpos="DET" frMUSAS="Z5">l'</w><w frlemma="époque" frpos="NOUN" frMUSAS="Z99">époque</w><w frlemma="médiéval" frpos="ADJ" frMUSAS="Z99">médiévale</w><w frlemma="–" frpos="PROPN" frMUSAS="Z99">–</w><w frlemma="et" frpos="CCONJ" frMUSAS="Z5">et</w><w frlemma="selon" frpos="ADP" frMUSAS="Z5">selon</w><w frlemma="un" frpos="DET" frMUSAS="Z5">une</w><w frlemma="problématique" frpos="NOUN" frMUSAS="Z99">problématique</w><w frlemma="alors" frpos="ADV" frMUSAS="Z99">alors</w><w frlemma="original" frpos="ADJ" frMUSAS="A5.4+">originale</w><w frlemma="et" frpos="CCONJ" frMUSAS="Z5">et</w><w frlemma="aujourd'hui" frpos="ADV" frMUSAS="Z99">aujourd'hui</w><w frlemma="tellement" frpos="ADV" frMUSAS="Z99">tellement</w><w frlemma="actuel" frpos="ADJ" frMUSAS="Z99">actuelle</w><w frlemma=":" frpos="PUNCT" frMUSAS="PUNCT">:</w><w frlemma="le" frpos="DET" frMUSAS="Z5">l'</w><w frlemma="homme" frpos="NOUN" frMUSAS="I3.1">homme</w><w frlemma="et" frpos="CCONJ" frMUSAS="Z5">et</w><w frlemma="le" frpos="DET" frMUSAS="Z5">l'</w><w frlemma="eau" frpos="NOUN" frMUSAS="F4">eau</w><w frlemma="ou" frpos="CCONJ" frMUSAS="Z5">ou</w><w frlemma="le" frpos="DET" frMUSAS="Z5">l'</w><w frlemma="adaptation" frpos="NOUN" frMUSAS="A2.1+">adaptation</w><w frlemma="de" frpos="ADP" frMUSAS="Z5">des</w><w frlemma="population" frpos="NOUN" frMUSAS="S2/N5c">populations</w><w frlemma="face" frpos="NOUN" frMUSAS="Z99">face</w><w frlemma="à" frpos="ADP" frMUSAS="Z5">à</w><w frlemma="le" frpos="DET" frMUSAS="Z5">la</w><w frlemma="détérioration" frpos="NOUN" frMUSAS="A5.1-/A2.2">détérioration</w><w frlemma="de" frpos="ADP" frMUSAS="Z5">de</w><w frlemma="le" frpos="DET" frMUSAS="Z5">l'</w><w frlemma="environnement" frpos="NOUN" frMUSAS="W5">environnement</w><w frlemma="." frpos="PUNCT" frMUSAS="PUNCT">.</w><w frlemma="il" frpos="PRON" frMUSAS="Z8">Il</w><w frlemma="mettre" frpos="VERB" frMUSAS="Z99">met</w><w frlemma="alors" frpos="ADV" frMUSAS="Z99">alors</w><w frlemma="en" frpos="ADP" frMUSAS="Z5">en</w><w frlemma="place" frpos="NOUN" frMUSAS="Z99">place</w><w frlemma="un" frpos="DET" frMUSAS="Z5">un</w><w frlemma="vaste" frpos="ADJ" frMUSAS="Z99">vaste</w><w frlemma="programme" frpos="NOUN" frMUSAS="Y2">programme</w><w frlemma="de" frpos="ADP" frMUSAS="Z5">de</w><w frlemma="prospection" frpos="NOUN" frMUSAS="Z99">prospections</w><w frlemma="systématique" frpos="ADJ" frMUSAS="X4.2">systématiques</w><w frlemma="," frpos="PUNCT" frMUSAS="PUNCT">,</w><w frlemma="qui" frpos="PRON" frMUSAS="Z8">qui</w><w frlemma="luire" frpos="PRON" frMUSAS="Z8">lui</w><w frlemma="avoir" frpos="AUX" frMUSAS="A9+">a</w><w frlemma="permettre" frpos="VERB" frMUSAS="S7.4+">permis</w><w frlemma="de" frpos="ADP" frMUSAS="Z5">d'</w><w frlemma="explorer" frpos="VERB" frMUSAS="Z99">explorer</w><w frlemma="1500" frpos="NUM" frMUSAS="N1">1500</w><w frlemma="kilomètre" frpos="NOUN" frMUSAS="N3.3">km</w><w frlemma="de" frpos="ADP" frMUSAS="Z5">des</w><w frlemma="confins" frpos="NOUN" frMUSAS="Z99">confins</w><w frlemma="sud" frpos="NOUN" frMUSAS="M6">sud</w><w frlemma="de" frpos="ADP" frMUSAS="Z5">du</w><w frlemma="bassin" frpos="NOUN" frMUSAS="Z99">bassin</w><w frlemma="de" frpos="ADP" frMUSAS="Z5">de</w><w frlemma="Douch" frpos="PROPN" frMUSAS="Z99">Douch</w><w frlemma="jusque" frpos="ADP" frMUSAS="Z5">jusqu'</w><w frlemma="au" frpos="ADP" frMUSAS="Z5">au</w><w frlemma="nord" frpos="NOUN" frMUSAS="M6">nord</w><w frlemma="de" frpos="ADP" frMUSAS="Z5">de</w><w frlemma="le" frpos="DET" frMUSAS="Z5">la</w><w frlemma="ville" frpos="NOUN" frMUSAS="M7c">ville</w><w frlemma="de" frpos="ADP" frMUSAS="Z5">de</w><w frlemma="Baris" frpos="PROPN" frMUSAS="Z99">Baris</w><w frlemma="," frpos="PUNCT" frMUSAS="PUNCT">,</w><w frlemma="et" frpos="CCONJ" frMUSAS="Z5">et</w><w frlemma="de" frpos="ADP" frMUSAS="Z5">d'</w><w frlemma="identifier" frpos="VERB" frMUSAS="X2.2+">identifier</w><w frlemma="un" frpos="DET" frMUSAS="Z5">un</w><w frlemma="peu" frpos="ADV" frMUSAS="A13.7">peu</w><w frlemma="plus" frpos="ADV" frMUSAS="Z5">plus</w><w frlemma="de" frpos="ADP" frMUSAS="Z5">de</w><w frlemma="250" frpos="NUM" frMUSAS="N1">250</w><w frlemma="site" frpos="NOUN" frMUSAS="M6">sites</w><w frlemma="se" frpos="PRON" frMUSAS="Z8">s'</w><w frlemma="échelonner" frpos="VERB" frMUSAS="Z99">échelonnant</w><w frlemma="de" frpos="ADP" frMUSAS="Z5">du</w><w frlemma="Paléolithique" frpos="PROPN" frMUSAS="Z99">Paléolithique</w><w frlemma="à" frpos="ADP" frMUSAS="Z5">à</w><w frlemma="le" frpos="DET" frMUSAS="Z5">l'</w><w frlemma="époque" frpos="NOUN" frMUSAS="Z99">époque</w><w frlemma="médiéval" frpos="ADJ" frMUSAS="Z99">médiévale</w><w frlemma="." frpos="PUNCT" frMUSAS="PUNCT">.</w><w frlemma="un" frpos="DET" frMUSAS="Z5">Des</w><w frlemma="fouille" frpos="NOUN" frMUSAS="Z99">fouilles</w><w frlemma="et" frpos="CCONJ" frMUSAS="Z5">et</w><w frlemma="de" frpos="ADP" frMUSAS="Z5">des</w><w frlemma="sondage" frpos="NOUN" frMUSAS="G1.2">sondages</w><w frlemma="ciblé" frpos="ADJ" frMUSAS="Z99">ciblés</w><w frlemma="avoir" frpos="AUX" frMUSAS="A9+">ont</w><w frlemma="contribuer" frpos="VERB" frMUSAS="A9-">contribué</w><w frlemma="à" frpos="ADP" frMUSAS="Z5">à</w><w frlemma="le" frpos="DET" frMUSAS="Z5">la</w><w frlemma="construction" frpos="NOUN" frMUSAS="Z99">construction</w><w frlemma="de" frpos="ADP" frMUSAS="Z5">d'</w><w frlemma="un" frpos="DET" frMUSAS="Z5">une</w><w frlemma="chronologie" frpos="NOUN" frMUSAS="Z99">chronologie</w><w frlemma="appuyé" frpos="ADJ" frMUSAS="Z99">appuyée</w><w frlemma="sur" frpos="ADP" frMUSAS="Z5">sur</w><w frlemma="le" frpos="DET" frMUSAS="Z5">l'</w><w frlemma="étude" frpos="NOUN" frMUSAS="P1">étude</w><w frlemma="de" frpos="ADP" frMUSAS="Z5">du</w><w frlemma="matériel" frpos="NOUN" frMUSAS="Z99">matériel</w><w frlemma="et" frpos="CCONJ" frMUSAS="Z5">et</w><w frlemma="un" frpos="DET" frMUSAS="Z5">des</w><w frlemma="datation" frpos="NOUN" frMUSAS="Z99">datations</w><w frlemma="c" frpos="NOUN" frMUSAS="Z99">C</w><w frlemma="effectuer" frpos="VERB" frMUSAS="Z99">effectuées</w><w frlemma="dans" frpos="ADP" frMUSAS="Z5">dans</w><w frlemma="«" frpos="NUM" frMUSAS="N1">«</w><w frlemma="son" frpos="DET" frMUSAS="Z5">son</w><w frlemma="»" frpos="PUNCT" frMUSAS="PUNCT">»</w><w frlemma="laboratoire" frpos="NOUN" frMUSAS="Y1/H1c">laboratoire</w><w frlemma="de" frpos="ADP" frMUSAS="Z5">de</w><w frlemma="le" frpos="DET" frMUSAS="Z5">l'</w><w frlemma="ifao" frpos="NOUN" frMUSAS="Z99">Ifao</w><w frlemma="." frpos="PUNCT" frMUSAS="PUNCT">.</w><w frlemma="sur" frpos="ADP" frMUSAS="Z5">Sur</w><w frlemma="le" frpos="DET" frMUSAS="Z5">le</w><w frlemma="site" frpos="NOUN" frMUSAS="M6">site</w><w frlemma="même" frpos="ADV" frMUSAS="Z99">même</w><w frlemma="de" frpos="ADP" frMUSAS="Z5">de</w><w frlemma="Douch" frpos="PROPN" frMUSAS="Z99">Douch</w><w frlemma="," frpos="PUNCT" frMUSAS="PUNCT">,</w><w frlemma="au" frpos="ADP" frMUSAS="Z5">au</w><w frlemma="pied" frpos="NOUN" frMUSAS="B1">pied</w><w frlemma="de" frpos="ADP" frMUSAS="Z5">du</w><w frlemma="temple" frpos="NOUN" frMUSAS="S9/H1">temple</w><w frlemma="," frpos="PUNCT" frMUSAS="PUNCT">,</w><w frlemma="il" frpos="PRON" frMUSAS="Z8">il</w><w frlemma="installer" frpos="VERB" frMUSAS="A1.1.1">installe</w><w frlemma="et" frpos="CCONJ" frMUSAS="Z5">et</w><w frlemma="développer" frpos="VERB" frMUSAS="A2.1+">développe</w><w frlemma="un" frpos="DET" frMUSAS="Z5">une</w><w frlemma="base" frpos="NOUN" frMUSAS="M7">base</w><w frlemma="archéologique" frpos="ADJ" frMUSAS="Z99">archéologique</w><w frlemma="qui" frpos="PRON" frMUSAS="Z8">qui</w><w frlemma="accueillir" frpos="VERB" frMUSAS="Z99">accueillera</w><w frlemma="le" frpos="DET" frMUSAS="Z5">les</w><w frlemma="meilleur" frpos="NOUN" frMUSAS="Z99">meilleurs</w><w frlemma="spécialiste" frpos="ADJ" frMUSAS="X2.2+">spécialistes</w><w frlemma="," frpos="PUNCT" frMUSAS="PUNCT">,</w><w frlemma="archéologue" frpos="NOUN" frMUSAS="Z99">archéologues</w><w frlemma="," frpos="PUNCT" frMUSAS="PUNCT">,</w><w frlemma="géologue" frpos="ADJ" frMUSAS="Z99">géologues</w><w frlemma="," frpos="PUNCT" frMUSAS="PUNCT">,</w><w frlemma="épigraphiste" frpos="NOUN" frMUSAS="Z99">épigraphistes</w><w frlemma="," frpos="PUNCT" frMUSAS="PUNCT">,</w><w frlemma="botaniste" frpos="NOUN" frMUSAS="Z99">botanistes</w><w frlemma="," frpos="PUNCT" frMUSAS="PUNCT">,</w><w frlemma="archéozoologue" frpos="NOUN" frMUSAS="Z99">archéozoologues</w><w frlemma="," frpos="PUNCT" frMUSAS="PUNCT">,</w><w frlemma="et" frpos="CCONJ" frMUSAS="Z5">et</w><w frlemma="dont" frpos="PRON" frMUSAS="Z8">dont</w><w frlemma="le" frpos="DET" frMUSAS="Z5">les</w><w frlemma="recherche" frpos="NOUN" frMUSAS="Z99">recherches</w><w frlemma="alimenter" frpos="VERB" frMUSAS="Z99">alimentent</w><w frlemma="un" frpos="DET" frMUSAS="Z5">un</w><w frlemma="sig" frpos="NOUN" frMUSAS="Z99">SIG</w><w frlemma="(" frpos="PUNCT" frMUSAS="PUNCT">(</w><w frlemma="système" frpos="NOUN" frMUSAS="X4.2">Système</w><w frlemma="de" frpos="ADP" frMUSAS="Z5">d'</w><w frlemma="information" frpos="NOUN" frMUSAS="X2.2+">informations</w><w frlemma="géographique" frpos="ADJ" frMUSAS="Z99">géographiques</w><w frlemma=")" frpos="PUNCT" frMUSAS="PUNCT">)</w><w frlemma="." frpos="PUNCT" frMUSAS="PUNCT">.</w><w frlemma="à" frpos="ADP" frMUSAS="Z5">À</w><w frlemma="le" frpos="DET" frMUSAS="Z5">l'</w><w frlemma="écoute" frpos="NOUN" frMUSAS="X3.2">écoute</w><w frlemma="de" frpos="ADP" frMUSAS="Z5">de</w><w frlemma="son" frpos="DET" frMUSAS="Z5">ses</w><w frlemma="collaborateur" frpos="NOUN" frMUSAS="Z99">collaborateurs</w><w frlemma="," frpos="PUNCT" frMUSAS="PUNCT">,</w><w frlemma="Michel" frpos="PROPN" frMUSAS="Z99">Michel</w><w frlemma="savoir" frpos="VERB" frMUSAS="X2.2+">savait</w><w frlemma="," frpos="PUNCT" frMUSAS="PUNCT">,</w><w frlemma="par" frpos="ADP" frMUSAS="M6">par</w><w frlemma="son" frpos="DET" frMUSAS="Z5">son</w><w frlemma="jugement" frpos="NOUN" frMUSAS="X2.1">jugement</w><w frlemma="," frpos="PUNCT" frMUSAS="PUNCT">,</w><w frlemma="orienter" frpos="VERB" frMUSAS="Z99">orienter</w><w frlemma="le" frpos="DET" frMUSAS="Z5">les</w><w frlemma="démarche" frpos="NOUN" frMUSAS="Z99">démarches</w><w frlemma="," frpos="PUNCT" frMUSAS="PUNCT">,</w><w frlemma="abandonner" frpos="VERB" frMUSAS="Z99">abandonner</w><w frlemma="le" frpos="DET" frMUSAS="Z5">les</w><w frlemma="impasse" frpos="NOUN" frMUSAS="Z99">impasses</w><w frlemma="," frpos="PUNCT" frMUSAS="PUNCT">,</w><w frlemma="lancer" frpos="VERB" frMUSAS="Z99">lancer</w><w frlemma="de" frpos="DET" frMUSAS="Z5">de</w><w frlemma="nouveau" frpos="ADJ" frMUSAS="T3-">nouvelles</w><w frlemma="piste" frpos="NOUN" frMUSAS="Z99">pistes</w><w frlemma="," frpos="PUNCT" frMUSAS="PUNCT">,</w><w frlemma="se" frpos="PRON" frMUSAS="Z8">s'</w><w frlemma="associer" frpos="NOUN" frMUSAS="A6.1+/X2.1">associer</w><w frlemma="et" frpos="CCONJ" frMUSAS="Z5">et</w><w frlemma="créer" frpos="VERB" frMUSAS="A1.1.1">créer</w><w frlemma="toujours" frpos="ADV" frMUSAS="N6+++">toujours</w><w frlemma="de" frpos="DET" frMUSAS="Z5">de</w><w frlemma="nouveau" frpos="ADJ" frMUSAS="T3-">nouveaux</w><w frlemma="réseau" frpos="NOUN" frMUSAS="Q4.3">réseaux</w><w frlemma="." frpos="PUNCT" frMUSAS="PUNCT">.</w><w frlemma="homme" frpos="NOUN" frMUSAS="I3.1">Homme</w><w frlemma="de" frpos="ADP" frMUSAS="Z5">de</w><w frlemma="contact" frpos="NOUN" frMUSAS="Q2.2">contact</w><w frlemma="," frpos="PUNCT" frMUSAS="PUNCT">,</w><w frlemma="il" frpos="PRON" frMUSAS="Z8">il</w><w frlemma="avoir" frpos="AUX" frMUSAS="A9+">a</w><w frlemma="ainsi" frpos="ADV" frMUSAS="Z5/A2.2">ainsi</w><w frlemma="tisser" frpos="VERB" frMUSAS="B5">tissé</w><w frlemma="," frpos="PUNCT" frMUSAS="PUNCT">,</w><w frlemma="avec" frpos="ADP" frMUSAS="Z5">avec</w><w frlemma="un" frpos="DET" frMUSAS="Z5">une</w><w frlemma="infinie" frpos="NOUN" frMUSAS="Z99">infinie</w><w frlemma="modesti" frpos="ADJ" frMUSAS="Z99">modestie</w><w frlemma="," frpos="PUNCT" frMUSAS="PUNCT">,</w><w frlemma="un" frpos="DET" frMUSAS="Z5">des</w><w frlemma="collaboration" frpos="NOUN" frMUSAS="S1.1.3+">collaborations</w><w frlemma="et" frpos="CCONJ" frMUSAS="Z5">et</w><w frlemma="un" frpos="DET" frMUSAS="Z5">des</w><w frlemma="sympathie" frpos="NOUN" frMUSAS="Z99">sympathies</w><w frlemma="," frpos="PUNCT" frMUSAS="PUNCT">,</w><w frlemma="dont" frpos="PRON" frMUSAS="Z8">dont</w><w frlemma="avoir" frpos="AUX" frMUSAS="A9+">ont</w><w frlemma="témoigner" frpos="VERB" frMUSAS="G2.1">témoigné</w><w frlemma="," frpos="PUNCT" frMUSAS="PUNCT">,</w><w frlemma="lors" frpos="ADV" frMUSAS="Z99">lors</w><w frlemma="de" frpos="ADP" frMUSAS="Z5">de</w><w frlemma="son" frpos="DET" frMUSAS="Z5">sa</w><w frlemma="disparition" frpos="NOUN" frMUSAS="A10-">disparition</w><w frlemma="," frpos="PUNCT" frMUSAS="PUNCT">,</w><w frlemma="le" frpos="DET" frMUSAS="Z5">les</w><w frlemma="message" frpos="NOUN" frMUSAS="Q1.1">messages</w><w frlemma="recevoir" frpos="VERB" frMUSAS="A9+">reçus</w><w frlemma="de" frpos="ADP" frMUSAS="Z5">du</w><w frlemma="monde" frpos="NOUN" frMUSAS="Z99">monde</w><w frlemma="entier" frpos="ADJ" frMUSAS="Z99">entier</w><w frlemma="." frpos="PUNCT" frMUSAS="PUNCT">.</w><w frlemma="parfaitement" frpos="ADV" frMUSAS="A13.2">Parfaitement</w><w frlemma="arabophone" frpos="NOUN" frMUSAS="Z99">arabophone</w><w frlemma="," frpos="PUNCT" frMUSAS="PUNCT">,</w><w frlemma="il" frpos="PRON" frMUSAS="Z8">il</w><w frlemma="avoir" frpos="AUX" frMUSAS="A9+">avait</w><w frlemma="choisir" frpos="VERB" frMUSAS="X7+">choisi</w><w frlemma="de" frpos="ADP" frMUSAS="Z5">de</w><w frlemma="vivre" frpos="VERB" frMUSAS="H4">vivre</w><w frlemma="dans" frpos="ADP" frMUSAS="Z5">dans</w><w frlemma="ce" frpos="DET" frMUSAS="Z5">ce</w><w frlemma="pays" frpos="NOUN" frMUSAS="G1.1c">pays</w><w frlemma="que" frpos="PRON" frMUSAS="Z8">qu'</w><w frlemma="il" frpos="PRON" frMUSAS="Z8">il</w><w frlemma="aimer" frpos="VERB" frMUSAS="Z99">aimait</w><w frlemma="," frpos="PUNCT" frMUSAS="PUNCT">,</w><w frlemma="et" frpos="CCONJ" frMUSAS="Z5">et</w><w frlemma="avoir" frpos="AUX" frMUSAS="A9+">a</w><w frlemma="savoir" frpos="VERB" frMUSAS="X2.2+">su</w><w frlemma="," frpos="PUNCT" frMUSAS="PUNCT">,</w><w frlemma="toujours" frpos="ADV" frMUSAS="N6+++">toujours</w><w frlemma="avec" frpos="ADP" frMUSAS="Z5">avec</w><w frlemma="tact" frpos="NOUN" frMUSAS="Z99">tact</w><w frlemma="et" frpos="CCONJ" frMUSAS="Z5">et</w><w frlemma="courtoisie" frpos="PROPN" frMUSAS="Z99">courtoisie</w><w frlemma="," frpos="PUNCT" frMUSAS="PUNCT">,</w><w frlemma="entretenir" frpos="VERB" frMUSAS="A9+">entretenir</w><w frlemma="avec" frpos="ADP" frMUSAS="Z5">avec</w><w frlemma="son" frpos="DET" frMUSAS="Z5">ses</w><w frlemma="collègue" frpos="NOUN" frMUSAS="I3.2/S2mf">collègues</w><w frlemma="de" frpos="ADP" frMUSAS="Z5">du</w><w frlemma="service" frpos="NOUN" frMUSAS="A1.1.1">service</w><w frlemma="de" frpos="ADP" frMUSAS="Z5">des</w><w frlemma="antiquité" frpos="NOUN" frMUSAS="Z99">antiquités</w><w frlemma="un" frpos="DET" frMUSAS="Z5">une</w><w frlemma="relation" frpos="NOUN" frMUSAS="S3.1">relation</w><w frlemma="de" frpos="ADP" frMUSAS="Z5">de</w><w frlemma="confiance" frpos="NOUN" frMUSAS="Z99">confiance</w><w frlemma="rarement" frpos="ADV" frMUSAS="Z99">rarement</w><w frlemma="atteinte" frpos="NOUN" frMUSAS="Z99">atteinte</w><w frlemma="." frpos="PUNCT" frMUSAS="PUNCT">.</w><w frlemma="son" frpos="DET" frMUSAS="Z5">Son</w><w frlemma="rôle" frpos="NOUN" frMUSAS="I3.1">rôle</w><w frlemma="dans" frpos="ADP" frMUSAS="Z5">dans</w><w frlemma="le" frpos="DET" frMUSAS="Z5">la</w><w frlemma="formation" frpos="NOUN" frMUSAS="P1">formation</w><w frlemma="avoir" frpos="AUX" frMUSAS="A9+">a</w><w frlemma="être" frpos="AUX" frMUSAS="T1.3">été</w><w frlemma="déterminer" frpos="VERB" frMUSAS="Z99">déterminant</w><w frlemma="," frpos="PUNCT" frMUSAS="PUNCT">,</w><w frlemma="envoyer" frpos="VERB" frMUSAS="M2">envoyant</w><w frlemma="son" frpos="DET" frMUSAS="Z5">son</w><w frlemma="personnel" frpos="NOUN" frMUSAS="Z99">personnel</w><w frlemma="en" frpos="ADP" frMUSAS="Z5">en</w><w frlemma="stage" frpos="NOUN" frMUSAS="Z99">stage</w><w frlemma="en" frpos="ADP" frMUSAS="Z5">en</w><w frlemma="France" frpos="PROPN" frMUSAS="Z99">France</w><w frlemma="," frpos="PUNCT" frMUSAS="PUNCT">,</w><w frlemma="accueillir" frpos="VERB" frMUSAS="Z99">accueillant</w><w frlemma="lui-même" frpos="PRON" frMUSAS="Z8m">lui-même</w><w frlemma="un" frpos="DET" frMUSAS="Z5">des</w><w frlemma="stagiaire" frpos="NOUN" frMUSAS="Z99">stagiaires</w><w frlemma="sur" frpos="ADP" frMUSAS="Z5">sur</w><w frlemma="son" frpos="DET" frMUSAS="Z5">son</w><w frlemma="chantier" frpos="NOUN" frMUSAS="Z99">chantier</w><w frlemma="," frpos="PUNCT" frMUSAS="PUNCT">,</w><w frlemma="épauler" frpos="VERB" frMUSAS="Z99">épaulant</w><w frlemma="de" frpos="ADP" frMUSAS="Z5">de</w><w frlemma="jeune" frpos="ADJ" frMUSAS="T3-">jeunes</w><w frlemma="collègue" frpos="ADJ" frMUSAS="I3.2/S2mf">collègues</w><w frlemma="égyptien" frpos="NOUN" frMUSAS="Z2/S2mf">égyptiens</w><w frlemma="pour" frpos="ADP" frMUSAS="Z5">pour</w><w frlemma="un" frpos="DET" frMUSAS="Z5">des</w><w frlemma="travail" frpos="NOUN" frMUSAS="I3.1">travaux</w><w frlemma="de" frpos="ADP" frMUSAS="Z5">d'</w><w frlemma="expertise" frpos="NOUN" frMUSAS="X2.2+">expertise</w><w frlemma="." frpos="PUNCT" frMUSAS="PUNCT">.</w><w frlemma="le" frpos="DET" frMUSAS="Z5">L'</w><w frlemma="ifao" frpos="NOUN" frMUSAS="Z99">Ifao</w><w frlemma="," frpos="PUNCT" frMUSAS="PUNCT">,</w><w frlemma="au" frpos="ADP" frMUSAS="Z5">au</w><w frlemma="rayonnement" frpos="ADJ" frMUSAS="O4.2+">rayonnement</w><w frlemma="duquel" frpos="PRON" frMUSAS="Z99">duquel</w><w frlemma="il" frpos="PRON" frMUSAS="Z8">il</w><w frlemma="avoir" frpos="AUX" frMUSAS="A9+">a</w><w frlemma="grandement" frpos="ADV" frMUSAS="Z99">grandement</w><w frlemma="contribuer" frpos="VERB" frMUSAS="A9-">contribué</w><w frlemma="," frpos="PUNCT" frMUSAS="PUNCT">,</w><w frlemma="luire" frpos="PRON" frMUSAS="Z8">lui</w><w frlemma="devoir" frpos="VERB" frMUSAS="Z99">doit</w><w frlemma="beaucoup" frpos="ADV" frMUSAS="Z99">beaucoup</w><w frlemma="." frpos="PUNCT" frMUSAS="PUNCT">.</w><w frlemma="ce" frpos="PRON" frMUSAS="Z8">C'</w><w frlemma="être" frpos="AUX" frMUSAS="M6">est</w><w frlemma="devant" frpos="ADP" frMUSAS="Z5">devant</w><w frlemma="ce" frpos="DET" frMUSAS="Z5">ce</w><w frlemma="scientifique" frpos="NOUN" frMUSAS="Y1">scientifique</w><w frlemma="de" frpos="ADP" frMUSAS="Z5">de</w><w frlemma="qualité" frpos="NOUN" frMUSAS="A5.1">qualité</w><w frlemma="," frpos="PUNCT" frMUSAS="PUNCT">,</w><w frlemma="ce" frpos="DET" frMUSAS="Z5">ce</w><w frlemma="chercheur" frpos="NOUN" frMUSAS="X2.4/S2mf">chercheur</w><w frlemma="visionnaire" frpos="ADJ" frMUSAS="Z99">visionnaire</w><w frlemma="," frpos="PUNCT" frMUSAS="PUNCT">,</w><w frlemma="ce" frpos="DET" frMUSAS="Z5">cet</w><w frlemma="organisateur" frpos="NOUN" frMUSAS="Z99">organisateur</w><w frlemma="hors" frpos="ADP" frMUSAS="Z5">hors</w><w frlemma="pair" frpos="NOUN" frMUSAS="Z99">pair</w><w frlemma="," frpos="PUNCT" frMUSAS="PUNCT">,</w><w frlemma="ce" frpos="DET" frMUSAS="Z5">ce</w><w frlemma="collègue" frpos="NOUN" frMUSAS="I3.2/S2mf">collègue</w><w frlemma="discret" frpos="NOUN" frMUSAS="Z99">discret</w><w frlemma="et" frpos="CCONJ" frMUSAS="Z5">et</w><w frlemma="modeste" frpos="ADJ" frMUSAS="N3.2-">modeste</w><w frlemma="," frpos="PUNCT" frMUSAS="PUNCT">,</w><w frlemma="ce" frpos="DET" frMUSAS="Z5">cet</w><w frlemma="ami" frpos="NOUN" frMUSAS="S3.1/S2mf">ami</w><w frlemma="véritable" frpos="ADJ" frMUSAS="Z99">véritable</w><w frlemma="," frpos="PUNCT" frMUSAS="PUNCT">,</w><w frlemma="ce" frpos="DET" frMUSAS="Z5">cet</w><w frlemma="adulte" frpos="NOUN" frMUSAS="T3+/S2">adulte</w><w frlemma="à" frpos="ADP" frMUSAS="Z5">aux</w><w frlemma="rêve" frpos="NOUN" frMUSAS="X2">rêves</w><w frlemma="de" frpos="ADP" frMUSAS="Z5">d'</w><w frlemma="enfant" frpos="NOUN" frMUSAS="S2mf/T3-">enfants</w><w frlemma="," frpos="PUNCT" frMUSAS="PUNCT">,</w><w frlemma="que" frpos="SCONJ" frMUSAS="Z5">que</w><w frlemma="nous" frpos="PRON" frMUSAS="Z8">nous</w><w frlemma="nous" frpos="PRON" frMUSAS="Z8">nous</w><w frlemma="incliner" frpos="VERB" frMUSAS="Z99">inclinons</w><w frlemma="tout" frpos="ADJ" frMUSAS="Z8">tous</w><w frlemma="avec" frpos="ADP" frMUSAS="Z5">avec</w><w frlemma="respect" frpos="NOUN" frMUSAS="S7.2+">respect</w><w frlemma="aujourd'hui" frpos="ADV" frMUSAS="Z99">aujourd'hui</w><w frlemma="." frpos="PUNCT" frMUSAS="PUNCT">.</w></p><p><w frlemma="béatri" frpos="NOUN" frMUSAS="Z99">Béatrix</w><w frlemma="Midant" frpos="PROPN" frMUSAS="Z99">Midant</w><w frlemma="-" frpos="PROPN" frMUSAS="Z99">-</w><w frlemma="Reynes" frpos="PROPN" frMUSAS="Z99">Reynes</w><note place="bottom">Douch, le 28 janvier 2013, dans la tempête de sable. La dernière image.
bifao 113 - 2013
Michel Wuttmann à Balat en 1982.
Michel Wuttmann (à gauche) et Georges Soukiassian (à droite) lors de la visite de Klaus Peter Kuhlmann, Werner Kaiser, 
Mme Kaiser, Kurt Bittel et Mme Bittel à Balat en 1987.
En 2006, lors de l’inauguration du laboratoire de datation 14C.
En 2013, avec son équipe du laboratoire de restauration.
Douch, 2007, entraînant son équipe vers des sites toujours nouveaux.
Douch, 2012, avec Bahgat Ahmed Ibrahim, directeur général de la zone de Kharga, lors d’un stage de formation proposé 
aux inspecteurs de Kharga.
1977
1. « Notice sur les travaux à Gülnar-Meydancik Kalé », 
dans l’article de M.J. Mellink, « Archaeology in 
Asia Minor », AJA 81, p. 318.
1982
2. « Les maladies de la pierre à Karnak », Dossiers de 
l’Archéologie 61, mars, p. 96-103 (en collaboration 
avec Cl. Traunecker).
1983
3. Appendice au rapport sur la campagne de 
fouilles au mastaba II à Balat, dans l’article de 
A. Minault-Gout, « Observations sur les maté-
riaux des sarcophages », ASAE 69, p. 118-119.
1985
4. « Balat : rapport préliminaire des fouilles à 
‘Ayn-Asil, 1983 et 1984 », ASAE 70, p. 151-161 
(avec G. Soukiassian, P. Ballet et L. Pantalacci).
1986
5. « Analyse et étude du métal cuivreux de certains 
objets », dans M. Valloggia, Balat I : le mastaba 
de Medou-Nefer, FIFAO 31/1, p. 215-222 (avec la 
collaboration de N. Henein).
1990
6. Balat III : les ateliers de potiers d’‘Ayn-Asil, 
FIFAO 34, Le Caire (avec G. Soukiassian, 
L. Pantalacci et P. Ballet).
7. « La ville d’‘Ayn-Asil à Dakhla, état des recherches », 
BIFAO 90, p. 347-358 (avec G. Soukiassian et 
D. Schaad).
1992
8. « Analyse et étude du métal cuivreux de cer-
tains objets », dans A. Minault-Gout, Balat II : 
le  mastaba d’Ima Pepi (mastaba II) fin de l’Ancien 
Empire, FIFAO 33, p. 209-216.
9. « Analyse des contenus de vases », dans 
A. Minault-Gout, Balat II : le mastaba d’Ima 
Pepi (mastaba II) fin de l’Ancien Empire, FIFAO 33, 
p. 217-222.
1995
10. « Circonstances de la découverte de la peinture de 
l’Annonciation dans la conque ouest de l’église 
de la Vierge au Deir al-Souriani et observations 
techniques », Cahiers archéologiques 43, p. 125-128.
1996
11. « Premier rapport préliminaire des travaux sur 
le site de ‘Ayn Manawîr (oasis de Kharga) », 
BIFAO 96, p. 385-451. (avec la collaboration de 
B. Bousquet, M. Chauveau, P. Dils, S. Marchand, 
A. Schweitzer et L. Volay).
1997
12. « La restauration des appartements funéraires de 
la pyramide de Pépy I à Saqqâra », dans C. Berger, 
B. Mathieu, Études sur l’Ancien Empire et la 
 nécropole de Saqqâra, dédiées à Jean-Philippe Lauer, 
OrMonsp IX, p. 449-460.
13. « RF Hydrogen Plasma Discharge Used for 
Chloride Removal from Corroded Copper 
Samples », dans M.C. Bordage, A. Gleizes 
(éd.), International Conference on Phenomena 
in Ionized Gases XXIII, 17-22 July 1997, Toulouse, 
France, Toulouse, p. 118-119 (avec M. el-Shaer et 
M. Mobasher).
1998
14. « Les états d’occupation du secteur Nord 
(de Meydancikkale) », dans A. Davesne, 
F. Laroche-Traunecker (éd.), Gülnar I : le site de 
Meydancikkale. Recherches  entreprises sous la direction 
d’Emmanuel Laroche, 1971-1982, Paris, p. 107-165 
(avec F. Laroche-Traunecker, J.-Cl. Courtois).
15. « ‘Ayn Manawîr (oasis de Kharga). Deuxième 
rapport préliminaire », BIFAO 98, p. 367-462 
(avec la collaboration de H. Barakat, B. Bousquet, 
M. Chauveau, T. Gonon, S. Marchand, M. Robin 
et A. Schweitzer).
16. « Effect of Hydrogen Plasma on Chloride 
Content in Corroded Copper Samples », dans 
METAL 98 : Proceedings of the International 
Conference on Metals Conservation, Draguignan, 
France, 26-29 May 1998 (avec M. el-Shaer).
2000
17. « The Qanats of ‘Ayn-Manâwîr (Kharga Oasis, 
Egypt) », Proceedings of the First International 
Symposium on Qanat. Yazd, Iran. May 8-11, 2000. 
Volume IV, Yazd, p. 162-169 (en collaboration 
avec T. Gonon et Chr. Thiers).
18. L’ermitage copte QR195 : archéologie et architecture, 
FIFAO 41, (avec N. Henein).
19. « Multianalytical Study of Patina Formed on 
Archaeological Metal Objects from Bliesbruck-
Reinheim », Microchimica Acta 133, Nos 1-4, 
Juin 2000, p. 159-164 (avec M. Wadsak, 
I. Constantinides, G. Vittiglio, A. Adriaens, 
K. Janssens, M. Schreiner , F. Adams, P. Brunella).
2001
20. « Les qanâts de ‘Ayn-Manâwîr (oasis de Kharga, 
Égypte) », dans P. Briant (éd.), Irrigation et 
 drainage dans l’Antiquité, qanâts et canalisations 
souterraines en Iran, en Égypte et en Grèce, sémi-
naire tenu au Collège de France sous la direction 
de Pierre Briant, Paris, p.109-136.
2002
21. « La métallurgie du fer dans l’Égypte ancienne : les 
données de l’archéologie », dans Proceedings of the 
International Round Table in Archaeology : Africa 
and the Mediterranean Basin, the Origins of the 
Iron Metallurgy, Geneva, june 1999, Mediterranean 
Archaeology 14.
22. Balat VI : le palais des gouverneurs de l’époque de 
Pépy II. Les sanctuaires de Ka et leurs dépendances, 
FIFAO 46, (avec G. Soukiassian et L. Pantalacci).
2003
23. « Ayn Manawir », Egyptian Archaeology 22, 
p. 36-37.
24. « Enhancement of Chlorides Removal from 
Copper Artifacts by the Effect of RF Hydrogen 
Plasma », dans International Conference on 
Phenomena in Ionized Gases XXVI, 15-20 July 
2003, Greifswald, Germany, Greifswald, p. 151-152 
(avec M. el-Shaer).
2005
25. « Matériel de la fin de l’Ancien Empire et de la 
Première Période Intermédiaire recueilli dans la 
ville d’‘Ayn-Asil (Balat, oasis de Dakhla) », dans 
L. Pantalacci, C. Berger-El-Naggar (éd.), Des 
Neferkarê aux Mentouhotep : travaux archéolo-
giques en cours sur la fin de la Ve dynastie et la 
Première Période Intermédiaire, p. 301-302.
26. « Un jardin d’époque romaine à ‘Ayn-Manâwir 
(Kharga, Égypte) », BIFAO 105 (avec C. Newton, 
T. Gonon).
27. « Égypte », dans B. Briant, R. Boucharlat, Actes 
du colloque international « L’archéologie de l’empire 
achéménide : nouvelles recherches », Paris, Collège 
de France, 21-22-novembre 2003, Paris, p. 97-121 
(avec S. Marchand).
2006
28. « Les chaînes opératoires métallurgiques en 
Égypte à l’époque gréco-romaine : premiers 
résultats archéologiques et archéométriques », 
dans B. Mathieu, D. Meeks, M. Wissa, L’apport 
de l’Égypte à l’histoire des techniques, BdE 142, 
(avec P. Fluzin, V. Pichot, M. Valloggia).
29. « ‘Ayn-Manâwir et la prospection de l’oasis de 
Kharga », dans L. Pantalacci, S. Denoix, « Travaux 
de l’institut français d’archéologie orientale en 
2005-2006 », BIFAO 106, p. 394-400.
2007 
30. « An Assemblage of Bronze Statuettes in a Cult 
Context: the Temple of ‘Ayn Manâwir », dans 
M. Hill (éd.), Gifts for the Gods, Images from 
Egyptian Temples, The Metropolitan Museum of Art, 
New York, New-york, p. 167-173 (avec L. Coulon 
et F. Gombert).
31. « ‘Ayn-Manâwir et la prospection de l’oasis de 
Kharga », dans L. Pantalacci, S. Denoix, « Travaux 
de l’institut français d’archéologie orientale en 
2006-2007 », BIFAO 107, p. 303-308.
2008
32. Le gisement épipaléolithique de ML1 à 
‘Ayn-Manâwir, FIFAO 58 (avec Fr. Briois et 
B. Midant-Reynes).
33. « ‘Ayn-Manâwir et la prospection de l’oasis de 
Kharga », dans L. Pantalacci, S. Denoix, « Travaux 
de l’institut français d’archéologie orientale en 
2007-2008 », BIFAO 108, p. 429-438.
2009
34. « ‘Ayn-Manâwir et la prospection de l’oasis de 
Kharga », dans L. Pantalacci, S. Denoix, « Travaux 
de l’institut français d’archéologie orientale en 
2008-2009 », BIFAO 109, p. 587-593.
2010
35. « La prospection et la carte archéologique de l’oasis 
de Kharga », dans B. Midant-Reynes, S. Denoix, 
Travaux de l’institut français  d’archéologie orientale 
en 2011-2012, Le Caire, p. 4-16 (avec T. Dachy).
2012
36. « Dating the End of the Neolithic in an Eastern 
Sahara Oasis: Modeling Absolute Chronology », 
Radiocarbon 54/3-4, p. 1-14 (avec Fr. Briois, 
B. Midant-Reynes et T. Dachy).
37. Neolithic Occupation of an Artesian Spring: 
KS043 in the Kharga Oasis, Egypt », JFA 37/3, 
p. 178-191 (avec Fr. Briois, B. Midant-Reynes, 
S. Marchand, Y. Tristant, M. de Dapper, J. Lesur 
et C. Newton).
38. « La prospection et la carte archéologique de l’oasis 
de Kharga », dans B. Midant-Reynes, S. Denoix, 
« Travaux de l’institut français  d’archéologie 
orientale en 2009-2010 », BIFAO 110, p. 363-364 
(avec T. Dachy).
2013
39. « L’agriculture oasienne à l’époque perse dans le 
sud de l’oasis de Kharga (Égypte, ve-vie s. AEC) », 
dans M. Tengberg, C. Newton, J. Giraud 
(éd.), Le Palmier dattier : origine et culture an-
cienne au Moyen-Orient et en Égypte, Revue 
 d’ethnoécologie 4 (avec C. Newton, T. Whitbread 
et D.  Agut-Labordère).
40. « Wall-Paintings in a Roman House at Ancient 
Kysis, Kharga Oasis », BIFAO 113, p. 157-181 
(avec B. Gehad, H. Whitehouse, M. Foad).
2014
41. « Examen d’un échantillonnage de silex : 
 composition élémentaire », dans B. Midant-
Reynes, N. Buchez, Tell el-Iswid 2006-2009, 
FIFAO 73, p. 214-218.
</note></p></text></TEI>