<?xml version='1.0' encoding='UTF-8'?>
<TEI xmlns="http://www.tei-c.org/ns/1.0"><teiHeader><fileDesc><titleStmt><title>[Nécrologie.] Bichara Hawara (1882-1937).</title></titleStmt><publicationStmt>Corpus produit par l'étudiant MA1 Ph. Hennebert (philippe.hennebert@student.uliege.be) du cours de l'Université de Liège Corpus INFO0943: 'Corpus textuels: principes de constitution et d'analyse'</publicationStmt><sourceDesc><p>https://www.ifao.egnet.net/bifao/37/11/ (BIFAO en ligne) processed using python scripts in https://github.com/PhilHen/BIFAOCorpusTools (typographical zones detected using OpenCV, OCR with Tesseract)</p></sourceDesc></fileDesc><encodingDesc><classDecl><taxonomy id="frpos"><bibl><title>pos tagset build from https://spacy.io/</title></bibl></taxonomy><taxonomy id="frlemma"><bibl><title>fr lemma of the model https://spacy.io/</title></bibl></taxonomy><taxonomy id="frMUSAS"><bibl><title>semantic tagging https://ucrel.github.io/pymusas/usage/how_to/tag_text#french</title></bibl></taxonomy></classDecl><editorialDecl><correction>Les erreurs d'orthographe confirmées par examen du PDF source n'ont pas été corrigées. Une vérification et correction manuelle du texte a été réalisée par Ph. Hennebert (philippe.hennebert@student.uliege.be) le 29/12/2023</correction><hyphenation>Les mots coupés en fin de ligne ont été réassemblés automatiquement, pour autant que la forme combinée sans trait d'union soit attestée dans le dictionnaire français https://unitexgramlab.org/fr/language-resources</hyphenation></editorialDecl></encodingDesc></teiHeader><text id="BIFAO037_art_11.pdf" auteur="Pierre Jouguet" annee="1937" titre="[Nécrologie.] Bichara Hawara (1882-1937)." textId="37A11" nomDefunt="Hawara" metierDefunt="imprimeur" categ="Nécrologie"><p><pb n="165"/><w frlemma="bichara" frpos="NOUN" frMUSAS="Z99">BICHARA</w><w frlemma="hawarer" frpos="VERB" frMUSAS="Z99">HAWARA</w><w frlemma="&quot;" frpos="PUNCT" frMUSAS="PUNCT">"</w><w frlemma="(" frpos="PUNCT" frMUSAS="PUNCT">(</w><w frlemma="1882" frpos="NOUN" frMUSAS="Z99">1882</w><w frlemma="-" frpos="NOUN" frMUSAS="Z99">-</w><w frlemma="1937" frpos="NOUN" frMUSAS="Z99">1937</w><w frlemma=")" frpos="PUNCT" frMUSAS="PUNCT">)</w><w frlemma="." frpos="PUNCT" frMUSAS="PUNCT">.</w><w frlemma="(" frpos="PUNCT" frMUSAS="PUNCT">(</w><w frlemma="Discours" frpos="PROPN" frMUSAS="Z99">Discours</w><w frlemma="prononcer" frpos="VERB" frMUSAS="Q3">prononcé</w><w frlemma="le" frpos="DET" frMUSAS="Z5">le</w><w frlemma="8" frpos="NUM" frMUSAS="N1">8</w><w frlemma="mai" frpos="NOUN" frMUSAS="T1.3">mai</w><w frlemma="1937" frpos="NUM" frMUSAS="N1">1937</w><w frlemma="," frpos="PUNCT" frMUSAS="PUNCT">,</w><w frlemma="à" frpos="ADP" frMUSAS="Z5">aux</w><w frlemma="obsèque" frpos="NOUN" frMUSAS="Z99">obsèques</w><w frlemma="de" frpos="ADP" frMUSAS="Z5">de</w><w frlemma="B." frpos="PROPN" frMUSAS="Z99">B.</w><w frlemma="Hawara" frpos="PROPN" frMUSAS="Z99">Hawara</w><w frlemma="." frpos="PUNCT" frMUSAS="PUNCT">.</w><w frlemma=")" frpos="PUNCT" frMUSAS="PUNCT">)</w></p><p><w frlemma="«" frpos="NOUN" frMUSAS="Z99">«</w><w frlemma="le" frpos="DET" frMUSAS="Z5">Le</w><w frlemma="flot" frpos="NOUN" frMUSAS="Z99">flot</w><w frlemma="de" frpos="ADP" frMUSAS="Z5">du</w><w frlemma="malheur" frpos="NOUN" frMUSAS="A1.4-">malheur</w><w frlemma="emporter" frpos="VERB" frMUSAS="Z99">emporte</w><w frlemma="le" frpos="DET" frMUSAS="Z5">la</w><w frlemma="cité" frpos="NOUN" frMUSAS="M7c">cité</w><w frlemma=":" frpos="PUNCT" frMUSAS="PUNCT">:</w><w frlemma="hors" frpos="ADP" frMUSAS="Z5">hors</w><w frlemma="de" frpos="ADP" frMUSAS="Z5">du</w><w frlemma="gouffre" frpos="NOUN" frMUSAS="Z99">gouffre</w><w frlemma="mortel" frpos="ADJ" frMUSAS="Z99">mortel</w><w frlemma="," frpos="PUNCT" frMUSAS="PUNCT">,</w><w frlemma="lui" frpos="PRON" frMUSAS="Z8">elle</w><w frlemma="ne" frpos="ADV" frMUSAS="Z6">ne</w><w frlemma="pouvoir" frpos="VERB" frMUSAS="Z99">peut</w><w frlemma="lever" frpos="VERB" frMUSAS="Z99">lever</w><w frlemma="le" frpos="DET" frMUSAS="Z5">la</w><w frlemma="tête" frpos="NOUN" frMUSAS="B1">tête</w><w frlemma="." frpos="PUNCT" frMUSAS="PUNCT">.</w><w frlemma="»" frpos="PUNCT" frMUSAS="PUNCT">»</w><w frlemma="pourquoi" frpos="ADV" frMUSAS="A2.2">Pourquoi</w><w frlemma="ce" frpos="DET" frMUSAS="Z5">ces</w><w frlemma="fort" frpos="NOUN" frMUSAS="S1.2.5+">fortes</w><w frlemma="image" frpos="ADJ" frMUSAS="Z99">images</w><w frlemma="de" frpos="ADP" frMUSAS="Z5">de</w><w frlemma="le" frpos="DET" frMUSAS="Z5">l'</w><w frlemma="antique" frpos="ADJ" frMUSAS="Z99">antique</w><w frlemma="tragédie" frpos="NOUN" frMUSAS="E4.1-">tragédie</w><w frlemma="me" frpos="PRON" frMUSAS="Z8">me</w><w frlemma="revenir" frpos="VERB" frMUSAS="Z99">revenaient</w><w frlemma="-" frpos="NOUN" frMUSAS="Z99">-</w><w frlemma="lui" frpos="PRON" frMUSAS="Z8">elles</w><w frlemma="ce" frpos="PRON" frMUSAS="Z8">ce</w><w frlemma="malin" frpos="NOUN" frMUSAS="Z99">malin</w><w frlemma="à" frpos="ADP" frMUSAS="Z5">à</w><w frlemma="le" frpos="DET" frMUSAS="Z5">la</w><w frlemma="pensée" frpos="NOUN" frMUSAS="X2.1">pensée</w><w frlemma="," frpos="PUNCT" frMUSAS="PUNCT">,</w><w frlemma="quand" frpos="SCONJ" frMUSAS="Z5">quand</w><w frlemma="je" frpos="PRON" frMUSAS="Z8mf">je</w><w frlemma="méditer" frpos="VERB" frMUSAS="Z99">méditais</w><w frlemma="surle" frpos="NOUN" frMUSAS="Z99">surles</w><w frlemma="destiner" frpos="VERB" frMUSAS="Z99">destinées</w><w frlemma="de" frpos="ADP" frMUSAS="Z5">de</w><w frlemma="notre" frpos="DET" frMUSAS="Z8">notre</w><w frlemma="Institut" frpos="PROPN" frMUSAS="P1/S5+c">Institut</w><w frlemma="?" frpos="PUNCT" frMUSAS="PUNCT">?</w><w frlemma="notre" frpos="DET" frMUSAS="Z8">Notre</w><w frlemma="existence" frpos="NOUN" frMUSAS="A3+">existence</w><w frlemma="laborieux" frpos="ADJ" frMUSAS="Z99">laborieuse</w><w frlemma="et" frpos="CCONJ" frMUSAS="Z5">et</w><w frlemma="cacher" frpos="VERB" frMUSAS="A10-">cachée</w><w frlemma="ne" frpos="ADV" frMUSAS="Z6">ne</w><w frlemma="sembler" frpos="VERB" frMUSAS="A8">semble</w><w frlemma="pas" frpos="ADV" frMUSAS="Z99">pas</w><w frlemma="devoir" frpos="VERB" frMUSAS="Z99">devoir</w><w frlemma="rappeler" frpos="VERB" frMUSAS="Z99">rappeler</w><w frlemma="ce" frpos="DET" frMUSAS="Z5">ces</w><w frlemma="illustre" frpos="NOUN" frMUSAS="Z99">illustres</w><w frlemma="infortune" frpos="ADJ" frMUSAS="Z99">infortunes</w><w frlemma="." frpos="PUNCT" frMUSAS="PUNCT">.</w><w frlemma="et" frpos="CCONJ" frMUSAS="Z5">Et</w><w frlemma="pourtant" frpos="ADV" frMUSAS="Z99">pourtant</w><w frlemma="lui" frpos="PRON" frMUSAS="Z8">elle</w><w frlemma="le" frpos="DET" frMUSAS="Z5">les</w><w frlemma="rappelle" frpos="NOUN" frMUSAS="Z99">rappelle</w><w frlemma="," frpos="PUNCT" frMUSAS="PUNCT">,</w><w frlemma="puisque" frpos="SCONJ" frMUSAS="N4">puisque</w><w frlemma="le" frpos="DET" frMUSAS="Z5">la</w><w frlemma="douleur" frpos="NOUN" frMUSAS="B2-">douleur</w><w frlemma="," frpos="PUNCT" frMUSAS="PUNCT">,</w><w frlemma="avec" frpos="ADP" frMUSAS="Z5">avec</w><w frlemma="son" frpos="DET" frMUSAS="Z5">ses</w><w frlemma="grandeur" frpos="NOUN" frMUSAS="Z99">grandeurs</w><w frlemma="et" frpos="CCONJ" frMUSAS="Z5">et</w><w frlemma="son" frpos="DET" frMUSAS="Z5">ses</w><w frlemma="torture" frpos="NOUN" frMUSAS="E3-">tortures</w><w frlemma="," frpos="PUNCT" frMUSAS="PUNCT">,</w><w frlemma="être" frpos="AUX" frMUSAS="M6">est</w><w frlemma="au" frpos="ADP" frMUSAS="Z5">au</w><w frlemma="fond" frpos="NOUN" frMUSAS="N4">fond</w><w frlemma="de" frpos="ADP" frMUSAS="Z5">des</w><w frlemma="plus" frpos="ADV" frMUSAS="Z5">plus</w><w frlemma="humble" frpos="NOUN" frMUSAS="Z99">humbles</w><w frlemma="vier" frpos="VERB" frMUSAS="Z99">vies</w><w frlemma="." frpos="PUNCT" frMUSAS="PUNCT">.</w></p><p><w frlemma="Humble" frpos="PROPN" frMUSAS="Z99">Humble</w><w frlemma="," frpos="PUNCT" frMUSAS="PUNCT">,</w><w frlemma="certes" frpos="ADV" frMUSAS="Z99">certes</w><w frlemma="!" frpos="PUNCT" frMUSAS="PUNCT">!</w><w frlemma="être" frpos="AUX" frMUSAS="Z99">fut</w><w frlemma="le" frpos="DET" frMUSAS="Z5">la</w><w frlemma="vie" frpos="NOUN" frMUSAS="L1+">vie</w><w frlemma="de" frpos="ADP" frMUSAS="Z5">de</w><w frlemma="celui" frpos="PRON" frMUSAS="Z8">celui</w><w frlemma="que" frpos="PRON" frMUSAS="Z8">que</w><w frlemma="nous" frpos="PRON" frMUSAS="Z8">nous</w><w frlemma="rendre" frpos="VERB" frMUSAS="Z99">rendons</w><w frlemma="aujourd'hui" frpos="ADV" frMUSAS="Z99">aujourd'hui</w><w frlemma="à" frpos="ADP" frMUSAS="Z5">à</w><w frlemma="le" frpos="DET" frMUSAS="Z5">l'</w><w frlemma="éternilé" frpos="NOUN" frMUSAS="Z99">éternilé</w><w frlemma="," frpos="PUNCT" frMUSAS="PUNCT">,</w><w frlemma="mais" frpos="CCONJ" frMUSAS="Z5">mais</w><w frlemma="lui" frpos="PRON" frMUSAS="Z8">elle</w><w frlemma="avoir" frpos="VERB" frMUSAS="A9+">eut</w><w frlemma="aussi" frpos="ADV" frMUSAS="Z99">aussi</w><w frlemma="son" frpos="DET" frMUSAS="Z5">son</w><w frlemma="drame" frpos="NOUN" frMUSAS="K4">drame</w><w frlemma="et" frpos="CCONJ" frMUSAS="Z5">et</w><w frlemma="son" frpos="DET" frMUSAS="Z5">son</w><w frlemma="héroïsme" frpos="NOUN" frMUSAS="Z99">héroïsme</w><w frlemma="." frpos="PUNCT" frMUSAS="PUNCT">.</w><w frlemma="ge" frpos="ADP" frMUSAS="Z99">Ge</w><w frlemma="que" frpos="SCONJ" frMUSAS="Z5">que</w><w frlemma="Bichara" frpos="PROPN" frMUSAS="Z99">Bichara</w><w frlemma="Hawara" frpos="PROPN" frMUSAS="Z99">Hawara</w><w frlemma="avoir" frpos="AUX" frMUSAS="A9+">a</w><w frlemma="être" frpos="AUX" frMUSAS="T1.3">été</w><w frlemma="—" frpos="VERB" frMUSAS="Z99">—</w><w frlemma="et" frpos="CCONJ" frMUSAS="Z5">et</w><w frlemma="dans" frpos="ADP" frMUSAS="Z5">dans</w><w frlemma="son" frpos="DET" frMUSAS="Z5">son</w><w frlemma="métier" frpos="NOUN" frMUSAS="Z99">métier</w><w frlemma="que" frpos="SCONJ" frMUSAS="Z5">qu'</w><w frlemma="il" frpos="PRON" frMUSAS="Z8">il</w><w frlemma="aimer" frpos="VERB" frMUSAS="Z99">aimait</w><w frlemma="," frpos="PUNCT" frMUSAS="PUNCT">,</w><w frlemma="il" frpos="PRON" frMUSAS="Z8">il</w><w frlemma="être" frpos="AUX" frMUSAS="Z99">était</w><w frlemma="le" frpos="DET" frMUSAS="Z5">la</w><w frlemma="perfection" frpos="NOUN" frMUSAS="Z99">perfection</w><w frlemma="même" frpos="ADV" frMUSAS="Z99">même</w><w frlemma="—" frpos="PUNCT" frMUSAS="PUNCT">—</w><w frlemma="1l" frpos="NUM" frMUSAS="N1">1l</w><w frlemma="le" frpos="DET" frMUSAS="Z5">le</w><w frlemma="devint" frpos="NOUN" frMUSAS="Z99">devint</w><w frlemma="par" frpos="ADP" frMUSAS="M6">par</w><w frlemma="son" frpos="DET" frMUSAS="Z5">son</w><w frlemma="propre" frpos="ADJ" frMUSAS="Z99">propre</w><w frlemma="effort" frpos="NOUN" frMUSAS="X8+">effort</w><w frlemma="." frpos="PUNCT" frMUSAS="PUNCT">.</w><w frlemma="entrer" frpos="VERB" frMUSAS="Z99">Entré</w><w frlemma="dans" frpos="ADP" frMUSAS="Z5">dans</w><w frlemma="notre" frpos="DET" frMUSAS="Z5">nos</w><w frlemma="atelier" frpos="NOUN" frMUSAS="Z99">ateliers</w><w frlemma="," frpos="PUNCT" frMUSAS="PUNCT">,</w><w frlemma="il" frpos="PRON" frMUSAS="Z8">il</w><w frlemma="y" frpos="PRON" frMUSAS="M6">y</w><w frlemma="avoir" frpos="VERB" frMUSAS="A9+">a</w><w frlemma="près" frpos="ADV" frMUSAS="Z99">près</w><w frlemma="de" frpos="ADP" frMUSAS="Z5">de</w><w frlemma="quarante" frpos="NUM" frMUSAS="N1">quarante</w><w frlemma="an" frpos="NOUN" frMUSAS="T1.3">ans</w><w frlemma="," frpos="PUNCT" frMUSAS="PUNCT">,</w><w frlemma="presque" frpos="ADV" frMUSAS="A13.4">presque</w><w frlemma="en" frpos="ADP" frMUSAS="Z5">en</w><w frlemma="même" frpos="ADJ" frMUSAS="Z99">même</w><w frlemma="temps" frpos="NOUN" frMUSAS="T1">temps</w><w frlemma="que" frpos="SCONJ" frMUSAS="Z5">que</w><w frlemma="Rampazzo" frpos="PROPN" frMUSAS="Z99">Rampazzo</w><w frlemma="," frpos="PUNCT" frMUSAS="PUNCT">,</w><w frlemma="qui" frpos="PRON" frMUSAS="Z8">qui</w><w frlemma="le" frpos="PRON" frMUSAS="Z8">l'</w><w frlemma="avoir" frpos="VERB" frMUSAS="A9+">aura</w><w frlemma="de" frpos="ADP" frMUSAS="Z5">de</w><w frlemma="bien" frpos="ADV" frMUSAS="A10+">bien</w><w frlemma="peu" frpos="ADV" frMUSAS="A13.7">peu</w><w frlemma="précéder" frpos="VERB" frMUSAS="N4">précédé</w><w frlemma="dans" frpos="ADP" frMUSAS="Z5">dans</w><w frlemma="le" frpos="DET" frMUSAS="Z5">la</w><w frlemma="mort" frpos="NOUN" frMUSAS="Z99">mort</w><w frlemma="," frpos="PUNCT" frMUSAS="PUNCT">,</w><w frlemma="ce" frpos="PRON" frMUSAS="Z8">c'</w><w frlemma="être" frpos="AUX" frMUSAS="Z99">était</w><w frlemma="un" frpos="DET" frMUSAS="Z5">un</w><w frlemma="tout" frpos="ADJ" frMUSAS="Z8">tout</w><w frlemma="jeune" frpos="ADJ" frMUSAS="T3-">jeune</w><w frlemma="homme" frpos="NOUN" frMUSAS="I3.1">homme</w><w frlemma="," frpos="PUNCT" frMUSAS="PUNCT">,</w><w frlemma="presque" frpos="ADV" frMUSAS="A13.4">presque</w><w frlemma="un" frpos="DET" frMUSAS="Z5">un</w><w frlemma="apprenti" frpos="ADJ" frMUSAS="Z99">apprenti</w><w frlemma="." frpos="PUNCT" frMUSAS="PUNCT">.</w><w frlemma="peu" frpos="ADV" frMUSAS="A13.7">Peu</w><w frlemma="à" frpos="ADP" frMUSAS="Z5">à</w><w frlemma="peu" frpos="ADV" frMUSAS="A13.7">peu</w><w frlemma="," frpos="PUNCT" frMUSAS="PUNCT">,</w><w frlemma="avec" frpos="ADP" frMUSAS="Z5">avec</w><w frlemma="quelque" frpos="DET" frMUSAS="A13.5">quelques</w><w frlemma="leçon" frpos="NOUN" frMUSAS="P1">leçons</w><w frlemma="de" frpos="ADP" frMUSAS="Z5">de</w><w frlemma="français" frpos="NOUN" frMUSAS="Z2">français</w><w frlemma="," frpos="PUNCT" frMUSAS="PUNCT">,</w><w frlemma="que" frpos="SCONJ" frMUSAS="Z5">qu'</w><w frlemma="il" frpos="PRON" frMUSAS="Z8">il</w><w frlemma="savoir" frpos="VERB" frMUSAS="X2.2+">savait</w><w frlemma="mal" frpos="ADV" frMUSAS="A5.1-">mal</w><w frlemma="alors" frpos="ADV" frMUSAS="Z99">alors</w><w frlemma="," frpos="PUNCT" frMUSAS="PUNCT">,</w><w frlemma="et" frpos="CCONJ" frMUSAS="Z5">et</w><w frlemma="que" frpos="SCONJ" frMUSAS="Z5">qu'</w><w frlemma="il" frpos="PRON" frMUSAS="Z8">il</w><w frlemma="savoir" frpos="VERB" frMUSAS="X2.2+">sut</w><w frlemma="excellemmer" frpos="VERB" frMUSAS="Z99">excellemment</w><w frlemma="dans" frpos="ADP" frMUSAS="Z5">dans</w><w frlemma="le" frpos="DET" frMUSAS="Z5">la</w><w frlemma="suite" frpos="NOUN" frMUSAS="Z99">suite</w><w frlemma="," frpos="PUNCT" frMUSAS="PUNCT">,</w><w frlemma="il" frpos="PRON" frMUSAS="Z8">il</w><w frlemma="être" frpos="AUX" frMUSAS="Z99">était</w><w frlemma="devenir" frpos="VERB" frMUSAS="A2.1+">devenu</w><w frlemma="le" frpos="DET" frMUSAS="Z5">le</w><w frlemma="plus" frpos="ADV" frMUSAS="Z5">plus</w><w frlemma="admirable" frpos="NOUN" frMUSAS="Z99">admirable</w><w frlemma="de" frpos="ADP" frMUSAS="Z5">des</w><w frlemma="prote" frpos="NOUN" frMUSAS="Z99">protes</w><w frlemma="." frpos="PUNCT" frMUSAS="PUNCT">.</w><w frlemma="en" frpos="ADP" frMUSAS="Z5">En</w><w frlemma="le" frpos="DET" frMUSAS="Z5">le</w><w frlemma="proclamer" frpos="VERB" frMUSAS="Z99">proclamant</w><w frlemma="ici" frpos="ADV" frMUSAS="M6">ici</w><w frlemma="," frpos="PUNCT" frMUSAS="PUNCT">,</w><w frlemma="je" frpos="PRON" frMUSAS="Z8mf">je</w><w frlemma="ne" frpos="ADV" frMUSAS="Z6">n'</w><w frlemma="apprendre" frpos="VERB" frMUSAS="X2.3+">apprendrai</w><w frlemma="à" frpos="ADP" frMUSAS="Z5">à</w><w frlemma="personne" frpos="NOUN" frMUSAS="Z99">personne</w><w frlemma="que" frpos="SCONJ" frMUSAS="Z5">que</w><w frlemma="le" frpos="DET" frMUSAS="Z5">la</w><w frlemma="correction" frpos="NOUN" frMUSAS="A5.3+/A2.1">correction</w><w frlemma="de" frpos="ADP" frMUSAS="Z5">de</w><w frlemma="notre" frpos="DET" frMUSAS="Z8">notre</w><w frlemma="typographie" frpos="NOUN" frMUSAS="Z99">typographie</w><w frlemma="reposer" frpos="VERB" frMUSAS="E3+">reposait</w><w frlemma="presque" frpos="ADV" frMUSAS="A13.4">presque</w><w frlemma="tout" frpos="DET" frMUSAS="Z8">toute</w><w frlemma="entier" frpos="ADJ" frMUSAS="Z99">entière</w><w frlemma="sur" frpos="ADP" frMUSAS="Z5">sur</w><w frlemma="Bichara" frpos="PROPN" frMUSAS="Z99">Bichara</w><w frlemma="Hawara" frpos="PROPN" frMUSAS="Z99">Hawara</w><w frlemma="." frpos="PUNCT" frMUSAS="PUNCT">.</w><w frlemma="son" frpos="DET" frMUSAS="Z5">Sa</w><w frlemma="tâche" frpos="NOUN" frMUSAS="A1.1.1">tâche</w><w frlemma="être" frpos="AUX" frMUSAS="Z99">était</w><w frlemma="difficile" frpos="ADJ" frMUSAS="A12-">difficile</w><w frlemma=":" frpos="PUNCT" frMUSAS="PUNCT">:</w><w frlemma="il" frpos="PRON" frMUSAS="Z8">il</w><w frlemma="luire" frpos="PRON" frMUSAS="Z8">lui</w><w frlemma="falloir" frpos="VERB" frMUSAS="Z99">fallait</w><w frlemma="lire" frpos="VERB" frMUSAS="Z99">lire</w><w frlemma="de" frpos="ADP" frMUSAS="Z5">des</w><w frlemma="texte" frpos="NOUN" frMUSAS="Q1.2">textes</w><w frlemma="dans" frpos="ADP" frMUSAS="Z5">dans</w><w frlemma="tout" frpos="ADJ" frMUSAS="Z8">toutes</w><w frlemma="le" frpos="DET" frMUSAS="Z5">les</w><w frlemma="principale" frpos="NOUN" frMUSAS="Z99">principales</w><w frlemma="langue" frpos="ADJ" frMUSAS="Z99">langues</w><w frlemma="de" frpos="ADP" frMUSAS="Z5">de</w><w frlemma="le" frpos="DET" frMUSAS="Z5">l'</w><w frlemma="Europe" frpos="PROPN" frMUSAS="Z99">Europe</w><w frlemma=":" frpos="PUNCT" frMUSAS="PUNCT">:</w><w frlemma="allemand" frpos="PROPN" frMUSAS="Z2/S2mf">allemand</w><w frlemma="," frpos="PUNCT" frMUSAS="PUNCT">,</w><w frlemma="anglais" frpos="NUM" frMUSAS="Z1mf">anglais</w><w frlemma="," frpos="PUNCT" frMUSAS="PUNCT">,</w><w frlemma="français" frpos="ADJ" frMUSAS="Z2">français</w><w frlemma="," frpos="PUNCT" frMUSAS="PUNCT">,</w><w frlemma="italien" frpos="ADJ" frMUSAS="Z2">italien</w><w frlemma="," frpos="PUNCT" frMUSAS="PUNCT">,</w><w frlemma="dans" frpos="ADP" frMUSAS="Z5">dans</w><w frlemma="presque" frpos="ADV" frMUSAS="A13.4">presque</w><w frlemma="tout" frpos="ADJ" frMUSAS="Z8">toutes</w><w frlemma="le" frpos="DET" frMUSAS="Z5">les</w><w frlemma="écriture" frpos="NOUN" frMUSAS="Q1.2">écritures</w><w frlemma="," frpos="PUNCT" frMUSAS="PUNCT">,</w><w frlemma="dans" frpos="ADP" frMUSAS="Z5">dans</w><w frlemma="presque" frpos="ADV" frMUSAS="A13.4">presque</w><w frlemma="tout" frpos="ADJ" frMUSAS="Z8">toutes</w><w frlemma="le" frpos="DET" frMUSAS="Z5">les</w><w frlemma="langue" frpos="NOUN" frMUSAS="Z99">langues</w><w frlemma="oriental" frpos="ADJ" frMUSAS="Z99">orientales</w><w frlemma="," frpos="PUNCT" frMUSAS="PUNCT">,</w><w frlemma="celui" frpos="PRON" frMUSAS="Z8">celles</w><w frlemma="de" frpos="ADP" frMUSAS="Z5">du</w><w frlemma="moins" frpos="ADV" frMUSAS="A13.6">moins</w><w frlemma="qui" frpos="PRON" frMUSAS="Z8">qui</w><w frlemma="être" frpos="AUX" frMUSAS="Z99">furent</w><w frlemma="usiter" frpos="VERB" frMUSAS="Z99">usitées</w><w frlemma="en" frpos="ADP" frMUSAS="Z5">en</w><w frlemma="Égypte" frpos="PROPN" frMUSAS="Z99">Égypte</w><w frlemma="," frpos="PUNCT" frMUSAS="PUNCT">,</w><w frlemma="ancien" frpos="ADJ" frMUSAS="Z99">ancien</w><w frlemma="égyptien" frpos="PRON" frMUSAS="Z2/S2mf">égyptien</w><w frlemma="," frpos="PUNCT" frMUSAS="PUNCT">,</w><w frlemma="copte" frpos="NOUN" frMUSAS="Z99">copte</w><w frlemma="," frpos="PUNCT" frMUSAS="PUNCT">,</w><w frlemma="hébreu" frpos="PROPN" frMUSAS="Z99">hébreu</w><w frlemma="," frpos="PUNCT" frMUSAS="PUNCT">,</w><w frlemma="syriaque" frpos="ADJ" frMUSAS="Z99">syriaque</w><w frlemma="," frpos="PUNCT" frMUSAS="PUNCT">,</w><w frlemma="arabe" frpos="ADJ" frMUSAS="Z99">arabe</w><w frlemma="," frpos="PUNCT" frMUSAS="PUNCT">,</w><w frlemma="sans" frpos="ADP" frMUSAS="M6">sans</w><w frlemma="compter" frpos="VERB" frMUSAS="N2">compter</w><w frlemma="le" frpos="DET" frMUSAS="Z5">le</w><w frlemma="latin" frpos="NOUN" frMUSAS="Z2/Q3">latin</w><w frlemma="et" frpos="CCONJ" frMUSAS="Z5">et</w><w frlemma="le" frpos="DET" frMUSAS="Z5">le</w><w frlemma="grec" frpos="NOUN" frMUSAS="Z2">grec</w><w frlemma="." frpos="PUNCT" frMUSAS="PUNCT">.</w><w frlemma="ge" frpos="ADP" frMUSAS="Z99">Ge</w><w frlemma="labeur" frpos="NOUN" frMUSAS="Z99">labeur</w><w frlemma="," frpos="PUNCT" frMUSAS="PUNCT">,</w><w frlemma="il" frpos="PRON" frMUSAS="Z8">il</w><w frlemma="le" frpos="PRON" frMUSAS="Z8">l'</w><w frlemma="exercer" frpos="VERB" frMUSAS="Z99">exerçait</w><w frlemma="chez" frpos="ADP" frMUSAS="Z5">chez</w><w frlemma="nous" frpos="PRON" frMUSAS="Z8">nous</w><w frlemma="depuis" frpos="ADP" frMUSAS="Z5">depuis</w><w frlemma="trente-deux" frpos="NUM" frMUSAS="N1">trente-deux</w><w frlemma="an" frpos="NOUN" frMUSAS="T1.3">ans</w><w frlemma="," frpos="PUNCT" frMUSAS="PUNCT">,</w><w frlemma="former" frpos="VERB" frMUSAS="T2+">formant</w><w frlemma="autour" frpos="ADV" frMUSAS="A13.4">autour</w><w frlemma="de" frpos="ADP" frMUSAS="Z5">de</w><w frlemma="luire" frpos="PRON" frMUSAS="Z8">lui</w><w frlemma="de" frpos="ADP" frMUSAS="Z5">d'</w><w frlemma="excellent" frpos="NOUN" frMUSAS="A5.1+++">excellents</w><w frlemma="ouvrier" frpos="ADJ" frMUSAS="I3.1/S2mf">ouvriers</w><w frlemma="," frpos="PUNCT" frMUSAS="PUNCT">,</w><w frlemma="se" frpos="PRON" frMUSAS="Z8">se</w><w frlemma="perfectionner" frpos="VERB" frMUSAS="Z99">perfectionnant</w><w frlemma="de" frpos="ADP" frMUSAS="Z5">de</w><w frlemma="jour" frpos="NOUN" frMUSAS="T1.3">jour</w><w frlemma="en" frpos="ADP" frMUSAS="Z5">en</w><w frlemma="jour" frpos="NOUN" frMUSAS="T1.3">jour</w><w frlemma="." frpos="PUNCT" frMUSAS="PUNCT">.</w><w frlemma="dresser" frpos="VERB" frMUSAS="Z99">Dressé</w><w frlemma="par" frpos="ADP" frMUSAS="M6">par</w><w frlemma="le" frpos="DET" frMUSAS="Z5">la</w><w frlemma="pratique" frpos="NOUN" frMUSAS="Z99">pratique</w><w frlemma="," frpos="PUNCT" frMUSAS="PUNCT">,</w><w frlemma="il" frpos="PRON" frMUSAS="Z8">il</w><w frlemma="ne" frpos="ADV" frMUSAS="Z6">n'</w><w frlemma="y" frpos="PRON" frMUSAS="M6">y</w><w frlemma="avoir" frpos="VERB" frMUSAS="A9+">avait</w><w frlemma="pourtant" frpos="ADV" frMUSAS="Z99">pourtant</w><w frlemma="rien" frpos="PRON" frMUSAS="A11.1-">rien</w><w frlemma="de" frpos="ADP" frMUSAS="Z5">de</w><w frlemma="mécanique" frpos="NOUN" frMUSAS="O2">mécanique</w><w frlemma="dans" frpos="ADP" frMUSAS="Z5">dans</w><w frlemma="son" frpos="DET" frMUSAS="Z5">son</w><w frlemma="travail" frpos="NOUN" frMUSAS="I3.1">travail</w><w frlemma=":" frpos="PUNCT" frMUSAS="PUNCT">:</w><w frlemma="il" frpos="PRON" frMUSAS="Z8">il</w><w frlemma="vouloir" frpos="VERB" frMUSAS="X7+">voulait</w><w frlemma="comprendre" frpos="VERB" frMUSAS="X2.5+">comprendre</w><w frlemma="," frpos="PUNCT" frMUSAS="PUNCT">,</w><w frlemma="et" frpos="CCONJ" frMUSAS="Z5">et</w><w frlemma="il" frpos="PRON" frMUSAS="Z8">il</w><w frlemma="comprendre" frpos="VERB" frMUSAS="X2.5+">comprenait</w><w frlemma="jusque" frpos="ADP" frMUSAS="Z5">jusqu'</w><w frlemma="à" frpos="ADP" frMUSAS="Z5">à</w><w frlemma="le" frpos="DET" frMUSAS="Z5">la</w><w frlemma="langue" frpos="NOUN" frMUSAS="Z99">langue</w><w frlemma="de" frpos="ADP" frMUSAS="Z5">des</w><w frlemma="hiéroglyphe" frpos="NOUN" frMUSAS="Z99">hiéroglyphes</w><w frlemma="." frpos="PUNCT" frMUSAS="PUNCT">.</w><w frlemma="qui" frpos="PRON" frMUSAS="Z8">Qui</w><w frlemma="de" frpos="ADP" frMUSAS="Z5">de</w><w frlemma="nous" frpos="PRON" frMUSAS="Z8">nous</w><w frlemma="ne" frpos="ADV" frMUSAS="Z6">n'</w><w frlemma="avoir" frpos="AUX" frMUSAS="A9+">a</w><w frlemma="pas" frpos="ADV" frMUSAS="Z99">pas</w><w frlemma="corriger" frpos="VERB" frMUSAS="A5.3+/A2.1">corrigé</w><w frlemma="de" frpos="ADP" frMUSAS="Z5">d'</w><w frlemma="erreur" frpos="NOUN" frMUSAS="Z99">erreurs</w><w frlemma="," frpos="PUNCT" frMUSAS="PUNCT">,</w><w frlemma="dans" frpos="ADP" frMUSAS="Z5">dans</w><w frlemma="son" frpos="DET" frMUSAS="Z5">ses</w><w frlemma="copie" frpos="NOUN" frMUSAS="Z99">copies</w><w frlemma="de" frpos="ADP" frMUSAS="Z5">de</w><w frlemma="document" frpos="NOUN" frMUSAS="Q1.2">documents</w><w frlemma="ou" frpos="CCONJ" frMUSAS="Z5">ou</w><w frlemma="dans" frpos="ADP" frMUSAS="Z5">dans</w><w frlemma="son" frpos="DET" frMUSAS="Z5">sa</w><w frlemma="propre" frpos="ADJ" frMUSAS="Z99">propre</w><w frlemma="prose" frpos="NOUN" frMUSAS="Z99">prose</w><w frlemma="," frpos="PUNCT" frMUSAS="PUNCT">,</w><w frlemma="sur" frpos="ADP" frMUSAS="Z5">sur</w><w frlemma="le" frpos="DET" frMUSAS="Z5">les</w><w frlemma="conseil" frpos="NOUN" frMUSAS="Z99">conseils</w><w frlemma="de" frpos="ADP" frMUSAS="Z5">de</w><w frlemma="Bichara" frpos="PROPN" frMUSAS="Z99">Bichara</w><w frlemma="Hawara" frpos="PROPN" frMUSAS="Z99">Hawara</w><w frlemma="?" frpos="PUNCT" frMUSAS="PUNCT">?</w><w frlemma=" " frpos="SPACE" frMUSAS="Z99"> </w></p><p><pb n="166"/><w frlemma="Malheureusement" frpos="PROPN" frMUSAS="A1.4-">Malheureusement</w><w frlemma="il" frpos="PRON" frMUSAS="Z8">il</w><w frlemma="avoir" frpos="VERB" frMUSAS="A9+">eut</w><w frlemma="tonjour" frpos="ADJ" frMUSAS="Z99">tonjours</w><w frlemma="à" frpos="ADP" frMUSAS="Z5">à</w><w frlemma="se" frpos="PRON" frMUSAS="Z8">se</w><w frlemma="garder" frpos="VERB" frMUSAS="A9+">garder</w><w frlemma="contre" frpos="ADP" frMUSAS="Z5">contre</w><w frlemma="un" frpos="DET" frMUSAS="Z5">une</w><w frlemma="santé" frpos="NOUN" frMUSAS="B2">santé</w><w frlemma="trop" frpos="ADV" frMUSAS="Z99">trop</w><w frlemma="délicat" frpos="ADJ" frMUSAS="Z99">délicate</w><w frlemma="," frpos="PUNCT" frMUSAS="PUNCT">,</w><w frlemma="et" frpos="CCONJ" frMUSAS="Z5">et</w><w frlemma="de" frpos="ADP" frMUSAS="Z5">de</w><w frlemma="bon" frpos="ADJ" frMUSAS="A5.1+">bonne</w><w frlemma="heure" frpos="NOUN" frMUSAS="T1.3">heure</w><w frlemma="," frpos="PUNCT" frMUSAS="PUNCT">,</w><w frlemma="il" frpos="PRON" frMUSAS="Z8">il</w><w frlemma="avoir" frpos="AUX" frMUSAS="A9+">a</w><w frlemma="être" frpos="AUX" frMUSAS="T1.3">été</w><w frlemma="frapper" frpos="VERB" frMUSAS="Z99">frappé</w><w frlemma="par" frpos="ADP" frMUSAS="M6">par</w><w frlemma="un" frpos="DET" frMUSAS="Z5">un</w><w frlemma="mal" frpos="NOUN" frMUSAS="A5.1-">mal</w><w frlemma="qui" frpos="PRON" frMUSAS="Z8">qui</w><w frlemma="ne" frpos="ADV" frMUSAS="Z6">ne</w><w frlemma="pardonner" frpos="VERB" frMUSAS="Z99">pardonne</w><w frlemma="pas" frpos="ADV" frMUSAS="Z99">pas</w><w frlemma="." frpos="PUNCT" frMUSAS="PUNCT">.</w><w frlemma="nous" frpos="PRON" frMUSAS="Z8">Nous</w><w frlemma="le" frpos="PRON" frMUSAS="Z8">l'</w><w frlemma="avoir" frpos="AUX" frMUSAS="A9+">avons</w><w frlemma="soigner" frpos="VERB" frMUSAS="Z99">soigné</w><w frlemma="," frpos="PUNCT" frMUSAS="PUNCT">,</w><w frlemma="comme" frpos="SCONJ" frMUSAS="Z5">comme</w><w frlemma="nous" frpos="PRON" frMUSAS="Z8">nous</w><w frlemma="avoir" frpos="AUX" frMUSAS="A9+">avons</w><w frlemma="pouvoir" frpos="VERB" frMUSAS="Z99">pu</w><w frlemma="," frpos="PUNCT" frMUSAS="PUNCT">,</w><w frlemma="et" frpos="CCONJ" frMUSAS="Z5">et</w><w frlemma="le" frpos="PRON" frMUSAS="Z8">l'</w><w frlemma="on" frpos="PRON" frMUSAS="Z8">on</w><w frlemma="voir" frpos="VERB" frMUSAS="X3.4">vit</w><w frlemma="bien" frpos="ADV" frMUSAS="A10+">bien</w><w frlemma="alors" frpos="ADV" frMUSAS="Z99">alors</w><w frlemma="de" frpos="ADP" frMUSAS="Z5">de</w><w frlemma="quel" frpos="DET" frMUSAS="Z5">quelle</w><w frlemma="estime" frpos="VERB" frMUSAS="Z99">estime</w><w frlemma="et" frpos="CCONJ" frMUSAS="Z5">et</w><w frlemma="de" frpos="ADP" frMUSAS="Z5">de</w><w frlemma="quel" frpos="DET" frMUSAS="Z5">quelle</w><w frlemma="affection" frpos="NOUN" frMUSAS="Z99">affection</w><w frlemma="il" frpos="PRON" frMUSAS="Z8">il</w><w frlemma="être" frpos="AUX" frMUSAS="Z99">était</w><w frlemma="entourer" frpos="VERB" frMUSAS="M6">entouré</w><w frlemma="," frpos="PUNCT" frMUSAS="PUNCT">,</w><w frlemma="puisque" frpos="SCONJ" frMUSAS="N4">puisque</w><w frlemma="," frpos="PUNCT" frMUSAS="PUNCT">,</w><w frlemma="de" frpos="ADP" frMUSAS="Z5">d'</w><w frlemma="un" frpos="DET" frMUSAS="Z5">un</w><w frlemma="élan" frpos="NOUN" frMUSAS="Z99">élan</w><w frlemma="spontané" frpos="ADJ" frMUSAS="X7-">spontané</w><w frlemma="," frpos="PUNCT" frMUSAS="PUNCT">,</w><w frlemma="tout" frpos="ADJ" frMUSAS="Z8">tous</w><w frlemma="celui" frpos="PRON" frMUSAS="Z8">ceux</w><w frlemma="qui" frpos="PRON" frMUSAS="Z8">qui</w><w frlemma="avoir" frpos="AUX" frMUSAS="A9+">avaient</w><w frlemma="faire" frpos="VERB" frMUSAS="Z99">fait</w><w frlemma="partie" frpos="NOUN" frMUSAS="A10+">partie</w><w frlemma="de" frpos="ADP" frMUSAS="Z5">de</w><w frlemma="notre" frpos="DET" frMUSAS="Z8">notre</w><w frlemma="maison" frpos="NOUN" frMUSAS="H1">maison</w><w frlemma="," frpos="PUNCT" frMUSAS="PUNCT">,</w><w frlemma="ancien" frpos="ADJ" frMUSAS="Z99">anciens</w><w frlemma="et" frpos="CCONJ" frMUSAS="Z5">et</w><w frlemma="nouveau" frpos="ADJ" frMUSAS="T3-">nouveaux</w><w frlemma="," frpos="PUNCT" frMUSAS="PUNCT">,</w><w frlemma="vouloir" frpos="VERB" frMUSAS="X7+">voulurent</w><w frlemma="contribuer" frpos="VERB" frMUSAS="A9-">contribuer</w><w frlemma="à" frpos="ADP" frMUSAS="Z5">à</w><w frlemma="aider" frpos="VERB" frMUSAS="Z99">aider</w><w frlemma="à" frpos="ADP" frMUSAS="Z5">à</w><w frlemma="son" frpos="DET" frMUSAS="Z5">sa</w><w frlemma="guérison" frpos="NOUN" frMUSAS="Z99">guérison</w><w frlemma="." frpos="PUNCT" frMUSAS="PUNCT">.</w><w frlemma="grâce" frpos="NOUN" frMUSAS="Z99">Grâce</w><w frlemma="au" frpos="ADP" frMUSAS="Z5">au</w><w frlemma="zèle" frpos="NOUN" frMUSAS="Z99">zèle</w><w frlemma="éclairer" frpos="VERB" frMUSAS="Z99">éclairé</w><w frlemma="de" frpos="ADP" frMUSAS="Z5">de</w><w frlemma="notre" frpos="DET" frMUSAS="Z5">nos</w><w frlemma="médecin" frpos="NOUN" frMUSAS="Z99">médecins</w><w frlemma="," frpos="PUNCT" frMUSAS="PUNCT">,</w><w frlemma="au" frpos="ADP" frMUSAS="Z5">au</w><w frlemma="caire" frpos="NOUN" frMUSAS="Z99">Caire</w><w frlemma="," frpos="PUNCT" frMUSAS="PUNCT">,</w><w frlemma="le" frpos="DET" frMUSAS="Z5">le</w><w frlemma="dr" frpos="NOUN" frMUSAS="Z99">Dr</w><w frlemma="Hayem" frpos="PROPN" frMUSAS="Z99">Hayem</w><w frlemma="Ménasché" frpos="PROPN" frMUSAS="Z99">Ménasché</w><w frlemma="et" frpos="CCONJ" frMUSAS="Z5">et</w><w frlemma="le" frpos="DET" frMUSAS="Z5">le</w><w frlemma="dr" frpos="NOUN" frMUSAS="Z99">Dr</w><w frlemma="Canaan" frpos="PROPN" frMUSAS="Z99">Canaan</w><w frlemma="," frpos="PUNCT" frMUSAS="PUNCT">,</w><w frlemma="parent" frpos="NOUN" frMUSAS="S4mf">parent</w><w frlemma="de" frpos="ADP" frMUSAS="Z5">de</w><w frlemma="notre" frpos="DET" frMUSAS="Z8">notre</w><w frlemma="ami" frpos="NOUN" frMUSAS="S3.1/S2mf">ami</w><w frlemma="," frpos="PUNCT" frMUSAS="PUNCT">,</w><w frlemma="en" frpos="ADP" frMUSAS="Z5">en</w><w frlemma="France" frpos="PROPN" frMUSAS="Z99">France</w><w frlemma="le" frpos="DET" frMUSAS="Z5">le</w><w frlemma="dr" frpos="NOUN" frMUSAS="Z99">Dr</w><w frlemma="Douady" frpos="PROPN" frMUSAS="Z99">Douady</w><w frlemma="," frpos="PUNCT" frMUSAS="PUNCT">,</w><w frlemma="lui" frpos="PRON" frMUSAS="Z8">elle</w><w frlemma="être" frpos="AUX" frMUSAS="Z99">fut</w><w frlemma="obtenir" frpos="VERB" frMUSAS="Z99">obtenue</w><w frlemma="," frpos="PUNCT" frMUSAS="PUNCT">,</w><w frlemma="presque" frpos="ADV" frMUSAS="A13.4">presque</w><w frlemma="contre" frpos="ADP" frMUSAS="Z5">contre</w><w frlemma="tout" frpos="DET" frMUSAS="Z8">toute</w><w frlemma="attente" frpos="NOUN" frMUSAS="T1.3">attente</w><w frlemma="," frpos="PUNCT" frMUSAS="PUNCT">,</w><w frlemma="et" frpos="CCONJ" frMUSAS="Z5">et</w><w frlemma="il" frpos="PRON" frMUSAS="Z8">il</w><w frlemma="nous" frpos="PRON" frMUSAS="Z8">nous</w><w frlemma="être" frpos="AUX" frMUSAS="Z99">était</w><w frlemma="revenir" frpos="VERB" frMUSAS="I1.1">revenu</w><w frlemma="." frpos="PUNCT" frMUSAS="PUNCT">.</w><w frlemma="Mème" frpos="PROPN" frMUSAS="Z99">Mème</w><w frlemma="," frpos="PUNCT" frMUSAS="PUNCT">,</w><w frlemma="depuis" frpos="ADP" frMUSAS="Z5">depuis</w><w frlemma="le" frpos="DET" frMUSAS="Z5">la</w><w frlemma="mort" frpos="NOUN" frMUSAS="Z99">mort</w><w frlemma="de" frpos="ADP" frMUSAS="Z5">de</w><w frlemma="son" frpos="DET" frMUSAS="Z5">son</w><w frlemma="chef" frpos="NOUN" frMUSAS="Z99">chef</w><w frlemma="Rampazzo" frpos="PROPN" frMUSAS="Z99">Rampazzo</w><w frlemma="," frpos="PUNCT" frMUSAS="PUNCT">,</w><w frlemma="il" frpos="PRON" frMUSAS="Z8">il</w><w frlemma="diriger" frpos="VERB" frMUSAS="Z99">dirigeait</w><w frlemma="le" frpos="DET" frMUSAS="Z5">les</w><w frlemma="atelier" frpos="NOUN" frMUSAS="Z99">ateliers</w><w frlemma="," frpos="PUNCT" frMUSAS="PUNCT">,</w><w frlemma="et" frpos="CCONJ" frMUSAS="Z5">et</w><w frlemma="il" frpos="PRON" frMUSAS="Z8">il</w><w frlemma="se" frpos="PRON" frMUSAS="Z8">s'</w><w frlemma="être" frpos="AUX" frMUSAS="M6">est</w><w frlemma="surmener" frpos="VERB" frMUSAS="Z99">surmené</w><w frlemma="dans" frpos="ADP" frMUSAS="Z5">dans</w><w frlemma="ce" frpos="DET" frMUSAS="Z5">cette</w><w frlemma="tâche" frpos="NOUN" frMUSAS="A1.1.1">tâche</w><w frlemma="." frpos="PUNCT" frMUSAS="PUNCT">.</w><w frlemma="le" frpos="DET" frMUSAS="Z5">La</w><w frlemma="maladie" frpos="NOUN" frMUSAS="Z99">maladie</w><w frlemma="impitoyable" frpos="ADJ" frMUSAS="Z99">impitoyable</w><w frlemma="être" frpos="AUX" frMUSAS="Z99">était</w><w frlemma="sournoisement" frpos="ADV" frMUSAS="Z99">sournoisement</w><w frlemma="apparaître" frpos="VERB" frMUSAS="A8">apparue</w><w frlemma="de" frpos="ADP" frMUSAS="Z5">de</w><w frlemma="nouveau" frpos="ADJ" frMUSAS="T3-">nouveau</w><w frlemma="." frpos="PUNCT" frMUSAS="PUNCT">.</w><w frlemma="il" frpos="PRON" frMUSAS="Z8">Il</w><w frlemma="avoir" frpos="AUX" frMUSAS="A9+">a</w><w frlemma="succomber" frpos="VERB" frMUSAS="Z99">succombé</w><w frlemma="," frpos="PUNCT" frMUSAS="PUNCT">,</w><w frlemma="à" frpos="ADP" frMUSAS="Z5">à</w><w frlemma="cinquante" frpos="NOUN" frMUSAS="Z99">cinquante</w><w frlemma="-" frpos="NUM" frMUSAS="N1">-</w><w frlemma="cinq" frpos="NUM" frMUSAS="N1">cinq</w><w frlemma="an" frpos="NOUN" frMUSAS="T1.3">ans</w><w frlemma="," frpos="PUNCT" frMUSAS="PUNCT">,</w><w frlemma="délivrer" frpos="VERB" frMUSAS="Z99">délivré</w><w frlemma="peut-être" frpos="ADV" frMUSAS="Z99">peut-être</w><w frlemma="de" frpos="ADP" frMUSAS="Z5">d'</w><w frlemma="un" frpos="DET" frMUSAS="Z5">une</w><w frlemma="agonie" frpos="NOUN" frMUSAS="Z99">agonie</w><w frlemma="plus" frpos="ADV" frMUSAS="Z5">plus</w><w frlemma="long" frpos="ADJ" frMUSAS="Z99">longue</w><w frlemma="," frpos="PUNCT" frMUSAS="PUNCT">,</w><w frlemma="alors" frpos="ADV" frMUSAS="Z99">alors</w><w frlemma="que" frpos="SCONJ" frMUSAS="Z5">que</w><w frlemma="nous" frpos="PRON" frMUSAS="Z8">nous</w><w frlemma="commencer" frpos="VERB" frMUSAS="Z99">commencions</w><w frlemma="à" frpos="ADP" frMUSAS="Z5">à</w><w frlemma="peine" frpos="NOUN" frMUSAS="Z99">peine</w><w frlemma="à" frpos="ADP" frMUSAS="Z5">à</w><w frlemma="désespérer" frpos="VERB" frMUSAS="E4.1-">désespérer</w><w frlemma="." frpos="PUNCT" frMUSAS="PUNCT">.</w></p><p><w frlemma="et" frpos="CCONJ" frMUSAS="Z5">Et</w><w frlemma="maintenant" frpos="ADV" frMUSAS="T1.1.2">maintenant</w><w frlemma="!" frpos="PUNCT" frMUSAS="PUNCT">!</w><w frlemma="que" frpos="PRON" frMUSAS="Z8">que</w><w frlemma="nous" frpos="PRON" frMUSAS="Z8">nous</w><w frlemma="dire" frpos="VERB" frMUSAS="Q2.1">disons</w><w frlemma="ici" frpos="ADV" frMUSAS="M6">ici</w><w frlemma="le" frpos="DET" frMUSAS="Z5">le</w><w frlemma="dernier" frpos="ADJ" frMUSAS="N4">dernier</w><w frlemma="adieu" frpos="NOUN" frMUSAS="Z99">adieu</w><w frlemma="à" frpos="ADP" frMUSAS="Z5">à</w><w frlemma="ce" frpos="DET" frMUSAS="Z5">ce</w><w frlemma="collaborateur" frpos="NOUN" frMUSAS="Z99">collaborateur</w><w frlemma="de" frpos="ADP" frMUSAS="Z5">d'</w><w frlemma="élite" frpos="NOUN" frMUSAS="A5.1+++">élite</w><w frlemma="," frpos="PUNCT" frMUSAS="PUNCT">,</w><w frlemma="ce" frpos="PRON" frMUSAS="Z8">ce</w><w frlemma="ne" frpos="ADV" frMUSAS="Z6">n'</w><w frlemma="être" frpos="AUX" frMUSAS="M6">est</w><w frlemma="pas" frpos="ADV" frMUSAS="Z99">pas</w><w frlemma="sans" frpos="ADP" frMUSAS="M6">sans</w><w frlemma="angoisse" frpos="NOUN" frMUSAS="Z99">angoisse</w><w frlemma="que" frpos="SCONJ" frMUSAS="Z5">que</w><w frlemma="nous" frpos="PRON" frMUSAS="Z8">nous</w><w frlemma="songer" frpos="VERB" frMUSAS="X2">songeons</w><w frlemma="à" frpos="ADP" frMUSAS="Z5">à</w><w frlemma="le" frpos="DET" frMUSAS="Z5">l'</w><w frlemma="avenir" frpos="NOUN" frMUSAS="T1.1.3">avenir</w><w frlemma="." frpos="PUNCT" frMUSAS="PUNCT">.</w><w frlemma="le" frpos="DET" frMUSAS="Z5">Le</w><w frlemma="vide" frpos="NOUN" frMUSAS="N5---">vide</w><w frlemma="que" frpos="SCONJ" frMUSAS="Z5">qu'</w><w frlemma="il" frpos="PRON" frMUSAS="Z8">il</w><w frlemma="laisse" frpos="VERB" frMUSAS="Z99">laisse</w><w frlemma="chez" frpos="ADP" frMUSAS="Z5">chez</w><w frlemma="nous" frpos="PRON" frMUSAS="Z8">nous</w><w frlemma="être" frpos="AUX" frMUSAS="M6">est</w><w frlemma="irréparable" frpos="ADJ" frMUSAS="Z99">irréparable</w><w frlemma="." frpos="PUNCT" frMUSAS="PUNCT">.</w><w frlemma="«" frpos="ADJ" frMUSAS="Z99">«</w><w frlemma="pour" frpos="ADP" frMUSAS="Z5">Pour</w><w frlemma="lever" frpos="VERB" frMUSAS="Z99">lever</w><w frlemma="le" frpos="DET" frMUSAS="Z5">la</w><w frlemma="tête" frpos="NOUN" frMUSAS="B1">tête</w><w frlemma="au-dessus" frpos="ADV" frMUSAS="M6">au-dessus</w><w frlemma="de" frpos="ADP" frMUSAS="Z5">du</w><w frlemma="gouffre" frpos="NOUN" frMUSAS="Z99">gouffre</w><w frlemma="mortel" frpos="ADJ" frMUSAS="Z99">mortel</w><w frlemma="»" frpos="PUNCT" frMUSAS="PUNCT">»</w><w frlemma="," frpos="PUNCT" frMUSAS="PUNCT">,</w><w frlemma="nous" frpos="PRON" frMUSAS="Z8">nous</w><w frlemma="devoir" frpos="VERB" frMUSAS="Z99">devons</w><w frlemma="nous" frpos="PRON" frMUSAS="Z8">nous</w><w frlemma="inspirer" frpos="VERB" frMUSAS="S8+">inspirer</w><w frlemma="de" frpos="ADP" frMUSAS="Z5">de</w><w frlemma="son" frpos="DET" frMUSAS="Z5">sa</w><w frlemma="vaillance" frpos="NOUN" frMUSAS="Z99">vaillance</w><w frlemma="." frpos="PUNCT" frMUSAS="PUNCT">.</w><w frlemma="puisse" frpos="NOUN" frMUSAS="Z99">Puisse</w><w frlemma="-t" frpos="PRON" frMUSAS="Z99">-t</w><w frlemma="lui" frpos="PRON" frMUSAS="Z8">-elle</w><w frlemma="inspirer" frpos="VERB" frMUSAS="S8+">inspirer</w><w frlemma="aussi" frpos="ADV" frMUSAS="Z99">aussi</w><w frlemma="son" frpos="DET" frMUSAS="Z5">ses</w><w frlemma="cher" frpos="ADJ" frMUSAS="I1.3+">chers</w><w frlemma="enfant" frpos="NOUN" frMUSAS="S2mf/T3-">enfants</w><w frlemma="," frpos="PUNCT" frMUSAS="PUNCT">,</w><w frlemma="dont" frpos="PRON" frMUSAS="Z8">dont</w><w frlemma="deux" frpos="NUM" frMUSAS="N1">deux</w><w frlemma="déjà" frpos="ADV" frMUSAS="T1.1.1">déjà</w><w frlemma="avoir" frpos="AUX" frMUSAS="A9+">ont</w><w frlemma="choisir" frpos="VERB" frMUSAS="X7+">choisi</w><w frlemma="le" frpos="DET" frMUSAS="Z5">le</w><w frlemma="métier" frpos="NOUN" frMUSAS="Z99">métier</w><w frlemma="paternel" frpos="ADJ" frMUSAS="Z99">paternel</w><w frlemma="," frpos="PUNCT" frMUSAS="PUNCT">,</w><w frlemma="et" frpos="CCONJ" frMUSAS="Z5">et</w><w frlemma="," frpos="PUNCT" frMUSAS="PUNCT">,</w><w frlemma="de" frpos="ADP" frMUSAS="Z5">de</w><w frlemma="nouveau" frpos="ADJ" frMUSAS="T3-">nouveau</w><w frlemma="vivant" frpos="ADJ" frMUSAS="Z99">vivante</w><w frlemma="en" frpos="ADP" frMUSAS="Z5">en</w><w frlemma="lui" frpos="PRON" frMUSAS="Z8mfn">eux</w><w frlemma="," frpos="PUNCT" frMUSAS="PUNCT">,</w><w frlemma="alléger" frpos="VERB" frMUSAS="Z99">alléger</w><w frlemma="le" frpos="DET" frMUSAS="Z5">la</w><w frlemma="solitude" frpos="NOUN" frMUSAS="Z99">solitude</w><w frlemma="et" frpos="CCONJ" frMUSAS="Z5">et</w><w frlemma="le" frpos="DET" frMUSAS="Z5">la</w><w frlemma="douleur" frpos="NOUN" frMUSAS="B2-">douleur</w><w frlemma="de" frpos="ADP" frMUSAS="Z5">de</w><w frlemma="celui" frpos="PRON" frMUSAS="Z8">celle</w><w frlemma="que" frpos="PRON" frMUSAS="Z8">que</w><w frlemma="ce" frpos="DET" frMUSAS="Z5">cette</w><w frlemma="mort" frpos="NOUN" frMUSAS="Z99">mort</w><w frlemma="avoir" frpos="AUX" frMUSAS="A9+">a</w><w frlemma="le" frpos="DET" frMUSAS="Z5">le</w><w frlemma="plus" frpos="ADV" frMUSAS="Z5">plus</w><w frlemma="cruellement" frpos="NOUN" frMUSAS="Z99">cruellement</w><w frlemma="frappé" frpos="ADJ" frMUSAS="Z99">frappée</w><w frlemma="." frpos="PUNCT" frMUSAS="PUNCT">.</w></p><p><w frlemma="P." frpos="PROPN" frMUSAS="Z99">P.</w><w frlemma="Jouguet" frpos="PROPN" frMUSAS="Z99">Jouguet</w><w frlemma="." frpos="PUNCT" frMUSAS="PUNCT">.</w><note place="bottom"></note></p></text></TEI>