<?xml version='1.0' encoding='UTF-8'?>
<TEI xmlns="http://www.tei-c.org/ns/1.0"><teiHeader><fileDesc><titleStmt><title>Nécrologie. Georges Salmon [† 22 août 1906].</title></titleStmt><publicationStmt>Corpus produit par l'étudiant MA1 Ph. Hennebert (philippe.hennebert@student.uliege.be) du cours de l'Université de Liège Corpus INFO0943: 'Corpus textuels: principes de constitution et d'analyse'</publicationStmt><sourceDesc><p>https://www.ifao.egnet.net/bifao/5/10/ (BIFAO en ligne) processed using python scripts in https://github.com/PhilHen/BIFAOCorpusTools (typographical zones detected using OpenCV, OCR with Tesseract)</p></sourceDesc></fileDesc><encodingDesc><classDecl><taxonomy id="frpos"><bibl><title>pos tagset build from https://spacy.io/</title></bibl></taxonomy><taxonomy id="frlemma"><bibl><title>fr lemma of the model https://spacy.io/</title></bibl></taxonomy><taxonomy id="frMUSAS"><bibl><title>semantic tagging https://ucrel.github.io/pymusas/usage/how_to/tag_text#french</title></bibl></taxonomy></classDecl><editorialDecl><correction>Les erreurs d'orthographe confirmées par examen du PDF source n'ont pas été corrigées. Une vérification et correction manuelle du texte a été réalisée par Ph. Hennebert (philippe.hennebert@student.uliege.be) le 29/12/2023</correction><hyphenation>Les mots coupés en fin de ligne ont été réassemblés automatiquement, pour autant que la forme combinée sans trait d'union soit attestée dans le dictionnaire français https://unitexgramlab.org/fr/language-resources</hyphenation></editorialDecl></encodingDesc></teiHeader><text id="BIFAO005_art_10.pdf" auteur="Émile Chassinat" annee="1906" titre="Nécrologie. Georges Salmon [† 22 août 1906]." textId="05A10" nomDefunt="Salmon" metierDefunt="arabisant" categ="Nécrologie"><p><pb n="189"/><w frlemma="nécrologie" frpos="NOUN" frMUSAS="Z99">NÉCROLOGIE</w><w frlemma="." frpos="PUNCT" frMUSAS="PUNCT">.</w></p><p><w frlemma="george" frpos="ADJ" frMUSAS="Z99">GEORGES</w><w frlemma="salmon" frpos="NOUN" frMUSAS="Z99">SALMON</w><w frlemma="." frpos="PUNCT" frMUSAS="PUNCT">.</w></p><p><w frlemma="m." frpos="NOUN" frMUSAS="Z99">M.</w><w frlemma="Georges" frpos="PROPN" frMUSAS="Z99">Georges</w><w frlemma="Salmon" frpos="PROPN" frMUSAS="Z99">Salmon</w><w frlemma="," frpos="PUNCT" frMUSAS="PUNCT">,</w><w frlemma="chef" frpos="NOUN" frMUSAS="Z99">Chef</w><w frlemma="de" frpos="ADP" frMUSAS="Z5">de</w><w frlemma="le" frpos="DET" frMUSAS="Z5">la</w><w frlemma="mission" frpos="NOUN" frMUSAS="X7+">Mission</w><w frlemma="scientifique" frpos="ADJ" frMUSAS="Y1">scientifique</w><w frlemma="français" frpos="ADJ" frMUSAS="Z2">française</w><w frlemma="au" frpos="ADP" frMUSAS="Z5">au</w><w frlemma="Maroc" frpos="PROPN" frMUSAS="Z99">Maroc</w><w frlemma="," frpos="PUNCT" frMUSAS="PUNCT">,</w><w frlemma="être" frpos="AUX" frMUSAS="M6">est</w><w frlemma="mourir" frpos="VERB" frMUSAS="L1-">mort</w><w frlemma="à" frpos="ADP" frMUSAS="Z5">à</w><w frlemma="Tanger" frpos="PROPN" frMUSAS="Z99">Tanger</w><w frlemma="le" frpos="DET" frMUSAS="Z5">le</w><w frlemma="22" frpos="NUM" frMUSAS="N1">22</w><w frlemma="août" frpos="NOUN" frMUSAS="T1.3">août</w><w frlemma="dernier" frpos="ADJ" frMUSAS="N4">dernier</w><w frlemma="." frpos="PUNCT" frMUSAS="PUNCT">.</w><w frlemma="atteint" frpos="NOUN" frMUSAS="Z99">Atteint</w><w frlemma="de" frpos="ADP" frMUSAS="Z5">de</w><w frlemma="le" frpos="DET" frMUSAS="Z5">la</w><w frlemma="dysenterie" frpos="NOUN" frMUSAS="Z99">dysenterie</w><w frlemma="au" frpos="ADP" frMUSAS="Z5">au</w><w frlemma="retour" frpos="NOUN" frMUSAS="M1">retour</w><w frlemma="de" frpos="ADP" frMUSAS="Z5">d'</w><w frlemma="un" frpos="DET" frMUSAS="Z5">un</w><w frlemma="voyage" frpos="NOUN" frMUSAS="Z99">voyage</w><w frlemma="à" frpos="ADP" frMUSAS="Z5">à</w><w frlemma="Fez" frpos="PROPN" frMUSAS="Z99">Fez</w><w frlemma="," frpos="PUNCT" frMUSAS="PUNCT">,</w><w frlemma="dont" frpos="PRON" frMUSAS="Z8">dont</w><w frlemma="le" frpos="DET" frMUSAS="Z5">les</w><w frlemma="résultat" frpos="NOUN" frMUSAS="Z99">résultats</w><w frlemma="avoir" frpos="AUX" frMUSAS="A9+">avaient</w><w frlemma="dépasser" frpos="VERB" frMUSAS="Z99">dépassé</w><w frlemma="son" frpos="DET" frMUSAS="Z5">son</w><w frlemma="attente" frpos="NOUN" frMUSAS="T1.3">attente</w><w frlemma="," frpos="PUNCT" frMUSAS="PUNCT">,</w><w frlemma="on" frpos="PRON" frMUSAS="Z8">on</w><w frlemma="espérer" frpos="VERB" frMUSAS="X2.6+">espéra</w><w frlemma="de" frpos="ADP" frMUSAS="Z5">d'</w><w frlemma="abord" frpos="ADV" frMUSAS="Z99">abord</w><w frlemma="le" frpos="DET" frMUSAS="Z5">le</w><w frlemma="sauver" frpos="VERB" frMUSAS="Z99">sauver</w><w frlemma=";" frpos="PUNCT" frMUSAS="PUNCT">;</w><w frlemma="mais" frpos="CCONJ" frMUSAS="Z5">mais</w><w frlemma="affaiblir" frpos="VERB" frMUSAS="S7.1-/A2.1">affaibli</w><w frlemma="par" frpos="ADP" frMUSAS="M6">par</w><w frlemma="un" frpos="DET" frMUSAS="Z5">un</w><w frlemma="labeur" frpos="NOUN" frMUSAS="Z99">labeur</w><w frlemma="sans" frpos="ADP" frMUSAS="M6">sans</w><w frlemma="trève" frpos="NOUN" frMUSAS="Z99">trève</w><w frlemma="," frpos="PUNCT" frMUSAS="PUNCT">,</w><w frlemma="que" frpos="SCONJ" frMUSAS="Z5">que</w><w frlemma="son" frpos="DET" frMUSAS="Z5">ses</w><w frlemma="fonction" frpos="NOUN" frMUSAS="A1.1.1">fonctions</w><w frlemma="luire" frpos="PRON" frMUSAS="Z8">lui</w><w frlemma="imposer" frpos="VERB" frMUSAS="S6+">imposaient</w><w frlemma="depuis" frpos="ADP" frMUSAS="Z5">depuis</w><w frlemma="plusieurs" frpos="DET" frMUSAS="N5">plusieurs</w><w frlemma="année" frpos="NOUN" frMUSAS="T1.3">années</w><w frlemma="," frpos="PUNCT" frMUSAS="PUNCT">,</w><w frlemma="1l" frpos="NUM" frMUSAS="N1">1l</w><w frlemma="ne" frpos="ADV" frMUSAS="Z6">ne</w><w frlemma="pouvoir" frpos="ADV" frMUSAS="Z99">put</w><w frlemma="opposer" frpos="VERB" frMUSAS="S8-/E2-">opposer</w><w frlemma="un" frpos="DET" frMUSAS="Z5">une</w><w frlemma="résistance" frpos="PROPN" frMUSAS="S8-">résistance</w><w frlemma="suffisant" frpos="ADJ" frMUSAS="N5">suffisante</w><w frlemma="au" frpos="ADP" frMUSAS="Z5">au</w><w frlemma="mal" frpos="NOUN" frMUSAS="A5.1-">mal</w><w frlemma="," frpos="PUNCT" frMUSAS="PUNCT">,</w><w frlemma="qui" frpos="PRON" frMUSAS="Z8">qui</w><w frlemma="prendre" frpos="VERB" frMUSAS="A9+">prit</w><w frlemma="rapidement" frpos="ADV" frMUSAS="Z99">rapidement</w><w frlemma="un" frpos="DET" frMUSAS="Z5">un</w><w frlemma="caractère" frpos="NOUN" frMUSAS="Z99">caractère</w><w frlemma="irrémédiable" frpos="ADJ" frMUSAS="Z99">irrémédiable</w><w frlemma="et" frpos="CCONJ" frMUSAS="Z5">et</w><w frlemma="le" frpos="DET" frMUSAS="Z5">l'</w><w frlemma="emporter" frpos="PROPN" frMUSAS="Z99">emporta</w><w frlemma="." frpos="PUNCT" frMUSAS="PUNCT">.</w></p><p><w frlemma="il" frpos="PRON" frMUSAS="Z8">Il</w><w frlemma="ne" frpos="ADV" frMUSAS="Z6">n'</w><w frlemma="avoir" frpos="VERB" frMUSAS="A9+">avait</w><w frlemma="que" frpos="SCONJ" frMUSAS="Z5">que</w><w frlemma="trente" frpos="NUM" frMUSAS="N1">trente</w><w frlemma="an" frpos="NOUN" frMUSAS="T1.3">ans</w><w frlemma="." frpos="PUNCT" frMUSAS="PUNCT">.</w></p><p><w frlemma="quiconqu" frpos="ADJ" frMUSAS="Z99">Quiconque</w><w frlemma="savoir" frpos="VERB" frMUSAS="X2.2+">sait</w><w frlemma="ce" frpos="PRON" frMUSAS="Z8">ce</w><w frlemma="que" frpos="PRON" frMUSAS="Z8">que</w><w frlemma="salmon" frpos="NOUN" frMUSAS="Z99">Salmon</w><w frlemma="faire" frpos="VERB" frMUSAS="Z99">fit</w><w frlemma="au" frpos="ADP" frMUSAS="Z5">au</w><w frlemma="Maroc" frpos="PROPN" frMUSAS="Z99">Maroc</w><w frlemma="ne" frpos="ADV" frMUSAS="Z6">ne</w><w frlemma="être" frpos="AUX" frMUSAS="Z99">sera</w><w frlemma="pas" frpos="ADV" frMUSAS="Z99">pas</w><w frlemma="surprendre" frpos="VERB" frMUSAS="X2.6-">surpris</w><w frlemma="de" frpos="ADP" frMUSAS="Z5">de</w><w frlemma="ce" frpos="DET" frMUSAS="Z5">ce</w><w frlemma="dénouement" frpos="NOUN" frMUSAS="Z99">dénouement</w><w frlemma="si" frpos="SCONJ" frMUSAS="Z5">si</w><w frlemma="triste" frpos="ADJ" frMUSAS="E4.1-">triste</w><w frlemma="." frpos="PUNCT" frMUSAS="PUNCT">.</w><w frlemma="de" frpos="ADP" frMUSAS="Z5">D'</w><w frlemma="un" frpos="DET" frMUSAS="Z5">une</w><w frlemma="probité" frpos="NOUN" frMUSAS="Z99">probité</w><w frlemma="intransigeant" frpos="ADJ" frMUSAS="Z99">intransigeante</w><w frlemma="," frpos="PUNCT" frMUSAS="PUNCT">,</w><w frlemma="il" frpos="PRON" frMUSAS="Z8">il</w><w frlemma="se" frpos="PRON" frMUSAS="Z8">s'</w><w frlemma="être" frpos="AUX" frMUSAS="Z99">était</w><w frlemma="donner" frpos="VERB" frMUSAS="A9-">donné</w><w frlemma="," frpos="PUNCT" frMUSAS="PUNCT">,</w><w frlemma="sans" frpos="ADP" frMUSAS="M6">sans</w><w frlemma="restriction" frpos="NOUN" frMUSAS="A1.7+">restriction</w><w frlemma="aucun" frpos="DET" frMUSAS="Z99">aucune</w><w frlemma="," frpos="PUNCT" frMUSAS="PUNCT">,</w><w frlemma="à" frpos="ADP" frMUSAS="Z5">à</w><w frlemma="le" frpos="DET" frMUSAS="Z5">l'</w><w frlemma="œuvre" frpos="NOUN" frMUSAS="Z99">œuvre</w><w frlemma="que" frpos="SCONJ" frMUSAS="Z5">que</w><w frlemma="le" frpos="DET" frMUSAS="Z5">la</w><w frlemma="France" frpos="PROPN" frMUSAS="Z99">France</w><w frlemma="venir" frpos="VERB" frMUSAS="M1">venait</w><w frlemma="de" frpos="ADP" frMUSAS="Z5">de</w><w frlemma="créer" frpos="VERB" frMUSAS="A1.1.1">créer</w><w frlemma="dans" frpos="ADP" frMUSAS="Z5">dans</w><w frlemma="ce" frpos="DET" frMUSAS="Z5">ce</w><w frlemma="coin" frpos="NOUN" frMUSAS="A1.7+">coin</w><w frlemma="de" frpos="ADP" frMUSAS="Z5">d'</w><w frlemma="Afrique" frpos="PROPN" frMUSAS="Z99">Afrique</w><w frlemma="hostile" frpos="ADJ" frMUSAS="S1.2.1-">hostile</w><w frlemma="à" frpos="ADP" frMUSAS="Z5">à</w><w frlemma="le" frpos="DET" frMUSAS="Z5">la</w><w frlemma="pénétration" frpos="NOUN" frMUSAS="Z99">pénétration</w><w frlemma="étranger" frpos="ADJ" frMUSAS="Z99">étrangère</w><w frlemma="." frpos="PUNCT" frMUSAS="PUNCT">.</w><w frlemma="avec" frpos="ADP" frMUSAS="Z5">Avec</w><w frlemma="un" frpos="DET" frMUSAS="Z5">une</w><w frlemma="patience" frpos="NOUN" frMUSAS="E3+">patience</w><w frlemma="que" frpos="SCONJ" frMUSAS="Z5">que</w><w frlemma="rien" frpos="PRON" frMUSAS="A11.1-">rien</w><w frlemma="ne" frpos="ADV" frMUSAS="Z6">ne</w><w frlemma="rebuta" frpos="ADJ" frMUSAS="Z99">rebuta</w><w frlemma="," frpos="PUNCT" frMUSAS="PUNCT">,</w><w frlemma="il" frpos="PRON" frMUSAS="Z8">il</w><w frlemma="suivre" frpos="VERB" frMUSAS="M1">suivit</w><w frlemma="sans" frpos="ADP" frMUSAS="M6">sans</w><w frlemma="recul" frpos="VERB" frMUSAS="Z99">recul</w><w frlemma="le" frpos="DET" frMUSAS="Z5">la</w><w frlemma="voie" frpos="NOUN" frMUSAS="Z99">voie</w><w frlemma="ardu" frpos="ADJ" frMUSAS="Z99">ardue</w><w frlemma="que" frpos="PRON" frMUSAS="Z8">qu'</w><w frlemma="on" frpos="PRON" frMUSAS="Z8">on</w><w frlemma="luire" frpos="PRON" frMUSAS="Z8">lui</w><w frlemma="avoir" frpos="AUX" frMUSAS="A9+">avait</w><w frlemma="tracer" frpos="VERB" frMUSAS="Z99">tracée</w><w frlemma="," frpos="PUNCT" frMUSAS="PUNCT">,</w><w frlemma="semer" frpos="VERB" frMUSAS="Z99">semant</w><w frlemma="sans" frpos="ADP" frMUSAS="M6">sans</w><w frlemma="compter" frpos="VERB" frMUSAS="N2">compter</w><w frlemma="son" frpos="DET" frMUSAS="Z5">sa</w><w frlemma="santé" frpos="NOUN" frMUSAS="B2">santé</w><w frlemma="sur" frpos="ADP" frMUSAS="Z5">sur</w><w frlemma="le" frpos="DET" frMUSAS="Z5">la</w><w frlemma="route" frpos="NOUN" frMUSAS="M3">route</w><w frlemma=":" frpos="PUNCT" frMUSAS="PUNCT">:</w><w frlemma="inlassable" frpos="ADJ" frMUSAS="Z99">inlassable</w><w frlemma="," frpos="PUNCT" frMUSAS="PUNCT">,</w><w frlemma="il" frpos="PRON" frMUSAS="Z8">il</w><w frlemma="aller" frpos="VERB" frMUSAS="M1">alla</w><w frlemma="au" frpos="ADP" frMUSAS="Z5">au</w><w frlemma="-" frpos="NOUN" frMUSAS="Z99">-</w><w frlemma="devant" frpos="ADP" frMUSAS="Z5">devant</w><w frlemma="de" frpos="ADP" frMUSAS="Z5">d'</w><w frlemma="un" frpos="DET" frMUSAS="Z5">un</w><w frlemma="destin" frpos="NOUN" frMUSAS="Z99">destin</w><w frlemma="que" frpos="PRON" frMUSAS="Z8">que</w><w frlemma="tout" frpos="ADV" frMUSAS="Z8">tout</w><w frlemma="faire" frpos="VERB" frMUSAS="Z99">faisait</w><w frlemma="prévoir" frpos="NOUN" frMUSAS="Z99">prévoir</w><w frlemma="et" frpos="CCONJ" frMUSAS="Z5">et</w><w frlemma="redouter" frpos="VERB" frMUSAS="Z99">redouter</w><w frlemma="." frpos="PUNCT" frMUSAS="PUNCT">.</w></p><p><w frlemma="il" frpos="PRON" frMUSAS="Z8">Il</w><w frlemma="falloir" frpos="VERB" frMUSAS="Z99">faut</w><w frlemma="avoir" frpos="AUX" frMUSAS="A9+">avoir</w><w frlemma="feuilleter" frpos="VERB" frMUSAS="Z99">feuilleté</w><w frlemma="le" frpos="DET" frMUSAS="Z5">les</w><w frlemma="huit" frpos="NUM" frMUSAS="Z5">huit</w><w frlemma="volume" frpos="NOUN" frMUSAS="N3.4">volumes</w><w frlemma="de" frpos="ADP" frMUSAS="Z5">des</w><w frlemma="archive" frpos="NOUN" frMUSAS="Z99">Archives</w><w frlemma="marocain" frpos="ADJ" frMUSAS="Z2">marocaines</w><w frlemma="pour" frpos="ADP" frMUSAS="Z5">pour</w><w frlemma="comprendre" frpos="VERB" frMUSAS="X2.5+">comprendre</w><w frlemma="ce" frpos="PRON" frMUSAS="Z8">ce</w><w frlemma="que" frpos="PRON" frMUSAS="Z8">que</w><w frlemma="être" frpos="AUX" frMUSAS="Z99">fut</w><w frlemma="son" frpos="DET" frMUSAS="Z5">sa</w><w frlemma="vie" frpos="NOUN" frMUSAS="L1+">vie</w><w frlemma="à" frpos="ADP" frMUSAS="Z5">à</w><w frlemma="partir" frpos="VERB" frMUSAS="M1">partir</w><w frlemma="de" frpos="ADP" frMUSAS="Z5">du</w><w frlemma="jour" frpos="NOUN" frMUSAS="T1.3">jour</w><w frlemma="où" frpos="PRON" frMUSAS="Z8">où</w><w frlemma="le" frpos="DET" frMUSAS="Z5">le</w><w frlemma="gouvernement" frpos="NOUN" frMUSAS="G1.1c">Gouvernement</w><w frlemma="de" frpos="ADP" frMUSAS="Z5">de</w><w frlemma="le" frpos="DET" frMUSAS="Z5">la</w><w frlemma="république" frpos="NOUN" frMUSAS="G1.2">République</w><w frlemma="luire" frpos="PRON" frMUSAS="Z8">lui</w><w frlemma="confier" frpos="VERB" frMUSAS="A9-">confia</w><w frlemma="le" frpos="DET" frMUSAS="Z5">la</w><w frlemma="mission" frpos="NOUN" frMUSAS="X7+">mission</w><w frlemma="que" frpos="PRON" frMUSAS="Z8">que</w><w frlemma="le" frpos="DET" frMUSAS="Z5">la</w><w frlemma="mort" frpos="NOUN" frMUSAS="Z99">mort</w><w frlemma="vient" frpos="ADJ" frMUSAS="Z99">vient</w><w frlemma="de" frpos="ADP" frMUSAS="Z5">de</w><w frlemma="clore" frpos="NOUN" frMUSAS="A1.1.1">clore</w><w frlemma="." frpos="PUNCT" frMUSAS="PUNCT">.</w><w frlemma="il" frpos="PRON" frMUSAS="Z8">Il</w><w frlemma="ne" frpos="ADV" frMUSAS="Z6">n'</w><w frlemma="y" frpos="PRON" frMUSAS="M6">y</w><w frlemma="avoir" frpos="VERB" frMUSAS="A9+">eut</w><w frlemma="plus" frpos="ADV" frMUSAS="Z5">plus</w><w frlemma="alors" frpos="ADV" frMUSAS="Z99">alors</w><w frlemma="pour" frpos="ADP" frMUSAS="Z5">pour</w><w frlemma="luire" frpos="PRON" frMUSAS="Z8">lui</w><w frlemma="de" frpos="ADP" frMUSAS="Z5">de</w><w frlemma="repos" frpos="NOUN" frMUSAS="E3+">repos</w><w frlemma="." frpos="PUNCT" frMUSAS="PUNCT">.</w><w frlemma="on" frpos="PRON" frMUSAS="Z8">On</w><w frlemma="reste" frpos="VERB" frMUSAS="E3+">reste</w><w frlemma="confondre" frpos="VERB" frMUSAS="Z99">confondu</w><w frlemma="en" frpos="ADP" frMUSAS="Z5">en</w><w frlemma="voir" frpos="VERB" frMUSAS="X3.4">voyant</w><w frlemma="le" frpos="DET" frMUSAS="Z5">l'</w><w frlemma="effort" frpos="NOUN" frMUSAS="X8+">effort</w><w frlemma="que" frpos="SCONJ" frMUSAS="Z5">qu'</w><w frlemma="il" frpos="PRON" frMUSAS="Z8">il</w><w frlemma="se" frpos="PRON" frMUSAS="Z8">s'</w><w frlemma="imposer" frpos="VERB" frMUSAS="S6+">imposa</w><w frlemma="pour" frpos="ADP" frMUSAS="Z5">pour</w><w frlemma="répondre" frpos="VERB" frMUSAS="Q2.2">répondre</w><w frlemma="à" frpos="ADP" frMUSAS="Z5">à</w><w frlemma="le" frpos="DET" frMUSAS="Z5">la</w><w frlemma="confiance" frpos="NOUN" frMUSAS="Z99">confiance</w><w frlemma="de" frpos="ADP" frMUSAS="Z5">de</w><w frlemma="celui" frpos="PRON" frMUSAS="Z8">ceux</w><w frlemma="qui" frpos="PRON" frMUSAS="Z8">qui</w><w frlemma="le" frpos="PRON" frMUSAS="Z8">l'</w><w frlemma="avoir" frpos="AUX" frMUSAS="A9+">avaient</w><w frlemma="distiqguer" frpos="VERB" frMUSAS="Z99">distiqgué</w><w frlemma="malgré" frpos="ADP" frMUSAS="Z5">malgré</w><w frlemma="son" frpos="DET" frMUSAS="Z5">sa</w><w frlemma="jeunesse" frpos="NOUN" frMUSAS="T3-/S2mf">jeunesse</w><w frlemma="." frpos="PUNCT" frMUSAS="PUNCT">.</w></p><p><w frlemma="salmon" frpos="NOUN" frMUSAS="Z99">Salmon</w><w frlemma="être" frpos="AUX" frMUSAS="Z99">fut</w><w frlemma="," frpos="PUNCT" frMUSAS="PUNCT">,</w><w frlemma="pendant" frpos="ADP" frMUSAS="Z5">pendant</w><w frlemma="trois" frpos="NUM" frMUSAS="Z5">trois</w><w frlemma="an" frpos="NOUN" frMUSAS="T1.3">ans</w><w frlemma="," frpos="PUNCT" frMUSAS="PUNCT">,</w><w frlemma="en" frpos="ADP" frMUSAS="Z5">en</w><w frlemma="sortir" frpos="VERB" frMUSAS="I1.2">sortant</w><w frlemma="de" frpos="ADP" frMUSAS="Z5">de</w><w frlemma="le" frpos="DET" frMUSAS="Z5">l'</w><w frlemma="école" frpos="NOUN" frMUSAS="P1">École</w><w frlemma="de" frpos="ADP" frMUSAS="Z5">des</w><w frlemma="langue" frpos="NOUN" frMUSAS="Z99">langues</w><w frlemma="oriental" frpos="ADJ" frMUSAS="Z99">orientales</w><w frlemma="vivant" frpos="ADJ" frMUSAS="Z99">vivantes</w><w frlemma="," frpos="PUNCT" frMUSAS="PUNCT">,</w><w frlemma="pensionnaire" frpos="NOUN" frMUSAS="Z99">pensionnaire</w><w frlemma="de" frpos="ADP" frMUSAS="Z5">de</w><w frlemma="le" frpos="DET" frMUSAS="Z5">l'</w><w frlemma="Institut" frpos="PROPN" frMUSAS="P1/S5+c">Institut</w><w frlemma="français" frpos="ADJ" frMUSAS="Z2">français</w><w frlemma="de" frpos="ADP" frMUSAS="Z5">d'</w><w frlemma="archéologie" frpos="NOUN" frMUSAS="Z99">archéologie</w><w frlemma="oriental" frpos="ADJ" frMUSAS="Z99">orientale</w><w frlemma="de" frpos="ADP" frMUSAS="Z5">du</w><w frlemma="caire" frpos="NOUN" frMUSAS="Z99">Caire</w><w frlemma="." frpos="PUNCT" frMUSAS="PUNCT">.</w><w frlemma="je" frpos="PRON" frMUSAS="Z8mf">Je</w><w frlemma="le" frpos="DET" frMUSAS="Z5">le</w><w frlemma="vis" frpos="NOUN" frMUSAS="Z99">vis</w><w frlemma="avec" frpos="ADP" frMUSAS="Z5">avec</w><w frlemma="regret" frpos="NOUN" frMUSAS="Z99">regret</w><w frlemma="quitter" frpos="VERB" frMUSAS="M1">quitter</w><w frlemma="ce" frpos="DET" frMUSAS="Z5">cette</w><w frlemma="maison" frpos="NOUN" frMUSAS="H1">maison</w><w frlemma="où" frpos="PRON" frMUSAS="Z8">où</w><w frlemma="il" frpos="PRON" frMUSAS="Z8">il</w><w frlemma="avoir" frpos="AUX" frMUSAS="A9+">avait</w><w frlemma="savoir" frpos="VERB" frMUSAS="X2.2+">su</w><w frlemma="se" frpos="PRON" frMUSAS="Z8">se</w><w frlemma="faire" frpos="VERB" frMUSAS="Z99">faire</w><w frlemma="aimer" frpos="VERB" frMUSAS="Z99">aimer</w><w frlemma="de" frpos="ADP" frMUSAS="Z5">de</w><w frlemma="tout" frpos="ADJ" frMUSAS="Z8">tous</w><w frlemma="par" frpos="ADP" frMUSAS="M6">par</w><w frlemma="son" frpos="DET" frMUSAS="Z5">sa</w><w frlemma="droiture" frpos="NOUN" frMUSAS="Z99">droiture</w><w frlemma="et" frpos="CCONJ" frMUSAS="Z5">et</w><w frlemma="le" frpos="DET" frMUSAS="Z5">la</w><w frlemma="dignité" frpos="NOUN" frMUSAS="S7.2+">dignité</w><w frlemma="de" frpos="ADP" frMUSAS="Z5">de</w><w frlemma="son" frpos="DET" frMUSAS="Z5">son</w><w frlemma="caractère" frpos="NOUN" frMUSAS="Z99">caractère</w><w frlemma="." frpos="PUNCT" frMUSAS="PUNCT">.</w><w frlemma="le" frpos="DET" frMUSAS="Z5">La</w><w frlemma="vie" frpos="NOUN" frMUSAS="L1+">vie</w><w frlemma="se" frpos="PRON" frMUSAS="Z8">s'</w><w frlemma="ouvrir" frpos="VERB" frMUSAS="A10+">ouvrait</w><w frlemma="alors" frpos="ADV" frMUSAS="Z99">alors</w><w frlemma="à" frpos="ADP" frMUSAS="Z5">à</w><w frlemma="luire" frpos="PRON" frMUSAS="Z8">lui</w><w frlemma="pleine" frpos="NOUN" frMUSAS="Z99">pleine</w><w frlemma="de" frpos="ADP" frMUSAS="Z5">de</w><w frlemma="promesse" frpos="NOUN" frMUSAS="S6+">promesses</w><w frlemma="," frpos="PUNCT" frMUSAS="PUNCT">,</w><w frlemma="et" frpos="CCONJ" frMUSAS="Z5">et</w><w frlemma="le" frpos="DET" frMUSAS="Z5">la</w><w frlemma="carrière" frpos="NOUN" frMUSAS="I3.1">carrière</w><w frlemma="que" frpos="PRON" frMUSAS="Z8">qu'</w><w frlemma="il" frpos="PRON" frMUSAS="Z8">il</w><w frlemma="se" frpos="PRON" frMUSAS="Z8">s'</w><w frlemma="être" frpos="AUX" frMUSAS="Z99">était</w><w frlemma="préparer" frpos="VERB" frMUSAS="A1.1.1">préparée</w><w frlemma="au" frpos="ADP" frMUSAS="Z5">au</w><w frlemma="prix" frpos="NOUN" frMUSAS="Z99">prix</w><w frlemma="de" frpos="ADP" frMUSAS="Z5">des</w><w frlemma="plus" frpos="ADV" frMUSAS="Z5">plus</w><w frlemma="lourd" frpos="NOUN" frMUSAS="N3.5+">lourds</w><w frlemma="sacrifice" frpos="NOUN" frMUSAS="S9">sacrifices</w><w frlemma="luire" frpos="PRON" frMUSAS="Z8">lui</w><w frlemma="promettre" frpos="VERB" frMUSAS="S6+">promettait</w><w frlemma="de" frpos="ADP" frMUSAS="Z5">de</w><w frlemma="solide" frpos="NOUN" frMUSAS="O1.1">solides</w><w frlemma="succès" frpos="NOUN" frMUSAS="X9.2+">succès</w><w frlemma="." frpos="PUNCT" frMUSAS="PUNCT">.</w><w frlemma="le" frpos="DET" frMUSAS="Z5">La</w><w frlemma="science" frpos="NOUN" frMUSAS="Y1">science</w><w frlemma="compte" frpos="NOUN" frMUSAS="Z99">compte</w><w frlemma="," frpos="PUNCT" frMUSAS="PUNCT">,</w><w frlemma="maintenant" frpos="ADV" frMUSAS="T1.1.2">maintenant</w><w frlemma="," frpos="PUNCT" frMUSAS="PUNCT">,</w><w frlemma="héler" frpos="INTJ" frMUSAS="E4.1-">hélas</w><w frlemma="!" frpos="PUNCT" frMUSAS="PUNCT">!</w><w frlemma="un" frpos="DET" frMUSAS="Z5">une</w><w frlemma="victime" frpos="NOUN" frMUSAS="A1.1.2/G2.1/S2mf">victime</w><w frlemma="de" frpos="ADP" frMUSAS="Z5">de</w><w frlemma="plus" frpos="ADV" frMUSAS="Z5">plus</w><w frlemma="." frpos="PUNCT" frMUSAS="PUNCT">.</w></p><p><pb n="190"/><w frlemma="le" frpos="DET" frMUSAS="Z5">L'</w><w frlemma="œuvre" frpos="NOUN" frMUSAS="Z99">œuvre</w><w frlemma="que" frpos="SCONJ" frMUSAS="Z5">qu'</w><w frlemma="il" frpos="PRON" frMUSAS="Z8">il</w><w frlemma="laisse" frpos="VERB" frMUSAS="Z99">laisse</w><w frlemma="être" frpos="AUX" frMUSAS="M6">est</w><w frlemma="important" frpos="ADJ" frMUSAS="A11.1+">importante</w><w frlemma=";" frpos="PUNCT" frMUSAS="PUNCT">;</w><w frlemma="celui" frpos="PRON" frMUSAS="Z8">celle</w><w frlemma="que" frpos="SCONJ" frMUSAS="Z5">qu'</w><w frlemma="il" frpos="PRON" frMUSAS="Z8">il</w><w frlemma="ne" frpos="ADV" frMUSAS="Z6">n'</w><w frlemma="avoir" frpos="AUX" frMUSAS="A9+">a</w><w frlemma="pouvoir" frpos="VERB" frMUSAS="Z99">pu</w><w frlemma="achever" frpos="VERB" frMUSAS="Z99">achever</w><w frlemma="," frpos="PUNCT" frMUSAS="PUNCT">,</w><w frlemma="et" frpos="CCONJ" frMUSAS="Z5">et</w><w frlemma="dont" frpos="PRON" frMUSAS="Z8">dont</w><w frlemma="son" frpos="DET" frMUSAS="Z5">ses</w><w frlemma="ami" frpos="NOUN" frMUSAS="S3.1/S2mf">amis</w><w frlemma="prendre" frpos="VERB" frMUSAS="A9+">prendront</w><w frlemma="soin" frpos="ADJ" frMUSAS="E6-">soin</w><w frlemma="," frpos="PUNCT" frMUSAS="PUNCT">,</w><w frlemma="être" frpos="AUX" frMUSAS="M6">est</w><w frlemma="plus" frpos="ADV" frMUSAS="Z5">plus</w><w frlemma="considérable" frpos="ADJ" frMUSAS="Z99">considérable</w><w frlemma="encore" frpos="ADV" frMUSAS="Z99">encore</w><w frlemma="." frpos="PUNCT" frMUSAS="PUNCT">.</w><w frlemma="le" frpos="DET" frMUSAS="Z5">La</w><w frlemma="publication" frpos="NOUN" frMUSAS="Q4">publication</w><w frlemma="de" frpos="ADP" frMUSAS="Z5">des</w><w frlemma="document" frpos="NOUN" frMUSAS="Q1.2">documents</w><w frlemma="que" frpos="PRON" frMUSAS="Z8">qu'</w><w frlemma="il" frpos="PRON" frMUSAS="Z8">il</w><w frlemma="avoir" frpos="AUX" frMUSAS="A9+">a</w><w frlemma="recueillir" frpos="VERB" frMUSAS="Z99">recueillis</w><w frlemma="à" frpos="ADP" frMUSAS="Z5">à</w><w frlemma="Fez" frpos="PROPN" frMUSAS="Z99">Fez</w><w frlemma="," frpos="PUNCT" frMUSAS="PUNCT">,</w><w frlemma="avec" frpos="ADP" frMUSAS="Z5">avec</w><w frlemma="le" frpos="DET" frMUSAS="Z5">l'</w><w frlemma="aide" frpos="NOUN" frMUSAS="Z99">aide</w><w frlemma="de" frpos="ADP" frMUSAS="Z5">de</w><w frlemma="son" frpos="DET" frMUSAS="Z5">son</w><w frlemma="dévoué" frpos="NOUN" frMUSAS="Z99">dévoué</w><w frlemma="compagnon" frpos="NOUN" frMUSAS="Z99">compagnon</w><w frlemma="de" frpos="ADP" frMUSAS="Z5">de</w><w frlemma="voyage" frpos="NOUN" frMUSAS="Z99">voyage</w><w frlemma="," frpos="PUNCT" frMUSAS="PUNCT">,</w><w frlemma="m." frpos="NOUN" frMUSAS="Z99">M.</w><w frlemma="Michaux" frpos="PROPN" frMUSAS="Z99">Michaux</w><w frlemma="-" frpos="PROPN" frMUSAS="Z99">-</w><w frlemma="Bellaire" frpos="PROPN" frMUSAS="Z99">Bellaire</w><w frlemma="," frpos="PUNCT" frMUSAS="PUNCT">,</w><w frlemma="et" frpos="CCONJ" frMUSAS="Z5">et</w><w frlemma="de" frpos="ADP" frMUSAS="Z5">de</w><w frlemma="ce" frpos="DET" frMUSAS="Z5">cette</w><w frlemma="monumental" frpos="ADJ" frMUSAS="Z99">monumentale</w><w frlemma="encyclopédie" frpos="NOUN" frMUSAS="Z99">Encyclopédie</w><w frlemma="de" frpos="ADP" frMUSAS="Z5">du</w><w frlemma="droit" frpos="NOUN" frMUSAS="A13.3">droit</w><w frlemma="marocain" frpos="ADJ" frMUSAS="Z2">marocain</w><w frlemma="que" frpos="PRON" frMUSAS="Z8">qu'</w><w frlemma="il" frpos="PRON" frMUSAS="Z8">il</w><w frlemma="préparer" frpos="VERB" frMUSAS="A1.1.1">préparait</w><w frlemma="luire" frpos="PRON" frMUSAS="Z8">lui</w><w frlemma="assurer" frpos="VERB" frMUSAS="Z99">assurera</w><w frlemma="un" frpos="DET" frMUSAS="Z5">une</w><w frlemma="place" frpos="NOUN" frMUSAS="Z99">place</w><w frlemma="éminent" frpos="ADJ" frMUSAS="Z99">éminente</w><w frlemma="parmi" frpos="ADP" frMUSAS="Z5">parmi</w><w frlemma="le" frpos="DET" frMUSAS="Z5">les</w><w frlemma="savant" frpos="NOUN" frMUSAS="Z99">savants</w><w frlemma="qui" frpos="PRON" frMUSAS="Z8">qui</w><w frlemma="se" frpos="PRON" frMUSAS="Z8">se</w><w frlemma="être" frpos="AUX" frMUSAS="Z99">sont</w><w frlemma="illustrer" frpos="VERB" frMUSAS="A4.1">illustrés</w><w frlemma="au" frpos="ADP" frMUSAS="Z5">au</w><w frlemma="Maroc" frpos="PROPN" frMUSAS="Z99">Maroc</w><w frlemma="." frpos="PUNCT" frMUSAS="PUNCT">.</w><w frlemma="lui" frpos="PRON" frMUSAS="Z8">Elle</w><w frlemma="montrer" frpos="VERB" frMUSAS="A10+">montrera</w><w frlemma="," frpos="PUNCT" frMUSAS="PUNCT">,</w><w frlemma="en" frpos="ADP" frMUSAS="Z5">en</w><w frlemma="même" frpos="ADJ" frMUSAS="Z99">même</w><w frlemma="temps" frpos="NOUN" frMUSAS="T1">temps</w><w frlemma="," frpos="PUNCT" frMUSAS="PUNCT">,</w><w frlemma="le" frpos="DET" frMUSAS="Z5">l'</w><w frlemma="étendue" frpos="NOUN" frMUSAS="Z99">étendue</w><w frlemma="et" frpos="CCONJ" frMUSAS="Z5">et</w><w frlemma="le" frpos="DET" frMUSAS="Z5">la</w><w frlemma="persistance" frpos="NOUN" frMUSAS="Z99">persistance</w><w frlemma="admirable" frpos="ADJ" frMUSAS="Z99">admirable</w><w frlemma="de" frpos="ADP" frMUSAS="Z5">de</w><w frlemma="son" frpos="DET" frMUSAS="Z5">son</w><w frlemma="effort" frpos="NOUN" frMUSAS="X8+">effort</w><w frlemma="." frpos="PUNCT" frMUSAS="PUNCT">.</w></p><p><w frlemma="il" frpos="PRON" frMUSAS="Z8">Il</w><w frlemma="avoir" frpos="AUX" frMUSAS="A9+">avait</w><w frlemma="commencer" frpos="VERB" frMUSAS="Z99">commencé</w><w frlemma="," frpos="PUNCT" frMUSAS="PUNCT">,</w><w frlemma="à" frpos="ADP" frMUSAS="Z5">à</w><w frlemma="le" frpos="DET" frMUSAS="Z5">l'</w><w frlemma="Institut" frpos="PROPN" frMUSAS="P1/S5+c">Institut</w><w frlemma="," frpos="PUNCT" frMUSAS="PUNCT">,</w><w frlemma="deux" frpos="NUM" frMUSAS="N1">deux</w><w frlemma="important" frpos="ADJ" frMUSAS="A11.1+">importants</w><w frlemma="ouvrage" frpos="NOUN" frMUSAS="I3.1">ouvrages</w><w frlemma=":" frpos="PUNCT" frMUSAS="PUNCT">:</w><w frlemma="un" frpos="DET" frMUSAS="Z5">un</w><w frlemma="dictionnaire" frpos="NOUN" frMUSAS="Q4.1">Dictionnaire</w><w frlemma="géographique" frpos="ADJ" frMUSAS="Z99">géographique</w><w frlemma="de" frpos="ADP" frMUSAS="Z5">de</w><w frlemma="le" frpos="DET" frMUSAS="Z5">l'</w><w frlemma="égypte" frpos="NOUN" frMUSAS="Z99">Égypte</w><w frlemma="," frpos="PUNCT" frMUSAS="PUNCT">,</w><w frlemma="de" frpos="ADP" frMUSAS="Z5">d'</w><w frlemma="après" frpos="ADP" frMUSAS="Z5">après</w><w frlemma="yakout" frpos="ADV" frMUSAS="Z99">Yakout</w><w frlemma="et" frpos="CCONJ" frMUSAS="Z5">et</w><w frlemma="le" frpos="DET" frMUSAS="Z5">les</w><w frlemma="géographe" frpos="NOUN" frMUSAS="Z99">géographes</w><w frlemma="arabe" frpos="NOUN" frMUSAS="Z99">arabes</w><w frlemma="," frpos="PUNCT" frMUSAS="PUNCT">,</w><w frlemma="trop" frpos="ADV" frMUSAS="Z99">trop</w><w frlemma="peu" frpos="ADV" frMUSAS="A13.7">peu</w><w frlemma="avancé" frpos="ADJ" frMUSAS="Z99">avancé</w><w frlemma="pour" frpos="ADP" frMUSAS="Z5">pour</w><w frlemma="être" frpos="AUX" frMUSAS="Z99">être</w><w frlemma="terminer" frpos="VERB" frMUSAS="Z99">terminé</w><w frlemma="," frpos="PUNCT" frMUSAS="PUNCT">,</w><w frlemma="et" frpos="CCONJ" frMUSAS="Z5">et</w><w frlemma="un" frpos="DET" frMUSAS="Z5">une</w><w frlemma="édition" frpos="NOUN" frMUSAS="Z99">édition</w><w frlemma="de" frpos="ADP" frMUSAS="Z5">du</w><w frlemma="manuscrit" frpos="NOUN" frMUSAS="Z99">manuscrit</w><w frlemma="de" frpos="ADP" frMUSAS="Z5">d'</w><w frlemma="Ibn" frpos="PROPN" frMUSAS="Z99">Ibn</w><w frlemma="Abd" frpos="PROPN" frMUSAS="Z99">Abd</w><w frlemma="-" frpos="PROPN" frMUSAS="Z99">-</w><w frlemma="el" frpos="PROPN" frMUSAS="Z99">el</w><w frlemma="-" frpos="PROPN" frMUSAS="Z99">-</w><w frlemma="Hakam" frpos="PROPN" frMUSAS="Z99">Hakam</w><w frlemma="relatif" frpos="ADJ" frMUSAS="A13">relatif</w><w frlemma="à" frpos="ADP" frMUSAS="Z5">à</w><w frlemma="le" frpos="DET" frMUSAS="Z5">la</w><w frlemma="conquête" frpos="NOUN" frMUSAS="X9.2+/S7.3">conquête</w><w frlemma="de" frpos="ADP" frMUSAS="Z5">de</w><w frlemma="le" frpos="DET" frMUSAS="Z5">l'</w><w frlemma="Égypte" frpos="PROPN" frMUSAS="Z99">Égypte</w><w frlemma=";" frpos="PUNCT" frMUSAS="PUNCT">;</w><w frlemma="peut-être" frpos="ADV" frMUSAS="Z99">peut-être</w><w frlemma="pouvoir" frpos="PROPN" frMUSAS="Z99">pourrai</w><w frlemma="je" frpos="PRON" frMUSAS="Z8mf">-je</w><w frlemma="faire" frpos="AUX" frMUSAS="Z99">faire</w><w frlemma="mettre" frpos="VERB" frMUSAS="Z99">mettre</w><w frlemma="au" frpos="ADP" frMUSAS="Z5">au</w><w frlemma="point" frpos="NOUN" frMUSAS="A10+">point</w><w frlemma="ce" frpos="DET" frMUSAS="Z5">ce</w><w frlemma="dernier" frpos="ADJ" frMUSAS="N4">dernier</w><w frlemma="travail" frpos="NOUN" frMUSAS="I3.1">travail</w><w frlemma="." frpos="PUNCT" frMUSAS="PUNCT">.</w><w frlemma="ce" frpos="PRON" frMUSAS="Z8">C'</w><w frlemma="être" frpos="AUX" frMUSAS="M6">est</w><w frlemma="un" frpos="DET" frMUSAS="Z5">un</w><w frlemma="hommage" frpos="NOUN" frMUSAS="Z99">hommage</w><w frlemma="que" frpos="PRON" frMUSAS="Z8">que</w><w frlemma="je" frpos="PRON" frMUSAS="Z8mf">je</w><w frlemma="être" frpos="AUX" frMUSAS="Z99">serais</w><w frlemma="heureux" frpos="ADJ" frMUSAS="Z99">heureux</w><w frlemma="de" frpos="ADP" frMUSAS="Z5">de</w><w frlemma="rendre" frpos="VERB" frMUSAS="Z99">rendre</w><w frlemma="à" frpos="ADP" frMUSAS="Z5">à</w><w frlemma="le" frpos="DET" frMUSAS="Z5">la</w><w frlemma="mémoire" frpos="NOUN" frMUSAS="X2">mémoire</w><w frlemma="de" frpos="ADP" frMUSAS="Z5">de</w><w frlemma="celui" frpos="PRON" frMUSAS="Z8">celui</w><w frlemma="qui" frpos="PRON" frMUSAS="Z8">qui</w><w frlemma="être" frpos="AUX" frMUSAS="Z99">fut</w><w frlemma="trop" frpos="ADV" frMUSAS="Z99">trop</w><w frlemma="brièvemer" frpos="VERB" frMUSAS="T1.3-">brièvement</w><w frlemma="mon" frpos="DET" frMUSAS="Z8">mon</w><w frlemma="collaborateur" frpos="NOUN" frMUSAS="Z99">collaborateur</w><w frlemma="," frpos="PUNCT" frMUSAS="PUNCT">,</w><w frlemma="de" frpos="ADP" frMUSAS="Z5">de</w><w frlemma="le" frpos="DET" frMUSAS="Z5">l'</w><w frlemma="ami" frpos="NOUN" frMUSAS="S3.1/S2mf">ami</w><w frlemma="dont" frpos="PRON" frMUSAS="Z8">dont</w><w frlemma="je" frpos="PRON" frMUSAS="Z8mf">je</w><w frlemma="ne" frpos="ADV" frMUSAS="Z6">n'</w><w frlemma="oublier" frpos="VERB" frMUSAS="X2.2-">oublierai</w><w frlemma="pas" frpos="ADV" frMUSAS="Z99">pas</w><w frlemma="le" frpos="DET" frMUSAS="Z5">l'</w><w frlemma="affection" frpos="NOUN" frMUSAS="Z99">affection</w><w frlemma="discret" frpos="ADJ" frMUSAS="Z99">discrète</w><w frlemma="et" frpos="CCONJ" frMUSAS="Z5">et</w><w frlemma="profonde" frpos="NOUN" frMUSAS="Z99">profonde</w><w frlemma="." frpos="PUNCT" frMUSAS="PUNCT">.</w></p><p><w frlemma="le" frpos="DET" frMUSAS="Z5">Le</w><w frlemma="Vésinet" frpos="PROPN" frMUSAS="Z99">Vésinet</w><w frlemma="," frpos="PUNCT" frMUSAS="PUNCT">,</w><w frlemma="le" frpos="DET" frMUSAS="Z5">le</w><w frlemma="20" frpos="NUM" frMUSAS="N1">20</w><w frlemma="septembre" frpos="NOUN" frMUSAS="T1.3">septembre</w><w frlemma="1906" frpos="NUM" frMUSAS="N1">1906</w><w frlemma="." frpos="PUNCT" frMUSAS="PUNCT">.</w></p><p><w frlemma="e." frpos="NOUN" frMUSAS="Z99">E.</w><w frlemma="cnassinat." frpos="ADJ" frMUSAS="Z99">CnassinaT.</w></p><p><note place="bottom"></note></p></text></TEI>