<?xml version='1.0' encoding='UTF-8'?>
<TEI xmlns="http://www.tei-c.org/ns/1.0"><teiHeader><fileDesc><titleStmt><title>[Nécrologie.] Maurice Alliot [24 septembre 1903-22 octobre 1960].</title></titleStmt><publicationStmt>Corpus produit par l'étudiant MA1 Ph. Hennebert (philippe.hennebert@student.uliege.be) du cours de l'Université de Liège Corpus INFO0943: 'Corpus textuels: principes de constitution et d'analyse'</publicationStmt><sourceDesc><p>https://www.ifao.egnet.net/bifao/61/2/ (BIFAO en ligne) processed using python scripts in https://github.com/PhilHen/BIFAOCorpusTools (typographical zones detected using OpenCV, OCR with Tesseract)</p></sourceDesc></fileDesc><encodingDesc><classDecl><taxonomy id="frpos"><bibl><title>pos tagset build from https://spacy.io/</title></bibl></taxonomy><taxonomy id="frlemma"><bibl><title>fr lemma of the model https://spacy.io/</title></bibl></taxonomy><taxonomy id="frMUSAS"><bibl><title>semantic tagging https://ucrel.github.io/pymusas/usage/how_to/tag_text#french</title></bibl></taxonomy></classDecl><editorialDecl><correction>Les erreurs d'orthographe confirmées par examen du PDF source n'ont pas été corrigées. Une vérification et correction manuelle du texte a été réalisée par Ph. Hennebert (philippe.hennebert@student.uliege.be) le 29/12/2023</correction><hyphenation>Les mots coupés en fin de ligne ont été réassemblés automatiquement, pour autant que la forme combinée sans trait d'union soit attestée dans le dictionnaire français https://unitexgramlab.org/fr/language-resources</hyphenation></editorialDecl></encodingDesc></teiHeader><text id="BIFAO061_art_02.pdf" auteur="François Daumas" annee="1962" titre="[Nécrologie.] Maurice Alliot [24 septembre 1903-22 octobre 1960]." textId="61A02" nomDefunt="Alliot" metierDefunt="archéologue" categ="Nécrologie"><p><pb n="7"/><w frlemma="FRANÇOIS" frpos="PROPN" frMUSAS="Z99">FRANÇOIS</w><w frlemma="DAUMAS" frpos="PROPN" frMUSAS="Z99">DAUMAS</w><w frlemma="Maurice" frpos="PROPN" frMUSAS="Z99">Maurice</w><w frlemma="Alliot" frpos="PROPN" frMUSAS="Z99">Alliot</w><w frlemma="venir" frpos="VERB" frMUSAS="M1">venait</w><w frlemma="de" frpos="ADP" frMUSAS="Z5">d'</w><w frlemma="avoir" frpos="VERB" frMUSAS="A9+">avoir</w><w frlemma="cinquante" frpos="NOUN" frMUSAS="Z99">cinquante</w><w frlemma="-" frpos="NOUN" frMUSAS="Z99">-</w><w frlemma="sept" frpos="NUM" frMUSAS="N1">sept</w><w frlemma="an" frpos="NOUN" frMUSAS="T1.3">ans</w><w frlemma="quand" frpos="SCONJ" frMUSAS="Z5">quand</w><w frlemma="le" frpos="DET" frMUSAS="Z5">la</w><w frlemma="mort" frpos="NOUN" frMUSAS="Z99">mort</w><w frlemma="le" frpos="PRON" frMUSAS="Z8">l'</w><w frlemma="avoir" frpos="AUX" frMUSAS="A9+">a</w><w frlemma="ravir" frpos="VERB" frMUSAS="Z99">ravi</w><w frlemma="à" frpos="ADP" frMUSAS="Z5">aux</w><w frlemma="sien" frpos="NOUN" frMUSAS="Z99">siens</w><w frlemma="et" frpos="CCONJ" frMUSAS="Z5">et</w><w frlemma="à" frpos="ADP" frMUSAS="Z5">à</w><w frlemma="le" frpos="DET" frMUSAS="Z5">la</w><w frlemma="science" frpos="NOUN" frMUSAS="Y1">science</w><w frlemma="," frpos="PUNCT" frMUSAS="PUNCT">,</w><w frlemma="après" frpos="ADP" frMUSAS="Z5">après</w><w frlemma="un" frpos="DET" frMUSAS="Z5">une</w><w frlemma="long" frpos="ADJ" frMUSAS="Z99">longue</w><w frlemma="maladie" frpos="NOUN" frMUSAS="Z99">maladie</w><w frlemma="." frpos="PUNCT" frMUSAS="PUNCT">.</w><w frlemma="il" frpos="PRON" frMUSAS="Z8">Il</w><w frlemma="être" frpos="VERB" frMUSAS="M6">est</w><w frlemma="de" frpos="ADP" frMUSAS="Z5">des</w><w frlemma="malheur" frpos="NOUN" frMUSAS="A1.4-">malheurs</w><w frlemma="affreux" frpos="ADJ" frMUSAS="Z99">affreux</w><w frlemma="parfois" frpos="ADV" frMUSAS="N6">parfois</w><w frlemma="dans" frpos="ADP" frMUSAS="Z5">dans</w><w frlemma="le" frpos="DET" frMUSAS="Z5">la</w><w frlemma="vie" frpos="NOUN" frMUSAS="L1+">vie</w><w frlemma="de" frpos="ADP" frMUSAS="Z5">des</w><w frlemma="homme" frpos="NOUN" frMUSAS="I3.1">hommes</w><w frlemma="." frpos="PUNCT" frMUSAS="PUNCT">.</w></p><p><w frlemma="le" frpos="DET" frMUSAS="Z5">Les</w><w frlemma="un" frpos="NOUN" frMUSAS="Z5">uns</w><w frlemma="arriver" frpos="VERB" frMUSAS="Z99">arrivent</w><w frlemma="à" frpos="ADP" frMUSAS="Z5">à</w><w frlemma="le" frpos="DET" frMUSAS="Z5">les</w><w frlemma="surmonter" frpos="NOUN" frMUSAS="Z99">surmonter</w><w frlemma="," frpos="PUNCT" frMUSAS="PUNCT">,</w><w frlemma="de" frpos="DET" frMUSAS="Z5">d'</w><w frlemma="autre" frpos="ADJ" frMUSAS="A6.1-">autres</w><w frlemma="finissent" frpos="NOUN" frMUSAS="Z99">finissent</w><w frlemma="par" frpos="ADP" frMUSAS="M6">par</w><w frlemma="être" frpos="AUX" frMUSAS="Z99">être</w><w frlemma="emporter" frpos="VERB" frMUSAS="Z99">emportés</w><w frlemma="dans" frpos="ADP" frMUSAS="Z5">dans</w><w frlemma="le" frpos="DET" frMUSAS="Z5">la</w><w frlemma="tourmente" frpos="NOUN" frMUSAS="Z99">tourmente</w><w frlemma="." frpos="PUNCT" frMUSAS="PUNCT">.</w></p><p><w frlemma="Maurice" frpos="PROPN" frMUSAS="Z99">Maurice</w><w frlemma="Alliot" frpos="PROPN" frMUSAS="Z99">Alliot</w><w frlemma="," frpos="PUNCT" frMUSAS="PUNCT">,</w><w frlemma="soumettre" frpos="VERB" frMUSAS="A9-">soumis</w><w frlemma="durer" frpos="ADP" frMUSAS="Z5">durant</w><w frlemma="trois" frpos="NUM" frMUSAS="Z5">trois</w><w frlemma="an" frpos="NOUN" frMUSAS="T1.3">ans</w><w frlemma="à" frpos="ADP" frMUSAS="Z5">à</w><w frlemma="le" frpos="DET" frMUSAS="Z5">la</w><w frlemma="plus" frpos="ADV" frMUSAS="Z5">plus</w><w frlemma="cruel" frpos="ADJ" frMUSAS="Z99">cruelle</w><w frlemma="de" frpos="ADP" frMUSAS="Z5">des</w><w frlemma="épreuve" frpos="NOUN" frMUSAS="Z99">épreuves</w><w frlemma="," frpos="PUNCT" frMUSAS="PUNCT">,</w><w frlemma="se" frpos="PRON" frMUSAS="Z8">se</w><w frlemma="taire" frpos="VERB" frMUSAS="Z99">tut</w><w frlemma="et" frpos="CCONJ" frMUSAS="Z5">et</w><w frlemma="faire" frpos="VERB" frMUSAS="Z99">fit</w><w frlemma="face" frpos="NOUN" frMUSAS="Z99">face</w><w frlemma="stoïquement" frpos="ADV" frMUSAS="Z99">stoïquement</w><w frlemma="au" frpos="ADP" frMUSAS="Z5">au</w><w frlemma="mal" frpos="NOUN" frMUSAS="A5.1-">mal</w><w frlemma="qui" frpos="PRON" frMUSAS="Z8">qui</w><w frlemma="se" frpos="PRON" frMUSAS="Z8">s'</w><w frlemma="abattre" frpos="VERB" frMUSAS="Z99">abattait</w><w frlemma="sur" frpos="ADP" frMUSAS="Z5">sur</w><w frlemma="luire" frpos="PRON" frMUSAS="Z8">lui</w><w frlemma="." frpos="PUNCT" frMUSAS="PUNCT">.</w><w frlemma="mais" frpos="CCONJ" frMUSAS="Z5">Mais</w><w frlemma="sou" frpos="ADP" frMUSAS="A13.6">sous</w><w frlemma="le" frpos="DET" frMUSAS="Z5">le</w><w frlemma="voile" frpos="NOUN" frMUSAS="Z99">voile</w><w frlemma="de" frpos="ADP" frMUSAS="Z5">de</w><w frlemma="ce" frpos="DET" frMUSAS="Z5">ce</w><w frlemma="silence" frpos="NOUN" frMUSAS="X3.2-">silence</w><w frlemma="," frpos="PUNCT" frMUSAS="PUNCT">,</w><w frlemma="le" frpos="DET" frMUSAS="Z5">la</w><w frlemma="blessure" frpos="NOUN" frMUSAS="Z99">blessure</w><w frlemma="intérieur" frpos="ADJ" frMUSAS="Z99">intérieure</w><w frlemma="que" frpos="PRON" frMUSAS="Z8">qu'</w><w frlemma="il" frpos="PRON" frMUSAS="Z8">il</w><w frlemma="avoir" frpos="AUX" frMUSAS="A9+">avait</w><w frlemma="reçuc" frpos="VERB" frMUSAS="Z99">reçuc</w><w frlemma="se" frpos="PRON" frMUSAS="Z8">s'</w><w frlemma="approfondir" frpos="VERB" frMUSAS="Z99">approfondit</w><w frlemma="sans" frpos="ADP" frMUSAS="M6">sans</w><w frlemma="cesse" frpos="NOUN" frMUSAS="Z99">cesse</w><w frlemma="davantage" frpos="ADV" frMUSAS="A13.3">davantage</w><w frlemma="et" frpos="CCONJ" frMUSAS="Z5">et</w><w frlemma="," frpos="PUNCT" frMUSAS="PUNCT">,</w><w frlemma="rien" frpos="PRON" frMUSAS="A11.1-">rien</w><w frlemma="ne" frpos="ADV" frMUSAS="Z6">ne</w><w frlemma="venir" frpos="VERB" frMUSAS="M1">venant</w><w frlemma="débrider" frpos="VERB" frMUSAS="Z99">débrider</w><w frlemma="le" frpos="DET" frMUSAS="Z5">l'</w><w frlemma="abcès" frpos="NOUN" frMUSAS="Z99">abcès</w><w frlemma="," frpos="PUNCT" frMUSAS="PUNCT">,</w><w frlemma="lui" frpos="PRON" frMUSAS="Z8">elle</w><w frlemma="rongea" frpos="ADJ" frMUSAS="Z99">rongea</w><w frlemma="peu" frpos="ADV" frMUSAS="A13.7">peu</w><w frlemma="à" frpos="ADP" frMUSAS="Z5">à</w><w frlemma="peu" frpos="ADV" frMUSAS="A13.7">peu</w><w frlemma="son" frpos="DET" frMUSAS="Z5">ses</w><w frlemma="force" frpos="NOUN" frMUSAS="E3-">forces</w><w frlemma="vital" frpos="ADJ" frMUSAS="A11.1+">vitales</w><w frlemma="jusque" frpos="ADP" frMUSAS="Z5">jusqu'</w><w frlemma="à" frpos="ADP" frMUSAS="Z5">à</w><w frlemma="le" frpos="DET" frMUSAS="Z5">la</w><w frlemma="mort" frpos="NOUN" frMUSAS="Z99">mort</w><w frlemma="." frpos="PUNCT" frMUSAS="PUNCT">.</w><w frlemma="son" frpos="DET" frMUSAS="Z5">Ses</w><w frlemma="collègue" frpos="NOUN" frMUSAS="I3.2/S2mf">collègues</w><w frlemma="regretter" frpos="VERB" frMUSAS="E4.1-">regrettent</w><w frlemma="en" frpos="ADP" frMUSAS="Z5">en</w><w frlemma="luire" frpos="PRON" frMUSAS="Z8">lui</w><w frlemma="plus" frpos="ADV" frMUSAS="Z5">plus</w><w frlemma="encore" frpos="ADV" frMUSAS="Z99">encore</w><w frlemma="que" frpos="SCONJ" frMUSAS="Z5">qu'</w><w frlemma="un" frpos="DET" frMUSAS="Z5">un</w><w frlemma="homme" frpos="NOUN" frMUSAS="I3.1">homme</w><w frlemma="de" frpos="ADP" frMUSAS="Z5">de</w><w frlemma="commerce" frpos="NOUN" frMUSAS="Z99">commerce</w><w frlemma="agréable" frpos="ADJ" frMUSAS="Z99">agréable</w><w frlemma="," frpos="PUNCT" frMUSAS="PUNCT">,</w><w frlemma="un" frpos="DET" frMUSAS="Z5">un</w><w frlemma="travailleur" frpos="NOUN" frMUSAS="I3.1/S2mf">travailleur</w><w frlemma="de" frpos="ADP" frMUSAS="Z5">de</w><w frlemma="grand" frpos="ADJ" frMUSAS="Z99">grande</w><w frlemma="classe" frpos="NOUN" frMUSAS="A4.1">classe</w><w frlemma="qui" frpos="PRON" frMUSAS="Z8">qui</w><w frlemma="avoir" frpos="AUX" frMUSAS="A9+">a</w><w frlemma="produire" frpos="VERB" frMUSAS="O2">produit</w><w frlemma="un" frpos="DET" frMUSAS="Z5">une</w><w frlemma="de" frpos="ADP" frMUSAS="Z5">des</w><w frlemma="monographie" frpos="NOUN" frMUSAS="Z99">monographies</w><w frlemma="égyptologique" frpos="ADJ" frMUSAS="Z99">égyptologiques</w><w frlemma="le" frpos="DET" frMUSAS="Z5">les</w><w frlemma="plus" frpos="ADV" frMUSAS="Z5">plus</w><w frlemma="riche" frpos="ADJ" frMUSAS="I1.1+">riches</w><w frlemma="et" frpos="CCONJ" frMUSAS="Z5">et</w><w frlemma="le" frpos="DET" frMUSAS="Z5">les</w><w frlemma="plus" frpos="ADV" frMUSAS="Z5">plus</w><w frlemma="remarquer" frpos="VERB" frMUSAS="Z99">remarquées</w><w frlemma="de" frpos="ADP" frMUSAS="Z5">de</w><w frlemma="ce" frpos="DET" frMUSAS="Z5">ces</w><w frlemma="dernier" frpos="ADJ" frMUSAS="N4">dernières</w><w frlemma="année" frpos="NOUN" frMUSAS="T1.3">années</w><w frlemma="." frpos="PUNCT" frMUSAS="PUNCT">.</w></p><p><w frlemma="il" frpos="PRON" frMUSAS="Z8">Il</w><w frlemma="être" frpos="AUX" frMUSAS="Z99">était</w><w frlemma="naître" frpos="VERB" frMUSAS="Z99">né</w><w frlemma="le" frpos="DET" frMUSAS="Z5">le</w><w frlemma="24" frpos="NUM" frMUSAS="N1">24</w><w frlemma="septembre" frpos="NOUN" frMUSAS="T1.3">Septembre</w><w frlemma="1903" frpos="NUM" frMUSAS="N1">1903</w><w frlemma="à" frpos="ADP" frMUSAS="Z5">à</w><w frlemma="Ivry-sur-Seine" frpos="PROPN" frMUSAS="Z99">Ivry-sur-Seine</w><w frlemma="," frpos="PUNCT" frMUSAS="PUNCT">,</w><w frlemma="avoir" frpos="AUX" frMUSAS="A9+">avait</w><w frlemma="faire" frpos="VERB" frMUSAS="Z99">fait</w><w frlemma="son" frpos="DET" frMUSAS="Z5">ses</w><w frlemma="étude" frpos="NOUN" frMUSAS="P1">études</w><w frlemma="au" frpos="ADP" frMUSAS="Z5">au</w><w frlemma="Lycée" frpos="PROPN" frMUSAS="Z99">Lycée</w><w frlemma="Charlemagne" frpos="PROPN" frMUSAS="Z99">Charlemagne</w><w frlemma="pouvoir" frpos="CCONJ" frMUSAS="Z99">puis</w><w frlemma="au" frpos="ADP" frMUSAS="Z5">au</w><w frlemma="Lycée" frpos="PROPN" frMUSAS="Z99">Lycée</w><w frlemma="Louis-le-Grand" frpos="PROPN" frMUSAS="Z99">Louis-le-Grand</w><w frlemma="et" frpos="CCONJ" frMUSAS="Z5">et</w><w frlemma="être" frpos="AUX" frMUSAS="Z99">était</w><w frlemma="entrer" frpos="VERB" frMUSAS="Z99">entré</w><w frlemma="en" frpos="ADP" frMUSAS="Z5">en</w><w frlemma="1993" frpos="NUM" frMUSAS="N1">1993</w><w frlemma="à" frpos="ADP" frMUSAS="Z5">à</w><w frlemma="le" frpos="DET" frMUSAS="Z5">l'</w><w frlemma="Ecole" frpos="PROPN" frMUSAS="Z99">Ecole</w><w frlemma="Normale" frpos="PROPN" frMUSAS="Z99">Normale</w><w frlemma="supérieur" frpos="ADJ" frMUSAS="A5.1++">Supérieure</w><w frlemma="." frpos="PUNCT" frMUSAS="PUNCT">.</w><w frlemma="pendant" frpos="ADP" frMUSAS="Z5">Pendant</w><w frlemma="que" frpos="SCONJ" frMUSAS="Z5">qu'</w><w frlemma="il" frpos="PRON" frMUSAS="Z8">il</w><w frlemma="préparer" frpos="VERB" frMUSAS="A1.1.1">préparait</w><w frlemma="son" frpos="DET" frMUSAS="Z5">sa</w><w frlemma="licence" frpos="NOUN" frMUSAS="Z99">licence</w><w frlemma="ès" frpos="PROPN" frMUSAS="Z99">ès</w><w frlemma="-" frpos="NOUN" frMUSAS="Z99">-</w><w frlemma="lettre" frpos="NOUN" frMUSAS="Q1.2">lettres</w><w frlemma="," frpos="PUNCT" frMUSAS="PUNCT">,</w><w frlemma="il" frpos="PRON" frMUSAS="Z8">il</w><w frlemma="avail" frpos="NOUN" frMUSAS="Z99">avail</w><w frlemma="éler" frpos="VERB" frMUSAS="Z99">élé</w><w frlemma="attirer" frpos="VERB" frMUSAS="O4.2+">attiré</w><w frlemma="par" frpos="ADP" frMUSAS="M6">par</w><w frlemma="le" frpos="DET" frMUSAS="Z5">la</w><w frlemma="papyrologie" frpos="NOUN" frMUSAS="Z99">Papyrologie</w><w frlemma="et" frpos="CCONJ" frMUSAS="Z5">et</w><w frlemma="avoir" frpos="AUX" frMUSAS="A9+">avait</w><w frlemma="suivre" frpos="VERB" frMUSAS="M1">suivi</w><w frlemma="le" frpos="DET" frMUSAS="Z5">les</w><w frlemma="cours" frpos="NOUN" frMUSAS="M1">cours</w><w frlemma="de" frpos="ADP" frMUSAS="Z5">de</w><w frlemma="p." frpos="NOUN" frMUSAS="Z99">P.</w><w frlemma="Jouguet" frpos="PROPN" frMUSAS="Z99">Jouguet</w><w frlemma="." frpos="PUNCT" frMUSAS="PUNCT">.</w><w frlemma="son" frpos="DET" frMUSAS="Z5">Son</w><w frlemma="diplôme" frpos="NOUN" frMUSAS="Z99">diplôme</w><w frlemma="de" frpos="ADP" frMUSAS="Z5">d'</w><w frlemma="Etudes" frpos="PROPN" frMUSAS="Z99">Etudes</w><w frlemma="supérieur" frpos="NOUN" frMUSAS="A5.1++">Supérieures</w><w frlemma="," frpos="PUNCT" frMUSAS="PUNCT">,</w><w frlemma="soutenir" frpos="VERB" frMUSAS="Z99">soutenu</w><w frlemma="en" frpos="ADP" frMUSAS="Z5">en</w><w frlemma="1926" frpos="NUM" frMUSAS="N1">1926</w><w frlemma="," frpos="PUNCT" frMUSAS="PUNCT">,</w><w frlemma="être" frpos="AUX" frMUSAS="Z99">fut</w><w frlemma="consacrer" frpos="VERB" frMUSAS="Z99">consacré</w><w frlemma="à" frpos="ADP" frMUSAS="Z5">à</w><w frlemma="le" frpos="DET" frMUSAS="Z5">la</w><w frlemma="syntaxe" frpos="NOUN" frMUSAS="Z99">Syntaxe</w><w frlemma="de" frpos="ADP" frMUSAS="Z5">des</w><w frlemma="papyrus" frpos="NOUN" frMUSAS="Z99">papyrus</w><w frlemma="de" frpos="ADP" frMUSAS="Z5">de</w><w frlemma="zénon" frpos="ADV" frMUSAS="Z99">Zénon</w><w frlemma="." frpos="PUNCT" frMUSAS="PUNCT">.</w><w frlemma="ce" frpos="DET" frMUSAS="Z5">Ce</w><w frlemma="trayail" frpos="NOUN" frMUSAS="Z99">trayail</w><w frlemma="être" frpos="AUX" frMUSAS="M6">est</w><w frlemma="malheureusement" frpos="ADV" frMUSAS="A1.4-">malheureusement</w><w frlemma="rester" frpos="VERB" frMUSAS="M8">resté</w><w frlemma="inédit" frpos="NOUN" frMUSAS="Z99">inédit</w><w frlemma="." frpos="PUNCT" frMUSAS="PUNCT">.</w><w frlemma="ce" frpos="PRON" frMUSAS="Z8">C'</w><w frlemma="être" frpos="VERB" frMUSAS="M6">est</w><w frlemma="que" frpos="ADV" frMUSAS="Z8">que</w><w frlemma="," frpos="PUNCT" frMUSAS="PUNCT">,</w><w frlemma="dans" frpos="ADP" frMUSAS="Z5">dans</w><w frlemma="le" frpos="DET" frMUSAS="Z5">l'</w><w frlemma="intervalle" frpos="NOUN" frMUSAS="Z99">intervalle</w><w frlemma="," frpos="PUNCT" frMUSAS="PUNCT">,</w><w frlemma="il" frpos="PRON" frMUSAS="Z8">il</w><w frlemma="avoir" frpos="AUX" frMUSAS="A9+">avait</w><w frlemma="tâter" frpos="VERB" frMUSAS="Z99">tâté</w><w frlemma="le" frpos="DET" frMUSAS="Z5">l'</w><w frlemma="égyptologie" frpos="NOUN" frMUSAS="Z99">égyptologie</w><w frlemma="et" frpos="CCONJ" frMUSAS="Z5">et</w><w frlemma="avoir" frpos="AUX" frMUSAS="A9+">avait</w><w frlemma="être" frpos="AUX" frMUSAS="T1.3">été</w><w frlemma="conquis" frpos="ADV" frMUSAS="Z99">conquis</w><w frlemma="." frpos="PUNCT" frMUSAS="PUNCT">.</w><w frlemma="il" frpos="PRON" frMUSAS="Z8">Il</w><w frlemma="avoir" frpos="AUX" frMUSAS="A9+">avait</w><w frlemma="suivre" frpos="VERB" frMUSAS="M1">suivi</w><w frlemma="le" frpos="DET" frMUSAS="Z5">les</w><w frlemma="cours" frpos="NOUN" frMUSAS="M1">cours</w><w frlemma="de" frpos="ADP" frMUSAS="Z5">de</w><w frlemma="moret" frpos="NOUN" frMUSAS="Z99">Moret</w><w frlemma="," frpos="PUNCT" frMUSAS="PUNCT">,</w><w frlemma="de" frpos="ADP" frMUSAS="Z5">de</w><w frlemma="Drioton" frpos="PROPN" frMUSAS="Z99">Drioton</w><w frlemma="," frpos="PUNCT" frMUSAS="PUNCT">,</w><w frlemma="de" frpos="ADP" frMUSAS="Z5">de</w><w frlemma="Sottas" frpos="PROPN" frMUSAS="Z99">Sottas</w><w frlemma="et" frpos="CCONJ" frMUSAS="Z5">et</w><w frlemma="," frpos="PUNCT" frMUSAS="PUNCT">,</w><w frlemma="finalement" frpos="ADV" frMUSAS="Z99">finalement</w><w frlemma="," frpos="PUNCT" frMUSAS="PUNCT">,</w><w frlemma="lorsque" frpos="SCONJ" frMUSAS="Z5">lorsqu'</w><w frlemma="il" frpos="PRON" frMUSAS="Z8">il</w><w frlemma="avoir" frpos="AUX" frMUSAS="A9+">eut</w><w frlemma="passer" frpos="VERB" frMUSAS="M1">passé</w><w frlemma="son" frpos="DET" frMUSAS="Z5">son</w><w frlemma="agrégation" frpos="NOUN" frMUSAS="Z99">agrégation</w><w frlemma="de" frpos="ADP" frMUSAS="Z5">de</w><w frlemma="grammaire" frpos="NOUN" frMUSAS="Z99">grammaire</w><w frlemma="," frpos="PUNCT" frMUSAS="PUNCT">,</w><w frlemma="en" frpos="ADP" frMUSAS="Z5">en</w><w frlemma="1927" frpos="NUM" frMUSAS="N1">1927</w><w frlemma="," frpos="PUNCT" frMUSAS="PUNCT">,</w><w frlemma="il" frpos="PRON" frMUSAS="Z8">il</w><w frlemma="être" frpos="AUX" frMUSAS="Z99">fut</w><w frlemma="le" frpos="DET" frMUSAS="Z5">l'</w><w frlemma="un" frpos="PRON" frMUSAS="Z5">un</w><w frlemma="de" frpos="ADP" frMUSAS="Z5">des</w><w frlemma="auditeur" frpos="NOUN" frMUSAS="Z99">auditeurs</w><w frlemma="prineipal" frpos="ADJ" frMUSAS="Z99">prineipaux</w><w frlemma="de" frpos="ADP" frMUSAS="Z5">de</w><w frlemma="Gustave" frpos="PROPN" frMUSAS="Z99">Gustave</w><w frlemma="Lefebvre" frpos="PROPN" frMUSAS="Z99">Lefebvre</w><w frlemma="qui" frpos="PRON" frMUSAS="Z8">qui</w><w frlemma="inaugurer" frpos="VERB" frMUSAS="Z99">inaugurait</w><w frlemma="alors" frpos="ADV" frMUSAS="Z99">alors</w><w frlemma="un" frpos="DET" frMUSAS="Z5">un</w><w frlemma="enseignement" frpos="NOUN" frMUSAS="Z99">enseignement</w><w frlemma="de" frpos="ADP" frMUSAS="Z5">des</w><w frlemma="plus" frpos="ADV" frMUSAS="Z5">plus</w><w frlemma="fructueux" frpos="ADJ" frMUSAS="Z99">fructueux</w><w frlemma="à" frpos="ADP" frMUSAS="Z5">à</w><w frlemma="le" frpos="DET" frMUSAS="Z5">l'</w><w frlemma="Ecole" frpos="PROPN" frMUSAS="Z99">Ecole</w><w frlemma="de" frpos="ADP" frMUSAS="Z5">des</w><w frlemma="haute" frpos="NOUN" frMUSAS="Z99">Hautes</w><w frlemma="Etudes" frpos="PROPN" frMUSAS="Z99">Etudes</w><w frlemma="." frpos="PUNCT" frMUSAS="PUNCT">.</w></p><p><w frlemma="le" frpos="DET" frMUSAS="Z5">L'</w><w frlemma="époque" frpos="NOUN" frMUSAS="Z99">époque</w><w frlemma="où" frpos="PRON" frMUSAS="Z8">où</w><w frlemma="Alliot" frpos="PROPN" frMUSAS="Z99">Alliot</w><w frlemma="se" frpos="PRON" frMUSAS="Z8">se</w><w frlemma="vouer" frpos="VERB" frMUSAS="Z99">voua</w><w frlemma="à" frpos="ADP" frMUSAS="Z5">à</w><w frlemma="le" frpos="DET" frMUSAS="Z5">l'</w><w frlemma="égyptologie" frpos="NOUN" frMUSAS="Z99">égyptologie</w><w frlemma="être" frpos="AUX" frMUSAS="Z99">était</w><w frlemma="incomparablemer" frpos="VERB" frMUSAS="Z99">incomparablement</w><w frlemma="plus" frpos="ADV" frMUSAS="Z5">plus</w><w frlemma="dure" frpos="NOUN" frMUSAS="Z99">dure</w><w frlemma="que" frpos="SCONJ" frMUSAS="Z5">que</w><w frlemma="le" frpos="DET" frMUSAS="Z5">la</w><w frlemma="nôtre" frpos="NOUN" frMUSAS="Z99">nôtre</w><w frlemma="." frpos="PUNCT" frMUSAS="PUNCT">.</w><w frlemma="le" frpos="DET" frMUSAS="Z5">Le</w><w frlemma="centre" frpos="NOUN" frMUSAS="M6">Centre</w><w frlemma="national" frpos="ADJ" frMUSAS="M7/N5.1+">National</w><w frlemma="de" frpos="ADP" frMUSAS="Z5">de</w><w frlemma="le" frpos="DET" frMUSAS="Z5">la</w><w frlemma="recherche" frpos="NOUN" frMUSAS="Z99">Recherche</w><w frlemma="scientifique" frpos="ADJ" frMUSAS="Y1">Scientifique</w><w frlemma="ne" frpos="ADV" frMUSAS="Z6">n'</w><w frlemma="exister" frpos="VERB" frMUSAS="A3+">existait</w><w frlemma="pas" frpos="ADV" frMUSAS="Z99">pas</w><w frlemma="et" frpos="CCONJ" frMUSAS="Z5">et</w><w frlemma="le" frpos="DET" frMUSAS="Z5">le</w><w frlemma="jeune" frpos="ADJ" frMUSAS="T3-">jeune</w><w frlemma="agrégé" frpos="NOUN" frMUSAS="Z99">agrégé</w><w frlemma="devoir" frpos="ADP" frMUSAS="Z99">dut</w><w frlemma="enseigner" frpos="VERB" frMUSAS="P1">enseigner</w><w frlemma="en" frpos="ADP" frMUSAS="Z5">en</w><w frlemma="1929" frpos="NUM" frMUSAS="N1">1929</w><w frlemma="et" frpos="CCONJ" frMUSAS="Z5">et</w><w frlemma="en" frpos="ADP" frMUSAS="Z5">en</w><w frlemma="1930" frpos="NUM" frMUSAS="N1">1930</w><w frlemma="au" frpos="ADP" frMUSAS="Z5">au</w><w frlemma="Lycée" frpos="PROPN" frMUSAS="Z99">Lycée</w><w frlemma="de" frpos="ADP" frMUSAS="Z5">de</w><w frlemma="Laon" frpos="PROPN" frMUSAS="Z99">Laon</w><w frlemma="pouvoir" frpos="CCONJ" frMUSAS="Z99">puis</w><w frlemma="de" frpos="ADP" frMUSAS="Z5">de</w><w frlemma="Chartres" frpos="PROPN" frMUSAS="Z99">Chartres</w><w frlemma="," frpos="PUNCT" frMUSAS="PUNCT">,</w><w frlemma="tout" frpos="ADV" frMUSAS="Z8">tout</w><w frlemma="en" frpos="ADP" frMUSAS="Z5">en</w><w frlemma="continuer" frpos="VERB" frMUSAS="T2++">continuant</w><w frlemma="à" frpos="ADP" frMUSAS="Z5">à</w><w frlemma="se" frpos="PRON" frMUSAS="Z8">se</w><w frlemma="perfectionner" frpos="VERB" frMUSAS="Z99">perfectionner</w><w frlemma="en" frpos="ADP" frMUSAS="Z5">en</w><w frlemma="égyptien" frpos="NOUN" frMUSAS="Z2/S2mf">égyptien</w><w frlemma="." frpos="PUNCT" frMUSAS="PUNCT">.</w><w frlemma="ainsi" frpos="ADV" frMUSAS="Z5/A2.2">Ainsi</w><w frlemma="réaliser" frpos="VERB" frMUSAS="Z99">réalisa</w><w frlemma="-t" frpos="PRON" frMUSAS="Z99">-t</w><w frlemma="il" frpos="PRON" frMUSAS="Z8">-il</w><w frlemma="enlin" frpos="ADV" frMUSAS="Z99">enlin</w><w frlemma="le" frpos="DET" frMUSAS="Z5">les</w><w frlemma="vœu" frpos="NOUN" frMUSAS="Z99">vœux</w><w frlemma="de" frpos="ADP" frMUSAS="Z5">de</w><w frlemma="Maspero" frpos="PROPN" frMUSAS="Z99">Maspero</w><w frlemma="," frpos="PUNCT" frMUSAS="PUNCT">,</w><w frlemma="de" frpos="ADP" frMUSAS="Z5">de</w><w frlemma="moret" frpos="NOUN" frMUSAS="Z99">Moret</w><w frlemma="et" frpos="CCONJ" frMUSAS="Z5">et</w><w frlemma="de" frpos="ADP" frMUSAS="Z5">de</w><w frlemma="Lefebvre" frpos="PROPN" frMUSAS="Z99">Lefebvre</w><w frlemma=":" frpos="PUNCT" frMUSAS="PUNCT">:</w><w frlemma="préparer" frpos="VERB" frMUSAS="A1.1.1">préparer</w><w frlemma="à" frpos="ADP" frMUSAS="Z5">à</w><w frlemma="le" frpos="DET" frMUSAS="Z5">l'</w><w frlemma="égyptologie" frpos="NOUN" frMUSAS="Z99">égyptologie</w><w frlemma="de" frpos="ADP" frMUSAS="Z5">des</w><w frlemma="universitaire" frpos="ADJ" frMUSAS="Z99">universitaires</w><w frlemma="rompu" frpos="NOUN" frMUSAS="Z99">rompus</w><w frlemma="à" frpos="ADP" frMUSAS="Z5">aux</w><w frlemma="méthode" frpos="NOUN" frMUSAS="Z99">méthodes</w><w frlemma="de" frpos="ADP" frMUSAS="Z5">d'</w><w frlemma="étude" frpos="NOUN" frMUSAS="P1">étude</w><w frlemma="de" frpos="ADP" frMUSAS="Z5">de</w><w frlemma="le" frpos="DET" frMUSAS="Z5">l'</w><w frlemma="antiquité" frpos="NOUN" frMUSAS="Z99">antiquité</w><w frlemma="classique" frpos="ADJ" frMUSAS="A4.1">classique</w><w frlemma="." frpos="PUNCT" frMUSAS="PUNCT">.</w><w frlemma="en" frpos="ADP" frMUSAS="Z5">En</w><w frlemma="1930" frpos="NUM" frMUSAS="N1">1930</w><w frlemma="enfin" frpos="ADV" frMUSAS="Z99">enfin</w><w frlemma="," frpos="PUNCT" frMUSAS="PUNCT">,</w><w frlemma="âgé" frpos="ADJ" frMUSAS="T3+">âgé</w><w frlemma="de" frpos="ADP" frMUSAS="Z5">de</w><w frlemma="27" frpos="NUM" frMUSAS="N1">27</w><w frlemma="an" frpos="NOUN" frMUSAS="T1.3">ans</w><w frlemma="," frpos="PUNCT" frMUSAS="PUNCT">,</w><w frlemma="il" frpos="PRON" frMUSAS="Z8">il</w><w frlemma="être" frpos="AUX" frMUSAS="Z99">fut</w><w frlemma="nommer" frpos="VERB" frMUSAS="Z99">nommé</w><w frlemma="pensionnaire" frpos="VERB" frMUSAS="Z99">pensionnaire</w><w frlemma="de" frpos="ADP" frMUSAS="Z5">de</w><w frlemma="le" frpos="DET" frMUSAS="Z5">l'</w><w frlemma="Institut" frpos="PROPN" frMUSAS="P1/S5+c">Institut</w><w frlemma="français" frpos="ADJ" frMUSAS="Z2">français</w><w frlemma="de" frpos="ADP" frMUSAS="Z5">d'</w><w frlemma="archéologie" frpos="NOUN" frMUSAS="Z99">Archéologie</w><w frlemma="oriental" frpos="ADJ" frMUSAS="Z99">orientale</w><w frlemma="au" frpos="ADP" frMUSAS="Z5">au</w><w frlemma="caire" frpos="NOUN" frMUSAS="Z99">Caire</w><w frlemma="." frpos="PUNCT" frMUSAS="PUNCT">.</w><w frlemma="celui" frpos="PRON" frMUSAS="Z8">Celui</w><w frlemma="-" frpos="PRON" frMUSAS="Z99">-</w><w frlemma="ci" frpos="PRON" frMUSAS="Z99">ci</w><w frlemma="connaître" frpos="VERB" frMUSAS="X2.2+">connaissait</w><w frlemma="," frpos="PUNCT" frMUSAS="PUNCT">,</w><w frlemma="à" frpos="ADP" frMUSAS="Z5">à</w><w frlemma="ce" frpos="DET" frMUSAS="Z5">ce</w><w frlemma="moment" frpos="NOUN" frMUSAS="T1.2">moment</w><w frlemma="," frpos="PUNCT" frMUSAS="PUNCT">,</w><w frlemma="un" frpos="DET" frMUSAS="Z5">une</w><w frlemma="période" frpos="NOUN" frMUSAS="T1.3">période</w><w frlemma="de" frpos="ADP" frMUSAS="Z5">de</w><w frlemma="splendeur" frpos="NOUN" frMUSAS="Z99">splendeur</w><w frlemma="." frpos="PUNCT" frMUSAS="PUNCT">.</w><w frlemma="sou" frpos="ADP" frMUSAS="A13.6">Sous</w><w frlemma="le" frpos="DET" frMUSAS="Z5">l'</w><w frlemma="impulsion" frpos="NOUN" frMUSAS="Z99">impulsion</w><w frlemma="vigoureux" frpos="ADJ" frMUSAS="X5.2+">vigoureuse</w><w frlemma="de" frpos="ADP" frMUSAS="Z5">de</w><w frlemma="p." frpos="NOUN" frMUSAS="Z99">P.</w><w frlemma="Jouguet" frpos="PROPN" frMUSAS="Z99">Jouguet</w><w frlemma="," frpos="PUNCT" frMUSAS="PUNCT">,</w><w frlemma="le" frpos="DET" frMUSAS="Z5">les</w><w frlemma="fouille" frpos="NOUN" frMUSAS="Z99">fouilles</w><w frlemma="et" frpos="CCONJ" frMUSAS="Z5">et</w><w frlemma="le" frpos="DET" frMUSAS="Z5">les</w><w frlemma="publication" frpos="NOUN" frMUSAS="Q4">publications</w><w frlemma="prendre" frpos="ADV" frMUSAS="A9+">prenaient</w><pb n="8"/><w frlemma="un" frpos="DET" frMUSAS="Z5">une</w><w frlemma="envergure" frpos="NOUN" frMUSAS="Z99">envergure</w><w frlemma="que" frpos="PRON" frMUSAS="Z8">qu'</w><w frlemma="lui" frpos="PRON" frMUSAS="Z8">elles</w><w frlemma="ne" frpos="ADV" frMUSAS="Z6">n'</w><w frlemma="avoir" frpos="AUX" frMUSAS="A9+">avaient</w><w frlemma="jamais" frpos="ADV" frMUSAS="T1/Z6">jamais</w><w frlemma="avoir" frpos="ADJ" frMUSAS="A9+">eues</w><w frlemma="." frpos="PUNCT" frMUSAS="PUNCT">.</w><w frlemma="tandis" frpos="ADV" frMUSAS="T1.3">Tandis</w><w frlemma="que" frpos="SCONJ" frMUSAS="Z5">que</w><w frlemma="m." frpos="NOUN" frMUSAS="Z99">M.</w><w frlemma="bruyère" frpos="NOUN" frMUSAS="Z99">Bruyère</w><w frlemma="fouiller" frpos="VERB" frMUSAS="Z99">fouillait</w><w frlemma="à" frpos="ADP" frMUSAS="Z5">à</w><w frlemma="Deir" frpos="PROPN" frMUSAS="Z99">Deir</w><w frlemma="-" frpos="PROPN" frMUSAS="Z99">-</w><w frlemma="el" frpos="PROPN" frMUSAS="Z99">el</w><w frlemma="-" frpos="PROPN" frMUSAS="Z99">-</w><w frlemma="Médineh" frpos="PROPN" frMUSAS="Z99">Médineh</w><w frlemma="," frpos="PUNCT" frMUSAS="PUNCT">,</w><w frlemma="bisson" frpos="NOUN" frMUSAS="Z99">Bisson</w><w frlemma="de" frpos="ADP" frMUSAS="Z5">de</w><w frlemma="le" frpos="DET" frMUSAS="Z5">la</w><w frlemma="roque" frpos="NOUN" frMUSAS="Z99">Roque</w><w frlemma="explorer" frpos="VERB" frMUSAS="Z99">explorait</w><w frlemma="médamoud" frpos="NOUN" frMUSAS="Z99">Médamoud</w><w frlemma="avec" frpos="ADP" frMUSAS="Z5">avec</w><w frlemma="le" frpos="DET" frMUSAS="Z5">le</w><w frlemma="succès" frpos="NOUN" frMUSAS="X9.2+">succès</w><w frlemma="que" frpos="PRON" frMUSAS="Z8">que</w><w frlemma="le" frpos="PRON" frMUSAS="Z8">l'</w><w frlemma="on" frpos="PRON" frMUSAS="Z8">on</w><w frlemma="savoir" frpos="VERB" frMUSAS="X2.2+">sait</w><w frlemma="et" frpos="CCONJ" frMUSAS="Z5">et</w><w frlemma="un" frpos="DET" frMUSAS="Z5">une</w><w frlemma="mission" frpos="NOUN" frMUSAS="X7+">mission</w><w frlemma="," frpos="PUNCT" frMUSAS="PUNCT">,</w><w frlemma="français" frpos="ADJ" frMUSAS="Z2">française</w><w frlemma="de" frpos="ADP" frMUSAS="Z5">d'</w><w frlemma="abord" frpos="NOUN" frMUSAS="Z99">abord</w><w frlemma="," frpos="PUNCT" frMUSAS="PUNCT">,</w><w frlemma="pouvoir" frpos="CCONJ" frMUSAS="Z99">puis</w><w frlemma="franco-polonaise" frpos="NOUN" frMUSAS="Z99">franco-polonaise</w><w frlemma="," frpos="PUNCT" frMUSAS="PUNCT">,</w><w frlemma="reprendre" frpos="VERB" frMUSAS="Z99">reprenait</w><w frlemma="le" frpos="DET" frMUSAS="Z5">le</w><w frlemma="travail" frpos="NOUN" frMUSAS="I3.1">travail</w><w frlemma="au" frpos="ADP" frMUSAS="Z5">au</w><w frlemma="Kom" frpos="PROPN" frMUSAS="Z99">Kom</w><w frlemma="de" frpos="ADP" frMUSAS="Z5">d'</w><w frlemma="Edfou" frpos="PROPN" frMUSAS="Z99">Edfou</w><w frlemma="." frpos="PUNCT" frMUSAS="PUNCT">.</w></p><p><w frlemma="Alliot" frpos="PROPN" frMUSAS="Z99">Alliot</w><w frlemma="être" frpos="AUX" frMUSAS="Z99">fut</w><w frlemma="envoyer" frpos="VERB" frMUSAS="M2">envoyé</w><w frlemma="," frpos="PUNCT" frMUSAS="PUNCT">,</w><w frlemma="en" frpos="ADP" frMUSAS="Z5">en</w><w frlemma="1931" frpos="NUM" frMUSAS="N1">1931</w><w frlemma="," frpos="PUNCT" frMUSAS="PUNCT">,</w><w frlemma="sur" frpos="ADP" frMUSAS="Z5">sur</w><w frlemma="le" frpos="DET" frMUSAS="Z5">les</w><w frlemma="chantier" frpos="NOUN" frMUSAS="Z99">chantiers</w><w frlemma="de" frpos="ADP" frMUSAS="Z5">de</w><w frlemma="Deir" frpos="PROPN" frMUSAS="Z99">Deir</w><w frlemma="-" frpos="PROPN" frMUSAS="Z99">-</w><w frlemma="el" frpos="PROPN" frMUSAS="Z99">el</w><w frlemma="-" frpos="PROPN" frMUSAS="Z99">-</w><w frlemma="Médineh" frpos="PROPN" frMUSAS="Z99">Médineh</w><w frlemma="et" frpos="CCONJ" frMUSAS="Z5">et</w><w frlemma="de" frpos="ADP" frMUSAS="Z5">d'</w><w frlemma="Abou" frpos="PROPN" frMUSAS="Z99">Abou</w><w frlemma="-" frpos="PROPN" frMUSAS="Z99">-</w><w frlemma="roache" frpos="NOUN" frMUSAS="Z99">Roache</w><w frlemma="." frpos="PUNCT" frMUSAS="PUNCT">.</w><w frlemma="mais" frpos="CCONJ" frMUSAS="Z5">Mais</w><w frlemma="dès" frpos="ADP" frMUSAS="Z5">dès</w><w frlemma="le" frpos="DET" frMUSAS="Z5">la</w><w frlemma="fin" frpos="NOUN" frMUSAS="Z99">fin</w><w frlemma="de" frpos="ADP" frMUSAS="Z5">de</w><w frlemma="le" frpos="DET" frMUSAS="Z5">la</w><w frlemma="même" frpos="ADJ" frMUSAS="Z99">même</w><w frlemma="année" frpos="NOUN" frMUSAS="T1.3">année</w><w frlemma="," frpos="PUNCT" frMUSAS="PUNCT">,</w><w frlemma="il" frpos="PRON" frMUSAS="Z8">il</w><w frlemma="être" frpos="AUX" frMUSAS="Z99">fut</w><w frlemma="charger" frpos="VERB" frMUSAS="Z99">chargé</w><w frlemma="un" frpos="DET" frMUSAS="Z5">des</w><w frlemma="fouille" frpos="NOUN" frMUSAS="Z99">fouilles</w><w frlemma="de" frpos="ADP" frMUSAS="Z5">d'</w><w frlemma="Edfou" frpos="PROPN" frMUSAS="Z99">Edfou</w><w frlemma="." frpos="PUNCT" frMUSAS="PUNCT">.</w><w frlemma="il" frpos="PRON" frMUSAS="Z8">Il</w><w frlemma="devoir" frpos="VERB" frMUSAS="Z99">devait</w><w frlemma="y" frpos="PRON" frMUSAS="M6">y</w><w frlemma="consacrer" frpos="VERB" frMUSAS="Z99">consacrer</w><w frlemma="son" frpos="DET" frMUSAS="Z5">ses</w><w frlemma="hiver" frpos="NOUN" frMUSAS="H4/T1.3">hivers</w><w frlemma="jusque" frpos="ADP" frMUSAS="Z5">jusqu'</w><w frlemma="en" frpos="ADP" frMUSAS="Z5">en</w><w frlemma="1933" frpos="NUM" frMUSAS="N1">1933</w><w frlemma="." frpos="PUNCT" frMUSAS="PUNCT">.</w></p><p><w frlemma="dans" frpos="ADP" frMUSAS="Z5">Dans</w><w frlemma="ce" frpos="DET" frMUSAS="Z5">cette</w><w frlemma="ville" frpos="NOUN" frMUSAS="M7c">ville</w><w frlemma="," frpos="PUNCT" frMUSAS="PUNCT">,</w><w frlemma="Alliot" frpos="PROPN" frMUSAS="Z99">Alliot</w><w frlemma="donner" frpos="VERB" frMUSAS="A9-">donna</w><w frlemma="tout" frpos="ADV" frMUSAS="Z8">tout</w><w frlemma="de" frpos="ADP" frMUSAS="Z5">d'</w><w frlemma="abord" frpos="ADV" frMUSAS="Z99">abord</w><w frlemma="tout" frpos="ADJ" frMUSAS="Z8">toute</w><w frlemma="son" frpos="DET" frMUSAS="Z5">son</w><w frlemma="activité" frpos="NOUN" frMUSAS="A1.1.1">activité</w><w frlemma="à" frpos="ADP" frMUSAS="Z5">à</w><w frlemma="son" frpos="DET" frMUSAS="Z5">ses</w><w frlemma="trouvaille" frpos="NOUN" frMUSAS="Z99">trouvailles</w><w frlemma="archéologique" frpos="ADJ" frMUSAS="Z99">archéologiques</w><w frlemma="." frpos="PUNCT" frMUSAS="PUNCT">.</w><w frlemma="il" frpos="PRON" frMUSAS="Z8">Il</w><w frlemma="attaquer" frpos="VERB" frMUSAS="E3-">attaqua</w><w frlemma="le" frpos="DET" frMUSAS="Z5">le</w><w frlemma="Kom" frpos="PROPN" frMUSAS="Z99">Kom</w><w frlemma="de" frpos="ADP" frMUSAS="Z5">du</w><w frlemma="sommet" frpos="NOUN" frMUSAS="W3">sommet</w><w frlemma="à" frpos="ADP" frMUSAS="Z5">à</w><w frlemma="le" frpos="DET" frMUSAS="Z5">la</w><w frlemma="base" frpos="NOUN" frMUSAS="M7">base</w><w frlemma="et" frpos="CCONJ" frMUSAS="Z5">et</w><w frlemma="voir" frpos="VERB" frMUSAS="X3.4">vit</w><w frlemma="le" frpos="DET" frMUSAS="Z5">la</w><w frlemma="chance" frpos="NOUN" frMUSAS="Z99">chance</w><w frlemma="récompenser" frpos="VERB" frMUSAS="Z99">récompenser</w><w frlemma="son" frpos="DET" frMUSAS="Z5">ses</w><w frlemma="effort" frpos="NOUN" frMUSAS="X8+">efforts</w><w frlemma=":" frpos="PUNCT" frMUSAS="PUNCT">:</w><w frlemma="au" frpos="ADP" frMUSAS="Z5">au</w><w frlemma="-" frpos="NOUN" frMUSAS="Z99">-</w><w frlemma="dessous" frpos="NOUN" frMUSAS="Z99">dessous</w><w frlemma="de" frpos="ADP" frMUSAS="Z5">des</w><w frlemma="ville" frpos="NOUN" frMUSAS="M7c">villes</w><w frlemma="romain" frpos="ADJ" frMUSAS="Z2">romaine</w><w frlemma="," frpos="PUNCT" frMUSAS="PUNCT">,</w><w frlemma="grec" frpos="ADJ" frMUSAS="Z2">grecque</w><w frlemma="," frpos="PUNCT" frMUSAS="PUNCT">,</w><w frlemma="et" frpos="CCONJ" frMUSAS="Z5">et</w><w frlemma="égyptienne" frpos="VERB" frMUSAS="Z99">égyptienne</w><w frlemma="de" frpos="ADP" frMUSAS="Z5">des</w><w frlemma="époque" frpos="NOUN" frMUSAS="Z99">époques</w><w frlemma="plus" frpos="ADV" frMUSAS="Z5">plus</w><w frlemma="récent" frpos="ADJ" frMUSAS="T3-">récentes</w><w frlemma="," frpos="PUNCT" frMUSAS="PUNCT">,</w><w frlemma="1l" frpos="NUM" frMUSAS="N1">1l</w><w frlemma="atteindre" frpos="VERB" frMUSAS="M1">atteignit</w><w frlemma="un" frpos="DET" frMUSAS="Z5">un</w><w frlemma="cimetière" frpos="NOUN" frMUSAS="Z99">cimetière</w><w frlemma="de" frpos="ADP" frMUSAS="Z5">de</w><w frlemma="le" frpos="DET" frMUSAS="Z5">l'</w><w frlemma="ancien" frpos="ADJ" frMUSAS="Z99">ancien</w><w frlemma="empire" frpos="NOUN" frMUSAS="G1.1">empire</w><w frlemma="et" frpos="CCONJ" frMUSAS="Z5">et</w><w frlemma="," frpos="PUNCT" frMUSAS="PUNCT">,</w><w frlemma="dans" frpos="ADP" frMUSAS="Z5">dans</w><w frlemma="ce" frpos="DET" frMUSAS="Z5">ce</w><w frlemma="dernier" frpos="ADJ" frMUSAS="N4">dernier</w><w frlemma="," frpos="PUNCT" frMUSAS="PUNCT">,</w><w frlemma="mettre" frpos="VERB" frMUSAS="Z99">mit</w><w frlemma="le" frpos="DET" frMUSAS="Z5">la</w><w frlemma="main" frpos="NOUN" frMUSAS="A9-">main</w><w frlemma="sur" frpos="ADP" frMUSAS="Z5">sur</w><w frlemma="le" frpos="DET" frMUSAS="Z5">le</w><w frlemma="tombeau" frpos="NOUN" frMUSAS="Z99">tombeau</w><w frlemma="de" frpos="ADP" frMUSAS="Z5">d'</w><w frlemma="un" frpos="DET" frMUSAS="Z5">un</w><w frlemma="vizir" frpos="NOUN" frMUSAS="Z99">vizir</w><w frlemma="," frpos="PUNCT" frMUSAS="PUNCT">,</w><w frlemma="Izi" frpos="PROPN" frMUSAS="Z99">Izi</w><w frlemma="," frpos="PUNCT" frMUSAS="PUNCT">,</w><w frlemma="qui" frpos="PRON" frMUSAS="Z8">qui</w><w frlemma="avoir" frpos="AUX" frMUSAS="A9+">avait</w><w frlemma="être" frpos="AUX" frMUSAS="T1.3">été</w><w frlemma="diviniser" frpos="VERB" frMUSAS="Z99">divinisé</w><w frlemma="peu" frpos="ADV" frMUSAS="A13.7">peu</w><w frlemma="après" frpos="ADP" frMUSAS="Z5">après</w><w frlemma="son" frpos="DET" frMUSAS="Z5">sa</w><w frlemma="mort" frpos="NOUN" frMUSAS="Z99">mort</w><w frlemma="." frpos="PUNCT" frMUSAS="PUNCT">.</w><w frlemma="le" frpos="DET" frMUSAS="Z5">L'</w><w frlemma="examen" frpos="NOUN" frMUSAS="P1">examen</w><w frlemma="de" frpos="ADP" frMUSAS="Z5">des</w><w frlemma="texte" frpos="NOUN" frMUSAS="Q1.2">textes</w><w frlemma="qui" frpos="PRON" frMUSAS="Z8">qui</w><w frlemma="attester" frpos="VERB" frMUSAS="Z99">attestent</w><w frlemma="son" frpos="DET" frMUSAS="Z5">son</w><w frlemma="culte" frpos="NOUN" frMUSAS="Z99">culte</w><w frlemma="fournir" frpos="VERB" frMUSAS="Z99">fournit</w><w frlemma="à" frpos="ADP" frMUSAS="Z5">à</w><w frlemma="le" frpos="DET" frMUSAS="Z5">l'</w><w frlemma="heureux" frpos="ADJ" frMUSAS="Z99">heureux</w><w frlemma="inventeur" frpos="NOUN" frMUSAS="Z99">inventeur</w><w frlemma="le" frpos="DET" frMUSAS="Z5">la</w><w frlemma="matière" frpos="NOUN" frMUSAS="Z99">matière</w><w frlemma="de" frpos="ADP" frMUSAS="Z5">d'</w><w frlemma="un" frpos="DET" frMUSAS="Z5">un</w><w frlemma="gros" frpos="ADJ" frMUSAS="N3.2+">gros</w><w frlemma="article" frpos="NOUN" frMUSAS="G2.1/P1">article</w><w frlemma="de" frpos="ADP" frMUSAS="Z5">du</w><w frlemma="bifao" frpos="NOUN" frMUSAS="Z99">BIFAO</w><w frlemma="," frpos="PUNCT" frMUSAS="PUNCT">,</w><w frlemma="assez" frpos="ADV" frMUSAS="A13.3">assez</w><w frlemma="important" frpos="ADJ" frMUSAS="A11.1+">important</w><w frlemma="pour" frpos="ADP" frMUSAS="Z5">pour</w><w frlemma="luire" frpos="PRON" frMUSAS="Z8">lui</w><w frlemma="avoir" frpos="AUX" frMUSAS="A9+">avoir</w><w frlemma="servir" frpos="VERB" frMUSAS="S8+">servi</w><w frlemma="de" frpos="ADP" frMUSAS="Z5">de</w><w frlemma="thèse" frpos="NOUN" frMUSAS="Z99">thèse</w><w frlemma="complémentaire" frpos="ADJ" frMUSAS="Z99">complémentaire</w><w frlemma="," frpos="PUNCT" frMUSAS="PUNCT">,</w><w frlemma="en" frpos="ADP" frMUSAS="Z5">en</w><w frlemma="1945" frpos="NUM" frMUSAS="N1">1945</w><w frlemma="," frpos="PUNCT" frMUSAS="PUNCT">,</w><w frlemma="durer" frpos="ADP" frMUSAS="Z5">durant</w><w frlemma="le" frpos="DET" frMUSAS="Z5">la</w><w frlemma="période" frpos="NOUN" frMUSAS="T1.3">période</w><w frlemma="difficile" frpos="ADJ" frMUSAS="A12-">difficile</w><w frlemma="pendant" frpos="ADP" frMUSAS="Z5">pendant</w><w frlemma="lequel" frpos="PRON" frMUSAS="Z99">laquelle</w><w frlemma="il" frpos="PRON" frMUSAS="Z8">il</w><w frlemma="soutenir" frpos="VERB" frMUSAS="Z99">soutint</w><w frlemma="son" frpos="DET" frMUSAS="Z5">son</w><w frlemma="doctorat" frpos="NOUN" frMUSAS="Z99">doctorat</w><w frlemma="." frpos="PUNCT" frMUSAS="PUNCT">.</w><w frlemma="quant" frpos="ADV" frMUSAS="Z99">Quant</w><w frlemma="aux" frpos="DET" frMUSAS="Z5">aux</w><w frlemma="résultat" frpos="NOUN" frMUSAS="Z99">résultats</w><w frlemma="de" frpos="ADP" frMUSAS="Z5">de</w><w frlemma="son" frpos="DET" frMUSAS="Z5">ses</w><w frlemma="fouille" frpos="NOUN" frMUSAS="Z99">fouilles</w><w frlemma="," frpos="PUNCT" frMUSAS="PUNCT">,</w><w frlemma="1l" frpos="NUM" frMUSAS="N1">1l</w><w frlemma="le" frpos="DET" frMUSAS="Z5">les</w><w frlemma="publia" frpos="NOUN" frMUSAS="Z99">publia</w><w frlemma="dans" frpos="ADP" frMUSAS="Z5">dans</w><w frlemma="deux" frpos="NUM" frMUSAS="N1">deux</w><w frlemma="volume" frpos="NOUN" frMUSAS="N3.4">volumes</w><w frlemma="de" frpos="ADP" frMUSAS="Z5">de</w><w frlemma="notre" frpos="DET" frMUSAS="Z5">nos</w><w frlemma="Rapports" frpos="PROPN" frMUSAS="Z99">Rapports</w><w frlemma="." frpos="PUNCT" frMUSAS="PUNCT">.</w></p><p><w frlemma="mais" frpos="CCONJ" frMUSAS="Z5">Mais</w><w frlemma="le" frpos="DET" frMUSAS="Z5">la</w><w frlemma="curiosité" frpos="NOUN" frMUSAS="X5.2+">curiosité</w><w frlemma="pousser" frpos="VERB" frMUSAS="M2">poussa</w><w frlemma="le" frpos="DET" frMUSAS="Z5">le</w><w frlemma="jeune" frpos="ADJ" frMUSAS="T3-">jeune</w><w frlemma="égyptologue" frpos="NOUN" frMUSAS="Z99">égyptologue</w><w frlemma="vers" frpos="ADP" frMUSAS="Z5">vers</w><w frlemma="le" frpos="DET" frMUSAS="Z5">le</w><w frlemma="grand" frpos="ADJ" frMUSAS="Z99">grand</w><w frlemma="temple" frpos="NOUN" frMUSAS="S9/H1">temple</w><w frlemma="de" frpos="ADP" frMUSAS="Z5">d'</w><w frlemma="Horus" frpos="PROPN" frMUSAS="Z99">Horus</w><w frlemma="qui" frpos="PRON" frMUSAS="Z8">qui</w><w frlemma="proposer" frpos="VERB" frMUSAS="Q2.2/X7+">proposait</w><w frlemma="alors" frpos="ADV" frMUSAS="Z99">alors</w><w frlemma="à" frpos="ADP" frMUSAS="Z5">aux</w><w frlemma="savant" frpos="NOUN" frMUSAS="Z99">savants</w><w frlemma="," frpos="PUNCT" frMUSAS="PUNCT">,</w><w frlemma="malgré" frpos="ADP" frMUSAS="Z5">malgré</w><w frlemma="le" frpos="DET" frMUSAS="Z5">les</w><w frlemma="étude" frpos="NOUN" frMUSAS="P1">études</w><w frlemma="ancien" frpos="ADJ" frMUSAS="Z99">anciennes</w><w frlemma="de" frpos="ADP" frMUSAS="Z5">de</w><w frlemma="Brugsch" frpos="PROPN" frMUSAS="Z99">Brugsch</w><w frlemma="," frpos="PUNCT" frMUSAS="PUNCT">,</w><w frlemma="surtout" frpos="ADV" frMUSAS="Z99">surtout</w><w frlemma="le" frpos="DET" frMUSAS="Z5">l'</w><w frlemma="attrait" frpos="NOUN" frMUSAS="Z99">attrait</w><w frlemma="de" frpos="ADP" frMUSAS="Z5">de</w><w frlemma="son" frpos="DET" frMUSAS="Z5">ses</w><w frlemma="mystère" frpos="NOUN" frMUSAS="X2.2-">mystères</w><w frlemma="." frpos="PUNCT" frMUSAS="PUNCT">.</w><w frlemma="fort" frpos="ADV" frMUSAS="S1.2.5+">Fort</w><w frlemma="heureusement" frpos="ADV" frMUSAS="Z99">heureusement</w><w frlemma="," frpos="PUNCT" frMUSAS="PUNCT">,</w><w frlemma="Chassinat" frpos="PROPN" frMUSAS="Z99">Chassinat</w><w frlemma="être" frpos="AUX" frMUSAS="Z99">était</w><w frlemma="en" frpos="ADP" frMUSAS="Z5">en</w><w frlemma="train" frpos="NOUN" frMUSAS="M3fn">train</w><w frlemma="de" frpos="ADP" frMUSAS="Z5">de</w><w frlemma="publier" frpos="NOUN" frMUSAS="Q4">publier</w><w frlemma="le" frpos="DET" frMUSAS="Z5">les</w><w frlemma="dernier" frpos="ADJ" frMUSAS="N4">derniers</w><w frlemma="tome" frpos="NOUN" frMUSAS="Z99">tomes</w><w frlemma="de" frpos="ADP" frMUSAS="Z5">de</w><w frlemma="son" frpos="DET" frMUSAS="Z5">sa</w><w frlemma="magistral" frpos="ADJ" frMUSAS="Z99">magistrale</w><w frlemma="édition" frpos="NOUN" frMUSAS="Z99">édition</w><w frlemma="." frpos="PUNCT" frMUSAS="PUNCT">.</w><w frlemma="il" frpos="PRON" frMUSAS="Z8">Il</w><w frlemma="suffire" frpos="VERB" frMUSAS="Z99">suffisait</w><w frlemma="de" frpos="ADP" frMUSAS="Z5">de</w><w frlemma="lire" frpos="VERB" frMUSAS="Z99">lire</w><w frlemma="de" frpos="ADP" frMUSAS="Z5">d'</w><w frlemma="un" frpos="DET" frMUSAS="Z5">un</w><w frlemma="bout" frpos="NOUN" frMUSAS="Z99">bout</w><w frlemma="à" frpos="ADP" frMUSAS="Z5">à</w><w frlemma="le" frpos="DET" frMUSAS="Z5">l'</w><w frlemma="autre" frpos="ADJ" frMUSAS="A6.1-">autre</w><w frlemma="ce" frpos="DET" frMUSAS="Z5">ces</w><w frlemma="énorme" frpos="NOUN" frMUSAS="N3.2+++">énormes</w><w frlemma="volume" frpos="NOUN" frMUSAS="N3.4">volumes</w><w frlemma="de" frpos="ADP" frMUSAS="Z5">d'</w><w frlemma="hiéroglyphe" frpos="NOUN" frMUSAS="Z99">hiéroglyphes</w><w frlemma="souvent" frpos="ADV" frMUSAS="N6+">souvent</w><w frlemma="étrange" frpos="ADJ" frMUSAS="Z99">étranges</w><w frlemma="et" frpos="CCONJ" frMUSAS="Z5">et</w><w frlemma="de" frpos="ADP" frMUSAS="Z5">de</w><w frlemma="le" frpos="DET" frMUSAS="Z5">les</w><w frlemma="traduire" frpos="NOUN" frMUSAS="Q3">traduire</w><w frlemma="." frpos="PUNCT" frMUSAS="PUNCT">.</w><w frlemma="mais" frpos="CCONJ" frMUSAS="Z5">Mais</w><w frlemma="un" frpos="DET" frMUSAS="Z5">un</w><w frlemma="long" frpos="NOUN" frMUSAS="Z99">long</w><w frlemma="séjour" frpos="ADP" frMUSAS="M8">séjour</w><w frlemma="sur" frpos="ADP" frMUSAS="Z5">sur</w><w frlemma="le" frpos="DET" frMUSAS="Z5">le</w><w frlemma="site" frpos="NOUN" frMUSAS="M6">site</w><w frlemma="être" frpos="AUX" frMUSAS="Z99">était</w><w frlemma="indispensable" frpos="ADJ" frMUSAS="S6+">indispensable</w><w frlemma="aussi" frpos="ADV" frMUSAS="Z99">aussi</w><w frlemma="pour" frpos="ADP" frMUSAS="Z5">pour</w><w frlemma="bien" frpos="ADV" frMUSAS="A10+">bien</w><w frlemma="connaître" frpos="VERB" frMUSAS="X2.2+">connaître</w><w frlemma="à" frpos="ADP" frMUSAS="Z5">à</w><w frlemma="le" frpos="DET" frMUSAS="Z5">la</w><w frlemma="fois" frpos="NOUN" frMUSAS="Z99">fois</w><w frlemma="le" frpos="DET" frMUSAS="Z5">les</w><w frlemma="différent" frpos="ADJ" frMUSAS="A6.1-">différents</w><w frlemma="élément" frpos="NOUN" frMUSAS="A4.1">éléments</w><w frlemma="de" frpos="ADP" frMUSAS="Z5">du</w><w frlemma="grand" frpos="ADJ" frMUSAS="Z99">grand</w><w frlemma="sanctuaire" frpos="NOUN" frMUSAS="Z99">sanctuaire</w><w frlemma="et" frpos="CCONJ" frMUSAS="Z5">et</w><w frlemma="le" frpos="DET" frMUSAS="Z5">l'</w><w frlemma="emplacement" frpos="NOUN" frMUSAS="Z99">emplacement</w><w frlemma="de" frpos="ADP" frMUSAS="Z5">des</w><w frlemma="inscription" frpos="NOUN" frMUSAS="Z99">inscriptions</w><w frlemma="à" frpos="ADP" frMUSAS="Z5">à</w><w frlemma="interpréter" frpos="VERB" frMUSAS="X2.5+">interpréter</w><w frlemma="." frpos="PUNCT" frMUSAS="PUNCT">.</w><w frlemma="Alliot" frpos="PROPN" frMUSAS="Z99">Alliot</w><w frlemma="qui" frpos="PRON" frMUSAS="Z8">qui</w><w frlemma="posséder" frpos="VERB" frMUSAS="Z99">possédait</w><w frlemma="bien" frpos="ADV" frMUSAS="A10+">bien</w><w frlemma="le" frpos="DET" frMUSAS="Z5">la</w><w frlemma="connaissance" frpos="NOUN" frMUSAS="X2.2+">connaissance</w><w frlemma="archéologique" frpos="ADJ" frMUSAS="Z99">archéologique</w><w frlemma="de" frpos="ADP" frMUSAS="Z5">d'</w><w frlemma="Edfou" frpos="PROPN" frMUSAS="Z99">Edfou</w><w frlemma="avoir" frpos="VERB" frMUSAS="A9+">eut</w><w frlemma="le" frpos="DET" frMUSAS="Z5">le</w><w frlemma="courage" frpos="NOUN" frMUSAS="E5+/S1.2">courage</w><w frlemma="," frpos="PUNCT" frMUSAS="PUNCT">,</w><w frlemma="aider" frpos="VERB" frMUSAS="Z99">aidé</w><w frlemma="seulement" frpos="ADV" frMUSAS="A14">seulement</w><w frlemma="de" frpos="ADP" frMUSAS="Z5">des</w><w frlemma="ancien" frpos="ADJ" frMUSAS="Z99">anciens</w><w frlemma="déchiffrement" frpos="NOUN" frMUSAS="Z99">déchiffrements</w><w frlemma="de" frpos="ADP" frMUSAS="Z5">de</w><w frlemma="Brugsch" frpos="PROPN" frMUSAS="Z99">Brugsch</w><w frlemma="," frpos="PUNCT" frMUSAS="PUNCT">,</w><w frlemma="de" frpos="ADP" frMUSAS="Z5">de</w><w frlemma="von" frpos="NOUN" frMUSAS="Z99">von</w><w frlemma="Bergmann" frpos="PROPN" frMUSAS="Z99">Bergmann</w><w frlemma="," frpos="PUNCT" frMUSAS="PUNCT">,</w><w frlemma="Dümichen" frpos="PROPN" frMUSAS="Z99">Dümichen</w><w frlemma="et" frpos="CCONJ" frMUSAS="Z5">et</w><w frlemma="de" frpos="ADP" frMUSAS="Z5">de</w><w frlemma="Piehl" frpos="PROPN" frMUSAS="Z99">Piehl</w><w frlemma="," frpos="PUNCT" frMUSAS="PUNCT">,</w><w frlemma="de" frpos="ADP" frMUSAS="Z5">de</w><w frlemma="se" frpos="PRON" frMUSAS="Z8">se</w><w frlemma="jeter" frpos="VERB" frMUSAS="M2">jeter</w><w frlemma="à" frpos="ADP" frMUSAS="Z5">à</w><w frlemma="le" frpos="DET" frMUSAS="Z5">l'</w><w frlemma="eau" frpos="NOUN" frMUSAS="F4">eau</w><w frlemma="." frpos="PUNCT" frMUSAS="PUNCT">.</w><w frlemma="il" frpos="PRON" frMUSAS="Z8">Il</w><w frlemma="avoir" frpos="AUX" frMUSAS="A9+">avait</w><w frlemma="au" frpos="ADP" frMUSAS="Z5">au</w><w frlemma="début" frpos="NOUN" frMUSAS="T2+">début</w><w frlemma="aborder" frpos="VERB" frMUSAS="Z99">abordé</w><w frlemma="le" frpos="DET" frMUSAS="Z5">le</w><w frlemma="problème" frpos="NOUN" frMUSAS="A12-">problème</w><w frlemma="par" frpos="ADP" frMUSAS="M6">par</w><w frlemma="un" frpos="PRON" frMUSAS="Z5">un</w><w frlemma="de" frpos="ADP" frMUSAS="Z5">de</w><w frlemma="son" frpos="DET" frMUSAS="Z5">ses</w><w frlemma="côté" frpos="NOUN" frMUSAS="A4.1">côtés</w><w frlemma=":" frpos="PUNCT" frMUSAS="PUNCT">:</w><w frlemma="il" frpos="PRON" frMUSAS="Z8">il</w><w frlemma="se" frpos="PRON" frMUSAS="Z8">s'</w><w frlemma="intéresser" frpos="VERB" frMUSAS="Z99">intéressait</w><w frlemma="au" frpos="ADP" frMUSAS="Z5">au</w><w frlemma="culte" frpos="NOUN" frMUSAS="Z99">culte</w><w frlemma="de" frpos="ADP" frMUSAS="Z5">d'</w><w frlemma="Osiris" frpos="PROPN" frMUSAS="Z99">Osiris</w><w frlemma="et" frpos="CCONJ" frMUSAS="Z5">et</w><w frlemma="vouloir" frpos="VERB" frMUSAS="X7+">voulait</w><w frlemma="utiliser" frpos="VERB" frMUSAS="A1.5.1">utiliser</w><w frlemma="le" frpos="DET" frMUSAS="Z5">les</w><w frlemma="riche" frpos="NOUN" frMUSAS="I1.1+">riches</w><w frlemma="matériau" frpos="NOUN" frMUSAS="A1.6">matériaux</w><w frlemma="que" frpos="PRON" frMUSAS="Z8">qu'</w><w frlemma="offrir" frpos="VERB" frMUSAS="A9-">offre</w><w frlemma="le" frpos="DET" frMUSAS="Z5">le</w><w frlemma="temple" frpos="NOUN" frMUSAS="S9/H1">temple</w><w frlemma="de" frpos="ADP" frMUSAS="Z5">d'</w><w frlemma="Edfou" frpos="PROPN" frMUSAS="Z99">Edfou</w><w frlemma="pour" frpos="ADP" frMUSAS="Z5">pour</w><w frlemma="mieux" frpos="ADV" frMUSAS="A5.1++">mieux</w><w frlemma="connaître" frpos="VERB" frMUSAS="X2.2+">connaître</w><w frlemma="le" frpos="DET" frMUSAS="Z5">le</w><w frlemma="dieu" frpos="NOUN" frMUSAS="Z4">dieu</w><w frlemma="de" frpos="ADP" frMUSAS="Z5">de</w><w frlemma="Busiris" frpos="PROPN" frMUSAS="Z99">Busiris</w><w frlemma="." frpos="PUNCT" frMUSAS="PUNCT">.</w><w frlemma="mais" frpos="CCONJ" frMUSAS="Z5">Mais</w><w frlemma="moret" frpos="NOUN" frMUSAS="Z99">Moret</w><w frlemma="luire" frpos="PRON" frMUSAS="Z8">lui</w><w frlemma="avoir" frpos="AUX" frMUSAS="A9+">ayant</w><w frlemma="faire" frpos="VERB" frMUSAS="Z99">fait</w><w frlemma="savoir" frpos="VERB" frMUSAS="X2.2+">savoir</w><w frlemma="que" frpos="SCONJ" frMUSAS="Z5">qu'</w><w frlemma="il" frpos="PRON" frMUSAS="Z8">il</w><w frlemma="préparer" frpos="VERB" frMUSAS="A1.1.1">préparait</w><w frlemma="lui-même" frpos="PRON" frMUSAS="Z8m">lui-même</w><w frlemma="un" frpos="DET" frMUSAS="Z5">une</w><w frlemma="étude" frpos="NOUN" frMUSAS="P1">étude</w><w frlemma="sur" frpos="ADP" frMUSAS="Z5">sur</w><w frlemma="ce" frpos="DET" frMUSAS="Z5">ce</w><w frlemma="sujet" frpos="NOUN" frMUSAS="Z99">sujet</w><w frlemma="," frpos="PUNCT" frMUSAS="PUNCT">,</w><w frlemma="Alliot" frpos="PROPN" frMUSAS="Z99">Alliot</w><w frlemma="abondonner" frpos="VERB" frMUSAS="Z99">abondonna</w><w frlemma="son" frpos="DET" frMUSAS="Z5">son</w><w frlemma="premier" frpos="ADJ" frMUSAS="N4">premier</w><w frlemma="projet" frpos="NOUN" frMUSAS="A1.1.1">projet</w><w frlemma="et" frpos="CCONJ" frMUSAS="Z5">et</w><w frlemma="élargir" frpos="VERB" frMUSAS="Z99">élargit</w><w frlemma="le" frpos="DET" frMUSAS="Z5">le</w><w frlemma="cadre" frpos="NOUN" frMUSAS="Z99">cadre</w><w frlemma="de" frpos="ADP" frMUSAS="Z5">de</w><w frlemma="son" frpos="DET" frMUSAS="Z5">son</w><w frlemma="enquête" frpos="NOUN" frMUSAS="Z99">enquête</w><w frlemma="." frpos="PUNCT" frMUSAS="PUNCT">.</w><w frlemma="celui" frpos="PRON" frMUSAS="Z8">Celle</w><w frlemma="-" frpos="PRON" frMUSAS="Z99">-</w><w frlemma="ci" frpos="PRON" frMUSAS="Z99">ci</w><w frlemma="devenir" frpos="VERB" frMUSAS="A2.1+">devint</w><w frlemma="un" frpos="DET" frMUSAS="Z5">un</w><w frlemma="travail" frpos="NOUN" frMUSAS="I3.1">travail</w><w frlemma="imposer" frpos="VERB" frMUSAS="S6+">imposant</w><w frlemma="englober" frpos="VERB" frMUSAS="Z99">englobant</w><w frlemma="tout" frpos="ADJ" frMUSAS="Z8">tout</w><w frlemma="le" frpos="DET" frMUSAS="Z5">Le</w><w frlemma="culte" frpos="NOUN" frMUSAS="Z99">Culte</w><w frlemma="de" frpos="ADP" frMUSAS="Z5">d'</w><w frlemma="Horus" frpos="PROPN" frMUSAS="Z99">Horus</w><w frlemma="à" frpos="ADP" frMUSAS="Z5">à</w><w frlemma="Edfou" frpos="PROPN" frMUSAS="Z99">Edfou</w><w frlemma="à" frpos="ADP" frMUSAS="Z5">à</w><w frlemma="le" frpos="DET" frMUSAS="Z5">l'</w><w frlemma="époque" frpos="NOUN" frMUSAS="Z99">époque</w><w frlemma="de" frpos="ADP" frMUSAS="Z5">des</w><w frlemma="ptolémée" frpos="NOUN" frMUSAS="Z99">Ptolémées</w><w frlemma="." frpos="PUNCT" frMUSAS="PUNCT">.</w></p><p><w frlemma="ce" frpos="DET" frMUSAS="Z5">Ce</w><w frlemma="gros" frpos="ADJ" frMUSAS="N3.2+">gros</w><w frlemma="ouvrage" frpos="NOUN" frMUSAS="I3.1">ouvrage</w><w frlemma="qui" frpos="PRON" frMUSAS="Z8">qui</w><w frlemma="compte" frpos="NOUN" frMUSAS="Z99">compte</w><w frlemma="," frpos="PUNCT" frMUSAS="PUNCT">,</w><w frlemma="pour" frpos="ADP" frMUSAS="Z5">pour</w><w frlemma="son" frpos="DET" frMUSAS="Z5">ses</w><w frlemma="deux" frpos="NUM" frMUSAS="N1">deux</w><w frlemma="tome" frpos="NOUN" frMUSAS="Z99">tomes</w><w frlemma="," frpos="PUNCT" frMUSAS="PUNCT">,</w><w frlemma="un" frpos="DET" frMUSAS="Z5">un</w><w frlemma="total" frpos="NOUN" frMUSAS="N5">total</w><w frlemma="de" frpos="ADP" frMUSAS="Z5">de</w><w frlemma="870" frpos="NUM" frMUSAS="N1">870</w><w frlemma="page" frpos="NOUN" frMUSAS="Q1.2">pages</w><w frlemma="in" frpos="NOUN" frMUSAS="Z99">in</w><w frlemma="-" frpos="PROPN" frMUSAS="Z99">-</w><w frlemma="quarto" frpos="PROPN" frMUSAS="Z99">quarto</w><w frlemma="être" frpos="AUX" frMUSAS="Z99">fut</w><w frlemma="présenter" frpos="VERB" frMUSAS="A9-">présenté</w><w frlemma="comme" frpos="ADP" frMUSAS="Z5">comme</w><w frlemma="thèse" frpos="NOUN" frMUSAS="Z99">thèse</w><w frlemma="de" frpos="ADP" frMUSAS="Z5">de</w><w frlemma="Doctorat" frpos="PROPN" frMUSAS="Z99">Doctorat</w><w frlemma="à" frpos="ADP" frMUSAS="Z5">à</w><w frlemma="le" frpos="DET" frMUSAS="Z5">la</w><w frlemma="sorbonne" frpos="NOUN" frMUSAS="Z99">Sorbonne</w><w frlemma="en" frpos="ADP" frMUSAS="Z5">en</w><w frlemma="1945" frpos="NUM" frMUSAS="N1">1945</w><w frlemma="." frpos="PUNCT" frMUSAS="PUNCT">.</w><w frlemma="Lefebvre" frpos="PROPN" frMUSAS="Z99">Lefebvre</w><w frlemma="," frpos="PUNCT" frMUSAS="PUNCT">,</w><w frlemma="Weill" frpos="PROPN" frMUSAS="Z99">Weill</w><w frlemma="et" frpos="CCONJ" frMUSAS="Z5">et</w><w frlemma="m." frpos="NOUN" frMUSAS="Z99">M.</w><w frlemma="Lacau" frpos="PROPN" frMUSAS="Z99">Lacau</w><w frlemma="faire" frpos="VERB" frMUSAS="Z99">faisaient</w><w frlemma="partie" frpos="NOUN" frMUSAS="A10+">partie</w><w frlemma="de" frpos="ADP" frMUSAS="Z5">du</w><w frlemma="jury" frpos="NOUN" frMUSAS="Z99">jury</w><w frlemma="." frpos="PUNCT" frMUSAS="PUNCT">.</w><w frlemma="le" frpos="DET" frMUSAS="Z5">L'</w><w frlemma="ensemble" frpos="NOUN" frMUSAS="Z99">ensemble</w><w frlemma="être" frpos="AUX" frMUSAS="Z99">était</w><w frlemma="si" frpos="SCONJ" frMUSAS="Z5">si</w><w frlemma="neuf" frpos="ADJ" frMUSAS="Z5">neuf</w><w frlemma="et" frpos="CCONJ" frMUSAS="Z5">et</w><w frlemma="si" frpos="SCONJ" frMUSAS="Z5">si</w><w frlemma="magistralement" frpos="ADV" frMUSAS="Z99">magistralement</w><w frlemma="exposer" frpos="VERB" frMUSAS="Z99">exposé</w><w frlemma="que" frpos="SCONJ" frMUSAS="Z5">que</w><w frlemma="le" frpos="DET" frMUSAS="Z5">le</w><w frlemma="jury" frpos="NOUN" frMUSAS="Z99">jury</w><w frlemma="luire" frpos="PRON" frMUSAS="Z8">lui</w><w frlemma="décerna" frpos="ADJ" frMUSAS="Z99">décerna</w><w frlemma="non" frpos="ADV" frMUSAS="Z99">non</w><w frlemma="seulement" frpos="ADV" frMUSAS="A14">seulement</w><w frlemma="le" frpos="DET" frMUSAS="Z5">la</w><w frlemma="mention" frpos="NOUN" frMUSAS="Z99">mention</w><w frlemma="très" frpos="ADV" frMUSAS="A13.3">très</w><w frlemma="honorable" frpos="ADJ" frMUSAS="Z99">honorable</w><w frlemma="mais" frpos="CCONJ" frMUSAS="Z5">mais</w><w frlemma="encore" frpos="ADV" frMUSAS="Z99">encore</w><w frlemma="un" frpos="DET" frMUSAS="Z5">des</w><w frlemma="félicitation" frpos="NOUN" frMUSAS="Q2.2">félicitations</w><w frlemma="spécial" frpos="ADJ" frMUSAS="A4.2+">spéciales</w><w frlemma="de" frpos="ADP" frMUSAS="Z5">d'</w><w frlemma="habitude" frpos="NOUN" frMUSAS="S1.1.1">habitude</w><w frlemma="," frpos="PUNCT" frMUSAS="PUNCT">,</w><w frlemma="ne" frpos="ADV" frMUSAS="Z6">ne</w><w frlemma="être" frpos="AUX" frMUSAS="Z99">sont</w><w frlemma="pas" frpos="ADV" frMUSAS="Z99">pas</w><w frlemma="donner" frpos="VERB" frMUSAS="A9-">données</w><w frlemma="à" frpos="ADP" frMUSAS="Z5">aux</w><w frlemma="candidat" frpos="NOUN" frMUSAS="A7+">candidats</w><w frlemma="." frpos="PUNCT" frMUSAS="PUNCT">.</w><w frlemma="de" frpos="ADP" frMUSAS="Z5">Du</w><w frlemma="coup" frpos="NOUN" frMUSAS="Z99">coup</w><w frlemma="," frpos="PUNCT" frMUSAS="PUNCT">,</w><w frlemma="le" frpos="DET" frMUSAS="Z5">la</w><w frlemma="France" frpos="PROPN" frMUSAS="Z99">France</w><pb n="9"/><w frlemma="qui" frpos="PRON" frMUSAS="Z8">qui</w><w frlemma="occuper" frpos="VERB" frMUSAS="H4">occupait</w><w frlemma="," frpos="PUNCT" frMUSAS="PUNCT">,</w><w frlemma="grâce" frpos="NOUN" frMUSAS="Z99">grâce</w><w frlemma="aux" frpos="DET" frMUSAS="Z5">aux</w><w frlemma="travail" frpos="NOUN" frMUSAS="I3.1">travaux</w><w frlemma="admirable" frpos="ADJ" frMUSAS="Z99">admirables</w><w frlemma="de" frpos="ADP" frMUSAS="Z5">de</w><w frlemma="Chassinat" frpos="PROPN" frMUSAS="Z99">Chassinat</w><w frlemma="," frpos="PUNCT" frMUSAS="PUNCT">,</w><w frlemma="un" frpos="DET" frMUSAS="Z5">un</w><w frlemma="rang" frpos="NOUN" frMUSAS="Z99">rang</w><w frlemma="éminent" frpos="ADV" frMUSAS="Z99">éminent</w><w frlemma="dans" frpos="ADP" frMUSAS="Z5">dans</w><w frlemma="le" frpos="DET" frMUSAS="Z5">la</w><w frlemma="publication" frpos="NOUN" frMUSAS="Q4">publication</w><w frlemma="de" frpos="ADP" frMUSAS="Z5">des</w><w frlemma="texte" frpos="NOUN" frMUSAS="Q1.2">textes</w><w frlemma="ptolémaïque" frpos="ADJ" frMUSAS="Z99">ptolémaïques</w><w frlemma="," frpos="PUNCT" frMUSAS="PUNCT">,</w><w frlemma="se" frpos="PRON" frMUSAS="Z8">se</w><w frlemma="placer" frpos="VERB" frMUSAS="M2">plaçait</w><w frlemma="en" frpos="ADP" frMUSAS="Z5">en</w><w frlemma="tête" frpos="NOUN" frMUSAS="B1">tête</w><w frlemma="pour" frpos="ADP" frMUSAS="Z5">pour</w><w frlemma="le" frpos="DET" frMUSAS="Z5">l'</w><w frlemma="étude" frpos="NOUN" frMUSAS="P1">étude</w><w frlemma="de" frpos="ADP" frMUSAS="Z5">de</w><w frlemma="le" frpos="DET" frMUSAS="Z5">la</w><w frlemma="religion" frpos="NOUN" frMUSAS="S9">religion</w><w frlemma="égyptien" frpos="ADJ" frMUSAS="Z2/S2mf">égyptienne</w><w frlemma="tardif" frpos="ADJ" frMUSAS="T4-">tardive</w><w frlemma="." frpos="PUNCT" frMUSAS="PUNCT">.</w><w frlemma="rapidement" frpos="ADV" frMUSAS="Z99">Rapidement</w><w frlemma="ce" frpos="DET" frMUSAS="Z5">ce</w><w frlemma="livre" frpos="NOUN" frMUSAS="Z99">livre</w><w frlemma="," frpos="PUNCT" frMUSAS="PUNCT">,</w><w frlemma="qui" frpos="PRON" frMUSAS="Z8">qui</w><w frlemma="devoir" frpos="VERB" frMUSAS="Z99">devait</w><w frlemma="valoir" frpos="VERB" frMUSAS="Z99">valoir</w><w frlemma="à" frpos="ADP" frMUSAS="Z5">à</w><w frlemma="Alliot" frpos="PROPN" frMUSAS="Z99">Alliot</w><w frlemma="le" frpos="DET" frMUSAS="Z5">le</w><w frlemma="prix" frpos="NOUN" frMUSAS="Z99">prix</w><w frlemma="Maspero" frpos="PROPN" frMUSAS="Z99">Maspero</w><w frlemma="," frpos="PUNCT" frMUSAS="PUNCT">,</w><w frlemma="devenir" frpos="VERB" frMUSAS="A2.1+">devint</w><w frlemma="classique" frpos="ADJ" frMUSAS="A4.1">classique</w><w frlemma="." frpos="PUNCT" frMUSAS="PUNCT">.</w><w frlemma="le" frpos="DET" frMUSAS="Z5">L'</w><w frlemma="auteur" frpos="NOUN" frMUSAS="Q1.2">auteur</w><w frlemma="," frpos="PUNCT" frMUSAS="PUNCT">,</w><w frlemma="qui" frpos="PRON" frMUSAS="Z8">qui</w><w frlemma="avoir" frpos="AUX" frMUSAS="A9+">avait</w><w frlemma="exercer" frpos="VERB" frMUSAS="Z99">exercé</w><w frlemma="depuis" frpos="ADP" frMUSAS="Z5">depuis</w><w frlemma="1933" frpos="NUM" frMUSAS="N1">1933</w><w frlemma="le" frpos="DET" frMUSAS="Z5">les</w><w frlemma="fonction" frpos="NOUN" frMUSAS="A1.1.1">fonctions</w><w frlemma="de" frpos="ADP" frMUSAS="Z5">de</w><w frlemma="chargé" frpos="NOUN" frMUSAS="Z99">Chargé</w><w frlemma="de" frpos="ADP" frMUSAS="Z5">de</w><w frlemma="cours" frpos="NOUN" frMUSAS="M1">Cours</w><w frlemma="suppléant" frpos="ADJ" frMUSAS="Z99">suppléant</w><w frlemma="(" frpos="PUNCT" frMUSAS="PUNCT">(</w><w frlemma="Maîtrise" frpos="PROPN" frMUSAS="Z99">Maîtrise</w><w frlemma="de" frpos="ADP" frMUSAS="Z5">de</w><w frlemma="conférence" frpos="NOUN" frMUSAS="S1.1.3+">Conférences</w><w frlemma="de" frpos="ADP" frMUSAS="Z5">d'</w><w frlemma="Henri" frpos="PROPN" frMUSAS="Z99">Henri</w><w frlemma="Gauthier" frpos="PROPN" frMUSAS="Z99">Gauthier</w><w frlemma=")" frpos="PUNCT" frMUSAS="PUNCT">)</w><w frlemma="à" frpos="ADP" frMUSAS="Z5">à</w><w frlemma="le" frpos="DET" frMUSAS="Z5">la</w><w frlemma="Faculté" frpos="PROPN" frMUSAS="Z99">Faculté</w><w frlemma="de" frpos="ADP" frMUSAS="Z5">des</w><w frlemma="lettre" frpos="NOUN" frMUSAS="Q1.2">Lettres</w><w frlemma="de" frpos="ADP" frMUSAS="Z5">de</w><w frlemma="Lyon" frpos="PROPN" frMUSAS="Z99">Lyon</w><w frlemma="," frpos="PUNCT" frMUSAS="PUNCT">,</w><w frlemma="pouvoir" frpos="CCONJ" frMUSAS="Z99">puis</w><w frlemma="celui" frpos="PRON" frMUSAS="Z8">celle</w><w frlemma="de" frpos="ADP" frMUSAS="Z5">de</w><w frlemma="maître" frpos="NOUN" frMUSAS="S7.1+/S2.2m">Maître</w><w frlemma="de" frpos="ADP" frMUSAS="Z5">de</w><w frlemma="conférence" frpos="NOUN" frMUSAS="S1.1.3+">Conférences</w><w frlemma="à" frpos="ADP" frMUSAS="Z5">à</w><w frlemma="partir" frpos="VERB" frMUSAS="M1">partir</w><w frlemma="de" frpos="ADP" frMUSAS="Z5">de</w><w frlemma="1937" frpos="NUM" frMUSAS="N1">1937</w><w frlemma="," frpos="PUNCT" frMUSAS="PUNCT">,</w><w frlemma="être" frpos="AUX" frMUSAS="Z99">fut</w><w frlemma="nommer" frpos="VERB" frMUSAS="Z99">nommé</w><w frlemma="," frpos="PUNCT" frMUSAS="PUNCT">,</w><w frlemma="après" frpos="ADP" frMUSAS="Z5">après</w><w frlemma="son" frpos="DET" frMUSAS="Z5">sa</w><w frlemma="soutenance" frpos="NOUN" frMUSAS="Z99">soutenance</w><w frlemma="de" frpos="ADP" frMUSAS="Z5">de</w><w frlemma="thèse" frpos="NOUN" frMUSAS="Z99">thèse</w><w frlemma="," frpos="PUNCT" frMUSAS="PUNCT">,</w><w frlemma="professeur" frpos="NOUN" frMUSAS="Z99">Professeur</w><w frlemma="de" frpos="ADP" frMUSAS="Z5">d'</w><w frlemma="egyptologie" frpos="NOUN" frMUSAS="Z99">Egyptologie</w><w frlemma="et" frpos="CCONJ" frMUSAS="Z5">et</w><w frlemma="de" frpos="ADP" frMUSAS="Z5">d'</w><w frlemma="Gistoire" frpos="PROPN" frMUSAS="Z99">Gistoire</w><w frlemma="ancien" frpos="ADJ" frMUSAS="Z99">ancienne</w><w frlemma="de" frpos="ADP" frMUSAS="Z5">de</w><w frlemma="le" frpos="DET" frMUSAS="Z5">l'</w><w frlemma="Orient" frpos="PROPN" frMUSAS="Z99">Orient</w><w frlemma="et" frpos="CCONJ" frMUSAS="Z5">et</w><w frlemma="occuper" frpos="VERB" frMUSAS="H4">occupa</w><w frlemma="le" frpos="DET" frMUSAS="Z5">la</w><w frlemma="chaire" frpos="VERB" frMUSAS="Z99">chaire</w><w frlemma="que" frpos="PRON" frMUSAS="Z8">qu'</w><w frlemma="avoir" frpos="AUX" frMUSAS="A9+">avait</w><w frlemma="illustrer" frpos="VERB" frMUSAS="A4.1">illustrée</w><w frlemma="Loret" frpos="PROPN" frMUSAS="Z99">Loret</w><w frlemma="." frpos="PUNCT" frMUSAS="PUNCT">.</w><w frlemma="II" frpos="NUM" frMUSAS="N1">II</w><w frlemma="savoir" frpos="VERB" frMUSAS="X2.2+">sut</w><w frlemma="y" frpos="PRON" frMUSAS="M6">y</w><w frlemma="former" frpos="VERB" frMUSAS="T2+">former</w><w frlemma="un" frpos="DET" frMUSAS="Z5">des</w><w frlemma="disciple" frpos="NOUN" frMUSAS="Z99">disciples</w><w frlemma="qui" frpos="PRON" frMUSAS="Z8">qui</w><w frlemma="garder" frpos="ADV" frMUSAS="A9+">gardent</w><w frlemma="de" frpos="ADP" frMUSAS="Z5">de</w><w frlemma="son" frpos="DET" frMUSAS="Z5">son</w><w frlemma="enseignement" frpos="NOUN" frMUSAS="Z99">enseignement</w><w frlemma="le" frpos="DET" frMUSAS="Z5">le</w><w frlemma="meilleur" frpos="ADJ" frMUSAS="Z99">meilleur</w><w frlemma="souvenir" frpos="NOUN" frMUSAS="Z99">souvenir</w><w frlemma="." frpos="PUNCT" frMUSAS="PUNCT">.</w><w frlemma="ce" frpos="PRON" frMUSAS="Z8">C'</w><w frlemma="être" frpos="AUX" frMUSAS="Z99">était</w><w frlemma="un" frpos="DET" frMUSAS="Z5">un</w><w frlemma="professeur" frpos="NOUN" frMUSAS="Z99">professeur</w><w frlemma="scrupuleux" frpos="ADJ" frMUSAS="Z99">scrupuleux</w><w frlemma="et" frpos="CCONJ" frMUSAS="Z5">et</w><w frlemma="sûr" frpos="ADJ" frMUSAS="A7+">sûr</w><w frlemma="," frpos="PUNCT" frMUSAS="PUNCT">,</w><w frlemma="peut-être" frpos="ADV" frMUSAS="Z99">peut-être</w><w frlemma="un" frpos="DET" frMUSAS="Z5">un</w><w frlemma="peu" frpos="ADV" frMUSAS="A13.7">peu</w><w frlemma="lent" frpos="ADV" frMUSAS="N3.8-">lent</w><w frlemma="," frpos="PUNCT" frMUSAS="PUNCT">,</w><w frlemma="mais" frpos="CCONJ" frMUSAS="Z5">mais</w><w frlemma="pour" frpos="ADP" frMUSAS="Z5">pour</w><w frlemma="ce" frpos="DET" frMUSAS="Z5">cette</w><w frlemma="raison" frpos="NOUN" frMUSAS="A2.2">raison</w><w frlemma="même" frpos="ADV" frMUSAS="Z99">même</w><w frlemma="exiger" frpos="VERB" frMUSAS="Z99">exigeant</w><w frlemma="et" frpos="CCONJ" frMUSAS="Z5">et</w><w frlemma="probe" frpos="ADJ" frMUSAS="Z99">probe</w><w frlemma="." frpos="PUNCT" frMUSAS="PUNCT">.</w><w frlemma="son" frpos="DET" frMUSAS="Z5">Sa</w><w frlemma="thèse" frpos="NOUN" frMUSAS="Z99">thèse</w><w frlemma="remarquable" frpos="ADJ" frMUSAS="Z99">remarquable</w><w frlemma="et" frpos="CCONJ" frMUSAS="Z5">et</w><w frlemma="son" frpos="DET" frMUSAS="Z5">son</w><w frlemma="enseignement" frpos="NOUN" frMUSAS="Z99">enseignement</w><w frlemma="luire" frpos="PRON" frMUSAS="Z8">lui</w><w frlemma="valoir" frpos="VERB" frMUSAS="Z99">valurent</w><w frlemma="de" frpos="ADP" frMUSAS="Z5">d'</w><w frlemma="être" frpos="AUX" frMUSAS="Z99">être</w><w frlemma="élu" frpos="NOUN" frMUSAS="Z99">élu</w><w frlemma="Professeur" frpos="PROPN" frMUSAS="Z99">Professeur</w><w frlemma="à" frpos="ADP" frMUSAS="Z5">à</w><w frlemma="le" frpos="DET" frMUSAS="Z5">la</w><w frlemma="Sorbonne" frpos="PROPN" frMUSAS="Z99">Sorbonne</w><w frlemma="lorsque" frpos="ADV" frMUSAS="Z5">lorsque</w><w frlemma="être" frpos="AUX" frMUSAS="Z99">fut</w><w frlemma="créer" frpos="VERB" frMUSAS="A1.1.1">créé</w><w frlemma="," frpos="PUNCT" frMUSAS="PUNCT">,</w><w frlemma="en" frpos="ADP" frMUSAS="Z5">en</w><w frlemma="1953" frpos="NUM" frMUSAS="N1">1953</w><w frlemma="," frpos="PUNCT" frMUSAS="PUNCT">,</w><w frlemma="un" frpos="DET" frMUSAS="Z5">une</w><w frlemma="chaire" frpos="NOUN" frMUSAS="Z99">chaire</w><w frlemma="de" frpos="ADP" frMUSAS="Z5">d'</w><w frlemma="egyptologie" frpos="NOUN" frMUSAS="Z99">Egyptologie</w><w frlemma="à" frpos="ADP" frMUSAS="Z5">à</w><w frlemma="le" frpos="DET" frMUSAS="Z5">la</w><w frlemma="Faculté" frpos="PROPN" frMUSAS="Z99">Faculté</w><w frlemma="de" frpos="ADP" frMUSAS="Z5">des</w><w frlemma="lettre" frpos="NOUN" frMUSAS="Q1.2">Lettres</w><w frlemma="de" frpos="ADP" frMUSAS="Z5">de</w><w frlemma="Paris" frpos="PROPN" frMUSAS="Z99">Paris</w><w frlemma="." frpos="PUNCT" frMUSAS="PUNCT">.</w></p><p><w frlemma="Alliot" frpos="PROPN" frMUSAS="Z99">Alliot</w><w frlemma="donner" frpos="VERB" frMUSAS="A9-">donna</w><w frlemma="encore" frpos="ADV" frMUSAS="Z99">encore</w><w frlemma="un" frpos="DET" frMUSAS="Z5">des</w><w frlemma="travail" frpos="NOUN" frMUSAS="I3.1">travaux</w><w frlemma="excellent" frpos="ADJ" frMUSAS="A5.1+++">excellents</w><w frlemma="," frpos="PUNCT" frMUSAS="PUNCT">,</w><w frlemma="comme" frpos="ADP" frMUSAS="Z5">comme</w><w frlemma="son" frpos="DET" frMUSAS="Z5">sa</w><w frlemma="chasse" frpos="NOUN" frMUSAS="Z99">Chasse</w><w frlemma="au" frpos="ADP" frMUSAS="Z5">au</w><w frlemma="filet" frpos="NOUN" frMUSAS="Z99">filet</w><w frlemma="," frpos="PUNCT" frMUSAS="PUNCT">,</w><w frlemma="son" frpos="DET" frMUSAS="Z5">ses</w><w frlemma="étude" frpos="NOUN" frMUSAS="P1">études</w><w frlemma="sur" frpos="ADP" frMUSAS="Z5">sur</w><w frlemma="le" frpos="DET" frMUSAS="Z5">les</w><w frlemma="révolution" frpos="NOUN" frMUSAS="G1.2">révolutions</w><w frlemma="égyptien" frpos="ADJ" frMUSAS="Z2/S2mf">égyptiennes</w><w frlemma="à" frpos="ADP" frMUSAS="Z5">à</w><w frlemma="le" frpos="DET" frMUSAS="Z5">l'</w><w frlemma="époque" frpos="NOUN" frMUSAS="Z99">époque</w><w frlemma="ptolémaïque" frpos="ADJ" frMUSAS="Z99">ptolémaïque</w><w frlemma="ou" frpos="CCONJ" frMUSAS="Z5">ou</w><w frlemma="son" frpos="DET" frMUSAS="Z5">son</w><w frlemma="identification" frpos="NOUN" frMUSAS="X2.2+">identification</w><w frlemma="de" frpos="ADP" frMUSAS="Z5">de</w><w frlemma="le" frpos="DET" frMUSAS="Z5">l'</w><w frlemma="Oponé" frpos="PROPN" frMUSAS="Z99">Oponé</w><w frlemma="de" frpos="ADP" frMUSAS="Z5">des</w><w frlemma="Géographes" frpos="PROPN" frMUSAS="Z99">Géographes</w><w frlemma="grec" frpos="NOUN" frMUSAS="Z2">grecs</w><w frlemma="avec" frpos="ADP" frMUSAS="Z5">avec</w><w frlemma="le" frpos="DET" frMUSAS="Z5">le</w><w frlemma="pays" frpos="NOUN" frMUSAS="G1.1c">pays</w><w frlemma="de" frpos="ADP" frMUSAS="Z5">de</w><w frlemma="Pount" frpos="PROPN" frMUSAS="Z99">Pount</w><w frlemma=";" frpos="PUNCT" frMUSAS="PUNCT">;</w><w frlemma="mais" frpos="CCONJ" frMUSAS="Z5">mais</w><w frlemma="dès" frpos="ADP" frMUSAS="Z5">dès</w><w frlemma="1955" frpos="NUM" frMUSAS="N1">1955</w><w frlemma="," frpos="PUNCT" frMUSAS="PUNCT">,</w><w frlemma="celui" frpos="PRON" frMUSAS="Z8">ceux</w><w frlemma="qui" frpos="PRON" frMUSAS="Z8">qui</w><w frlemma="avoir" frpos="AUX" frMUSAS="A9+">avaient</w><w frlemma="le" frpos="DET" frMUSAS="Z5">l'</w><w frlemma="occasion" frpos="NOUN" frMUSAS="Z99">occasion</w><w frlemma="de" frpos="ADP" frMUSAS="Z5">de</w><w frlemma="le" frpos="PRON" frMUSAS="Z8">le</w><w frlemma="voir" frpos="VERB" frMUSAS="X3.4">voir</w><w frlemma="à" frpos="ADP" frMUSAS="Z5">à</w><w frlemma="intervalle" frpos="NOUN" frMUSAS="Z99">intervalles</w><w frlemma="régulier" frpos="ADJ" frMUSAS="A6.2+">réguliers</w><w frlemma="," frpos="PUNCT" frMUSAS="PUNCT">,</w><w frlemma="et" frpos="CCONJ" frMUSAS="Z5">et</w><w frlemma="que" frpos="SCONJ" frMUSAS="Z5">qu'</w><w frlemma="il" frpos="PRON" frMUSAS="Z8">il</w><w frlemma="honorer" frpos="VERB" frMUSAS="Z99">honorait</w><w frlemma="de" frpos="ADP" frMUSAS="Z5">de</w><w frlemma="son" frpos="DET" frMUSAS="Z5">son</w><w frlemma="amitié" frpos="NOUN" frMUSAS="S3.1">amitié</w><w frlemma="," frpos="PUNCT" frMUSAS="PUNCT">,</w><w frlemma="en" frpos="ADP" frMUSAS="Z5">en</w><w frlemma="arrivaient" frpos="NOUN" frMUSAS="Z99">arrivaient</w><w frlemma="à" frpos="ADP" frMUSAS="Z5">à</w><w frlemma="se" frpos="PRON" frMUSAS="Z8">s'</w><w frlemma="inquiéter" frpos="VERB" frMUSAS="Z99">inquiéter</w><w frlemma="de" frpos="ADP" frMUSAS="Z5">de</w><w frlemma="son" frpos="DET" frMUSAS="Z5">son</w><w frlemma="mutisme" frpos="NOUN" frMUSAS="Z99">mutisme</w><w frlemma="." frpos="PUNCT" frMUSAS="PUNCT">.</w><w frlemma="ii" frpos="PRON" frMUSAS="Z99">II</w><w frlemma="commencer" frpos="VERB" frMUSAS="Z99">commençait</w><w frlemma="à" frpos="ADP" frMUSAS="Z5">à</w><w frlemma="se" frpos="PRON" frMUSAS="Z8">se</w><w frlemma="replier" frpos="VERB" frMUSAS="Z99">replier</w><w frlemma="sur" frpos="ADP" frMUSAS="Z5">sur</w><w frlemma="lui-même" frpos="PRON" frMUSAS="Z8m">lui-même</w><w frlemma="et" frpos="CCONJ" frMUSAS="Z5">et</w><w frlemma="tenter" frpos="VERB" frMUSAS="Z99">tentait</w><w frlemma="de" frpos="ADP" frMUSAS="Z5">de</w><w frlemma="résorber" frpos="VERB" frMUSAS="Z99">résorber</w><w frlemma="à" frpos="ADP" frMUSAS="Z5">à</w><w frlemma="luire" frpos="PRON" frMUSAS="Z8">lui</w><w frlemma="seul" frpos="ADJ" frMUSAS="Z99">seul</w><w frlemma="son" frpos="DET" frMUSAS="Z5">sa</w><w frlemma="douleur" frpos="NOUN" frMUSAS="B2-">douleur</w><w frlemma="." frpos="PUNCT" frMUSAS="PUNCT">.</w><w frlemma="il" frpos="PRON" frMUSAS="Z8">Il</w><w frlemma="avoir" frpos="VERB" frMUSAS="A9+">avait</w><w frlemma="trop" frpos="ADV" frMUSAS="Z99">trop</w><w frlemma="de" frpos="ADP" frMUSAS="Z5">de</w><w frlemma="pudeur" frpos="NOUN" frMUSAS="Z99">pudeur</w><w frlemma="pour" frpos="ADP" frMUSAS="Z5">pour</w><w frlemma="le" frpos="PRON" frMUSAS="Z8">la</w><w frlemma="laisser" frpos="VERB" frMUSAS="M1">laisser</w><w frlemma="apercevoir" frpos="VERB" frMUSAS="Z99">apercevoir</w><w frlemma="et" frpos="CCONJ" frMUSAS="Z5">et</w><w frlemma="il" frpos="PRON" frMUSAS="Z8">il</w><w frlemma="penser" frpos="VERB" frMUSAS="X2.1">pensait</w><w frlemma="que" frpos="SCONJ" frMUSAS="Z5">que</w><w frlemma="son" frpos="DET" frMUSAS="Z5">sa</w><w frlemma="foi" frpos="NOUN" frMUSAS="E6+">foi</w><w frlemma="chrétien" frpos="VERB" frMUSAS="Z99">chrétienne</w><w frlemma="luire" frpos="PRON" frMUSAS="Z8">lui</w><w frlemma="permettre" frpos="VERB" frMUSAS="S7.4+">permettrait</w><w frlemma="de" frpos="ADP" frMUSAS="Z5">de</w><w frlemma="le" frpos="DET" frMUSAS="Z5">la</w><w frlemma="surmonter" frpos="NOUN" frMUSAS="Z99">surmonter</w><w frlemma="." frpos="PUNCT" frMUSAS="PUNCT">.</w><w frlemma="on" frpos="PRON" frMUSAS="Z8">On</w><w frlemma="deviner" frpos="VERB" frMUSAS="Z99">devinait</w><w frlemma="bien" frpos="ADV" frMUSAS="A10+">bien</w><w frlemma="que" frpos="SCONJ" frMUSAS="Z5">qu'</w><w frlemma="à" frpos="ADP" frMUSAS="Z5">à</w><w frlemma="le" frpos="DET" frMUSAS="Z5">l'</w><w frlemma="horizon" frpos="NOUN" frMUSAS="Z99">horizon</w><w frlemma="de" frpos="ADP" frMUSAS="Z5">de</w><w frlemma="son" frpos="DET" frMUSAS="Z5">son</w><w frlemma="esprit" frpos="NOUN" frMUSAS="Z99">esprit</w><w frlemma="lui" frpos="PRON" frMUSAS="Z8">elle</w><w frlemma="commencer" frpos="VERB" frMUSAS="Z99">commençait</w><w frlemma="son" frpos="DET" frMUSAS="Z5">son</w><w frlemma="œuvre" frpos="NOUN" frMUSAS="Z99">œuvre</w><w frlemma="destructeur" frpos="NOUN" frMUSAS="Z99">destructrice</w><w frlemma="et" frpos="CCONJ" frMUSAS="Z5">et</w><w frlemma="tenter" frpos="VERB" frMUSAS="Z99">tentait</w><w frlemma="de" frpos="ADP" frMUSAS="Z5">d'</w><w frlemma="absorber" frpos="VERB" frMUSAS="Z99">absorber</w><w frlemma="son" frpos="DET" frMUSAS="Z5">sa</w><w frlemma="vie" frpos="NOUN" frMUSAS="L1+">vie</w><w frlemma="…" frpos="NOUN" frMUSAS="Z99">…</w><w frlemma="pourtant" frpos="ADV" frMUSAS="Z99">Pourtant</w><w frlemma="il" frpos="PRON" frMUSAS="Z8">il</w><w frlemma="avoir" frpos="VERB" frMUSAS="A9+">avait</w><w frlemma="encore" frpos="ADV" frMUSAS="Z99">encore</w><w frlemma="un" frpos="DET" frMUSAS="Z5">des</w><w frlemma="projet" frpos="NOUN" frMUSAS="A1.1.1">projets</w><w frlemma=":" frpos="PUNCT" frMUSAS="PUNCT">:</w><w frlemma="il" frpos="PRON" frMUSAS="Z8">il</w><w frlemma="préparer" frpos="VERB" frMUSAS="A1.1.1">préparait</w><w frlemma="sur" frpos="ADP" frMUSAS="Z5">sur</w><w frlemma="le" frpos="DET" frMUSAS="Z5">l'</w><w frlemma="egypte" frpos="NOUN" frMUSAS="Z99">Egypte</w><w frlemma="un" frpos="DET" frMUSAS="Z5">un</w><w frlemma="livre" frpos="NOUN" frMUSAS="Z99">livre</w><w frlemma="de" frpos="ADP" frMUSAS="Z5">de</w><w frlemma="synthèse" frpos="NOUN" frMUSAS="Z99">synthèse</w><w frlemma="," frpos="PUNCT" frMUSAS="PUNCT">,</w><w frlemma="se" frpos="PRON" frMUSAS="Z8">se</w><w frlemma="proposer" frpos="VERB" frMUSAS="Q2.2/X7+">proposait</w><w frlemma="de" frpos="ADP" frMUSAS="Z5">d'</w><w frlemma="écrire" frpos="NOUN" frMUSAS="Q1.2">écrire</w><w frlemma="de" frpos="ADP" frMUSAS="Z5">des</w><w frlemma="article" frpos="NOUN" frMUSAS="G2.1/P1">articles</w><w frlemma="et" frpos="CCONJ" frMUSAS="Z5">et</w><w frlemma="mème" frpos="NOUN" frMUSAS="Z99">mème</w><w frlemma="de" frpos="ADP" frMUSAS="Z5">des</w><w frlemma="travail" frpos="NOUN" frMUSAS="I3.1">travaux</w><w frlemma="plus" frpos="ADV" frMUSAS="Z5">plus</w><w frlemma="vaste" frpos="NOUN" frMUSAS="Z99">vastes</w><w frlemma="." frpos="PUNCT" frMUSAS="PUNCT">.</w><w frlemma="mais" frpos="CCONJ" frMUSAS="Z5">Mais</w><w frlemma="," frpos="PUNCT" frMUSAS="PUNCT">,</w><w frlemma="un" frpos="DET" frMUSAS="Z5">un</w><w frlemma="beau" frpos="NOUN" frMUSAS="Z99">beau</w><w frlemma="jour" frpos="NOUN" frMUSAS="T1.3">jour</w><w frlemma="," frpos="PUNCT" frMUSAS="PUNCT">,</w><w frlemma="il" frpos="PRON" frMUSAS="Z8">il</w><w frlemma="cesser" frpos="VERB" frMUSAS="Z99">cessa</w><w frlemma="de" frpos="ADP" frMUSAS="Z5">de</w><w frlemma="répondre" frpos="VERB" frMUSAS="Q2.2">répondre</w><w frlemma="à" frpos="ADP" frMUSAS="Z5">aux</w><w frlemma="lettre" frpos="NOUN" frMUSAS="Q1.2">lettres</w><w frlemma="." frpos="PUNCT" frMUSAS="PUNCT">.</w><w frlemma="pour" frpos="ADP" frMUSAS="Z5">Pour</w><w frlemma="ce" frpos="DET" frMUSAS="Z5">cet</w><w frlemma="homme" frpos="NOUN" frMUSAS="I3.1">homme</w><w frlemma="si" frpos="SCONJ" frMUSAS="Z5">si</w><w frlemma="foncièrement" frpos="ADJ" frMUSAS="Z99">foncièrement</w><w frlemma="honnête" frpos="NOUN" frMUSAS="Z99">honnête</w><w frlemma="et" frpos="CCONJ" frMUSAS="Z5">et</w><w frlemma="scrupuleux" frpos="ADJ" frMUSAS="Z99">scrupuleux</w><w frlemma="," frpos="PUNCT" frMUSAS="PUNCT">,</w><w frlemma="ce" frpos="PRON" frMUSAS="Z8">c'</w><w frlemma="être" frpos="AUX" frMUSAS="Z99">était</w><w frlemma="le" frpos="DET" frMUSAS="Z5">le</w><w frlemma="signe" frpos="NOUN" frMUSAS="Q1.1">signe</w><w frlemma="que" frpos="PRON" frMUSAS="Z8">qu'</w><w frlemma="il" frpos="PRON" frMUSAS="Z8">il</w><w frlemma="ne" frpos="ADV" frMUSAS="Z6">n'</w><w frlemma="avoir" frpos="VERB" frMUSAS="A9+">avait</w><w frlemma="plus" frpos="ADV" frMUSAS="Z5">plus</w><w frlemma="le" frpos="DET" frMUSAS="Z5">la</w><w frlemma="force" frpos="NOUN" frMUSAS="E3-">force</w><w frlemma="matériel" frpos="ADJ" frMUSAS="Z99">matérielle</w><w frlemma="de" frpos="ADP" frMUSAS="Z5">de</w><w frlemma="le" frpos="PRON" frMUSAS="Z8">le</w><w frlemma="faire" frpos="VERB" frMUSAS="Z99">faire</w><w frlemma="." frpos="PUNCT" frMUSAS="PUNCT">.</w><w frlemma="nous" frpos="PRON" frMUSAS="Z8">Nous</w><w frlemma="ne" frpos="ADV" frMUSAS="Z6">ne</w><w frlemma="penser" frpos="VERB" frMUSAS="X2.1">pensions</w><w frlemma="pourtant" frpos="ADV" frMUSAS="Z99">pourtant</w><w frlemma="pas" frpos="ADV" frMUSAS="Z99">pas</w><w frlemma="que" frpos="SCONJ" frMUSAS="Z5">que</w><w frlemma="son" frpos="DET" frMUSAS="Z5">sa</w><w frlemma="fin" frpos="NOUN" frMUSAS="Z99">fin</w><w frlemma="fût" frpos="PRON" frMUSAS="Z99">fût</w><w frlemma="si" frpos="SCONJ" frMUSAS="Z5">si</w><w frlemma="proche" frpos="ADJ" frMUSAS="Z99">proche</w><w frlemma="quand" frpos="SCONJ" frMUSAS="Z5">quand</w><w frlemma="," frpos="PUNCT" frMUSAS="PUNCT">,</w><w frlemma="le" frpos="DET" frMUSAS="Z5">le</w><w frlemma="29" frpos="NUM" frMUSAS="N1">29</w><w frlemma="octobre" frpos="NOUN" frMUSAS="T1.3">Octobre</w><w frlemma="1960" frpos="NUM" frMUSAS="N1">1960</w><w frlemma="," frpos="PUNCT" frMUSAS="PUNCT">,</w><w frlemma="il" frpos="PRON" frMUSAS="Z8">il</w><w frlemma="mourir" frpos="VERB" frMUSAS="L1-">mourut</w><w frlemma="à" frpos="ADP" frMUSAS="Z5">à</w><w frlemma="sceau" frpos="NOUN" frMUSAS="Z99">Sceaux</w><w frlemma="où" frpos="PRON" frMUSAS="Z8">où</w><w frlemma="il" frpos="PRON" frMUSAS="Z8">il</w><w frlemma="habiter" frpos="VERB" frMUSAS="H4">habitait</w><w frlemma="depuis" frpos="ADP" frMUSAS="Z5">depuis</w><w frlemma="son" frpos="DET" frMUSAS="Z5">sa</w><w frlemma="venue" frpos="NOUN" frMUSAS="M1">venue</w><w frlemma="à" frpos="ADP" frMUSAS="Z5">à</w><w frlemma="Paris" frpos="PROPN" frMUSAS="Z99">Paris</w><w frlemma="." frpos="PUNCT" frMUSAS="PUNCT">.</w></p><p><w frlemma="se" frpos="SCONJ" frMUSAS="Z8">S'</w><w frlemma="il" frpos="PRON" frMUSAS="Z8">il</w><w frlemma="falloir" frpos="VERB" frMUSAS="Z99">fallait</w><w frlemma="en" frpos="ADP" frMUSAS="Z5">en</w><w frlemma="quelque" frpos="DET" frMUSAS="A13.5">quelques</w><w frlemma="mot" frpos="NOUN" frMUSAS="Q3">mots</w><w frlemma="définir" frpos="VERB" frMUSAS="Q2.2">définir</w><w frlemma="le" frpos="DET" frMUSAS="Z5">le</w><w frlemma="caractère" frpos="NOUN" frMUSAS="Z99">caractère</w><w frlemma="de" frpos="ADP" frMUSAS="Z5">d'</w><w frlemma="Alliot" frpos="PROPN" frMUSAS="Z99">Alliot</w><w frlemma="et" frpos="CCONJ" frMUSAS="Z5">et</w><w frlemma="de" frpos="ADP" frMUSAS="Z5">de</w><w frlemma="son" frpos="DET" frMUSAS="Z5">son</w><w frlemma="œuvre" frpos="NOUN" frMUSAS="Z99">œuvre</w><w frlemma="," frpos="PUNCT" frMUSAS="PUNCT">,</w><w frlemma="je" frpos="PRON" frMUSAS="Z8mf">j'</w><w frlemma="aimer" frpos="VERB" frMUSAS="Z99">aimerais</w><w frlemma="le" frpos="DET" frMUSAS="Z5">les</w><w frlemma="placer" frpos="VERB" frMUSAS="M2">placer</w><w frlemma="tout" frpos="ADJ" frMUSAS="Z8">tous</w><w frlemma="deux" frpos="PRON" frMUSAS="N1">deux</w><w frlemma="de" frpos="ADP" frMUSAS="Z5">d'</w><w frlemma="abord" frpos="ADV" frMUSAS="Z99">abord</w><w frlemma="sou" frpos="ADP" frMUSAS="A13.6">sous</w><w frlemma="le" frpos="DET" frMUSAS="Z5">le</w><w frlemma="signe" frpos="NOUN" frMUSAS="Q1.1">signe</w><w frlemma="de" frpos="ADP" frMUSAS="Z5">de</w><w frlemma="le" frpos="DET" frMUSAS="Z5">la</w><w frlemma="probité" frpos="NOUN" frMUSAS="Z99">probité</w><w frlemma=":" frpos="PUNCT" frMUSAS="PUNCT">:</w><w frlemma="probité" frpos="NOUN" frMUSAS="Z99">Probité</w><w frlemma="dans" frpos="ADP" frMUSAS="Z5">dans</w><w frlemma="le" frpos="DET" frMUSAS="Z5">le</w><w frlemma="travail" frpos="NOUN" frMUSAS="I3.1">travail</w><w frlemma="," frpos="PUNCT" frMUSAS="PUNCT">,</w><w frlemma="solidité" frpos="NOUN" frMUSAS="Z99">solidité</w><w frlemma="," frpos="PUNCT" frMUSAS="PUNCT">,</w><w frlemma="souci" frpos="NOUN" frMUSAS="Z99">souci</w><w frlemma="de" frpos="ADP" frMUSAS="Z5">de</w><w frlemma="faire" frpos="VERB" frMUSAS="Z99">faire</w><w frlemma="bien" frpos="ADV" frMUSAS="A10+">bien</w><w frlemma="et" frpos="CCONJ" frMUSAS="Z5">et</w><w frlemma="de" frpos="ADP" frMUSAS="Z5">de</w><w frlemma="construire" frpos="VERB" frMUSAS="Z99">construire</w><w frlemma="à" frpos="ADP" frMUSAS="Z5">à</w><w frlemma="le" frpos="DET" frMUSAS="Z5">l'</w><w frlemma="aide" frpos="NOUN" frMUSAS="Z99">aide</w><w frlemma="de" frpos="ADP" frMUSAS="Z5">de</w><w frlemma="bon" frpos="ADJ" frMUSAS="A5.1+">bons</w><w frlemma="matériau" frpos="NOUN" frMUSAS="A1.6">matériaux</w><w frlemma="soigneusement" frpos="ADV" frMUSAS="Z99">soigneusement</w><w frlemma="choisir" frpos="VERB" frMUSAS="X7+">choisis</w><w frlemma="." frpos="PUNCT" frMUSAS="PUNCT">.</w><w frlemma="probité" frpos="NOUN" frMUSAS="Z99">Probité</w><w frlemma="dans" frpos="ADP" frMUSAS="Z5">dans</w><w frlemma="le" frpos="DET" frMUSAS="Z5">la</w><w frlemma="vie" frpos="NOUN" frMUSAS="L1+">vie</w><w frlemma="moral" frpos="ADJ" frMUSAS="Z99">morale</w><w frlemma=":" frpos="PUNCT" frMUSAS="PUNCT">:</w><w frlemma="Alliot" frpos="PROPN" frMUSAS="Z99">Alliot</w><w frlemma="ne" frpos="ADV" frMUSAS="Z6">n'</w><w frlemma="avoir" frpos="AUX" frMUSAS="A9+">a</w><w frlemma="jamais" frpos="ADV" frMUSAS="T1/Z6">jamais</w><w frlemma="essayer" frpos="VERB" frMUSAS="X8+">essayé</w><w frlemma="ni" frpos="CCONJ" frMUSAS="Z6">ni</w><w frlemma="de" frpos="ADP" frMUSAS="Z5">d'</w><w frlemma="intriguer" frpos="VERB" frMUSAS="Z99">intriguer</w><w frlemma="ni" frpos="CCONJ" frMUSAS="Z6">ni</w><w frlemma="de" frpos="ADP" frMUSAS="Z5">de</w><w frlemma="jeter" frpos="VERB" frMUSAS="M2">jeter</w><w frlemma="de" frpos="ADP" frMUSAS="Z5">de</w><w frlemma="le" frpos="DET" frMUSAS="Z5">la</w><w frlemma="poudre" frpos="NOUN" frMUSAS="B4">poudre</w><w frlemma="à" frpos="ADP" frMUSAS="Z5">aux</w><w frlemma="oeil" frpos="NOUN" frMUSAS="Z99">yeux</w><w frlemma="." frpos="PUNCT" frMUSAS="PUNCT">.</w><w frlemma="il" frpos="PRON" frMUSAS="Z8">Il</w><w frlemma="avoir" frpos="AUX" frMUSAS="A9+">a</w><w frlemma="travailler" frpos="VERB" frMUSAS="I3.1">travaillé</w><w frlemma="simplement" frpos="ADV" frMUSAS="A13.6">simplement</w><w frlemma="," frpos="PUNCT" frMUSAS="PUNCT">,</w><w frlemma="consciencieusement" frpos="ADV" frMUSAS="Z99">consciencieusement</w><w frlemma="," frpos="PUNCT" frMUSAS="PUNCT">,</w><w frlemma="concentrer" frpos="VERB" frMUSAS="X5.1+">concentrant</w><w frlemma="tout" frpos="ADJ" frMUSAS="Z8">tout</w><w frlemma="son" frpos="DET" frMUSAS="Z5">son</w><w frlemma="effort" frpos="NOUN" frMUSAS="X8+">effort</w><w frlemma="sur" frpos="ADP" frMUSAS="Z5">sur</w><w frlemma="son" frpos="DET" frMUSAS="Z5">son</w><w frlemma="œuvre" frpos="NOUN" frMUSAS="Z99">œuvre</w><w frlemma="et" frpos="CCONJ" frMUSAS="Z5">et</w><w frlemma="son" frpos="DET" frMUSAS="Z5">ses</w><w frlemma="élève" frpos="NOUN" frMUSAS="Z99">élèves</w><w frlemma="." frpos="PUNCT" frMUSAS="PUNCT">.</w><w frlemma="il" frpos="PRON" frMUSAS="Z8">Il</w><w frlemma="ne" frpos="ADV" frMUSAS="Z6">n'</w><w frlemma="être" frpos="AUX" frMUSAS="Z99">était</w><w frlemma="pas" frpos="ADV" frMUSAS="Z99">pas</w><w frlemma="un" frpos="DET" frMUSAS="Z5">un</w><w frlemma="professeur" frpos="NOUN" frMUSAS="Z99">professeur</w><w frlemma="brillant" frpos="ADJ" frMUSAS="A5.1+++">brillant</w><w frlemma="," frpos="PUNCT" frMUSAS="PUNCT">,</w><w frlemma="mais" frpos="CCONJ" frMUSAS="Z5">mais</w><w frlemma="aucun" frpos="PRON" frMUSAS="Z99">aucun</w><w frlemma="de" frpos="ADP" frMUSAS="Z5">de</w><w frlemma="celui" frpos="PRON" frMUSAS="Z8">ceux</w><w frlemma="qui" frpos="PRON" frMUSAS="Z8">qui</w><w frlemma="avoir" frpos="AUX" frMUSAS="A9+">ont</w><w frlemma="suivre" frpos="VERB" frMUSAS="M1">suivi</w><w frlemma="son" frpos="DET" frMUSAS="Z5">son</w><w frlemma="enseignement" frpos="NOUN" frMUSAS="Z99">enseignement</w><w frlemma="ne" frpos="ADV" frMUSAS="Z6">ne</w><w frlemma="parler" frpos="VERB" frMUSAS="Q2.1">parle</w><w frlemma="de" frpos="ADP" frMUSAS="Z5">de</w><w frlemma="luire" frpos="PRON" frMUSAS="Z8">lui</w><w frlemma="autrement" frpos="ADV" frMUSAS="Z99">autrement</w><w frlemma="que" frpos="SCONJ" frMUSAS="Z5">qu'</w><w frlemma="avec" frpos="ADP" frMUSAS="Z5">avec</w><w frlemma="un" frpos="DET" frMUSAS="Z5">une</w><w frlemma="grand" frpos="ADJ" frMUSAS="Z99">grande</w><w frlemma="gratitude" frpos="NOUN" frMUSAS="Z99">gratitude</w><w frlemma="et" frpos="CCONJ" frMUSAS="Z5">et</w><w frlemma="un" frpos="DET" frMUSAS="Z5">une</w><w frlemma="profonde" frpos="NOUN" frMUSAS="Z99">profonde</w><w frlemma="vénération" frpos="NOUN" frMUSAS="Z99">vénération</w><w frlemma="." frpos="PUNCT" frMUSAS="PUNCT">.</w><w frlemma="il" frpos="PRON" frMUSAS="Z8">Il</w><w frlemma="avoir" frpos="AUX" frMUSAS="A9+">avait</w><w frlemma="savoir" frpos="VERB" frMUSAS="X2.2+">su</w><w frlemma="conquérir" frpos="VERB" frMUSAS="X9.2+/S7.3">conquérir</w><w frlemma="le" frpos="DET" frMUSAS="Z5">l'</w><w frlemma="estime" frpos="VERB" frMUSAS="Z99">estime</w><w frlemma="aussi" frpos="ADV" frMUSAS="Z99">aussi</w><w frlemma="bien" frpos="ADV" frMUSAS="A10+">bien</w><w frlemma="par" frpos="ADP" frMUSAS="M6">par</w><w frlemma="le" frpos="DET" frMUSAS="Z5">les</w><w frlemma="rapport" frpos="NOUN" frMUSAS="Z99">rapports</w><w frlemma="personnel" frpos="ADJ" frMUSAS="Z99">personnels</w><pb n="10"/><w frlemma="entretenir" frpos="VERB" frMUSAS="A9+">entretenait</w><w frlemma="avec" frpos="ADP" frMUSAS="Z5">avec</w><w frlemma="son" frpos="DET" frMUSAS="Z5">ses</w><w frlemma="collègue" frpos="NOUN" frMUSAS="I3.2/S2mf">collègues</w><w frlemma="ou" frpos="CCONJ" frMUSAS="Z5">ou</w><w frlemma="son" frpos="DET" frMUSAS="Z5">ses</w><w frlemma="disciple" frpos="NOUN" frMUSAS="Z99">disciples</w><w frlemma="que" frpos="ADV" frMUSAS="Z8">que</w><w frlemma="par" frpos="ADP" frMUSAS="M6">par</w><w frlemma="son" frpos="DET" frMUSAS="Z5">son</w><w frlemma="œuvre" frpos="NOUN" frMUSAS="Z99">œuvre</w><w frlemma="scientifique" frpos="ADJ" frMUSAS="Y1">scientifique</w><w frlemma="." frpos="PUNCT" frMUSAS="PUNCT">.</w><w frlemma="ce" frpos="DET" frMUSAS="Z5">Cette</w><w frlemma="dernier" frpos="ADJ" frMUSAS="N4">dernière</w><w frlemma="demeurer" frpos="AUX" frMUSAS="Z99">demeurera</w><w frlemma="longtemps" frpos="ADV" frMUSAS="Z99">longtemps</w><w frlemma="encore" frpos="ADV" frMUSAS="Z99">encore</w><w frlemma="indispensable" frpos="ADJ" frMUSAS="S6+">indispensable</w><w frlemma="tant" frpos="ADV" frMUSAS="Z99">tant</w><w frlemma="lui" frpos="PRON" frMUSAS="Z8">elle</w><w frlemma="avoir" frpos="AUX" frMUSAS="A9+">a</w><w frlemma="être" frpos="AUX" frMUSAS="T1.3">été</w><w frlemma="construire" frpos="VERB" frMUSAS="Z99">construite</w><w frlemma="avec" frpos="ADP" frMUSAS="Z5">avec</w><w frlemma="un" frpos="DET" frMUSAS="Z5">un</w><w frlemma="soin" frpos="NOUN" frMUSAS="E6-">soin</w><w frlemma="scrupuleux" frpos="ADJ" frMUSAS="Z99">scrupuleux</w><w frlemma="." frpos="PUNCT" frMUSAS="PUNCT">.</w><w frlemma="ge" frpos="NOUN" frMUSAS="Z99">Ge</w><w frlemma="qui" frpos="PRON" frMUSAS="Z8">qui</w><w frlemma="nous" frpos="PRON" frMUSAS="Z8">nous</w><w frlemma="émouvoir" frpos="VERB" frMUSAS="Z99">émeut</w><w frlemma="peut-être" frpos="ADV" frMUSAS="Z99">peut-être</w><w frlemma="le" frpos="DET" frMUSAS="Z5">le</w><w frlemma="plus" frpos="ADV" frMUSAS="Z5">plus</w><w frlemma="dans" frpos="ADP" frMUSAS="Z5">dans</w><w frlemma="son" frpos="DET" frMUSAS="Z5">son</w><w frlemma="existence" frpos="NOUN" frMUSAS="A3+">existence</w><w frlemma="," frpos="PUNCT" frMUSAS="PUNCT">,</w><w frlemma="ce" frpos="PRON" frMUSAS="Z8">c'</w><w frlemma="être" frpos="AUX" frMUSAS="M6">est</w><w frlemma="le" frpos="DET" frMUSAS="Z5">la</w><w frlemma="dignité" frpos="NOUN" frMUSAS="S7.2+">dignité</w><w frlemma="," frpos="PUNCT" frMUSAS="PUNCT">,</w><w frlemma="le" frpos="DET" frMUSAS="Z5">la</w><w frlemma="flerté" frpos="NOUN" frMUSAS="Z99">flerté</w><w frlemma="et" frpos="CCONJ" frMUSAS="Z5">et</w><w frlemma="le" frpos="DET" frMUSAS="Z5">le</w><w frlemma="silence" frpos="NOUN" frMUSAS="X3.2-">silence</w><w frlemma="dont" frpos="PRON" frMUSAS="Z8">dont</w><w frlemma="1l" frpos="NUM" frMUSAS="N1">1l</w><w frlemma="savoir" frpos="ADV" frMUSAS="X2.2+">sut</w><w frlemma="entourer" frpos="VERB" frMUSAS="M6">entourer</w><w frlemma="son" frpos="DET" frMUSAS="Z5">sa</w><w frlemma="souffrance" frpos="NOUN" frMUSAS="E4.1-">souffrance</w><w frlemma="durer" frpos="ADP" frMUSAS="Z5">durant</w><w frlemma="son" frpos="DET" frMUSAS="Z5">ses</w><w frlemma="dernier" frpos="ADJ" frMUSAS="N4">dernières</w><w frlemma="année" frpos="NOUN" frMUSAS="T1.3">années</w><w frlemma="sur" frpos="ADP" frMUSAS="Z5">sur</w><w frlemma="le" frpos="DET" frMUSAS="Z5">la</w><w frlemma="terre" frpos="NOUN" frMUSAS="Z99">terre</w><w frlemma="." frpos="PUNCT" frMUSAS="PUNCT">.</w></p><p><w frlemma="François" frpos="PROPN" frMUSAS="Z99">François</w><w frlemma="Daumas" frpos="PROPN" frMUSAS="Z99">Daumas</w><w frlemma="." frpos="PUNCT" frMUSAS="PUNCT">.</w></p><p><note place="bottom"></note></p></text></TEI>