<?xml version='1.0' encoding='UTF-8'?>
<TEI xmlns="http://www.tei-c.org/ns/1.0"><teiHeader><fileDesc><titleStmt><title>[Nécrologie.] Jean Sainte Fare Garnot (1908-1963).</title></titleStmt><publicationStmt>Corpus produit par l'étudiant MA1 Ph. Hennebert (philippe.hennebert@student.uliege.be) du cours de l'Université de Liège Corpus INFO0943: 'Corpus textuels: principes de constitution et d'analyse'</publicationStmt><sourceDesc><p>https://www.ifao.egnet.net/bifao/63/18/ (BIFAO en ligne) processed using python scripts in https://github.com/PhilHen/BIFAOCorpusTools (typographical zones detected using OpenCV, OCR with Tesseract)</p></sourceDesc></fileDesc><encodingDesc><classDecl><taxonomy id="frpos"><bibl><title>pos tagset build from https://spacy.io/</title></bibl></taxonomy><taxonomy id="frlemma"><bibl><title>fr lemma of the model https://spacy.io/</title></bibl></taxonomy><taxonomy id="frMUSAS"><bibl><title>semantic tagging https://ucrel.github.io/pymusas/usage/how_to/tag_text#french</title></bibl></taxonomy></classDecl><editorialDecl><correction>Les erreurs d'orthographe confirmées par examen du PDF source n'ont pas été corrigées. Une vérification et correction manuelle du texte a été réalisée par Ph. Hennebert (philippe.hennebert@student.uliege.be) le 29/12/2023</correction><hyphenation>Les mots coupés en fin de ligne ont été réassemblés automatiquement, pour autant que la forme combinée sans trait d'union soit attestée dans le dictionnaire français https://unitexgramlab.org/fr/language-resources</hyphenation></editorialDecl></encodingDesc></teiHeader><text id="BIFAO063_art_18.pdf" auteur="Serge Sauneron" annee="1965" titre="[Nécrologie.] Jean Sainte Fare Garnot (1908-1963)." textId="63A18" nomDefunt="Garnot" metierDefunt="historienReligion" categ="Nécrologie"><p><pb n="265"/><w frlemma="jean" frpos="NOUN" frMUSAS="Z99">JEAN</w><w frlemma="SANTE" frpos="PROPN" frMUSAS="Z99">SANTE</w><w frlemma="FARE" frpos="PROPN" frMUSAS="Z99">FARE</w><w frlemma="garnot" frpos="ADJ" frMUSAS="Z99">GARNOT</w><w frlemma="(" frpos="PUNCT" frMUSAS="PUNCT">(</w><w frlemma="1908" frpos="NOUN" frMUSAS="Z99">1908</w><w frlemma="-" frpos="NOUN" frMUSAS="Z99">-</w><w frlemma="1963" frpos="NOUN" frMUSAS="Z99">1963</w><w frlemma=")" frpos="PUNCT" frMUSAS="PUNCT">)</w></p><p><w frlemma="Jean" frpos="PROPN" frMUSAS="Z99">Jean</w><w frlemma="Sainte" frpos="PROPN" frMUSAS="Z99">Sainte</w><w frlemma="Fare" frpos="PROPN" frMUSAS="Z99">Fare</w><w frlemma="Garnot" frpos="PROPN" frMUSAS="Z99">Garnot</w><w frlemma="," frpos="PUNCT" frMUSAS="PUNCT">,</w><w frlemma="enlever" frpos="VERB" frMUSAS="M2">enlevé</w><w frlemma="prématurément" frpos="ADV" frMUSAS="Z99">prématurément</w><w frlemma="à" frpos="ADP" frMUSAS="Z5">à</w><w frlemma="le" frpos="DET" frMUSAS="Z5">l'</w><w frlemma="affection" frpos="NOUN" frMUSAS="Z99">affection</w><w frlemma="de" frpos="ADP" frMUSAS="Z5">des</w><w frlemma="sien" frpos="NOUN" frMUSAS="Z99">siens</w><w frlemma="le" frpos="DET" frMUSAS="Z5">le</w><w frlemma="20" frpos="NUM" frMUSAS="N1">20</w><w frlemma="juin" frpos="NOUN" frMUSAS="T1.3">juin</w><w frlemma="1963" frpos="NUM" frMUSAS="N1">1963</w><w frlemma="," frpos="PUNCT" frMUSAS="PUNCT">,</w><w frlemma="être" frpos="AUX" frMUSAS="Z99">était</w><w frlemma="naître" frpos="VERB" frMUSAS="Z99">né</w><w frlemma="en" frpos="ADP" frMUSAS="Z5">en</w><w frlemma="1908" frpos="NUM" frMUSAS="N1">1908</w><w frlemma="à" frpos="ADP" frMUSAS="Z5">à</w><w frlemma="Paris" frpos="PROPN" frMUSAS="Z99">Paris</w><w frlemma="." frpos="PUNCT" frMUSAS="PUNCT">.</w><w frlemma="très" frpos="ADV" frMUSAS="A13.3">Très</w><w frlemma="tôt" frpos="ADV" frMUSAS="T4+">tôt</w><w frlemma="il" frpos="PRON" frMUSAS="Z8">il</w><w frlemma="avoir" frpos="AUX" frMUSAS="A9+">avait</w><w frlemma="sentir" frpos="ADJ" frMUSAS="Z99">senti</w><w frlemma="naître" frpos="NOUN" frMUSAS="Z99">naître</w><w frlemma="en" frpos="ADP" frMUSAS="Z5">en</w><w frlemma="luire" frpos="PRON" frMUSAS="Z8">lui</w><w frlemma="le" frpos="PRON" frMUSAS="Z8">l'</w><w frlemma="attrait" frpos="NOUN" frMUSAS="Z99">attrait</w><w frlemma="un" frpos="DET" frMUSAS="Z5">des</w><w frlemma="étude" frpos="NOUN" frMUSAS="P1">études</w><w frlemma="égyptien" frpos="ADJ" frMUSAS="Z2/S2mf">égyptiennes</w><w frlemma=";" frpos="PUNCT" frMUSAS="PUNCT">;</w><w frlemma="de" frpos="ADP" frMUSAS="Z5">de</w><w frlemma="grand" frpos="ADJ" frMUSAS="Z99">grands</w><w frlemma="maître" frpos="NOUN" frMUSAS="S7.1+/S2.2m">maîtres</w><w frlemma="," frpos="PUNCT" frMUSAS="PUNCT">,</w><w frlemma="Drioton" frpos="PROPN" frMUSAS="Z99">Drioton</w><w frlemma="," frpos="PUNCT" frMUSAS="PUNCT">,</w><w frlemma="Lacau" frpos="PROPN" frMUSAS="Z99">Lacau</w><w frlemma="," frpos="PUNCT" frMUSAS="PUNCT">,</w><w frlemma="moret" frpos="NOUN" frMUSAS="Z99">Moret</w><w frlemma="," frpos="PUNCT" frMUSAS="PUNCT">,</w><w frlemma="Lefebvre" frpos="PROPN" frMUSAS="Z99">Lefebvre</w><w frlemma="," frpos="PUNCT" frMUSAS="PUNCT">,</w><w frlemma="encourager" frpos="ADV" frMUSAS="S8+">encouragèrent</w><w frlemma="ce" frpos="DET" frMUSAS="Z5">cette</w><w frlemma="vocation" frpos="NOUN" frMUSAS="Z99">vocation</w><w frlemma="précoce" frpos="ADJ" frMUSAS="Z99">précoce</w><w frlemma="," frpos="PUNCT" frMUSAS="PUNCT">,</w><w frlemma="tout" frpos="ADV" frMUSAS="Z8">tout</w><w frlemma="en" frpos="ADP" frMUSAS="Z5">en</w><w frlemma="en" frpos="PRON" frMUSAS="Z8">en</w><w frlemma="discipliner" frpos="VERB" frMUSAS="Z99">disciplinant</w><w frlemma="le" frpos="DET" frMUSAS="Z5">les</w><w frlemma="effet" frpos="NOUN" frMUSAS="A2.2">effets</w><w frlemma=";" frpos="PUNCT" frMUSAS="PUNCT">;</w><w frlemma="il" frpos="PRON" frMUSAS="Z8">ils</w><w frlemma="le" frpos="PRON" frMUSAS="Z8">le</w><w frlemma="pousser" frpos="ADV" frMUSAS="M2">poussèrent</w><w frlemma="ainsi" frpos="ADV" frMUSAS="Z5/A2.2">ainsi</w><w frlemma="à" frpos="ADP" frMUSAS="Z5">à</w><w frlemma="suivre" frpos="VERB" frMUSAS="M1">suivre</w><w frlemma="le" frpos="DET" frMUSAS="Z5">le</w><w frlemma="cursus" frpos="NOUN" frMUSAS="Z99">cursus</w><w frlemma="complet" frpos="NOUN" frMUSAS="Z99">complet</w><w frlemma="de" frpos="ADP" frMUSAS="Z5">des</w><w frlemma="étude" frpos="NOUN" frMUSAS="P1">études</w><w frlemma="secondaire" frpos="ADJ" frMUSAS="A11.1-">secondaires</w><w frlemma="pouvoir" frpos="CCONJ" frMUSAS="Z99">puis</w><w frlemma="supérieur" frpos="ADJ" frMUSAS="A5.1++">supérieures</w><w frlemma="," frpos="PUNCT" frMUSAS="PUNCT">,</w><w frlemma="passer" frpos="VERB" frMUSAS="M1">passer</w><w frlemma="le" frpos="DET" frMUSAS="Z5">le</w><w frlemma="concours" frpos="NOUN" frMUSAS="Z99">concours</w><w frlemma="de" frpos="ADP" frMUSAS="Z5">d'</w><w frlemma="entrée" frpos="NOUN" frMUSAS="M7">entrée</w><w frlemma="à" frpos="ADP" frMUSAS="Z5">à</w><w frlemma="le" frpos="DET" frMUSAS="Z5">l'</w><w frlemma="Ecole" frpos="PROPN" frMUSAS="Z99">Ecole</w><w frlemma="Normale" frpos="PROPN" frMUSAS="Z99">Normale</w><w frlemma="supérieur" frpos="ADJ" frMUSAS="A5.1++">Supérieure</w><w frlemma="," frpos="PUNCT" frMUSAS="PUNCT">,</w><w frlemma="pouvoir" frpos="CCONJ" frMUSAS="Z99">puis</w><w frlemma="le" frpos="DET" frMUSAS="Z5">l'</w><w frlemma="agrégation" frpos="NOUN" frMUSAS="Z99">agrégation</w><w frlemma="de" frpos="ADP" frMUSAS="Z5">des</w><w frlemma="lettre" frpos="NOUN" frMUSAS="Q1.2">lettres</w><w frlemma="." frpos="PUNCT" frMUSAS="PUNCT">.</w><w frlemma="ce" frpos="PRON" frMUSAS="Z8">C'</w><w frlemma="être" frpos="AUX" frMUSAS="Z99">était</w><w frlemma="un" frpos="DET" frMUSAS="Z5">une</w><w frlemma="concession" frpos="NOUN" frMUSAS="S7.4+">concession</w><w frlemma="utile" frpos="ADJ" frMUSAS="A1.5.2+">utile</w><w frlemma="à" frpos="ADP" frMUSAS="Z5">à</w><w frlemma="un" frpos="DET" frMUSAS="Z5">une</w><w frlemma="forme" frpos="NOUN" frMUSAS="A4.1">forme</w><w frlemma="de" frpos="ADP" frMUSAS="Z5">de</w><w frlemma="culture" frpos="NOUN" frMUSAS="C1">culture</w><w frlemma="équilibré" frpos="ADJ" frMUSAS="Z99">équilibrée</w><w frlemma="," frpos="PUNCT" frMUSAS="PUNCT">,</w><w frlemma="que" frpos="SCONJ" frMUSAS="Z5">qu'</w><w frlemma="il" frpos="PRON" frMUSAS="Z8">il</w><w frlemma="ne" frpos="ADV" frMUSAS="Z6">ne</w><w frlemma="cesser" frpos="VERB" frMUSAS="Z99">cessera</w><w frlemma="à" frpos="ADP" frMUSAS="Z5">à</w><w frlemma="aucun" frpos="DET" frMUSAS="Z99">aucun</w><w frlemma="moment" frpos="NOUN" frMUSAS="T1.2">moment</w><w frlemma="de" frpos="ADP" frMUSAS="Z5">de</w><w frlemma="prôner" frpos="VERB" frMUSAS="Z99">prôner</w><w frlemma="autour" frpos="ADV" frMUSAS="A13.4">autour</w><w frlemma="de" frpos="ADP" frMUSAS="Z5">de</w><w frlemma="luire" frpos="PRON" frMUSAS="Z8">lui</w><w frlemma=";" frpos="PUNCT" frMUSAS="PUNCT">;</w><w frlemma="un" frpos="DET" frMUSAS="Z5">un</w><w frlemma="bon" frpos="ADJ" frMUSAS="A5.1+">bon</w><w frlemma="nombre" frpos="NOUN" frMUSAS="N1">nombre</w><w frlemma="de" frpos="ADP" frMUSAS="Z5">des</w><w frlemma="découverte" frpos="NOUN" frMUSAS="A10+">découvertes</w><w frlemma="ou" frpos="CCONJ" frMUSAS="Z5">ou</w><w frlemma="un" frpos="DET" frMUSAS="Z5">des</w><w frlemma="travail" frpos="NOUN" frMUSAS="I3.1">travaux</w><w frlemma="qui" frpos="PRON" frMUSAS="Z8">qui</w><w frlemma="marquer" frpos="VERB" frMUSAS="O4.2-">marquèrent</w><w frlemma="son" frpos="DET" frMUSAS="Z5">sa</w><w frlemma="carrière" frpos="NOUN" frMUSAS="I3.1">carrière</w><w frlemma="scientifique" frpos="ADJ" frMUSAS="Y1">scientifique</w><w frlemma="témoigner" frpos="VERB" frMUSAS="G2.1">témoignent</w><w frlemma="de" frpos="ADP" frMUSAS="Z5">de</w><w frlemma="ce" frpos="DET" frMUSAS="Z5">ce</w><w frlemma="souci" frpos="NOUN" frMUSAS="Z99">souci</w><w frlemma="de" frpos="ADP" frMUSAS="Z5">d'</w><w frlemma="intégrer" frpos="VERB" frMUSAS="A1.8+">intégrer</w><w frlemma="le" frpos="DET" frMUSAS="Z5">la</w><w frlemma="technique" frpos="NOUN" frMUSAS="Z99">technique</w><w frlemma="égyptologique" frpos="ADJ" frMUSAS="Z99">égyptologique</w><w frlemma="à" frpos="ADP" frMUSAS="Z5">à</w><w frlemma="un" frpos="DET" frMUSAS="Z5">une</w><w frlemma="culture" frpos="NOUN" frMUSAS="C1">culture</w><w frlemma="humaniste" frpos="ADJ" frMUSAS="Z99">humaniste</w><w frlemma="plus" frpos="ADV" frMUSAS="Z5">plus</w><w frlemma="large" frpos="ADJ" frMUSAS="Z99">large</w><w frlemma="." frpos="PUNCT" frMUSAS="PUNCT">.</w><w frlemma="son" frpos="DET" frMUSAS="Z5">Son</w><w frlemma="diplôme" frpos="NOUN" frMUSAS="Z99">diplôme</w><w frlemma="de" frpos="ADP" frMUSAS="Z5">d'</w><w frlemma="Etudes" frpos="PROPN" frMUSAS="Z99">Etudes</w><w frlemma="supérieur" frpos="NOUN" frMUSAS="A5.1++">Supérieures</w><w frlemma="," frpos="PUNCT" frMUSAS="PUNCT">,</w><w frlemma="sur" frpos="ADP" frMUSAS="Z5">sur</w><w frlemma="le" frpos="DET" frMUSAS="Z5">Le</w><w frlemma="voyage" frpos="NOUN" frMUSAS="Z99">Voyage</w><w frlemma="en" frpos="ADP" frMUSAS="Z5">en</w><w frlemma="Orient" frpos="PROPN" frMUSAS="Z99">Orient</w><w frlemma="de" frpos="ADP" frMUSAS="Z5">de</w><w frlemma="nerval" frpos="NOUN" frMUSAS="Z99">Nerval</w><w frlemma="être" frpos="AUX" frMUSAS="M6">est</w><w frlemma="encore" frpos="ADV" frMUSAS="Z99">encore</w><w frlemma="un" frpos="DET" frMUSAS="Z5">une</w><w frlemma="œuvre" frpos="NOUN" frMUSAS="Z99">œuvre</w><w frlemma="de" frpos="ADP" frMUSAS="Z5">de</w><w frlemma="culture" frpos="NOUN" frMUSAS="C1">culture</w><w frlemma="littéraire" frpos="ADJ" frMUSAS="Q4.1">littéraire</w><w frlemma=";" frpos="PUNCT" frMUSAS="PUNCT">;</w><w frlemma="son" frpos="DET" frMUSAS="Z5">sa</w><w frlemma="thèse" frpos="NOUN" frMUSAS="Z99">thèse</w><w frlemma="de" frpos="ADP" frMUSAS="Z5">de</w><w frlemma="le" frpos="DET" frMUSAS="Z5">l'</w><w frlemma="Ecole" frpos="PROPN" frMUSAS="Z99">Ecole</w><w frlemma="Pratique" frpos="PROPN" frMUSAS="Z99">Pratique</w><w frlemma="de" frpos="ADP" frMUSAS="Z5">des</w><w frlemma="haute" frpos="NOUN" frMUSAS="Z99">Hautes</w><w frlemma="Etudes" frpos="PROPN" frMUSAS="Z99">Etudes</w><w frlemma="," frpos="PUNCT" frMUSAS="PUNCT">,</w><w frlemma="soutenir" frpos="VERB" frMUSAS="Z99">soutenue</w><w frlemma="en" frpos="ADP" frMUSAS="Z5">en</w><w frlemma="1935" frpos="NUM" frMUSAS="N1">1935</w><w frlemma="," frpos="PUNCT" frMUSAS="PUNCT">,</w><w frlemma="sur" frpos="ADP" frMUSAS="Z5">sur</w><w frlemma="le" frpos="DET" frMUSAS="Z5">l'</w><w frlemma="appel" frpos="NOUN" frMUSAS="Q2.2">Appel</w><w frlemma="à" frpos="ADP" frMUSAS="Z5">aux</w><w frlemma="vivant" frpos="NOUN" frMUSAS="Z99">Vivants</w><w frlemma="dans" frpos="ADP" frMUSAS="Z5">dans</w><w frlemma="le" frpos="DET" frMUSAS="Z5">les</w><w frlemma="texte" frpos="NOUN" frMUSAS="Q1.2">textes</w><w frlemma="funéraire" frpos="ADJ" frMUSAS="Z99">funéraires</w><w frlemma="égyptien" frpos="ADJ" frMUSAS="Z2/S2mf">égyptiens</w><w frlemma="de" frpos="ADP" frMUSAS="Z5">des</w><w frlemma="origine" frpos="NOUN" frMUSAS="Z99">origines</w><w frlemma="à" frpos="ADP" frMUSAS="Z5">à</w><w frlemma="le" frpos="DET" frMUSAS="Z5">la</w><w frlemma="fin" frpos="NOUN" frMUSAS="Z99">fin</w><w frlemma="de" frpos="ADP" frMUSAS="Z5">de</w><w frlemma="le" frpos="DET" frMUSAS="Z5">l'</w><w frlemma="ancien" frpos="ADJ" frMUSAS="Z99">Ancien</w><w frlemma="empire" frpos="NOUN" frMUSAS="G1.1">Empire</w><w frlemma="être" frpos="AUX" frMUSAS="M6">est</w><w frlemma="déjà" frpos="ADV" frMUSAS="T1.1.1">déjà</w><w frlemma="un" frpos="DET" frMUSAS="Z5">une</w><w frlemma="œuvre" frpos="NOUN" frMUSAS="Z99">œuvre</w><w frlemma="de" frpos="ADP" frMUSAS="Z5">de</w><w frlemma="science" frpos="NOUN" frMUSAS="Y1">science</w><w frlemma="où" frpos="PRON" frMUSAS="Z8">où</w><w frlemma="se" frpos="PRON" frMUSAS="Z8">se</w><w frlemma="révéler" frpos="VERB" frMUSAS="A10+">révèlent</w><w frlemma="de" frpos="ADP" frMUSAS="Z5">de</w><w frlemma="réelle" frpos="NOUN" frMUSAS="Z99">réelles</w><w frlemma="qualité" frpos="ADJ" frMUSAS="A5.1">qualités</w><w frlemma="de" frpos="ADP" frMUSAS="Z5">d'</w><w frlemma="analyse" frpos="NOUN" frMUSAS="X2.4">analyse</w><w frlemma="et" frpos="CCONJ" frMUSAS="Z5">et</w><w frlemma="un" frpos="DET" frMUSAS="Z5">une</w><w frlemma="grand" frpos="ADJ" frMUSAS="Z99">grande</w><w frlemma="finesse" frpos="NOUN" frMUSAS="Z99">finesse</w><w frlemma="dans" frpos="ADP" frMUSAS="Z5">dans</w><w frlemma="le" frpos="DET" frMUSAS="Z5">l'</w><w frlemma="étude" frpos="NOUN" frMUSAS="P1">étude</w><w frlemma="de" frpos="ADP" frMUSAS="Z5">des</w><w frlemma="nuance" frpos="NOUN" frMUSAS="Z99">nuances</w><w frlemma="de" frpos="ADP" frMUSAS="Z5">de</w><w frlemma="le" frpos="DET" frMUSAS="Z5">la</w><w frlemma="pensée" frpos="NOUN" frMUSAS="X2.1">pensée</w><w frlemma="ancien" frpos="ADJ" frMUSAS="Z99">ancienne</w><w frlemma="." frpos="PUNCT" frMUSAS="PUNCT">.</w><w frlemma="Nommé" frpos="PROPN" frMUSAS="Z99">Nommé</w><w frlemma="pensionnaire" frpos="NOUN" frMUSAS="Z99">pensionnaire</w><w frlemma="de" frpos="ADP" frMUSAS="Z5">de</w><w frlemma="le" frpos="DET" frMUSAS="Z5">l'</w><w frlemma="ifao" frpos="NOUN" frMUSAS="Z99">IFAO</w><w frlemma="en" frpos="ADP" frMUSAS="Z5">en</w><w frlemma="1935" frpos="NUM" frMUSAS="N1">1935</w><w frlemma="," frpos="PUNCT" frMUSAS="PUNCT">,</w><w frlemma="il" frpos="PRON" frMUSAS="Z8">il</w><w frlemma="prendre" frpos="VERB" frMUSAS="A9+">prendra</w><w frlemma="un" frpos="DET" frMUSAS="Z5">une</w><w frlemma="part" frpos="NOUN" frMUSAS="S1.1.2+">part</w><w frlemma="actif" frpos="ADJ" frMUSAS="A1.1.1">active</w><w frlemma="pendant" frpos="ADP" frMUSAS="Z5">pendant</w><w frlemma="deux" frpos="NUM" frMUSAS="N1">deux</w><w frlemma="an" frpos="NOUN" frMUSAS="T1.3">ans</w><w frlemma="à" frpos="ADP" frMUSAS="Z5">aux</w><w frlemma="fouille" frpos="NOUN" frMUSAS="Z99">fouilles</w><w frlemma="franco-polonaise" frpos="ADJ" frMUSAS="Z99">franco-polonaises</w><w frlemma="de" frpos="ADP" frMUSAS="Z5">du</w><w frlemma="kôm" frpos="NOUN" frMUSAS="Z99">kôm</w><w frlemma="de" frpos="ADP" frMUSAS="Z5">d'</w><w frlemma="Edfou" frpos="PROPN" frMUSAS="Z99">Edfou</w><w frlemma=";" frpos="PUNCT" frMUSAS="PUNCT">;</w><w frlemma="pouvoir" frpos="CCONJ" frMUSAS="Z99">puis</w><w frlemma="," frpos="PUNCT" frMUSAS="PUNCT">,</w><w frlemma="revenir" frpos="VERB" frMUSAS="I1.1">revenu</w><w frlemma="en" frpos="ADP" frMUSAS="Z5">en</w><w frlemma="France" frpos="PROPN" frMUSAS="Z99">France</w><w frlemma="en" frpos="ADP" frMUSAS="Z5">en</w><w frlemma="1938" frpos="NUM" frMUSAS="N1">1938</w><w frlemma="," frpos="PUNCT" frMUSAS="PUNCT">,</w><w frlemma="il" frpos="PRON" frMUSAS="Z8">il</w><w frlemma="occuper" frpos="VERB" frMUSAS="H4">occupera</w><w frlemma="à" frpos="ADP" frMUSAS="Z5">aux</w><w frlemma="haute" frpos="NOUN" frMUSAS="Z99">Hautes</w><w frlemma="Etudes" frpos="PROPN" frMUSAS="Z99">Etudes</w><w frlemma="le" frpos="DET" frMUSAS="Z5">la</w><w frlemma="chaire" frpos="NOUN" frMUSAS="Z99">chaire</w><w frlemma="de" frpos="ADP" frMUSAS="Z5">des</w><w frlemma="religion" frpos="NOUN" frMUSAS="S9">religions</w><w frlemma="égyptien" frpos="ADJ" frMUSAS="Z2/S2mf">égyptiennes</w><w frlemma="," frpos="PUNCT" frMUSAS="PUNCT">,</w><w frlemma="laissée" frpos="NOUN" frMUSAS="Z99">laissée</w><w frlemma="vacer" frpos="VERB" frMUSAS="Z99">vacante</w><w frlemma="par" frpos="ADP" frMUSAS="M6">par</w><w frlemma="le" frpos="DET" frMUSAS="Z5">le</w><w frlemma="décès" frpos="NOUN" frMUSAS="L1-">décès</w><w frlemma="de" frpos="ADP" frMUSAS="Z5">d'</w><w frlemma="Alexandre" frpos="PROPN" frMUSAS="Z99">Alexandre</w><w frlemma="Moret" frpos="PROPN" frMUSAS="Z99">Moret</w><w frlemma="." frpos="PUNCT" frMUSAS="PUNCT">.</w><w frlemma="ce" frpos="PRON" frMUSAS="Z8">C'</w><w frlemma="être" frpos="AUX" frMUSAS="M6">est</w><w frlemma="à" frpos="ADP" frMUSAS="Z5">à</w><w frlemma="ce" frpos="DET" frMUSAS="Z5">cet</w><w frlemma="enseignement" frpos="NOUN" frMUSAS="Z99">enseignement</w><w frlemma="que" frpos="SCONJ" frMUSAS="Z5">qu'</w><w frlemma="il" frpos="PRON" frMUSAS="Z8">il</w><w frlemma="consacrer" frpos="VERB" frMUSAS="Z99">consacrera</w><w frlemma="le" frpos="DET" frMUSAS="Z5">l'</w><w frlemma="essentiel" frpos="NOUN" frMUSAS="S6+">essentiel</w><w frlemma="de" frpos="ADP" frMUSAS="Z5">de</w><w frlemma="son" frpos="DET" frMUSAS="Z5">ses</w><w frlemma="activité" frpos="NOUN" frMUSAS="A1.1.1">activités</w><w frlemma="pendant" frpos="ADP" frMUSAS="Z5">pendant</w><w frlemma="un" frpos="DET" frMUSAS="Z5">une</w><w frlemma="long" frpos="ADJ" frMUSAS="Z99">longue</w><w frlemma="suite" frpos="NOUN" frMUSAS="Z99">suite</w><w frlemma="de" frpos="ADP" frMUSAS="Z5">d'</w><w frlemma="année" frpos="NOUN" frMUSAS="T1.3">années</w><w frlemma="," frpos="PUNCT" frMUSAS="PUNCT">,</w><w frlemma="attirer" frpos="VERB" frMUSAS="O4.2+">attirant</w><w frlemma="à" frpos="ADP" frMUSAS="Z5">à</w><w frlemma="le" frpos="DET" frMUSAS="Z5">l'</w><w frlemma="égyptologie" frpos="NOUN" frMUSAS="Z99">égyptologie</w><w frlemma="maint" frpos="ADJ" frMUSAS="Z99">maint</w><w frlemma="étudiant" frpos="ADJ" frMUSAS="P1/S2mf">étudiant</w><w frlemma="et" frpos="CCONJ" frMUSAS="Z5">et</w><w frlemma="maint" frpos="ADJ" frMUSAS="Z99">maint</w><w frlemma="esprit" frpos="ADJ" frMUSAS="Z99">esprit</w><w frlemma="curieux" frpos="ADJ" frMUSAS="X5.2+">curieux</w><w frlemma=";" frpos="PUNCT" frMUSAS="PUNCT">;</w><w frlemma="il" frpos="PRON" frMUSAS="Z8">il</w><w frlemma="se" frpos="PRON" frMUSAS="Z8">s'</w><w frlemma="y" frpos="PRON" frMUSAS="M6">y</w><w frlemma="gagner" frpos="VERB" frMUSAS="Z99">gagna</w><w frlemma="aussi" frpos="ADV" frMUSAS="Z99">aussi</w><w frlemma="quelque" frpos="DET" frMUSAS="A13.5">quelques</w><w frlemma="amitié" frpos="ADJ" frMUSAS="S3.1">amitiés</w><w frlemma="durable" frpos="ADJ" frMUSAS="Z99">durables</w><w frlemma="." frpos="PUNCT" frMUSAS="PUNCT">.</w><w frlemma="ouvert" frpos="ADJ" frMUSAS="A10+">Ouvert</w><w frlemma="à" frpos="ADP" frMUSAS="Z5">aux</w><w frlemma="problème" frpos="NOUN" frMUSAS="A12-">problèmes</w><w frlemma="poser" frpos="VERB" frMUSAS="Z99">posés</w><w frlemma="par" frpos="ADP" frMUSAS="M6">par</w><w frlemma="le" frpos="DET" frMUSAS="Z5">la</w><w frlemma="philologie" frpos="NOUN" frMUSAS="Z99">philologie</w><w frlemma="et" frpos="CCONJ" frMUSAS="Z5">et</w><w frlemma="le" frpos="DET" frMUSAS="Z5">la</w><w frlemma="phonétique" frpos="NOUN" frMUSAS="Z99">phonétique</w><w frlemma="," frpos="PUNCT" frMUSAS="PUNCT">,</w><w frlemma="le" frpos="DET" frMUSAS="Z5">l'</w><w frlemma="histoire" frpos="NOUN" frMUSAS="Z99">histoire</w><w frlemma="et" frpos="CCONJ" frMUSAS="Z5">et</w><w frlemma="le" frpos="DET" frMUSAS="Z5">l'</w><w frlemma="art" frpos="PROPN" frMUSAS="C1">art</w><w frlemma="," frpos="PUNCT" frMUSAS="PUNCT">,</w><w frlemma="Jean" frpos="PROPN" frMUSAS="Z99">Jean</w><w frlemma="Sainte" frpos="PROPN" frMUSAS="Z99">Sainte</w><w frlemma="Fare" frpos="PROPN" frMUSAS="Z99">Fare</w><w frlemma="Garnot" frpos="PROPN" frMUSAS="Z99">Garnot</w><w frlemma="consacra" frpos="NOUN" frMUSAS="Z99">consacra</w><w frlemma="cependant" frpos="ADV" frMUSAS="A13.1">cependant</w><w frlemma="le" frpos="DET" frMUSAS="Z5">l'</w><w frlemma="essentiel" frpos="NOUN" frMUSAS="S6+">essentiel</w><w frlemma="de" frpos="ADP" frMUSAS="Z5">de</w><w frlemma="son" frpos="DET" frMUSAS="Z5">ses</w><w frlemma="activité" frpos="NOUN" frMUSAS="A1.1.1">activités</w><w frlemma="à" frpos="ADP" frMUSAS="Z5">aux</w><w frlemma="recherche" frpos="NOUN" frMUSAS="Z99">recherches</w><w frlemma="toucher" frpos="VERB" frMUSAS="X3.3">touchant</w><w frlemma="à" frpos="ADP" frMUSAS="Z5">à</w><w frlemma="le" frpos="DET" frMUSAS="Z5">la</w><w frlemma="pensée" frpos="NOUN" frMUSAS="X2.1">pensée</w><w frlemma="religieux" frpos="ADJ" frMUSAS="S9">religieuse</w><w frlemma="," frpos="PUNCT" frMUSAS="PUNCT">,</w><w frlemma="mettre" frpos="VERB" frMUSAS="Z99">mettant</w><w frlemma="à" frpos="ADP" frMUSAS="Z5">à</w><w frlemma="le" frpos="DET" frMUSAS="Z5">l'</w><w frlemma="interprétation" frpos="NOUN" frMUSAS="X2.5+">interprétation</w><w frlemma="de" frpos="ADP" frMUSAS="Z5">des</w><w frlemma="texte" frpos="NOUN" frMUSAS="Q1.2">textes</w><w frlemma="et" frpos="CCONJ" frMUSAS="Z5">et</w><w frlemma="de" frpos="ADP" frMUSAS="Z5">des</w><w frlemma="penser" frpos="NOUN" frMUSAS="X2.1">pensers</w><w frlemma="ancien" frpos="ADJ" frMUSAS="Z99">anciens</w><w frlemma="un" frpos="DET" frMUSAS="Z5">une</w><w frlemma="sympathie" frpos="NOUN" frMUSAS="Z99">sympathie</w><w frlemma="et" frpos="CCONJ" frMUSAS="Z5">et</w><w frlemma="un" frpos="DET" frMUSAS="Z5">une</w><w frlemma="attention" frpos="NOUN" frMUSAS="X5.1+">attention</w><w frlemma="nuancer" frpos="ADJ" frMUSAS="Z99">nuancées</w><w frlemma="," frpos="PUNCT" frMUSAS="PUNCT">,</w><w frlemma="qui" frpos="PRON" frMUSAS="Z8">qui</w><w frlemma="donner" frpos="VERB" frMUSAS="A9-">donnaient</w><w frlemma="à" frpos="ADP" frMUSAS="Z5">à</w><w frlemma="le" frpos="DET" frMUSAS="Z5">la</w><w frlemma="fois" frpos="NOUN" frMUSAS="Z99">fois</w><w frlemma="un" frpos="DET" frMUSAS="Z5">un</w><w frlemma="charme" frpos="NOUN" frMUSAS="O4.2+">charme</w><w frlemma="particulier" frpos="ADJ" frMUSAS="Z99">particulier</w><w frlemma="à" frpos="ADP" frMUSAS="Z5">à</w><w frlemma="son" frpos="DET" frMUSAS="Z5">ses</w><w frlemma="cours" frpos="NOUN" frMUSAS="M1">cours</w><w frlemma="et" frpos="CCONJ" frMUSAS="Z5">et</w><w frlemma="un" frpos="DET" frMUSAS="Z5">une</w><w frlemma="portée" frpos="NOUN" frMUSAS="Z99">portée</w><w frlemma="très" frpos="ADV" frMUSAS="A13.3">très</w><w frlemma="large" frpos="ADJ" frMUSAS="Z99">large</w><w frlemma="à" frpos="ADP" frMUSAS="Z5">aux</w><w frlemma="quelque" frpos="DET" frMUSAS="A13.5">quelques</w><w frlemma="livre" frpos="NOUN" frMUSAS="Z99">livres</w><w frlemma="de" frpos="ADP" frMUSAS="Z5">de</w><w frlemma="synthèse" frpos="NOUN" frMUSAS="Z99">synthèse</w><w frlemma="que" frpos="SCONJ" frMUSAS="Z5">qu'</w><w frlemma="il" frpos="PRON" frMUSAS="Z8">il</w><w frlemma="avoir" frpos="VERB" frMUSAS="A9+">eut</w><w frlemma="le" frpos="DET" frMUSAS="Z5">le</w><w frlemma="temps" frpos="NOUN" frMUSAS="T1">temps</w><w frlemma="de" frpos="ADP" frMUSAS="Z5">d'</w><w frlemma="écrire" frpos="NOUN" frMUSAS="Q1.2">écrire</w><w frlemma="." frpos="PUNCT" frMUSAS="PUNCT">.</w><w frlemma="pendant" frpos="ADP" frMUSAS="Z5">Pendant</w><w frlemma="plusieurs" frpos="DET" frMUSAS="N5">plusieurs</w><w frlemma="année" frpos="NOUN" frMUSAS="T1.3">années</w><w frlemma="," frpos="PUNCT" frMUSAS="PUNCT">,</w><w frlemma="il" frpos="PRON" frMUSAS="Z8">il</w><w frlemma="tenir" frpos="VERB" frMUSAS="M2">tint</w><w frlemma="le" frpos="DET" frMUSAS="Z5">la</w><w frlemma="chronique" frpos="NOUN" frMUSAS="Z99">chronique</w><w frlemma="de" frpos="ADP" frMUSAS="Z5">des</w><w frlemma="étude" frpos="NOUN" frMUSAS="P1">études</w><w frlemma="relatif" frpos="ADJ" frMUSAS="A13">relatives</w><w frlemma="à" frpos="ADP" frMUSAS="Z5">à</w><w frlemma="le" frpos="DET" frMUSAS="Z5">la</w><w frlemma="religion" frpos="NOUN" frMUSAS="S9">religion</w><w frlemma="égyptien" frpos="ADJ" frMUSAS="Z2/S2mf">égyptienne</w><w frlemma="," frpos="PUNCT" frMUSAS="PUNCT">,</w><w frlemma="dans" frpos="ADP" frMUSAS="Z5">dans</w><w frlemma="le" frpos="DET" frMUSAS="Z5">la</w><w frlemma="revue" frpos="NOUN" frMUSAS="Z99">Revue</w><w frlemma="de" frpos="ADP" frMUSAS="Z5">d'</w><w frlemma="histoire" frpos="NOUN" frMUSAS="Z99">histoire</w><w frlemma="de" frpos="ADP" frMUSAS="Z5">des</w><w frlemma="religion" frpos="NOUN" frMUSAS="S9">religions</w><w frlemma="(" frpos="PUNCT" frMUSAS="PUNCT">(</w><w frlemma="article" frpos="NOUN" frMUSAS="G2.1/P1">articles</w><w frlemma="plus" frpos="ADV" frMUSAS="Z5">plus</w><w frlemma="tard" frpos="ADV" frMUSAS="T4-">tard</w><w frlemma="réunir" frpos="VERB" frMUSAS="Z99">réunis</w><w frlemma="sou" frpos="ADP" frMUSAS="A13.6">sous</w><w frlemma="forme" frpos="NOUN" frMUSAS="A4.1">forme</w><w frlemma="de" frpos="ADP" frMUSAS="Z5">d'</w><w frlemma="un" frpos="DET" frMUSAS="Z5">un</w><w frlemma="volume" frpos="NOUN" frMUSAS="N3.4">volume</w><w frlemma=":" frpos="PUNCT" frMUSAS="PUNCT">:</w><w frlemma="religion" frpos="NOUN" frMUSAS="S9">Religions</w><w frlemma="égyptien" frpos="ADJ" frMUSAS="Z2/S2mf">égyptiennes</w><w frlemma="antique" frpos="ADJ" frMUSAS="Z99">antiques</w><w frlemma="." frpos="PUNCT" frMUSAS="PUNCT">.</w><w frlemma="bibliographie" frpos="NOUN" frMUSAS="Z99">Bibliographie</w><pb n="266"/><w frlemma="Analytique" frpos="PROPN" frMUSAS="Z99">Analytique</w><w frlemma="[" frpos="PUNCT" frMUSAS="PUNCT">[</w><w frlemma="1939" frpos="NOUN" frMUSAS="Z99">1939</w><w frlemma="-" frpos="NOUN" frMUSAS="Z99">-</w><w frlemma="1943" frpos="NOUN" frMUSAS="Z99">1943</w><w frlemma="]" frpos="PUNCT" frMUSAS="PUNCT">]</w><w frlemma=")" frpos="PUNCT" frMUSAS="PUNCT">)</w><w frlemma="," frpos="PUNCT" frMUSAS="PUNCT">,</w><w frlemma="et" frpos="CCONJ" frMUSAS="Z5">et</w><w frlemma="passer" frpos="VERB" frMUSAS="M1">passa</w><w frlemma="en" frpos="ADP" frMUSAS="Z5">en</w><w frlemma="1946" frpos="NUM" frMUSAS="N1">1946</w><w frlemma="son" frpos="DET" frMUSAS="Z5">sa</w><w frlemma="thèse" frpos="NOUN" frMUSAS="Z99">thèse</w><w frlemma="de" frpos="ADP" frMUSAS="Z5">de</w><w frlemma="doctorat" frpos="NOUN" frMUSAS="Z99">doctorat</w><w frlemma="," frpos="PUNCT" frMUSAS="PUNCT">,</w><w frlemma="consacrer" frpos="VERB" frMUSAS="Z99">consacrée</w><w frlemma="à" frpos="ADP" frMUSAS="Z5">à</w><w frlemma="le" frpos="DET" frMUSAS="Z5">L'</w><w frlemma="hommage" frpos="NOUN" frMUSAS="Z99">hommage</w><w frlemma="à" frpos="ADP" frMUSAS="Z5">aux</w><w frlemma="dieu" frpos="NOUN" frMUSAS="Z4">dieux</w><w frlemma="sou" frpos="ADP" frMUSAS="A13.6">sous</w><w frlemma="le" frpos="DET" frMUSAS="Z5">l'</w><w frlemma="ancien" frpos="ADJ" frMUSAS="Z99">Ancien</w><w frlemma="empire" frpos="NOUN" frMUSAS="G1.1">Empire</w><w frlemma="égyptien" frpos="ADJ" frMUSAS="Z2/S2mf">égyptien</w><w frlemma="d" frpos="ADP" frMUSAS="Z99">d</w><w frlemma="‘" frpos="ADV" frMUSAS="Z99">‘</w><w frlemma="après" frpos="ADP" frMUSAS="Z5">après</w><w frlemma="le" frpos="DET" frMUSAS="Z5">les</w><w frlemma="texte" frpos="NOUN" frMUSAS="Q1.2">textes</w><w frlemma="de" frpos="ADP" frMUSAS="Z5">des</w><w frlemma="pyramide" frpos="NOUN" frMUSAS="Z99">Pyramides</w><w frlemma="," frpos="PUNCT" frMUSAS="PUNCT">,</w><w frlemma="où" frpos="PRON" frMUSAS="Z8">où</w><w frlemma="il" frpos="PRON" frMUSAS="Z8">il</w><w frlemma="condenser" frpos="VERB" frMUSAS="Z99">condensait</w><w frlemma="le" frpos="DET" frMUSAS="Z5">le</w><w frlemma="résultat" frpos="NOUN" frMUSAS="Z99">résultat</w><w frlemma="de" frpos="ADP" frMUSAS="Z5">de</w><w frlemma="recherche" frpos="NOUN" frMUSAS="Z99">recherches</w><w frlemma="de" frpos="ADP" frMUSAS="Z5">de</w><w frlemma="détail" frpos="NOUN" frMUSAS="A4.2+">détail</w><w frlemma="mener" frpos="VERB" frMUSAS="S7.1+">menées</w><w frlemma="depuis" frpos="ADP" frMUSAS="Z5">depuis</w><w frlemma="de" frpos="DET" frMUSAS="Z5">de</w><w frlemma="long" frpos="ADJ" frMUSAS="Z99">longues</w><w frlemma="année" frpos="NOUN" frMUSAS="T1.3">années</w><w frlemma="," frpos="PUNCT" frMUSAS="PUNCT">,</w><w frlemma="sur" frpos="ADP" frMUSAS="Z5">sur</w><w frlemma="le" frpos="DET" frMUSAS="Z5">les</w><w frlemma="plus" frpos="ADV" frMUSAS="Z5">plus</w><w frlemma="ancien" frpos="ADJ" frMUSAS="Z99">anciens</w><w frlemma="texte" frpos="NOUN" frMUSAS="Q1.2">textes</w><w frlemma="religieux" frpos="NOUN" frMUSAS="S9">religieux</w><w frlemma="de" frpos="ADP" frMUSAS="Z5">d'</w><w frlemma="egypte" frpos="NOUN" frMUSAS="Z99">Egypte</w><w frlemma="." frpos="PUNCT" frMUSAS="PUNCT">.</w><w frlemma="il" frpos="PRON" frMUSAS="Z8">Il</w><w frlemma="projeter" frpos="VERB" frMUSAS="Z99">projetait</w><w frlemma="même" frpos="ADV" frMUSAS="Z99">même</w><w frlemma="de" frpos="ADP" frMUSAS="Z5">de</w><w frlemma="le" frpos="PRON" frMUSAS="Z8">les</w><w frlemma="rééditer" frpos="VERB" frMUSAS="Z99">rééditer</w><w frlemma="un" frpos="DET" frMUSAS="Z5">un</w><w frlemma="jour" frpos="NOUN" frMUSAS="T1.3">jour</w><w frlemma="," frpos="PUNCT" frMUSAS="PUNCT">,</w><w frlemma="et" frpos="CCONJ" frMUSAS="Z5">et</w><w frlemma="entreprit" frpos="NOUN" frMUSAS="Z99">entreprit</w><w frlemma="pour" frpos="ADP" frMUSAS="Z5">pour</w><w frlemma="celer" frpos="PRON" frMUSAS="Z8">cela</w><w frlemma="avec" frpos="ADP" frMUSAS="Z5">avec</w><w frlemma="J.-Ph" frpos="PROPN" frMUSAS="Z99">J.-Ph</w><w frlemma="." frpos="PUNCT" frMUSAS="PUNCT">.</w><w frlemma="Lauer" frpos="PROPN" frMUSAS="Z99">Lauer</w><w frlemma="," frpos="PUNCT" frMUSAS="PUNCT">,</w><w frlemma="le" frpos="DET" frMUSAS="Z5">le</w><w frlemma="dégagement" frpos="NOUN" frMUSAS="Z99">dégagement</w><w frlemma="de" frpos="ADP" frMUSAS="Z5">du</w><w frlemma="caveau" frpos="NOUN" frMUSAS="Z99">caveau</w><w frlemma="de" frpos="ADP" frMUSAS="Z5">de</w><w frlemma="le" frpos="DET" frMUSAS="Z5">la</w><w frlemma="pyramide" frpos="NOUN" frMUSAS="Z99">Pyramide</w><w frlemma="de" frpos="ADP" frMUSAS="Z5">de</w><w frlemma="Téti" frpos="PROPN" frMUSAS="Z99">Téti</w><w frlemma="," frpos="PUNCT" frMUSAS="PUNCT">,</w><w frlemma="où" frpos="PRON" frMUSAS="Z8">où</w><w frlemma="se" frpos="PRON" frMUSAS="Z8">se</w><w frlemma="trouver" frpos="VERB" frMUSAS="A10+">trouvaient</w><w frlemma="de" frpos="ADP" frMUSAS="Z5">des</w><w frlemma="texte" frpos="NOUN" frMUSAS="Q1.2">textes</w><w frlemma="jusque" frpos="ADP" frMUSAS="Z5">jusqu'</w><w frlemma="ici" frpos="ADV" frMUSAS="M6">ici</w><w frlemma="négliger" frpos="ADJ" frMUSAS="A1.9">négligés</w><w frlemma="." frpos="PUNCT" frMUSAS="PUNCT">.</w></p><p><w frlemma="appeler" frpos="VERB" frMUSAS="Q2.2">Appelé</w><w frlemma="en" frpos="ADP" frMUSAS="Z5">en</w><w frlemma="1953" frpos="NUM" frMUSAS="N1">1953</w><w frlemma="à" frpos="ADP" frMUSAS="Z5">à</w><w frlemma="diriger" frpos="VERB" frMUSAS="Z99">diriger</w><w frlemma="le" frpos="DET" frMUSAS="Z5">l'</w><w frlemma="ifao" frpos="NOUN" frMUSAS="Z99">IFAO</w><w frlemma="," frpos="PUNCT" frMUSAS="PUNCT">,</w><w frlemma="Jean" frpos="PROPN" frMUSAS="Z99">Jean</w><w frlemma="Sainte" frpos="PROPN" frMUSAS="Z99">Sainte</w><w frlemma="Fare" frpos="PROPN" frMUSAS="Z99">Fare</w><w frlemma="Garnot" frpos="PROPN" frMUSAS="Z99">Garnot</w><w frlemma="dont" frpos="PRON" frMUSAS="Z8">dont</w><w frlemma="le" frpos="DET" frMUSAS="Z5">la</w><w frlemma="carrière" frpos="NOUN" frMUSAS="I3.1">carrière</w><w frlemma="avoir" frpos="AUX" frMUSAS="A9+">avait</w><w frlemma="être" frpos="AUX" frMUSAS="T1.3">été</w><w frlemma="jusqu" frpos="ADJ" frMUSAS="Z99">jusque</w><w frlemma="là" frpos="ADV" frMUSAS="Z99">là</w><w frlemma="faite" frpos="NOUN" frMUSAS="Z99">faite</w><w frlemma="essentiellement" frpos="ADV" frMUSAS="S6+">essentiellement</w><w frlemma="de" frpos="ADP" frMUSAS="Z5">de</w><w frlemma="recherche" frpos="NOUN" frMUSAS="Z99">recherche</w><w frlemma="et" frpos="CCONJ" frMUSAS="Z5">et</w><w frlemma="de" frpos="ADP" frMUSAS="Z5">d'</w><w frlemma="enseignement" frpos="NOUN" frMUSAS="Z99">enseignement</w><w frlemma="," frpos="PUNCT" frMUSAS="PUNCT">,</w><w frlemma="se" frpos="PRON" frMUSAS="Z8">se</w><w frlemma="trouva" frpos="NOUN" frMUSAS="Z99">trouva</w><w frlemma="charger" frpos="VERB" frMUSAS="Z99">chargé</w><w frlemma="de" frpos="DET" frMUSAS="Z5">de</w><w frlemma="nouveau" frpos="ADJ" frMUSAS="T3-">nouvelles</w><w frlemma="responsabilité" frpos="NOUN" frMUSAS="S6+">responsabilités</w><w frlemma="," frpos="PUNCT" frMUSAS="PUNCT">,</w><w frlemma="auxquelles" frpos="PRON" frMUSAS="Z99">auxquelles</w><w frlemma="ni" frpos="CCONJ" frMUSAS="Z6">ni</w><w frlemma="le" frpos="DET" frMUSAS="Z5">la</w><w frlemma="recherche" frpos="NOUN" frMUSAS="Z99">recherche</w><w frlemma="indépendant" frpos="ADJ" frMUSAS="S5-">indépendante</w><w frlemma="," frpos="PUNCT" frMUSAS="PUNCT">,</w><w frlemma="ni" frpos="CCONJ" frMUSAS="Z6">ni</w><w frlemma="le" frpos="DET" frMUSAS="Z5">l'</w><w frlemma="enseignement" frpos="NOUN" frMUSAS="Z99">enseignement</w><w frlemma="ne" frpos="ADV" frMUSAS="Z6">ne</w><w frlemma="préparer" frpos="ADV" frMUSAS="A1.1.1">préparent</w><w frlemma="généralement" frpos="ADV" frMUSAS="A6.2+">généralement</w><w frlemma=":" frpos="PUNCT" frMUSAS="PUNCT">:</w><w frlemma="celui" frpos="PRON" frMUSAS="Z8">celles</w><w frlemma="de" frpos="ADP" frMUSAS="Z5">d'</w><w frlemma="organisateur" frpos="NOUN" frMUSAS="Z99">organisateur</w><w frlemma="." frpos="PUNCT" frMUSAS="PUNCT">.</w><w frlemma="il" frpos="PRON" frMUSAS="Z8">Il</w><w frlemma="savoir" frpos="VERB" frMUSAS="X2.2+">sut</w><w frlemma="rapidement" frpos="ADV" frMUSAS="Z99">rapidement</w><w frlemma="y" frpos="PRON" frMUSAS="M6">y</w><w frlemma="faire" frpos="VERB" frMUSAS="Z99">faire</w><w frlemma="face" frpos="NOUN" frMUSAS="Z99">face</w><w frlemma="," frpos="PUNCT" frMUSAS="PUNCT">,</w><w frlemma="négliger" frpos="VERB" frMUSAS="A1.9">négligeant</w><w frlemma="," frpos="PUNCT" frMUSAS="PUNCT">,</w><w frlemma="pendant" frpos="ADP" frMUSAS="Z5">pendant</w><w frlemma="un" frpos="DET" frMUSAS="Z5">un</w><w frlemma="temps" frpos="NOUN" frMUSAS="T1">temps</w><w frlemma="," frpos="PUNCT" frMUSAS="PUNCT">,</w><w frlemma="son" frpos="DET" frMUSAS="Z5">ses</w><w frlemma="entreprise" frpos="NOUN" frMUSAS="Z99">entreprises</w><w frlemma="personnelle" frpos="NOUN" frMUSAS="Z99">personnelles</w><w frlemma="pour" frpos="ADP" frMUSAS="Z5">pour</w><w frlemma="favoriser" frpos="VERB" frMUSAS="E2++">favoriser</w><w frlemma="celle" frpos="NOUN" frMUSAS="Z8">celles</w><w frlemma="de" frpos="ADP" frMUSAS="Z5">de</w><w frlemma="le" frpos="DET" frMUSAS="Z5">l'</w><w frlemma="Institut" frpos="PROPN" frMUSAS="P1/S5+c">Institut</w><w frlemma=";" frpos="PUNCT" frMUSAS="PUNCT">;</w><w frlemma="le" frpos="DET" frMUSAS="Z5">les</w><w frlemma="fouille" frpos="NOUN" frMUSAS="Z99">fouilles</w><w frlemma="français" frpos="ADJ" frMUSAS="Z2">françaises</w><w frlemma="avoir" frpos="AUX" frMUSAS="A9+">avaient</w><w frlemma="être" frpos="AUX" frMUSAS="T1.3">été</w><w frlemma="suspendre" frpos="VERB" frMUSAS="Z99">suspendues</w><w frlemma="en" frpos="ADP" frMUSAS="Z5">en</w><w frlemma="1952" frpos="NUM" frMUSAS="N1">1952</w><w frlemma="," frpos="PUNCT" frMUSAS="PUNCT">,</w><w frlemma="à" frpos="ADP" frMUSAS="Z5">à</w><w frlemma="le" frpos="DET" frMUSAS="Z5">la</w><w frlemma="suite" frpos="NOUN" frMUSAS="Z99">suite</w><w frlemma="de" frpos="ADP" frMUSAS="Z5">d'</w><w frlemma="un" frpos="DET" frMUSAS="Z5">un</w><w frlemma="différend" frpos="NOUN" frMUSAS="Z99">différend</w><w frlemma="politique" frpos="ADJ" frMUSAS="Z99">politique</w><w frlemma=";" frpos="PUNCT" frMUSAS="PUNCT">;</w><w frlemma="il" frpos="PRON" frMUSAS="Z8">il</w><w frlemma="aider" frpos="VERB" frMUSAS="Z99">aida</w><w frlemma="le" frpos="DET" frMUSAS="Z5">les</w><w frlemma="égyptologue" frpos="NOUN" frMUSAS="Z99">égyptologues</w><w frlemma="français" frpos="ADJ" frMUSAS="Z2">français</w><w frlemma="à" frpos="ADP" frMUSAS="Z5">à</w><w frlemma="continuer" frpos="VERB" frMUSAS="T2++">continuer</w><w frlemma="le" frpos="DET" frMUSAS="Z5">les</w><w frlemma="grand" frpos="ADJ" frMUSAS="Z99">grandes</w><w frlemma="édition" frpos="NOUN" frMUSAS="Z99">éditions</w><w frlemma="de" frpos="ADP" frMUSAS="Z5">de</w><w frlemma="temple" frpos="NOUN" frMUSAS="S9/H1">temples</w><w frlemma="ptolémaïque" frpos="ADJ" frMUSAS="Z99">ptolémaïques</w><w frlemma=";" frpos="PUNCT" frMUSAS="PUNCT">;</w><w frlemma="il" frpos="PRON" frMUSAS="Z8">il</w><w frlemma="y" frpos="PRON" frMUSAS="M6">y</w><w frlemma="avoir" frpos="VERB" frMUSAS="A9+">eut</w><w frlemma="ainsi" frpos="ADV" frMUSAS="Z5/A2.2">ainsi</w><w frlemma="," frpos="PUNCT" frMUSAS="PUNCT">,</w><w frlemma="entrer" frpos="ADP" frMUSAS="M6">entre</w><w frlemma="1953" frpos="NUM" frMUSAS="N1">1953</w><w frlemma="et" frpos="CCONJ" frMUSAS="Z5">et</w><w frlemma="1956" frpos="NUM" frMUSAS="N1">1956</w><w frlemma="," frpos="PUNCT" frMUSAS="PUNCT">,</w><w frlemma="plusieurs" frpos="DET" frMUSAS="N5">plusieurs</w><w frlemma="campagne" frpos="NOUN" frMUSAS="W3">campagnes</w><w frlemma="mener" frpos="VERB" frMUSAS="S7.1+">menées</w><w frlemma="à" frpos="ADP" frMUSAS="Z5">à</w><w frlemma="dendéra" frpos="NOUN" frMUSAS="Z99">Dendéra</w><w frlemma="et" frpos="CCONJ" frMUSAS="Z5">et</w><w frlemma="à" frpos="ADP" frMUSAS="Z5">à</w><w frlemma="Esna" frpos="PROPN" frMUSAS="Z99">Esna</w><w frlemma=";" frpos="PUNCT" frMUSAS="PUNCT">;</w><w frlemma="un" frpos="DET" frMUSAS="Z5">un</w><w frlemma="nouveau" frpos="ADJ" frMUSAS="T3-">nouveau</w><w frlemma="«" frpos="NUM" frMUSAS="N1">«</w><w frlemma="chantier" frpos="NOUN" frMUSAS="Z99">chantier</w><w frlemma="»" frpos="PUNCT" frMUSAS="PUNCT">»</w><w frlemma="épigraphique" frpos="AUX" frMUSAS="Z99">épigraphique</w><w frlemma="être" frpos="AUX" frMUSAS="Z99">fut</w><w frlemma="ouvrir" frpos="VERB" frMUSAS="A10+">ouvert</w><w frlemma="à" frpos="ADP" frMUSAS="Z5">à</w><w frlemma="Kom" frpos="PROPN" frMUSAS="Z99">Kom</w><w frlemma="Ombo" frpos="PROPN" frMUSAS="Z99">Ombo</w><w frlemma=";" frpos="PUNCT" frMUSAS="PUNCT">;</w><w frlemma="le" frpos="DET" frMUSAS="Z5">l'</w><w frlemma="imprimerie" frpos="NOUN" frMUSAS="Z99">imprimerie</w><w frlemma="de" frpos="ADP" frMUSAS="Z5">de</w><w frlemma="le" frpos="DET" frMUSAS="Z5">l'</w><w frlemma="ifao" frpos="NOUN" frMUSAS="Z99">IFAO</w><w frlemma="connaître" frpos="VERB" frMUSAS="X2.2+">connut</w><w frlemma="quelque" frpos="DET" frMUSAS="A13.5">quelques</w><w frlemma="année" frpos="NOUN" frMUSAS="T1.3">années</w><w frlemma="de" frpos="ADP" frMUSAS="Z5">d'</w><w frlemma="activité" frpos="NOUN" frMUSAS="A1.1.1">activité</w><w frlemma="fécond" frpos="ADJ" frMUSAS="Z99">féconde</w><w frlemma="," frpos="PUNCT" frMUSAS="PUNCT">,</w><w frlemma="éditer" frpos="VERB" frMUSAS="Z99">éditant</w><w frlemma="nombre" frpos="NOUN" frMUSAS="N1">nombre</w><w frlemma="de" frpos="ADP" frMUSAS="Z5">d'</w><w frlemma="ouvrage" frpos="NOUN" frMUSAS="I3.1">ouvrages</w><w frlemma="dans" frpos="ADP" frMUSAS="Z5">dans</w><w frlemma="le" frpos="DET" frMUSAS="Z5">les</w><w frlemma="divers" frpos="ADJ" frMUSAS="Z99">diverses</w><w frlemma="discipline" frpos="ADJ" frMUSAS="G2.1">disciplines</w><w frlemma="oriental" frpos="ADJ" frMUSAS="Z99">orientales</w><w frlemma=":" frpos="PUNCT" frMUSAS="PUNCT">:</w><w frlemma="arabe" frpos="ADJ" frMUSAS="Z99">arabe</w><w frlemma="," frpos="PUNCT" frMUSAS="PUNCT">,</w><w frlemma="copte" frpos="NOUN" frMUSAS="Z99">copte</w><w frlemma="," frpos="PUNCT" frMUSAS="PUNCT">,</w><w frlemma="papyrologie" frpos="NOUN" frMUSAS="Z99">papyrologie</w><w frlemma="grec" frpos="ADJ" frMUSAS="Z2">grecque</w><w frlemma="," frpos="PUNCT" frMUSAS="PUNCT">,</w><w frlemma="égyptologie" frpos="NOUN" frMUSAS="Z99">égyptologie</w><w frlemma=";" frpos="PUNCT" frMUSAS="PUNCT">;</w><w frlemma="même" frpos="ADV" frMUSAS="Z99">même</w><w frlemma="sur" frpos="ADP" frMUSAS="Z5">sur</w><w frlemma="le" frpos="DET" frMUSAS="Z5">les</w><w frlemma="chantier" frpos="NOUN" frMUSAS="Z99">chantiers</w><w frlemma="où" frpos="PRON" frMUSAS="Z8">où</w><w frlemma="le" frpos="DET" frMUSAS="Z5">les</w><w frlemma="fouille" frpos="NOUN" frMUSAS="Z99">fouilles</w><w frlemma="être" frpos="AUX" frMUSAS="Z99">étaient</w><w frlemma="suspendre" frpos="VERB" frMUSAS="Z99">suspendues</w><w frlemma="," frpos="PUNCT" frMUSAS="PUNCT">,</w><w frlemma="un" frpos="DET" frMUSAS="Z5">une</w><w frlemma="certaine" frpos="NOUN" frMUSAS="Z99">certaine</w><w frlemma="vie" frpos="NOUN" frMUSAS="L1+">vie</w><w frlemma="être" frpos="AUX" frMUSAS="Z99">fut</w><w frlemma="maintenir" frpos="VERB" frMUSAS="A9+">maintenue</w><w frlemma="," frpos="PUNCT" frMUSAS="PUNCT">,</w><w frlemma="quelques-uns" frpos="PROPN" frMUSAS="Z99">quelques-uns</w><w frlemma="de" frpos="ADP" frMUSAS="Z5">de</w><w frlemma="notre" frpos="DET" frMUSAS="Z5">nos</w><w frlemma="camarade" frpos="NOUN" frMUSAS="Z99">camarades</w><w frlemma="avoir" frpos="AUX" frMUSAS="A9+">ayant</w><w frlemma="obtenir" frpos="VERB" frMUSAS="Z99">obtenu</w><w frlemma="de" frpos="ADP" frMUSAS="Z5">d'</w><w frlemma="y" frpos="PRON" frMUSAS="M6">y</w><w frlemma="poursuivre" frpos="VERB" frMUSAS="A1.1.1">poursuivre</w><w frlemma="," frpos="PUNCT" frMUSAS="PUNCT">,</w><w frlemma="pendant" frpos="ADP" frMUSAS="Z5">pendant</w><w frlemma="plusieurs" frpos="DET" frMUSAS="N5">plusieurs</w><w frlemma="année" frpos="NOUN" frMUSAS="T1.3">années</w><w frlemma="," frpos="PUNCT" frMUSAS="PUNCT">,</w><w frlemma="un" frpos="DET" frMUSAS="Z5">des</w><w frlemma="activité" frpos="NOUN" frMUSAS="A1.1.1">activités</w><w frlemma="de" frpos="ADP" frMUSAS="Z5">de</w><w frlemma="classement" frpos="NOUN" frMUSAS="Z99">classement</w><w frlemma="et" frpos="CCONJ" frMUSAS="Z5">et</w><w frlemma="de" frpos="ADP" frMUSAS="Z5">d'</w><w frlemma="édition" frpos="NOUN" frMUSAS="Z99">édition</w><w frlemma="." frpos="PUNCT" frMUSAS="PUNCT">.</w></p><p><w frlemma="quand" frpos="SCONJ" frMUSAS="Z5">Quand</w><w frlemma="le" frpos="DET" frMUSAS="Z5">les</w><w frlemma="événement" frpos="NOUN" frMUSAS="A3+/A11.1+">événements</w><w frlemma="obliger" frpos="ADV" frMUSAS="Z99">obligèrent</w><w frlemma="le" frpos="DET" frMUSAS="Z5">l'</w><w frlemma="ifao" frpos="NOUN" frMUSAS="Z99">IFAO</w><w frlemma="à" frpos="ADP" frMUSAS="Z5">à</w><w frlemma="se" frpos="PRON" frMUSAS="Z8">se</w><w frlemma="replier" frpos="VERB" frMUSAS="Z99">replier</w><w frlemma="en" frpos="ADP" frMUSAS="Z5">en</w><w frlemma="France" frpos="PROPN" frMUSAS="Z99">France</w><w frlemma="," frpos="PUNCT" frMUSAS="PUNCT">,</w><w frlemma="Jean" frpos="PROPN" frMUSAS="Z99">Jean</w><w frlemma="Sainte" frpos="PROPN" frMUSAS="Z99">Sainte</w><w frlemma="Fare" frpos="PROPN" frMUSAS="Z99">Fare</w><w frlemma="Garnot" frpos="PROPN" frMUSAS="Z99">Garnot</w><w frlemma="resta" frpos="NOUN" frMUSAS="Z99">resta</w><w frlemma="," frpos="PUNCT" frMUSAS="PUNCT">,</w><w frlemma="entrer" frpos="ADP" frMUSAS="M6">entre</w><w frlemma="1956" frpos="NUM" frMUSAS="N1">1956</w><w frlemma="et" frpos="CCONJ" frMUSAS="Z5">et</w><w frlemma="1959" frpos="NUM" frMUSAS="N1">1959</w><w frlemma="," frpos="PUNCT" frMUSAS="PUNCT">,</w><w frlemma="un" frpos="DET" frMUSAS="Z5">un</w><w frlemma="défenseur" frpos="NOUN" frMUSAS="S8+/S2mf">défenseur</w><w frlemma="infatigable" frpos="ADJ" frMUSAS="Z99">infatigable</w><w frlemma="de" frpos="ADP" frMUSAS="Z5">des</w><w frlemma="intérêt" frpos="NOUN" frMUSAS="X5.2+">intérêts</w><w frlemma="de" frpos="ADP" frMUSAS="Z5">de</w><w frlemma="le" frpos="DET" frMUSAS="Z5">la</w><w frlemma="recherche" frpos="NOUN" frMUSAS="Z99">recherche</w><w frlemma="orientaliste" frpos="ADJ" frMUSAS="Z99">orientaliste</w><w frlemma=";" frpos="PUNCT" frMUSAS="PUNCT">;</w><w frlemma="il" frpos="PRON" frMUSAS="Z8">il</w><w frlemma="assurer" frpos="VERB" frMUSAS="Z99">assura</w><w frlemma="le" frpos="DET" frMUSAS="Z5">la</w><w frlemma="survie" frpos="NOUN" frMUSAS="A3+/T2++">survie</w><w frlemma="en" frpos="ADP" frMUSAS="Z5">en</w><w frlemma="France" frpos="PROPN" frMUSAS="Z99">France</w><w frlemma="de" frpos="ADP" frMUSAS="Z5">de</w><w frlemma="notre" frpos="DET" frMUSAS="Z8">notre</w><w frlemma="Institut" frpos="PROPN" frMUSAS="P1/S5+c">Institut</w><w frlemma="," frpos="PUNCT" frMUSAS="PUNCT">,</w><w frlemma="maintenir" frpos="VERB" frMUSAS="A9+">maintint</w><w frlemma="le" frpos="DET" frMUSAS="Z5">l'</w><w frlemma="existence" frpos="NOUN" frMUSAS="A3+">existence</w><w frlemma="de" frpos="ADP" frMUSAS="Z5">de</w><w frlemma="notre" frpos="DET" frMUSAS="Z5">nos</w><w frlemma="publication" frpos="NOUN" frMUSAS="Q4">publications</w><w frlemma="et" frpos="CCONJ" frMUSAS="Z5">et</w><w frlemma="de" frpos="ADP" frMUSAS="Z5">de</w><w frlemma="notre" frpos="DET" frMUSAS="Z8">notre</w><w frlemma="Bulletin" frpos="PROPN" frMUSAS="Z99">Bulletin</w><w frlemma="," frpos="PUNCT" frMUSAS="PUNCT">,</w><w frlemma="procurer" frpos="PROPN" frMUSAS="Z99">procura</w><w frlemma="à" frpos="ADP" frMUSAS="Z5">aux</w><w frlemma="pensionnaire" frpos="NOUN" frMUSAS="Z99">pensionnaires</w><w frlemma="et" frpos="CCONJ" frMUSAS="Z5">et</w><w frlemma="à" frpos="ADP" frMUSAS="Z5">aux</w><w frlemma="membre" frpos="NOUN" frMUSAS="S5+/S2mf">membres</w><w frlemma="scientifique" frpos="ADJ" frMUSAS="Y1">scientifiques</w><w frlemma="de" frpos="ADP" frMUSAS="Z5">de</w><w frlemma="le" frpos="DET" frMUSAS="Z5">la</w><w frlemma="maison" frpos="NOUN" frMUSAS="H1">maison</w><w frlemma="de" frpos="ADP" frMUSAS="Z5">des</w><w frlemma="mission" frpos="NOUN" frMUSAS="X7+">missions</w><w frlemma="dans" frpos="ADP" frMUSAS="Z5">dans</w><w frlemma="le" frpos="DET" frMUSAS="Z5">les</w><w frlemma="musée" frpos="NOUN" frMUSAS="T1.1.1/H1c">musées</w><w frlemma="étranger" frpos="ADJ" frMUSAS="Z99">étrangers</w><w frlemma="," frpos="PUNCT" frMUSAS="PUNCT">,</w><w frlemma="grâce" frpos="NOUN" frMUSAS="Z99">grâce</w><w frlemma="auxquelle" frpos="ADJ" frMUSAS="Z99">auxquelles</w><w frlemma="," frpos="PUNCT" frMUSAS="PUNCT">,</w><w frlemma="couper" frpos="VERB" frMUSAS="A1.1.1">coupés</w><w frlemma="de" frpos="ADP" frMUSAS="Z5">de</w><w frlemma="le" frpos="DET" frMUSAS="Z5">l'</w><w frlemma="Egypte" frpos="PROPN" frMUSAS="Z99">Egypte</w><w frlemma="," frpos="PUNCT" frMUSAS="PUNCT">,</w><w frlemma="il" frpos="PRON" frMUSAS="Z8">ils</w><w frlemma="pouvoir" frpos="ADV" frMUSAS="Z99">purent</w><w frlemma="cependant" frpos="ADV" frMUSAS="A13.1">cependant</w><w frlemma="conserver" frpos="VERB" frMUSAS="Z99">conserver</w><w frlemma="un" frpos="DET" frMUSAS="Z5">une</w><w frlemma="activité" frpos="NOUN" frMUSAS="A1.1.1">activité</w><w frlemma="scientifique" frpos="ADJ" frMUSAS="Y1">scientifique</w><w frlemma="profitable" frpos="ADJ" frMUSAS="Z99">profitable</w><w frlemma="en" frpos="ADP" frMUSAS="Z5">en</w><w frlemma="attendre" frpos="VERB" frMUSAS="T1.3">attendant</w><w frlemma="le" frpos="DET" frMUSAS="Z5">le</w><w frlemma="jour" frpos="NOUN" frMUSAS="T1.3">jour</w><w frlemma="où" frpos="PRON" frMUSAS="Z8">où</w><w frlemma="le" frpos="DET" frMUSAS="Z5">les</w><w frlemma="chemin" frpos="NOUN" frMUSAS="Z99">chemins</w><w frlemma="de" frpos="ADP" frMUSAS="Z5">du</w><w frlemma="caire" frpos="NOUN" frMUSAS="Z99">Caire</w><w frlemma="être" frpos="AUX" frMUSAS="Z99">seraient</w><w frlemma="à" frpos="ADP" frMUSAS="Z5">à</w><w frlemma="nouveau" frpos="ADJ" frMUSAS="T3-">nouveau</w><w frlemma="ouvrir" frpos="VERB" frMUSAS="A10+">ouverts</w><w frlemma="." frpos="PUNCT" frMUSAS="PUNCT">.</w></p><p><w frlemma="appeler" frpos="VERB" frMUSAS="Q2.2">Appelé</w><w frlemma="déjà" frpos="ADV" frMUSAS="T1.1.1">déjà</w><w frlemma="en" frpos="ADP" frMUSAS="Z5">en</w><w frlemma="1959" frpos="NUM" frMUSAS="N1">1959</w><w frlemma="à" frpos="ADP" frMUSAS="Z5">à</w><w frlemma="suppléer" frpos="VERB" frMUSAS="Z99">suppléer</w><w frlemma="m." frpos="NOUN" frMUSAS="Z99">M.</w><w frlemma="Alliot" frpos="PROPN" frMUSAS="Z99">Alliot</w><w frlemma="dans" frpos="ADP" frMUSAS="Z5">dans</w><w frlemma="son" frpos="DET" frMUSAS="Z5">son</w><w frlemma="enseignement" frpos="NOUN" frMUSAS="Z99">enseignement</w><w frlemma="à" frpos="ADP" frMUSAS="Z5">à</w><w frlemma="le" frpos="DET" frMUSAS="Z5">la</w><w frlemma="Sorbonne" frpos="PROPN" frMUSAS="Z99">Sorbonne</w><w frlemma="," frpos="PUNCT" frMUSAS="PUNCT">,</w><w frlemma="Jean" frpos="PROPN" frMUSAS="Z99">Jean</w><w frlemma="Sainte" frpos="PROPN" frMUSAS="Z99">Sainte</w><w frlemma="Fare" frpos="PROPN" frMUSAS="Z99">Fare</w><w frlemma="Garnot" frpos="PROPN" frMUSAS="Z99">Garnot</w><w frlemma="être" frpos="AUX" frMUSAS="Z99">fut</w><w frlemma="nommer" frpos="VERB" frMUSAS="Z99">nommé</w><w frlemma="en" frpos="ADP" frMUSAS="Z5">en</w><w frlemma="1961" frpos="NUM" frMUSAS="N1">1961</w><w frlemma="maître" frpos="NOUN" frMUSAS="S7.1+/S2.2m">maître</w><w frlemma="de" frpos="ADP" frMUSAS="Z5">de</w><w frlemma="conférence" frpos="NOUN" frMUSAS="S1.1.3+">conférences</w><w frlemma="," frpos="PUNCT" frMUSAS="PUNCT">,</w><w frlemma="pouvoir" frpos="CCONJ" frMUSAS="Z99">puis</w><w frlemma="," frpos="PUNCT" frMUSAS="PUNCT">,</w><w frlemma="en" frpos="ADP" frMUSAS="Z5">en</w><w frlemma="1962" frpos="NUM" frMUSAS="N1">1962</w><w frlemma="," frpos="PUNCT" frMUSAS="PUNCT">,</w><w frlemma="professeur" frpos="NOUN" frMUSAS="Z99">professeur</w><w frlemma="titulaire" frpos="ADJ" frMUSAS="Z99">titulaire</w><w frlemma="." frpos="PUNCT" frMUSAS="PUNCT">.</w><w frlemma="ce" frpos="PRON" frMUSAS="Z8">C'</w><w frlemma="être" frpos="VERB" frMUSAS="M6">est</w><w frlemma="dans" frpos="ADP" frMUSAS="Z5">dans</w><w frlemma="ce" frpos="DET" frMUSAS="Z5">ces</w><w frlemma="fonction" frpos="NOUN" frMUSAS="A1.1.1">fonctions</w><w frlemma="de" frpos="ADP" frMUSAS="Z5">d'</w><w frlemma="enseignement" frpos="NOUN" frMUSAS="Z99">enseignement</w><w frlemma="," frpos="PUNCT" frMUSAS="PUNCT">,</w><w frlemma="retrouver" frpos="VERB" frMUSAS="Z99">retrouvées</w><w frlemma="après" frpos="ADP" frMUSAS="Z5">après</w><w frlemma="le" frpos="DET" frMUSAS="Z5">l'</w><w frlemma="intermède" frpos="NOUN" frMUSAS="Z99">intermède</w><w frlemma="égyptien" frpos="ADJ" frMUSAS="Z2/S2mf">égyptien</w><w frlemma="," frpos="PUNCT" frMUSAS="PUNCT">,</w><w frlemma="à" frpos="ADP" frMUSAS="Z5">à</w><w frlemma="le" frpos="DET" frMUSAS="Z5">la</w><w frlemma="fois" frpos="NOUN" frMUSAS="Z99">fois</w><w frlemma="à" frpos="ADP" frMUSAS="Z5">à</w><w frlemma="le" frpos="DET" frMUSAS="Z5">la</w><w frlemma="sorbonne" frpos="NOUN" frMUSAS="Z99">Sorbonne</w><w frlemma="et" frpos="CCONJ" frMUSAS="Z5">et</w><w frlemma="à" frpos="ADP" frMUSAS="Z5">aux</w><w frlemma="haute" frpos="NOUN" frMUSAS="Z99">Hautes</w><w frlemma="Etudes" frpos="PROPN" frMUSAS="Z99">Etudes</w><w frlemma="," frpos="PUNCT" frMUSAS="PUNCT">,</w><w frlemma="que" frpos="SCONJ" frMUSAS="Z5">que</w><w frlemma="Jean" frpos="PROPN" frMUSAS="Z99">Jean</w><w frlemma="Sainte" frpos="PROPN" frMUSAS="Z99">Sainte</w><w frlemma="Fare" frpos="PROPN" frMUSAS="Z99">Fare</w><w frlemma="Garnot" frpos="PROPN" frMUSAS="Z99">Garnot</w><w frlemma="passer" frpos="VERB" frMUSAS="M1">passa</w><w frlemma="le" frpos="DET" frMUSAS="Z5">les</w><w frlemma="dernier" frpos="ADJ" frMUSAS="N4">dernières</w><w frlemma="année" frpos="NOUN" frMUSAS="T1.3">années</w><w frlemma="de" frpos="ADP" frMUSAS="Z5">d'</w><w frlemma="un" frpos="DET" frMUSAS="Z5">une</w><w frlemma="trop" frpos="ADV" frMUSAS="Z99">trop</w><w frlemma="court" frpos="ADJ" frMUSAS="N5-">courte</w><w frlemma="vie" frpos="NOUN" frMUSAS="L1+">vie</w><w frlemma="." frpos="PUNCT" frMUSAS="PUNCT">.</w></p><p><pb n="267"/><w frlemma="il" frpos="PRON" frMUSAS="Z8">Il</w><w frlemma="avoir" frpos="AUX" frMUSAS="A9+">avait</w><w frlemma="connaître" frpos="VERB" frMUSAS="X2.2+">connu</w><w frlemma="le" frpos="DET" frMUSAS="Z5">les</w><w frlemma="honneur" frpos="NOUN" frMUSAS="Z99">honneurs</w><w frlemma=";" frpos="PUNCT" frMUSAS="PUNCT">;</w><w frlemma="le" frpos="DET" frMUSAS="Z5">l'</w><w frlemma="académie" frpos="NOUN" frMUSAS="Z99">Académie</w><w frlemma="de" frpos="ADP" frMUSAS="Z5">des</w><w frlemma="inscription" frpos="NOUN" frMUSAS="Z99">Inscriptions</w><w frlemma="et" frpos="CCONJ" frMUSAS="Z5">et</w><w frlemma="beau" frpos="NOUN" frMUSAS="Z99">Belles</w><w frlemma="Lettres" frpos="PROPN" frMUSAS="Z99">Lettres</w><w frlemma="le" frpos="PRON" frMUSAS="Z8">l'</w><w frlemma="avoir" frpos="AUX" frMUSAS="A9+">avait</w><w frlemma="nommer" frpos="ADJ" frMUSAS="Z99">nommé</w><w frlemma="," frpos="PUNCT" frMUSAS="PUNCT">,</w><w frlemma="en" frpos="ADP" frMUSAS="Z5">en</w><w frlemma="1957" frpos="NUM" frMUSAS="N1">1957</w><w frlemma="," frpos="PUNCT" frMUSAS="PUNCT">,</w><w frlemma="correspondre" frpos="VERB" frMUSAS="Q1.2">correspondant</w><w frlemma="de" frpos="ADP" frMUSAS="Z5">de</w><w frlemma="le" frpos="DET" frMUSAS="Z5">l'</w><w frlemma="Institut" frpos="PROPN" frMUSAS="P1/S5+c">Institut</w><w frlemma="," frpos="PUNCT" frMUSAS="PUNCT">,</w><w frlemma="à" frpos="ADP" frMUSAS="Z5">à</w><w frlemma="le" frpos="DET" frMUSAS="Z5">la</w><w frlemma="fois" frpos="NOUN" frMUSAS="Z99">fois</w><w frlemma="pour" frpos="ADP" frMUSAS="Z5">pour</w><w frlemma="reconnaître" frpos="VERB" frMUSAS="X2.2+">reconnaître</w><w frlemma="son" frpos="DET" frMUSAS="Z5">ses</w><w frlemma="mérite" frpos="ADJ" frMUSAS="A5.1+">mérites</w><w frlemma="scientifique" frpos="ADJ" frMUSAS="Y1">scientifiques</w><w frlemma="," frpos="PUNCT" frMUSAS="PUNCT">,</w><w frlemma="et" frpos="CCONJ" frMUSAS="Z5">et</w><w frlemma="encourager" frpos="VERB" frMUSAS="S8+">encourager</w><w frlemma="le" frpos="DET" frMUSAS="Z5">les</w><w frlemma="effort" frpos="NOUN" frMUSAS="X8+">efforts</w><w frlemma="que" frpos="PRON" frMUSAS="Z8">qu'</w><w frlemma="il" frpos="PRON" frMUSAS="Z8">il</w><w frlemma="dépenser" frpos="VERB" frMUSAS="I1.2">dépensait</w><w frlemma="en" frpos="ADP" frMUSAS="Z5">en</w><w frlemma="faveur" frpos="NOUN" frMUSAS="E2++">faveur</w><w frlemma="de" frpos="ADP" frMUSAS="Z5">de</w><w frlemma="le" frpos="DET" frMUSAS="Z5">l'</w><w frlemma="Institut" frpos="PROPN" frMUSAS="P1/S5+c">Institut</w><w frlemma="menacer" frpos="VERB" frMUSAS="E3-/Q2.2">menacé</w><w frlemma="." frpos="PUNCT" frMUSAS="PUNCT">.</w><w frlemma="le" frpos="DET" frMUSAS="Z5">La</w><w frlemma="Société" frpos="PROPN" frMUSAS="S5+c">Société</w><w frlemma="français" frpos="ADJ" frMUSAS="Z2">française</w><w frlemma="de" frpos="ADP" frMUSAS="Z5">d'</w><w frlemma="egyptologie" frpos="NOUN" frMUSAS="Z99">Egyptologie</w><w frlemma="le" frpos="PRON" frMUSAS="Z8">l'</w><w frlemma="avoir" frpos="AUX" frMUSAS="A9+">avait</w><w frlemma="choisir" frpos="VERB" frMUSAS="X7+">choisi</w><w frlemma="pour" frpos="ADP" frMUSAS="Z5">pour</w><w frlemma="président" frpos="NOUN" frMUSAS="G1.1/S7.1+/S2mf">président</w><w frlemma=";" frpos="PUNCT" frMUSAS="PUNCT">;</w><w frlemma="1l" frpos="PROPN" frMUSAS="Z99">1l</w><w frlemma="être" frpos="AUX" frMUSAS="Z99">était</w><w frlemma="membre" frpos="NOUN" frMUSAS="S5+/S2mf">membre</w><w frlemma="de" frpos="ADP" frMUSAS="Z5">de</w><w frlemma="le" frpos="DET" frMUSAS="Z5">l'</w><w frlemma="Institut" frpos="PROPN" frMUSAS="P1/S5+c">Institut</w><w frlemma="de" frpos="ADP" frMUSAS="Z5">d'</w><w frlemma="Egypte" frpos="PROPN" frMUSAS="Z99">Egypte</w><w frlemma="," frpos="PUNCT" frMUSAS="PUNCT">,</w><w frlemma="et" frpos="CCONJ" frMUSAS="Z5">et</w><w frlemma="attacher" frpos="VERB" frMUSAS="A1.7+">attaché</w><w frlemma="à" frpos="ADP" frMUSAS="Z5">à</w><w frlemma="de" frpos="DET" frMUSAS="Z5">de</w><w frlemma="nombreux" frpos="ADJ" frMUSAS="N5+">nombreuses</w><w frlemma="société" frpos="NOUN" frMUSAS="S5+c">sociétés</w><w frlemma="scientifique" frpos="ADJ" frMUSAS="Y1">scientifiques</w><w frlemma="étranger" frpos="ADJ" frMUSAS="Z99">étrangères</w><w frlemma="," frpos="PUNCT" frMUSAS="PUNCT">,</w><w frlemma="dans" frpos="ADP" frMUSAS="Z5">dans</w><w frlemma="le" frpos="DET" frMUSAS="Z5">les</w><w frlemma="pays" frpos="NOUN" frMUSAS="G1.1c">pays</w><w frlemma="où" frpos="PRON" frMUSAS="Z8">où</w><w frlemma="un" frpos="DET" frMUSAS="Z5">une</w><w frlemma="vie" frpos="NOUN" frMUSAS="L1+">vie</w><w frlemma="très" frpos="ADV" frMUSAS="A13.3">très</w><w frlemma="riche" frpos="ADJ" frMUSAS="I1.1+">riche</w><w frlemma="en" frpos="ADP" frMUSAS="Z5">en</w><w frlemma="voyage" frpos="NOUN" frMUSAS="Z99">voyages</w><w frlemma="le" frpos="PRON" frMUSAS="Z8">l'</w><w frlemma="avoir" frpos="AUX" frMUSAS="A9+">avait</w><w frlemma="conduire" frpos="VERB" frMUSAS="Z99">conduit</w><w frlemma="." frpos="PUNCT" frMUSAS="PUNCT">.</w></p><p><w frlemma="parvenir" frpos="VERB" frMUSAS="Z99">Parvenu</w><w frlemma="à" frpos="ADP" frMUSAS="Z5">à</w><w frlemma="le" frpos="DET" frMUSAS="Z5">l'</w><w frlemma="âge" frpos="NOUN" frMUSAS="T3">âge</w><w frlemma="de" frpos="ADP" frMUSAS="Z5">des</w><w frlemma="synthèse" frpos="NOUN" frMUSAS="Z99">synthèses</w><w frlemma="vigoureux" frpos="ADJ" frMUSAS="X5.2+">vigoureuses</w><w frlemma="et" frpos="CCONJ" frMUSAS="Z5">et</w><w frlemma="décisive" frpos="NOUN" frMUSAS="Z99">décisives</w><w frlemma="," frpos="PUNCT" frMUSAS="PUNCT">,</w><w frlemma="il" frpos="PRON" frMUSAS="Z8">il</w><w frlemma="avoir" frpos="AUX" frMUSAS="A9+">a</w><w frlemma="être" frpos="AUX" frMUSAS="T1.3">été</w><w frlemma="enlever" frpos="VERB" frMUSAS="M2">enlevé</w><w frlemma="à" frpos="ADP" frMUSAS="Z5">à</w><w frlemma="le" frpos="DET" frMUSAS="Z5">la</w><w frlemma="science" frpos="NOUN" frMUSAS="Y1">science</w><w frlemma="avant" frpos="ADP" frMUSAS="Z5">avant</w><w frlemma="de" frpos="ADP" frMUSAS="Z5">d'</w><w frlemma="avoir" frpos="AUX" frMUSAS="A9+">avoir</w><w frlemma="pouvoir" frpos="VERB" frMUSAS="Z99">pu</w><w frlemma="mettre" frpos="VERB" frMUSAS="Z99">mettre</w><w frlemma="au" frpos="ADP" frMUSAS="Z5">au</w><w frlemma="point" frpos="NOUN" frMUSAS="A10+">point</w><w frlemma="le" frpos="DET" frMUSAS="Z5">les</w><w frlemma="quelque" frpos="DET" frMUSAS="A13.5">quelques</w><w frlemma="grand" frpos="ADJ" frMUSAS="Z99">grands</w><w frlemma="travail" frpos="NOUN" frMUSAS="I3.1">travaux</w><w frlemma="que" frpos="PRON" frMUSAS="Z8">que</w><w frlemma="le" frpos="PRON" frMUSAS="Z8">l'</w><w frlemma="on" frpos="PRON" frMUSAS="Z8">on</w><w frlemma="pouvoir" frpos="VERB" frMUSAS="Z99">pouvait</w><w frlemma="attendre" frpos="VERB" frMUSAS="T1.3">attendre</w><w frlemma="de" frpos="ADP" frMUSAS="Z5">de</w><w frlemma="luire" frpos="PRON" frMUSAS="Z8">lui</w><w frlemma="." frpos="PUNCT" frMUSAS="PUNCT">.</w><w frlemma="il" frpos="PRON" frMUSAS="Z8">Il</w><w frlemma="laisse" frpos="VERB" frMUSAS="Z99">laisse</w><w frlemma="pourtant" frpos="ADV" frMUSAS="Z99">pourtant</w><w frlemma="un" frpos="DET" frMUSAS="Z5">une</w><w frlemma="œuvre" frpos="NOUN" frMUSAS="Z99">œuvre</w><w frlemma="scientifique" frpos="ADJ" frMUSAS="Y1">scientifique</w><w frlemma="très" frpos="ADV" frMUSAS="A13.3">très</w><w frlemma="varier" frpos="ADJ" frMUSAS="Z99">variée</w><w frlemma="," frpos="PUNCT" frMUSAS="PUNCT">,</w><w frlemma="trop" frpos="ADV" frMUSAS="Z99">trop</w><w frlemma="tôt" frpos="ADV" frMUSAS="T4+">tôt</w><w frlemma="interrompre" frpos="VERB" frMUSAS="Q2.2">interrompue</w><w frlemma="," frpos="PUNCT" frMUSAS="PUNCT">,</w><w frlemma="en" frpos="ADP" frMUSAS="Z5">en</w><w frlemma="particulier" frpos="ADJ" frMUSAS="Z99">particulier</w><w frlemma="dans" frpos="ADP" frMUSAS="Z5">dans</w><w frlemma="le" frpos="DET" frMUSAS="Z5">le</w><w frlemma="domaine" frpos="NOUN" frMUSAS="Z99">domaine</w><w frlemma="de" frpos="ADP" frMUSAS="Z5">des</w><w frlemma="texte" frpos="NOUN" frMUSAS="Q1.2">Textes</w><w frlemma="de" frpos="ADP" frMUSAS="Z5">des</w><w frlemma="pyramide" frpos="NOUN" frMUSAS="Z99">Pyramides</w><w frlemma="," frpos="PUNCT" frMUSAS="PUNCT">,</w><w frlemma="et" frpos="CCONJ" frMUSAS="Z5">et</w><w frlemma="de" frpos="ADP" frMUSAS="Z5">de</w><w frlemma="le" frpos="DET" frMUSAS="Z5">la</w><w frlemma="psychologie" frpos="NOUN" frMUSAS="Y1/X1">psychologie</w><w frlemma="religieux" frpos="ADJ" frMUSAS="S9">religieuse</w><w frlemma="de" frpos="ADP" frMUSAS="Z5">des</w><w frlemma="egyptien" frpos="NOUN" frMUSAS="Z99">Egyptiens</w><w frlemma="de" frpos="ADP" frMUSAS="Z5">d'</w><w frlemma="autrefoi" frpos="NOUN" frMUSAS="Z99">autrefois</w><w frlemma="." frpos="PUNCT" frMUSAS="PUNCT">.</w><w frlemma="peu" frpos="ADV" frMUSAS="A13.7">Peu</w><w frlemma="avare" frpos="VERB" frMUSAS="Z99">avare</w><w frlemma="de" frpos="ADP" frMUSAS="Z5">de</w><w frlemma="son" frpos="DET" frMUSAS="Z5">son</w><w frlemma="temps" frpos="NOUN" frMUSAS="T1">temps</w><w frlemma="," frpos="PUNCT" frMUSAS="PUNCT">,</w><w frlemma="il" frpos="PRON" frMUSAS="Z8">il</w><w frlemma="avoir" frpos="VERB" frMUSAS="A9+">avait</w><w frlemma="également" frpos="ADV" frMUSAS="Z99">également</w><w frlemma="dépenser" frpos="VERB" frMUSAS="I1.2">dépensé</w><w frlemma="un" frpos="DET" frMUSAS="Z5">un</w><w frlemma="zèle" frpos="NOUN" frMUSAS="Z99">zèle</w><w frlemma="considérable" frpos="ADJ" frMUSAS="Z99">considérable</w><w frlemma="à" frpos="ADP" frMUSAS="Z5">à</w><w frlemma="favoriser" frpos="VERB" frMUSAS="E2++">favoriser</w><w frlemma="le" frpos="DET" frMUSAS="Z5">la</w><w frlemma="publication" frpos="NOUN" frMUSAS="Q4">publication</w><w frlemma="de" frpos="ADP" frMUSAS="Z5">de</w><w frlemma="quelque" frpos="DET" frMUSAS="A13.5">quelques</w><w frlemma="grand" frpos="ADJ" frMUSAS="Z99">grands</w><w frlemma="ouvrage" frpos="NOUN" frMUSAS="I3.1">ouvrages</w><w frlemma=":" frpos="PUNCT" frMUSAS="PUNCT">:</w><w frlemma="un" frpos="DET" frMUSAS="Z5">des</w><w frlemma="œuvre" frpos="NOUN" frMUSAS="Z99">œuvres</w><w frlemma="de" frpos="ADP" frMUSAS="Z5">de</w><w frlemma="P." frpos="PROPN" frMUSAS="Z99">P.</w><w frlemma="Lacau" frpos="PROPN" frMUSAS="Z99">Lacau</w><w frlemma="longtemps" frpos="ADV" frMUSAS="Z99">longtemps</w><w frlemma="retarder" frpos="VERB" frMUSAS="Z99">retardées</w><w frlemma="," frpos="PUNCT" frMUSAS="PUNCT">,</w><w frlemma="et" frpos="CCONJ" frMUSAS="Z5">et</w><w frlemma="de" frpos="ADP" frMUSAS="Z5">de</w><w frlemma="gros" frpos="ADJ" frMUSAS="N3.2+">gros</w><w frlemma="recueil" frpos="NOUN" frMUSAS="Z99">recueils</w><w frlemma="dédier" frpos="VERB" frMUSAS="Q2.2">dédiés</w><w frlemma="à" frpos="ADP" frMUSAS="Z5">à</w><w frlemma="le" frpos="DET" frMUSAS="Z5">la</w><w frlemma="mémoire" frpos="NOUN" frMUSAS="X2">mémoire</w><w frlemma="de" frpos="ADP" frMUSAS="Z5">de</w><w frlemma="Mariette" frpos="PROPN" frMUSAS="Z99">Mariette</w><w frlemma="et" frpos="CCONJ" frMUSAS="Z5">et</w><w frlemma="de" frpos="ADP" frMUSAS="Z5">de</w><w frlemma="Maspero" frpos="PROPN" frMUSAS="Z99">Maspero</w><w frlemma="." frpos="PUNCT" frMUSAS="PUNCT">.</w></p><p><w frlemma="celui" frpos="PRON" frMUSAS="Z8">Ceux</w><w frlemma="qui" frpos="PRON" frMUSAS="Z8">qui</w><w frlemma="le" frpos="PRON" frMUSAS="Z8">l'</w><w frlemma="on" frpos="PRON" frMUSAS="Z8">on</w><w frlemma="bien" frpos="ADV" frMUSAS="A10+">bien</w><w frlemma="connaître" frpos="VERB" frMUSAS="X2.2+">connu</w><w frlemma="garder" frpos="VERB" frMUSAS="A9+">garderont</w><w frlemma="en" frpos="ADP" frMUSAS="Z5">en</w><w frlemma="outre" frpos="ADP" frMUSAS="Z5">outre</w><w frlemma="de" frpos="ADP" frMUSAS="Z5">de</w><w frlemma="luire" frpos="PRON" frMUSAS="Z8">lui</w><w frlemma="le" frpos="DET" frMUSAS="Z5">le</w><w frlemma="souvenir" frpos="NOUN" frMUSAS="Z99">souvenir</w><w frlemma="de" frpos="ADP" frMUSAS="Z5">d'</w><w frlemma="un" frpos="DET" frMUSAS="Z5">un</w><w frlemma="homme" frpos="NOUN" frMUSAS="I3.1">homme</w><w frlemma="à" frpos="ADP" frMUSAS="Z5">à</w><w frlemma="le" frpos="DET" frMUSAS="Z5">l'</w><w frlemma="abord" frpos="NOUN" frMUSAS="Z99">abord</w><w frlemma="affable" frpos="ADJ" frMUSAS="Z99">affable</w><w frlemma="et" frpos="CCONJ" frMUSAS="Z5">et</w><w frlemma="bienveiller" frpos="VERB" frMUSAS="Z99">bienveillant</w><w frlemma="," frpos="PUNCT" frMUSAS="PUNCT">,</w><w frlemma="prêt" frpos="ADJ" frMUSAS="A1.1.1">prêt</w><w frlemma="à" frpos="ADP" frMUSAS="Z5">à</w><w frlemma="comprendre" frpos="VERB" frMUSAS="X2.5+">comprendre</w><w frlemma="le" frpos="DET" frMUSAS="Z5">les</w><w frlemma="difficulté" frpos="NOUN" frMUSAS="A12-">difficultés</w><w frlemma="de" frpos="ADP" frMUSAS="Z5">des</w><w frlemma="un" frpos="NOUN" frMUSAS="Z5">uns</w><w frlemma="et" frpos="CCONJ" frMUSAS="Z5">et</w><w frlemma="un" frpos="DET" frMUSAS="Z5">des</w><w frlemma="autre" frpos="ADJ" frMUSAS="A6.1-">autres</w><w frlemma="," frpos="PUNCT" frMUSAS="PUNCT">,</w><w frlemma="et" frpos="CCONJ" frMUSAS="Z5">et</w><w frlemma="soucieux" frpos="ADJ" frMUSAS="Z99">soucieux</w><w frlemma="de" frpos="ADP" frMUSAS="Z5">d'</w><w frlemma="aider" frpos="VERB" frMUSAS="Z99">aider</w><w frlemma="à" frpos="ADP" frMUSAS="Z5">à</w><w frlemma="le" frpos="PRON" frMUSAS="Z8">les</w><w frlemma="résoudre" frpos="VERB" frMUSAS="Z99">résoudre</w><w frlemma="." frpos="PUNCT" frMUSAS="PUNCT">.</w><note place="bottom"></note></p></text></TEI>