<?xml version='1.0' encoding='UTF-8'?>
<TEI xmlns="http://www.tei-c.org/ns/1.0"><teiHeader><fileDesc><titleStmt><title>Nécrologie [André Gombert, † 6 avril 1903].</title></titleStmt><publicationStmt>Corpus produit par l'étudiant MA1 Ph. Hennebert (philippe.hennebert@student.uliege.be) du cours de l'Université de Liège Corpus INFO0943: 'Corpus textuels: principes de constitution et d'analyse'</publicationStmt><sourceDesc><p>https://www.ifao.egnet.net/bifao/3/12/ (BIFAO en ligne) processed using python scripts in https://github.com/PhilHen/BIFAOCorpusTools (typographical zones detected using OpenCV, OCR with Tesseract)</p></sourceDesc></fileDesc><encodingDesc><classDecl><taxonomy id="frpos"><bibl><title>pos tagset build from https://spacy.io/</title></bibl></taxonomy><taxonomy id="frlemma"><bibl><title>fr lemma of the model https://spacy.io/</title></bibl></taxonomy><taxonomy id="frMUSAS"><bibl><title>semantic tagging https://ucrel.github.io/pymusas/usage/how_to/tag_text#french</title></bibl></taxonomy></classDecl><editorialDecl><correction>Les erreurs d'orthographe confirmées par examen du PDF source n'ont pas été corrigées. Une vérification et correction manuelle du texte a été réalisée par Ph. Hennebert (philippe.hennebert@student.uliege.be) le 29/12/2023</correction><hyphenation>Les mots coupés en fin de ligne ont été réassemblés automatiquement, pour autant que la forme combinée sans trait d'union soit attestée dans le dictionnaire français https://unitexgramlab.org/fr/language-resources</hyphenation></editorialDecl></encodingDesc></teiHeader><text id="BIFAO003_art_12B.pdf" auteur="Émile Chassinat" annee="1903" titre="Nécrologie [André Gombert, † 6 avril 1903]." textId="03A12B" nomDefunt="Gombert" metierDefunt="archéologue" categ="Nécrologie"><p><w frlemma="m." frpos="NOUN" frMUSAS="Z99">M.</w><w frlemma="André" frpos="PROPN" frMUSAS="Z99">André</w><w frlemma="Gombert" frpos="PROPN" frMUSAS="Z99">Gombert</w><w frlemma="," frpos="PUNCT" frMUSAS="PUNCT">,</w><w frlemma="après" frpos="ADP" frMUSAS="Z5">après</w><w frlemma="avoir" frpos="AUX" frMUSAS="A9+">avoir</w><w frlemma="suivre" frpos="VERB" frMUSAS="M1">suivi</w><w frlemma="le" frpos="DET" frMUSAS="Z5">les</w><w frlemma="cours" frpos="NOUN" frMUSAS="M1">cours</w><w frlemma="de" frpos="ADP" frMUSAS="Z5">de</w><w frlemma="le" frpos="DET" frMUSAS="Z5">l'</w><w frlemma="école" frpos="NOUN" frMUSAS="P1">École</w><w frlemma="central" frpos="ADJ" frMUSAS="A11.1+">centrale</w><w frlemma="," frpos="PUNCT" frMUSAS="PUNCT">,</w><w frlemma="de" frpos="ADP" frMUSAS="Z5">d'</w><w frlemma="où" frpos="PRON" frMUSAS="Z8">où</w><w frlemma="il" frpos="PRON" frMUSAS="Z8">il</w><w frlemma="sortir" frpos="VERB" frMUSAS="Z99">sortit</w><w frlemma="avec" frpos="ADP" frMUSAS="Z5">avec</w><w frlemma="le" frpos="DET" frMUSAS="Z5">le</w><w frlemma="diplôme" frpos="NOUN" frMUSAS="Z99">diplôme</w><w frlemma="de" frpos="ADP" frMUSAS="Z5">d'</w><w frlemma="ingénieur" frpos="NOUN" frMUSAS="S7.1+">Ingénieur</w><w frlemma="de" frpos="ADP" frMUSAS="Z5">des</w><w frlemma="art" frpos="NOUN" frMUSAS="C1">Arts</w><w frlemma="et" frpos="CCONJ" frMUSAS="Z5">et</w><w frlemma="Manufactures" frpos="PROPN" frMUSAS="Z99">Manufactures</w><w frlemma="," frpos="PUNCT" frMUSAS="PUNCT">,</w><w frlemma="se" frpos="PRON" frMUSAS="Z8">s'</w><w frlemma="être" frpos="AUX" frMUSAS="Z99">était</w><w frlemma="consacrer" frpos="VERB" frMUSAS="Z99">consacré</w><w frlemma="à" frpos="ADP" frMUSAS="Z5">à</w><w frlemma="'" frpos="DET" frMUSAS="Z99">'</w><w frlemma="étude" frpos="NOUN" frMUSAS="P1">étude</w><w frlemma="de" frpos="ADP" frMUSAS="Z5">de</w><w frlemma="le" frpos="DET" frMUSAS="Z5">l'</w><w frlemma="architecture" frpos="NOUN" frMUSAS="H1">architecture</w><w frlemma="." frpos="PUNCT" frMUSAS="PUNCT">.</w><w frlemma="il" frpos="PRON" frMUSAS="Z8">Il</w><w frlemma="passer" frpos="VERB" frMUSAS="M1">passa</w><w frlemma="plusieurs" frpos="DET" frMUSAS="N5">plusieurs</w><w frlemma="année" frpos="NOUN" frMUSAS="T1.3">années</w><w frlemma="auprès" frpos="ADV" frMUSAS="Z99">auprès</w><w frlemma="de" frpos="ADP" frMUSAS="Z5">de</w><w frlemma="m." frpos="NOUN" frMUSAS="Z99">M.</w><w frlemma="Benouville" frpos="PROPN" frMUSAS="Z99">Benouville</w><w frlemma="," frpos="PUNCT" frMUSAS="PUNCT">,</w><w frlemma="architecte" frpos="NOUN" frMUSAS="H1/I3.2/S2mf">architecte</w><w frlemma="diocésain" frpos="ADJ" frMUSAS="Z99">diocésain</w><w frlemma="," frpos="PUNCT" frMUSAS="PUNCT">,</w><w frlemma="qui" frpos="PRON" frMUSAS="Z8">qui</w><w frlemma="apprécier" frpos="VERB" frMUSAS="E2+">appréciait</w><w frlemma="vivement" frpos="ADV" frMUSAS="Z99">vivement</w><w frlemma="son" frpos="DET" frMUSAS="Z5">son</w><w frlemma="intelligence" frpos="NOUN" frMUSAS="X9.1+">intelligence</w><w frlemma="et" frpos="CCONJ" frMUSAS="Z5">et</w><w frlemma="son" frpos="DET" frMUSAS="Z5">son</w><w frlemma="activité" frpos="NOUN" frMUSAS="A1.1.1">activité</w><w frlemma="." frpos="PUNCT" frMUSAS="PUNCT">.</w><w frlemma="sur" frpos="ADP" frMUSAS="Z5">Sur</w><w frlemma="mon" frpos="DET" frMUSAS="Z5">ma</w><w frlemma="proposition" frpos="NOUN" frMUSAS="Z99">proposition</w><w frlemma="," frpos="PUNCT" frMUSAS="PUNCT">,</w><w frlemma="il" frpos="PRON" frMUSAS="Z8">il</w><w frlemma="être" frpos="AUX" frMUSAS="Z99">fut</w><w frlemma="nommer" frpos="VERB" frMUSAS="Z99">nommé</w><w frlemma="membre" frpos="NOUN" frMUSAS="S5+/S2mf">membre</w><w frlemma="de" frpos="ADP" frMUSAS="Z5">de</w><w frlemma="le" frpos="DET" frMUSAS="Z5">l'</w><w frlemma="Institut" frpos="PROPN" frMUSAS="P1/S5+c">Institut</w><w frlemma="archéologique" frpos="ADJ" frMUSAS="Z99">archéologique</w><w frlemma="de" frpos="ADP" frMUSAS="Z5">du</w><w frlemma="caire" frpos="NOUN" frMUSAS="Z99">Caire</w><w frlemma="en" frpos="ADP" frMUSAS="Z5">en</w><w frlemma="novembre" frpos="NOUN" frMUSAS="T1.3">novembre</w><w frlemma="1900" frpos="NUM" frMUSAS="N1">1900</w><w frlemma="." frpos="PUNCT" frMUSAS="PUNCT">.</w><w frlemma="il" frpos="PRON" frMUSAS="Z8">Il</w><w frlemma="être" frpos="AUX" frMUSAS="Z99">fut</w><w frlemma="," frpos="PUNCT" frMUSAS="PUNCT">,</w><w frlemma="depuis" frpos="ADP" frMUSAS="Z5">depuis</w><w frlemma="ce" frpos="DET" frMUSAS="Z5">ce</w><w frlemma="temps" frpos="NOUN" frMUSAS="T1">temps</w><w frlemma="," frpos="PUNCT" frMUSAS="PUNCT">,</w><w frlemma="mon" frpos="DET" frMUSAS="Z8">mon</w><w frlemma="collaborateur" frpos="NOUN" frMUSAS="Z99">collaborateur</w><w frlemma="assidu" frpos="ADJ" frMUSAS="Z99">assidu</w><w frlemma="." frpos="PUNCT" frMUSAS="PUNCT">.</w><w frlemma="il" frpos="PRON" frMUSAS="Z8">Il</w><w frlemma="prendre" frpos="VERB" frMUSAS="A9+">prit</w><w frlemma="part" frpos="NOUN" frMUSAS="S1.1.2+">part</w><w frlemma="à" frpos="ADP" frMUSAS="Z5">à</w><w frlemma="mon" frpos="DET" frMUSAS="Z5">mes</w><w frlemma="fouille" frpos="NOUN" frMUSAS="Z99">fouilles</w><w frlemma="de" frpos="ADP" frMUSAS="Z5">d'</w><w frlemma="Abou" frpos="PROPN" frMUSAS="Z99">Abou</w><w frlemma="Roash" frpos="PROPN" frMUSAS="Z99">Roash</w><w frlemma="," frpos="PUNCT" frMUSAS="PUNCT">,</w><w frlemma="en" frpos="ADP" frMUSAS="Z5">en</w><w frlemma="1901" frpos="NUM" frMUSAS="N1">1901</w><w frlemma="et" frpos="CCONJ" frMUSAS="Z5">et</w><w frlemma="1902" frpos="NUM" frMUSAS="N1">1902</w><w frlemma="," frpos="PUNCT" frMUSAS="PUNCT">,</w><w frlemma="et" frpos="CCONJ" frMUSAS="Z5">et</w><w frlemma="faire" frpos="VERB" frMUSAS="Z99">fit</w><w frlemma="un" frpos="DET" frMUSAS="Z5">un</w><w frlemma="relevé" frpos="NOUN" frMUSAS="Z99">relevé</w><w frlemma="très" frpos="ADV" frMUSAS="A13.3">très</w><w frlemma="exact" frpos="ADJ" frMUSAS="Z99">exact</w><w frlemma="de" frpos="ADP" frMUSAS="Z5">du</w><w frlemma="terrain" frpos="NOUN" frMUSAS="Z99">terrain</w><w frlemma="avant" frpos="ADP" frMUSAS="Z5">avant</w><w frlemma="et" frpos="CCONJ" frMUSAS="Z5">et</w><w frlemma="après" frpos="ADP" frMUSAS="Z5">après</w><w frlemma="le" frpos="DET" frMUSAS="Z5">les</w><w frlemma="travail" frpos="NOUN" frMUSAS="I3.1">travaux</w><w frlemma="." frpos="PUNCT" frMUSAS="PUNCT">.</w><w frlemma="en" frpos="ADP" frMUSAS="Z5">En</w><w frlemma="1902" frpos="NUM" frMUSAS="N1">1902</w><w frlemma="," frpos="PUNCT" frMUSAS="PUNCT">,</w><w frlemma="je" frpos="PRON" frMUSAS="Z8mf">je</w><w frlemma="le" frpos="DET" frMUSAS="Z5">le</w><w frlemma="chargeai" frpos="NOUN" frMUSAS="Z99">chargeai</w><w frlemma="de" frpos="ADP" frMUSAS="Z5">du</w><w frlemma="soin" frpos="NOUN" frMUSAS="E6-">soin</w><w frlemma="de" frpos="ADP" frMUSAS="Z5">d'</w><w frlemma="évacuer" frpos="VERB" frMUSAS="Z99">évacuer</w><w frlemma="sur" frpos="ADP" frMUSAS="Z5">sur</w><w frlemma="le" frpos="DET" frMUSAS="Z5">le</w><w frlemma="caire" frpos="NOUN" frMUSAS="Z99">Caire</w><w frlemma="," frpos="PUNCT" frMUSAS="PUNCT">,</w><w frlemma="après" frpos="ADP" frMUSAS="Z5">après</w><w frlemma="le" frpos="DET" frMUSAS="Z5">les</w><w frlemma="avoir" frpos="AUX" frMUSAS="A9+">avoir</w><w frlemma="emballer" frpos="VERB" frMUSAS="Z99">emballés</w><w frlemma="," frpos="PUNCT" frMUSAS="PUNCT">,</w><w frlemma="le" frpos="DET" frMUSAS="Z5">les</w><w frlemma="objet" frpos="NOUN" frMUSAS="Z99">objets</w><w frlemma="découvrir" frpos="VERB" frMUSAS="A10+">découverts</w><w frlemma="dans" frpos="ADP" frMUSAS="Z5">dans</w><w frlemma="le" frpos="DET" frMUSAS="Z5">le</w><w frlemma="kom" frpos="NOUN" frMUSAS="Z99">kom</w><w frlemma="de" frpos="ADP" frMUSAS="Z5">de</w><w frlemma="Baouït" frpos="PROPN" frMUSAS="Z99">Baouït</w><w frlemma="." frpos="PUNCT" frMUSAS="PUNCT">.</w><w frlemma="malgré" frpos="ADP" frMUSAS="Z5">Malgré</w><w frlemma="le" frpos="DET" frMUSAS="Z5">les</w><w frlemma="difficulté" frpos="NOUN" frMUSAS="A12-">difficultés</w><w frlemma="sans" frpos="ADP" frMUSAS="M6">sans</w><w frlemma="nombre" frpos="NOUN" frMUSAS="N1">nombre</w><w frlemma="résulter" frpos="VERB" frMUSAS="A2.2">résultant</w><w frlemma="de" frpos="ADP" frMUSAS="Z5">de</w><w frlemma="le" frpos="DET" frMUSAS="Z5">l'</w><w frlemma="absence" frpos="NOUN" frMUSAS="S1.1.3-">absence</w><w frlemma="de" frpos="ADP" frMUSAS="Z5">de</w><w frlemma="route" frpos="NOUN" frMUSAS="M3">routes</w><w frlemma="ou" frpos="CCONJ" frMUSAS="Z5">ou</w><w frlemma="de" frpos="ADP" frMUSAS="Z5">du</w><w frlemma="mauvais" frpos="ADJ" frMUSAS="Z99">mauvais</w><w frlemma="état" frpos="NOUN" frMUSAS="G1.1c">état</w><w frlemma="de" frpos="ADP" frMUSAS="Z5">de</w><w frlemma="celui" frpos="PRON" frMUSAS="Z8">celles</w><w frlemma="qui" frpos="PRON" frMUSAS="Z8">qui</w><w frlemma="exister" frpos="VERB" frMUSAS="A3+">existaient</w><w frlemma="," frpos="PUNCT" frMUSAS="PUNCT">,</w><w frlemma="de" frpos="ADP" frMUSAS="Z5">du</w><w frlemma="poids" frpos="NOUN" frMUSAS="N3.5">poids</w><w frlemma="de" frpos="ADP" frMUSAS="Z5">des</w><w frlemma="caisse" frpos="NOUN" frMUSAS="Z99">caisses</w><w frlemma="," frpos="PUNCT" frMUSAS="PUNCT">,</w><w frlemma="dont" frpos="PRON" frMUSAS="Z8">dont</w><w frlemma="quelque" frpos="DET" frMUSAS="A13.5">quelques</w><w frlemma="-" frpos="NOUN" frMUSAS="Z99">-</w><w frlemma="une" frpos="NOUN" frMUSAS="Z5">unes</w><w frlemma="," frpos="PUNCT" frMUSAS="PUNCT">,</w><w frlemma="qui" frpos="PRON" frMUSAS="Z8">qui</w><w frlemma="renfermer" frpos="VERB" frMUSAS="Z99">renfermaient</w><w frlemma="un" frpos="DET" frMUSAS="Z5">des</w><w frlemma="chapiteau" frpos="NOUN" frMUSAS="Z99">chapiteaux</w><w frlemma="," frpos="PUNCT" frMUSAS="PUNCT">,</w><w frlemma="pesaient" frpos="NOUN" frMUSAS="Z99">pesaient</w><w frlemma="jusque" frpos="ADP" frMUSAS="Z5">jusqu'</w><w frlemma="à" frpos="ADP" frMUSAS="Z5">à</w><w frlemma="500" frpos="NUM" frMUSAS="N1">500</w><w frlemma="kilogramme" frpos="NOUN" frMUSAS="Z99">kilogrammes</w><w frlemma="," frpos="PUNCT" frMUSAS="PUNCT">,</w><w frlemma="il" frpos="PRON" frMUSAS="Z8">il</w><w frlemma="se" frpos="PRON" frMUSAS="Z8">se</w><w frlemma="tirer" frpos="VERB" frMUSAS="Z99">tira</w><w frlemma="avec" frpos="ADP" frMUSAS="Z5">avec</w><w frlemma="succès" frpos="NOUN" frMUSAS="X9.2+">succès</w><w frlemma="de" frpos="ADP" frMUSAS="Z5">de</w><w frlemma="ce" frpos="DET" frMUSAS="Z5">cette</w><w frlemma="entreprise" frpos="NOUN" frMUSAS="Z99">entreprise</w><w frlemma="ingrat" frpos="ADJ" frMUSAS="Z99">ingrate</w><w frlemma="." frpos="PUNCT" frMUSAS="PUNCT">.</w></p><p><w frlemma="en" frpos="ADP" frMUSAS="Z5">En</w><w frlemma="1903" frpos="NUM" frMUSAS="N1">1903</w><w frlemma="," frpos="PUNCT" frMUSAS="PUNCT">,</w><w frlemma="il" frpos="PRON" frMUSAS="Z8">il</w><w frlemma="quitter" frpos="VERB" frMUSAS="M1">quitta</w><w frlemma="le" frpos="DET" frMUSAS="Z5">le</w><w frlemma="caire" frpos="NOUN" frMUSAS="Z99">Caire</w><w frlemma="au" frpos="ADP" frMUSAS="Z5">au</w><w frlemma="début" frpos="NOUN" frMUSAS="T2+">début</w><w frlemma="de" frpos="ADP" frMUSAS="Z5">du</w><w frlemma="mois" frpos="NOUN" frMUSAS="T1.3">mois</w><w frlemma="de" frpos="ADP" frMUSAS="Z5">de</w><w frlemma="janvier" frpos="NOUN" frMUSAS="T1.3">janvier</w><w frlemma="pour" frpos="ADP" frMUSAS="Z5">pour</w><w frlemma="explorer" frpos="VERB" frMUSAS="Z99">explorer</w><w frlemma="un" frpos="DET" frMUSAS="Z5">une</w><w frlemma="partie" frpos="NOUN" frMUSAS="A10+">partie</w><w frlemma="de" frpos="ADP" frMUSAS="Z5">de</w><w frlemma="le" frpos="DET" frMUSAS="Z5">la</w><w frlemma="nécropole" frpos="NOUN" frMUSAS="Z99">nécropole</w><w frlemma="de" frpos="ADP" frMUSAS="Z5">de</w><w frlemma="Touna" frpos="PROPN" frMUSAS="Z99">Touna</w><w frlemma="." frpos="PUNCT" frMUSAS="PUNCT">.</w><w frlemma="ce" frpos="PRON" frMUSAS="Z8">C'</w><w frlemma="être" frpos="AUX" frMUSAS="M6">est</w><w frlemma="durer" frpos="ADP" frMUSAS="Z5">durant</w><w frlemma="ce" frpos="DET" frMUSAS="Z5">cette</w><w frlemma="mission" frpos="NOUN" frMUSAS="X7+">mission</w><w frlemma="que" frpos="PRON" frMUSAS="Z8">qu'</w><w frlemma="il" frpos="PRON" frMUSAS="Z8">il</w><w frlemma="être" frpos="AUX" frMUSAS="Z99">fut</w><w frlemma="victime" frpos="ADJ" frMUSAS="A1.1.2/G2.1/S2mf">victime</w><w frlemma="de" frpos="ADP" frMUSAS="Z5">de</w><w frlemma="le" frpos="DET" frMUSAS="Z5">l'</w><w frlemma="accident" frpos="NOUN" frMUSAS="A1.1.2">accident</w><w frlemma="qui" frpos="PRON" frMUSAS="Z8">qui</w><w frlemma="luire" frpos="PRON" frMUSAS="Z8">lui</w><w frlemma="coûter" frpos="VERB" frMUSAS="I1.3">coûta</w><w frlemma="le" frpos="DET" frMUSAS="Z5">la</w><w frlemma="vie" frpos="NOUN" frMUSAS="L1+">vie</w><w frlemma="." frpos="PUNCT" frMUSAS="PUNCT">.</w><w frlemma="le" frpos="DET" frMUSAS="Z5">Le</w><w frlemma="6" frpos="NUM" frMUSAS="N1">6</w><w frlemma="avril" frpos="NOUN" frMUSAS="T1.3">avril</w><w frlemma="," frpos="PUNCT" frMUSAS="PUNCT">,</w><w frlemma="alors" frpos="ADV" frMUSAS="Z99">alors</w><w frlemma="que" frpos="SCONJ" frMUSAS="Z5">que</w><w frlemma="son" frpos="DET" frMUSAS="Z5">ses</w><w frlemma="ouvrier" frpos="NOUN" frMUSAS="I3.1/S2mf">ouvriers</w><w frlemma="être" frpos="AUX" frMUSAS="Z99">étaient</w><w frlemma="occuper" frpos="VERB" frMUSAS="H4">occupés</w><w frlemma="à" frpos="ADP" frMUSAS="Z5">à</w><w frlemma="déblayer" frpos="VERB" frMUSAS="Z99">déblayer</w><w frlemma="le" frpos="DET" frMUSAS="Z5">la</w><w frlemma="base" frpos="NOUN" frMUSAS="M7">base</w><w frlemma="de" frpos="ADP" frMUSAS="Z5">de</w><w frlemma="le" frpos="DET" frMUSAS="Z5">la</w><w frlemma="stèle" frpos="NOUN" frMUSAS="Z99">stèle</w><w frlemma="rupestre" frpos="ADJ" frMUSAS="Z99">rupestre</w><w frlemma="qui" frpos="PRON" frMUSAS="Z8">qui</w><w frlemma="marque" frpos="VERB" frMUSAS="Z99">marque</w><w frlemma="le" frpos="DET" frMUSAS="Z5">l'</w><w frlemma="un" frpos="PRON" frMUSAS="Z5">une</w><w frlemma="de" frpos="ADP" frMUSAS="Z5">des</w><w frlemma="limite" frpos="NOUN" frMUSAS="A1.7+">limites</w><w frlemma="de" frpos="ADP" frMUSAS="Z5">du</w><w frlemma="nome" frpos="NOUN" frMUSAS="Z99">nome</w><w frlemma="de" frpos="ADP" frMUSAS="Z5">de</w><w frlemma="Khouniatonou" frpos="PROPN" frMUSAS="Z99">Khouniatonou</w><w frlemma="," frpos="PUNCT" frMUSAS="PUNCT">,</w><w frlemma="il" frpos="PRON" frMUSAS="Z8">il</w><w frlemma="se" frpos="PRON" frMUSAS="Z8">s'</w><w frlemma="éloigner" frpos="VERB" frMUSAS="Z99">éloigna</w><w frlemma="de" frpos="ADP" frMUSAS="Z5">de</w><w frlemma="son" frpos="DET" frMUSAS="Z5">son</w><w frlemma="chantier" frpos="NOUN" frMUSAS="Z99">chantier</w><w frlemma="et" frpos="CCONJ" frMUSAS="Z5">et</w><w frlemma="se" frpos="PRON" frMUSAS="Z8">s'</w><w frlemma="engager" frpos="VERB" frMUSAS="Z99">engagea</w><w frlemma="dans" frpos="ADP" frMUSAS="Z5">dans</w><w frlemma="le" frpos="DET" frMUSAS="Z5">la</w><w frlemma="montagne" frpos="NOUN" frMUSAS="W3">montagne</w><w frlemma="à" frpos="ADP" frMUSAS="Z5">à</w><w frlemma="quelque" frpos="DET" frMUSAS="A13.5">quelques</w><w frlemma="centaine" frpos="NOUN" frMUSAS="N1">centaines</w><w frlemma="de" frpos="ADP" frMUSAS="Z5">de</w><w frlemma="mètre" frpos="NOUN" frMUSAS="N3.1">mètres</w><w frlemma="au" frpos="ADP" frMUSAS="Z5">au</w><w frlemma="nord" frpos="NOUN" frMUSAS="M6">nord</w><w frlemma="de" frpos="ADP" frMUSAS="Z5">de</w><w frlemma="celui-ci" frpos="PRON" frMUSAS="Z8">celui-ci</w><w frlemma="," frpos="PUNCT" frMUSAS="PUNCT">,</w><w frlemma="dans" frpos="ADP" frMUSAS="Z5">dans</w><w frlemma="le" frpos="DET" frMUSAS="Z5">le</w><w frlemma="but" frpos="NOUN" frMUSAS="Z99">but</w><w frlemma="de" frpos="ADP" frMUSAS="Z5">d'</w><w frlemma="y" frpos="PRON" frMUSAS="M6">y</w><w frlemma="chasser" frpos="VERB" frMUSAS="Z99">chasser</w><w frlemma="le" frpos="DET" frMUSAS="Z5">les</w><w frlemma="oiseau" frpos="NOUN" frMUSAS="L2mfn">oiseaux</w><w frlemma="au" frpos="ADP" frMUSAS="Z5">au</w><w frlemma="revolver" frpos="NOUN" frMUSAS="Z99">revolver</w><w frlemma="." frpos="PUNCT" frMUSAS="PUNCT">.</w><w frlemma="par" frpos="ADP" frMUSAS="M6">Par</w><w frlemma="suite" frpos="NOUN" frMUSAS="Z99">suite</w><w frlemma="de" frpos="ADP" frMUSAS="Z5">d'</w><w frlemma="un" frpos="DET" frMUSAS="Z5">un</w><w frlemma="faux" frpos="ADJ" frMUSAS="Z99">faux</w><w frlemma="mouvement" frpos="ADV" frMUSAS="M1">mouvement</w><w frlemma="," frpos="PUNCT" frMUSAS="PUNCT">,</w><w frlemma="son" frpos="DET" frMUSAS="Z5">son</w><w frlemma="pied" frpos="NOUN" frMUSAS="B1">pied</w><w frlemma="glisser" frpos="VERB" frMUSAS="Z99">glissa</w><w frlemma="," frpos="PUNCT" frMUSAS="PUNCT">,</w><w frlemma="et" frpos="CCONJ" frMUSAS="Z5">et</w><w frlemma="il" frpos="PRON" frMUSAS="Z8">il</w><w frlemma="venir" frpos="VERB" frMUSAS="M1">vint</w><w frlemma="se" frpos="PRON" frMUSAS="Z8">s'</w><w frlemma="abattre" frpos="VERB" frMUSAS="Z99">abattre</w><w frlemma="sur" frpos="ADP" frMUSAS="Z5">sur</w><w frlemma="le" frpos="DET" frMUSAS="Z5">la</w><w frlemma="roche" frpos="NOUN" frMUSAS="Z99">roche</w><w frlemma="," frpos="PUNCT" frMUSAS="PUNCT">,</w><w frlemma="de" frpos="ADP" frMUSAS="Z5">d'</w><w frlemma="un" frpos="DET" frMUSAS="Z5">une</w><w frlemma="hauteur" frpos="NOUN" frMUSAS="N3.7">hauteur</w><w frlemma="de" frpos="ADP" frMUSAS="Z5">de</w><w frlemma="15" frpos="NUM" frMUSAS="N1">15</w><w frlemma="mètre" frpos="NOUN" frMUSAS="N3.1">mètres</w><w frlemma="environ" frpos="ADV" frMUSAS="Z5">environ</w><w frlemma="." frpos="PUNCT" frMUSAS="PUNCT">.</w><w frlemma="son" frpos="DET" frMUSAS="Z5">Ses</w><w frlemma="homme" frpos="NOUN" frMUSAS="I3.1">hommes</w><w frlemma="le" frpos="PRON" frMUSAS="Z8">le</w><w frlemma="relever" frpos="VERB" frMUSAS="M2">relevèrent</w><w frlemma="le" frpos="DET" frMUSAS="Z5">les</w><w frlemma="deux" frpos="NUM" frMUSAS="N1">deux</w><w frlemma="genou" frpos="NOUN" frMUSAS="B1">genoux</w><w frlemma="broyé" frpos="NOUN" frMUSAS="Z99">broyés</w><w frlemma="." frpos="PUNCT" frMUSAS="PUNCT">.</w><w frlemma="après" frpos="ADP" frMUSAS="Z5">Après</w><w frlemma="avoir" frpos="AUX" frMUSAS="A9+">avoir</w><w frlemma="recevoir" frpos="VERB" frMUSAS="A9+">reçu</w><w frlemma="de" frpos="ADP" frMUSAS="Z5">du</w><w frlemma="médecin" frpos="NOUN" frMUSAS="Z99">médecin</w><w frlemma="de" frpos="ADP" frMUSAS="Z5">du</w><w frlemma="markaz" frpos="NOUN" frMUSAS="Z99">markaz</w><w frlemma="de" frpos="ADP" frMUSAS="Z5">de</w><w frlemma="Mellaouï" frpos="PROPN" frMUSAS="Z99">Mellaouï</w><w frlemma="et" frpos="CCONJ" frMUSAS="Z5">et</w><w frlemma="de" frpos="ADP" frMUSAS="Z5">du</w><w frlemma="médecin" frpos="NOUN" frMUSAS="Z99">médecin</w><w frlemma="en" frpos="ADP" frMUSAS="Z5">en</w><w frlemma="chef" frpos="NOUN" frMUSAS="Z99">chef</w><w frlemma="de" frpos="ADP" frMUSAS="Z5">de</w><w frlemma="le" frpos="DET" frMUSAS="Z5">l'</w><w frlemma="hôpital" frpos="NOUN" frMUSAS="B3/H1c">Hôpital</w><w frlemma="américain" frpos="ADJ" frMUSAS="Z2">américain</w><w frlemma="de" frpos="ADP" frMUSAS="Z5">d'</w><w frlemma="Assiout" frpos="PROPN" frMUSAS="Z99">Assiout</w><w frlemma="le" frpos="DET" frMUSAS="Z5">les</w><w frlemma="soin" frpos="NOUN" frMUSAS="E6-">soins</w><w frlemma="que" frpos="SCONJ" frMUSAS="Z5">que</w><w frlemma="son" frpos="DET" frMUSAS="Z5">son</w><w frlemma="état" frpos="NOUN" frMUSAS="G1.1c">état</w><w frlemma="réclamer" frpos="AUX" frMUSAS="Z99">réclamait</w><w frlemma="," frpos="PUNCT" frMUSAS="PUNCT">,</w><w frlemma="il" frpos="PRON" frMUSAS="Z8">il</w><w frlemma="être" frpos="AUX" frMUSAS="Z99">fut</w><w frlemma="transporter" frpos="VERB" frMUSAS="Z99">transporté</w><w frlemma="à" frpos="ADP" frMUSAS="Z5">à</w><w frlemma="le" frpos="DET" frMUSAS="Z5">l'</w><w frlemma="hôpital" frpos="NOUN" frMUSAS="B3/H1c">Hôpital</w><w frlemma="français" frpos="ADJ" frMUSAS="Z2">français</w><w frlemma="de" frpos="ADP" frMUSAS="Z5">du</w><w frlemma="caire" frpos="NOUN" frMUSAS="Z99">Caire</w><w frlemma="où" frpos="PRON" frMUSAS="Z8">où</w><w frlemma="," frpos="PUNCT" frMUSAS="PUNCT">,</w><w frlemma="malgré" frpos="ADP" frMUSAS="Z5">malgré</w><w frlemma="le" frpos="DET" frMUSAS="Z5">le</w><w frlemma="dévouement" frpos="NOUN" frMUSAS="Z99">dévouement</w><w frlemma="de" frpos="ADP" frMUSAS="Z5">du</w><w frlemma="docteur" frpos="NOUN" frMUSAS="B3">docteur</w><w frlemma="Brossard" frpos="PROPN" frMUSAS="Z99">Brossard</w><w frlemma="," frpos="PUNCT" frMUSAS="PUNCT">,</w><w frlemma="il" frpos="PRON" frMUSAS="Z8">il</w><w frlemma="expirer" frpos="VERB" frMUSAS="Z99">expira</w><w frlemma="dans" frpos="ADP" frMUSAS="Z5">dans</w><w frlemma="le" frpos="DET" frMUSAS="Z5">la</w><w frlemma="journée" frpos="NOUN" frMUSAS="T1.3">journée</w><w frlemma="de" frpos="ADP" frMUSAS="Z5">du</w><w frlemma="12" frpos="NUM" frMUSAS="N1">12</w><w frlemma="avril" frpos="NOUN" frMUSAS="T1.3">avril</w><w frlemma="." frpos="PUNCT" frMUSAS="PUNCT">.</w></p><p><w frlemma="e." frpos="ADP" frMUSAS="Z99">E.</w><w frlemma="chassinat" frpos="NOUN" frMUSAS="Z99">CHassinat</w><w frlemma="." frpos="PUNCT" frMUSAS="PUNCT">.</w><note place="bottom"></note></p></text></TEI>