<?xml version='1.0' encoding='UTF-8'?>
<TEI xmlns="http://www.tei-c.org/ns/1.0"><teiHeader><fileDesc><titleStmt><title>[Nécrologie.] Sir Robert Mond (1867-1938).</title></titleStmt><publicationStmt>Corpus produit par l'étudiant MA1 Ph. Hennebert (philippe.hennebert@student.uliege.be) du cours de l'Université de Liège Corpus INFO0943: 'Corpus textuels: principes de constitution et d'analyse'</publicationStmt><sourceDesc><p>https://www.ifao.egnet.net/bifao/38/13/ (BIFAO en ligne) processed using python scripts in https://github.com/PhilHen/BIFAOCorpusTools (typographical zones detected using OpenCV, OCR with Tesseract)</p></sourceDesc></fileDesc><encodingDesc><classDecl><taxonomy id="frpos"><bibl><title>pos tagset build from https://spacy.io/</title></bibl></taxonomy><taxonomy id="frlemma"><bibl><title>fr lemma of the model https://spacy.io/</title></bibl></taxonomy><taxonomy id="frMUSAS"><bibl><title>semantic tagging https://ucrel.github.io/pymusas/usage/how_to/tag_text#french</title></bibl></taxonomy></classDecl><editorialDecl><correction>Les erreurs d'orthographe confirmées par examen du PDF source n'ont pas été corrigées. Une vérification et correction manuelle du texte a été réalisée par Ph. Hennebert (philippe.hennebert@student.uliege.be) le 29/12/2023</correction><hyphenation>Les mots coupés en fin de ligne ont été réassemblés automatiquement, pour autant que la forme combinée sans trait d'union soit attestée dans le dictionnaire français https://unitexgramlab.org/fr/language-resources</hyphenation></editorialDecl></encodingDesc></teiHeader><text id="BIFAO038_art_13C.pdf" auteur="Pierre Jouguet" annee="1939" titre="[Nécrologie.] Sir Robert Mond (1867-1938)." textId="38A13C" nomDefunt="Mond" metierDefunt="mécène" categ="Nécrologie"><p><pb n="279"/><w frlemma="sir" frpos="VERB" frMUSAS="Z99">SIR</w><w frlemma="robert" frpos="NOUN" frMUSAS="Z99">ROBERT</w><w frlemma="MOND" frpos="PROPN" frMUSAS="Z99">MOND</w><w frlemma="(" frpos="PUNCT" frMUSAS="PUNCT">(</w><w frlemma="1867" frpos="NOUN" frMUSAS="Z99">1867</w><w frlemma="-" frpos="NOUN" frMUSAS="Z99">-</w><w frlemma="1938" frpos="NOUN" frMUSAS="Z99">1938</w><w frlemma=")" frpos="PUNCT" frMUSAS="PUNCT">)</w><w frlemma="." frpos="PUNCT" frMUSAS="PUNCT">.</w></p><p><w frlemma="nous" frpos="PRON" frMUSAS="Z8">Nous</w><w frlemma="devoir" frpos="VERB" frMUSAS="Z99">devons</w><w frlemma="un" frpos="DET" frMUSAS="Z5">un</w><w frlemma="hommage" frpos="NOUN" frMUSAS="Z99">hommage</w><w frlemma="particulier" frpos="ADJ" frMUSAS="Z99">particulier</w><w frlemma="à" frpos="ADP" frMUSAS="Z5">à</w><w frlemma="le" frpos="DET" frMUSAS="Z5">la</w><w frlemma="mémoire" frpos="NOUN" frMUSAS="X2">mémoire</w><w frlemma="de" frpos="ADP" frMUSAS="Z5">de</w><w frlemma="sir" frpos="NOUN" frMUSAS="Z99">Sir</w><w frlemma="Robert" frpos="PROPN" frMUSAS="Z99">Robert</w><w frlemma="Mond" frpos="PROPN" frMUSAS="Z99">Mond</w><w frlemma="," frpos="PUNCT" frMUSAS="PUNCT">,</w><w frlemma="parce" frpos="SCONJ" frMUSAS="Z99">parce</w><w frlemma="que" frpos="SCONJ" frMUSAS="Z5">que</w><w frlemma="nous" frpos="PRON" frMUSAS="Z8">nous</w><w frlemma="avoir" frpos="VERB" frMUSAS="A9+">avons</w><w frlemma="dù" frpos="VERB" frMUSAS="Z99">dù</w><w frlemma="beaucoup" frpos="ADV" frMUSAS="Z99">beaucoup</w><w frlemma="à" frpos="ADP" frMUSAS="Z5">à</w><w frlemma="son" frpos="DET" frMUSAS="Z5">son</w><w frlemma="amitié" frpos="NOUN" frMUSAS="S3.1">amitié</w><w frlemma="." frpos="PUNCT" frMUSAS="PUNCT">.</w><w frlemma="non" frpos="ADV" frMUSAS="Z99">Non</w><w frlemma="seulement" frpos="ADV" frMUSAS="A14">seulement</w><w frlemma="sir" frpos="DET" frMUSAS="Z99">Sir</w><w frlemma="Robert" frpos="PROPN" frMUSAS="Z99">Robert</w><w frlemma="Mond" frpos="PROPN" frMUSAS="Z99">Mond</w><w frlemma="être" frpos="AUX" frMUSAS="Z99">était</w><w frlemma="un" frpos="PRON" frMUSAS="Z5">un</w><w frlemma="de" frpos="ADP" frMUSAS="Z5">des</w><w frlemma="bienfaiteur" frpos="NOUN" frMUSAS="Z99">bienfaiteurs</w><w frlemma="de" frpos="ADP" frMUSAS="Z5">de</w><w frlemma="notre" frpos="DET" frMUSAS="Z8">notre</w><w frlemma="Institut" frpos="PROPN" frMUSAS="P1/S5+c">Institut</w><w frlemma="," frpos="PUNCT" frMUSAS="PUNCT">,</w><w frlemma="mais" frpos="CCONJ" frMUSAS="Z5">mais</w><w frlemma="encore" frpos="ADV" frMUSAS="Z99">encore</w><w frlemma="il" frpos="PRON" frMUSAS="Z8">il</w><w frlemma="ne" frpos="ADV" frMUSAS="Z6">ne</w><w frlemma="passer" frpos="VERB" frMUSAS="M1">passait</w><w frlemma="jamais" frpos="ADV" frMUSAS="T1/Z6">jamais</w><w frlemma="en" frpos="ADP" frMUSAS="Z5">en</w><w frlemma="égypte" frpos="NOUN" frMUSAS="Z99">Égypte</w><w frlemma="sans" frpos="ADP" frMUSAS="M6">sans</w><w frlemma="se" frpos="PRON" frMUSAS="Z8">s'</w><w frlemma="informer" frpos="VERB" frMUSAS="X2.2+">informer</w><w frlemma="de" frpos="ADP" frMUSAS="Z5">du</w><w frlemma="progrès" frpos="NOUN" frMUSAS="A5.1+/A2.1">progrès</w><w frlemma="de" frpos="ADP" frMUSAS="Z5">de</w><w frlemma="notre" frpos="DET" frMUSAS="Z5">nos</w><w frlemma="travail" frpos="NOUN" frMUSAS="I3.1">travaux</w><w frlemma="." frpos="PUNCT" frMUSAS="PUNCT">.</w><w frlemma="comment" frpos="ADV" frMUSAS="Z5">Comment</w><w frlemma="ne" frpos="ADV" frMUSAS="Z6">n'</w><w frlemma="avoir" frpos="VERB" frMUSAS="A9+">aurions</w><w frlemma="nous" frpos="PRON" frMUSAS="Z8">-nous</w><w frlemma="pas" frpos="ADV" frMUSAS="Z99">pas</w><w frlemma="prendre" frpos="VERB" frMUSAS="A9+">pris</w><w frlemma="notre" frpos="DET" frMUSAS="Z8">notre</w><w frlemma="grand" frpos="ADJ" frMUSAS="Z99">grande</w><w frlemma="part" frpos="NOUN" frMUSAS="S1.1.2+">part</w><w frlemma="de" frpos="ADP" frMUSAS="Z5">de</w><w frlemma="le" frpos="DET" frMUSAS="Z5">la</w><w frlemma="gratitude" frpos="NOUN" frMUSAS="Z99">gratitude</w><w frlemma="que" frpos="PRON" frMUSAS="Z8">que</w><w frlemma="portaient" frpos="NOUN" frMUSAS="Z99">portaient</w><w frlemma="à" frpos="ADP" frMUSAS="Z5">à</w><w frlemma="cel" frpos="PROPN" frMUSAS="Z99">cel</w><w frlemma="homme" frpos="NOUN" frMUSAS="I3.1">homme</w><w frlemma="généreux" frpos="ADJ" frMUSAS="S1.2.2-">généreux</w><w frlemma="tout" frpos="ADJ" frMUSAS="Z8">tous</w><w frlemma="celui" frpos="PRON" frMUSAS="Z8">ceux</w><w frlemma="qui" frpos="PRON" frMUSAS="Z8">qui</w><w frlemma="se" frpos="PRON" frMUSAS="Z8">s'</w><w frlemma="intéresser" frpos="VERB" frMUSAS="Z99">intéressent</w><w frlemma="à" frpos="ADP" frMUSAS="Z5">à</w><w frlemma="le" frpos="DET" frMUSAS="Z5">l'</w><w frlemma="archéologie" frpos="NOUN" frMUSAS="Z99">Archéologie</w><w frlemma="égyptien" frpos="ADJ" frMUSAS="Z2/S2mf">égyptienne</w><w frlemma="?" frpos="PUNCT" frMUSAS="PUNCT">?</w><w frlemma="comment" frpos="ADV" frMUSAS="Z5">Comment</w><w frlemma="ne" frpos="ADV" frMUSAS="Z6">ne</w><w frlemma="nous" frpos="PRON" frMUSAS="Z8">nous</w><w frlemma="sentir" frpos="VERB" frMUSAS="Z99">sentirions</w><w frlemma="pas" frpos="ADV" frMUSAS="Z99">pas</w><w frlemma="," frpos="PUNCT" frMUSAS="PUNCT">,</w><w frlemma="comme" frpos="ADP" frMUSAS="Z5">comme</w><w frlemma="lui" frpos="PRON" frMUSAS="Z8mfn">eux</w><w frlemma="," frpos="PUNCT" frMUSAS="PUNCT">,</w><w frlemma="cruellement" frpos="NOUN" frMUSAS="Z99">cruellement</w><w frlemma="atteindre" frpos="VERB" frMUSAS="M1">atteints</w><w frlemma="par" frpos="ADP" frMUSAS="M6">par</w><w frlemma="son" frpos="DET" frMUSAS="Z5">sa</w><w frlemma="mort" frpos="NOUN" frMUSAS="Z99">mort</w><w frlemma="?" frpos="PUNCT" frMUSAS="PUNCT">?</w><w frlemma="tout" frpos="ADJ" frMUSAS="Z8">Tout</w><w frlemma="le" frpos="DET" frMUSAS="Z5">le</w><w frlemma="monde" frpos="NOUN" frMUSAS="Z99">monde</w><w frlemma="savoir" frpos="VERB" frMUSAS="X2.2+">sait</w><w frlemma="que" frpos="SCONJ" frMUSAS="Z5">que</w><w frlemma="Robert" frpos="PROPN" frMUSAS="Z99">Robert</w><w frlemma="Mond" frpos="PROPN" frMUSAS="Z99">Mond</w><w frlemma="," frpos="PUNCT" frMUSAS="PUNCT">,</w><w frlemma="fils" frpos="NOUN" frMUSAS="S4m">fils</w><w frlemma="de" frpos="ADP" frMUSAS="Z5">du</w><w frlemma="dr" frpos="NOUN" frMUSAS="Z99">Dr</w><w frlemma="Lüdwig" frpos="PROPN" frMUSAS="Z99">Lüdwig</w><w frlemma="Mond" frpos="PROPN" frMUSAS="Z99">Mond</w><w frlemma="," frpos="PUNCT" frMUSAS="PUNCT">,</w><w frlemma="fondateur" frpos="NOUN" frMUSAS="T2+/S2mf">fondateur</w><w frlemma="de" frpos="ADP" frMUSAS="Z5">de</w><w frlemma="le" frpos="DET" frMUSAS="Z5">la</w><w frlemma="firme" frpos="NOUN" frMUSAS="A7+">firme</w><w frlemma="célèbre" frpos="ADJ" frMUSAS="X2.2+">célèbre</w><w frlemma="Brunner" frpos="PROPN" frMUSAS="Z99">Brunner</w><w frlemma="Mond" frpos="PROPN" frMUSAS="Z99">Mond</w><w frlemma="and" frpos="X" frMUSAS="Z99">and</w><w frlemma="c" frpos="NOUN" frMUSAS="Z99">C</w><w frlemma="degré" frpos="NOUN" frMUSAS="A13.1">°</w><w frlemma="," frpos="PUNCT" frMUSAS="PUNCT">,</w><w frlemma="être" frpos="AUX" frMUSAS="Z99">était</w><w frlemma="avant" frpos="ADP" frMUSAS="Z5">avant</w><w frlemma="tout" frpos="ADV" frMUSAS="Z8">tout</w><w frlemma="un" frpos="DET" frMUSAS="Z5">un</w><w frlemma="chimiste" frpos="NOUN" frMUSAS="Z99">chimiste</w><w frlemma=";" frpos="PUNCT" frMUSAS="PUNCT">;</w><w frlemma="en" frpos="ADP" frMUSAS="Z5">en</w><w frlemma="France" frpos="PROPN" frMUSAS="Z99">France</w><w frlemma="," frpos="PUNCT" frMUSAS="PUNCT">,</w><w frlemma="il" frpos="PRON" frMUSAS="Z8">il</w><w frlemma="être" frpos="AUX" frMUSAS="Z99">fut</w><w frlemma="généralement" frpos="ADV" frMUSAS="A6.2+">généralement</w><w frlemma="connaître" frpos="VERB" frMUSAS="X2.2+">connu</w><w frlemma="par" frpos="ADP" frMUSAS="M6">par</w><w frlemma="le" frpos="DET" frMUSAS="Z5">la</w><w frlemma="maison" frpos="NOUN" frMUSAS="H1">Maison</w><w frlemma="de" frpos="ADP" frMUSAS="Z5">de</w><w frlemma="le" frpos="DET" frMUSAS="Z5">la</w><w frlemma="Chimie" frpos="PROPN" frMUSAS="Y1">Chimie</w><w frlemma="." frpos="PUNCT" frMUSAS="PUNCT">.</w><w frlemma="au" frpos="ADP" frMUSAS="Z5">Au</w><w frlemma="cours" frpos="NOUN" frMUSAS="M1">cours</w><w frlemma="de" frpos="ADP" frMUSAS="Z5">de</w><w frlemma="son" frpos="DET" frMUSAS="Z5">ses</w><w frlemma="étude" frpos="NOUN" frMUSAS="P1">études</w><w frlemma="," frpos="PUNCT" frMUSAS="PUNCT">,</w><w frlemma="à" frpos="ADP" frMUSAS="Z5">à</w><w frlemma="le" frpos="DET" frMUSAS="Z5">l'</w><w frlemma="université" frpos="NOUN" frMUSAS="P1/H1c">Université</w><w frlemma="de" frpos="ADP" frMUSAS="Z5">de</w><w frlemma="Glasgow" frpos="PROPN" frMUSAS="Z99">Glasgow</w><w frlemma="," frpos="PUNCT" frMUSAS="PUNCT">,</w><w frlemma="il" frpos="PRON" frMUSAS="Z8">il</w><w frlemma="avoir" frpos="AUX" frMUSAS="A9+">avait</w><w frlemma="être" frpos="AUX" frMUSAS="T1.3">été</w><w frlemma="le" frpos="DET" frMUSAS="Z5">l'</w><w frlemma="assister" frpos="VERB" frMUSAS="S8+">assistant</w><w frlemma="de" frpos="ADP" frMUSAS="Z5">de</w><w frlemma="sir" frpos="NOUN" frMUSAS="Z99">Sir</w><w frlemma="William" frpos="PROPN" frMUSAS="Z99">William</w><w frlemma="Thompson" frpos="PROPN" frMUSAS="Z99">Thompson</w><w frlemma="," frpos="PUNCT" frMUSAS="PUNCT">,</w><w frlemma="et" frpos="CCONJ" frMUSAS="Z5">et</w><w frlemma="se" frpos="PRON" frMUSAS="Z8">s'</w><w frlemma="en" frpos="PRON" frMUSAS="Z8">en</w><w frlemma="faire" frpos="VERB" frMUSAS="Z99">faisait</w><w frlemma="gloir" frpos="ADJ" frMUSAS="Z99">gloire</w><w frlemma=";" frpos="PUNCT" frMUSAS="PUNCT">;</w><w frlemma="le" frpos="DET" frMUSAS="Z5">l'</w><w frlemma="un" frpos="PRON" frMUSAS="Z5">une</w><w frlemma="de" frpos="ADP" frMUSAS="Z5">des</w><w frlemma="grand" frpos="ADJ" frMUSAS="Z99">grandes</w><w frlemma="œuvre" frpos="NOUN" frMUSAS="Z99">œuvres</w><w frlemma="de" frpos="ADP" frMUSAS="Z5">de</w><w frlemma="son" frpos="DET" frMUSAS="Z5">sa</w><w frlemma="vie" frpos="NOUN" frMUSAS="L1+">vie</w><w frlemma="être" frpos="AUX" frMUSAS="M6">est</w><w frlemma="de" frpos="ADP" frMUSAS="Z5">d'</w><w frlemma="avoir" frpos="AUX" frMUSAS="A9+">avoir</w><w frlemma="créer" frpos="VERB" frMUSAS="A1.1.1">créé</w><w frlemma="le" frpos="DET" frMUSAS="Z5">l'</w><w frlemma="électro-métallurgie" frpos="NOUN" frMUSAS="Z99">électro-métallurgie</w><w frlemma="de" frpos="ADP" frMUSAS="Z5">du</w><w frlemma="zinc" frpos="NOUN" frMUSAS="Z99">zinc</w><w frlemma="," frpos="PUNCT" frMUSAS="PUNCT">,</w><w frlemma="et" frpos="CCONJ" frMUSAS="Z5">et</w><w frlemma="," frpos="PUNCT" frMUSAS="PUNCT">,</w><w frlemma="par" frpos="ADP" frMUSAS="M6">par</w><w frlemma="le" frpos="DET" frMUSAS="Z5">la</w><w frlemma="découverte" frpos="NOUN" frMUSAS="A10+">découverte</w><w frlemma="de" frpos="ADP" frMUSAS="Z5">du</w><w frlemma="nickel" frpos="NOUN" frMUSAS="Z99">nickel</w><w frlemma="carbonyle" frpos="ADJ" frMUSAS="Z99">carbonyle</w><w frlemma="," frpos="PUNCT" frMUSAS="PUNCT">,</w><w frlemma="de" frpos="ADP" frMUSAS="Z5">d'</w><w frlemma="avoir" frpos="AUX" frMUSAS="A9+">avoir</w><w frlemma="renouveler" frpos="VERB" frMUSAS="T2+/A2.1">renouvelé</w><w frlemma="le" frpos="DET" frMUSAS="Z5">l'</w><w frlemma="industrie" frpos="NOUN" frMUSAS="I4c">industrie</w><w frlemma="de" frpos="ADP" frMUSAS="Z5">du</w><w frlemma="nickel" frpos="NOUN" frMUSAS="Z99">nickel</w><w frlemma="." frpos="PUNCT" frMUSAS="PUNCT">.</w><w frlemma="mais" frpos="CCONJ" frMUSAS="Z5">Mais</w><w frlemma="de" frpos="ADP" frMUSAS="Z5">d'</w><w frlemma="un" frpos="DET" frMUSAS="Z5">un</w><w frlemma="esprit" frpos="NOUN" frMUSAS="Z99">esprit</w><w frlemma="trop" frpos="ADV" frMUSAS="Z99">trop</w><w frlemma="ouvert" frpos="ADJ" frMUSAS="A10+">ouvert</w><w frlemma="pour" frpos="ADP" frMUSAS="Z5">pour</w><w frlemma="se" frpos="PRON" frMUSAS="Z8">s'</w><w frlemma="enfermer" frpos="VERB" frMUSAS="A10-">enfermer</w><w frlemma="dans" frpos="ADP" frMUSAS="Z5">dans</w><w frlemma="un" frpos="DET" frMUSAS="Z5">une</w><w frlemma="spécialité" frpos="NOUN" frMUSAS="A4.2+">spécialité</w><w frlemma="," frpos="PUNCT" frMUSAS="PUNCT">,</w><w frlemma="son" frpos="DET" frMUSAS="Z5">sa</w><w frlemma="générosité" frpos="NOUN" frMUSAS="Z99">générosité</w><w frlemma="être" frpos="AUX" frMUSAS="Z99">était</w><w frlemma="sans" frpos="ADP" frMUSAS="M6">sans</w><w frlemma="limite" frpos="NOUN" frMUSAS="A1.7+">limites</w><w frlemma=":" frpos="PUNCT" frMUSAS="PUNCT">:</w><w frlemma="on" frpos="PRON" frMUSAS="Z8">on</w><w frlemma="le" frpos="PRON" frMUSAS="Z8">le</w><w frlemma="trouver" frpos="VERB" frMUSAS="A10+">trouvait</w><w frlemma="presque" frpos="ADV" frMUSAS="A13.4">presque</w><w frlemma="partout" frpos="ADV" frMUSAS="M6/N5.1+">partout</w><w frlemma="où" frpos="SCONJ" frMUSAS="M6">où</w><w frlemma="il" frpos="PRON" frMUSAS="Z8">il</w><w frlemma="y" frpos="PRON" frMUSAS="M6">y</w><w frlemma="avoir" frpos="VERB" frMUSAS="A9+">avait</w><w frlemma="un" frpos="DET" frMUSAS="Z5">un</w><w frlemma="intérêt" frpos="NOUN" frMUSAS="X5.2+">intérêt</w><w frlemma="scientifique" frpos="ADJ" frMUSAS="Y1">scientifique</w><w frlemma="à" frpos="ADP" frMUSAS="Z5">à</w><w frlemma="soutenir" frpos="VERB" frMUSAS="Z99">soutenir</w><w frlemma="et" frpos="CCONJ" frMUSAS="Z5">et</w><w frlemma="de" frpos="ADP" frMUSAS="Z5">des</w><w frlemma="homme" frpos="NOUN" frMUSAS="I3.1">hommes</w><w frlemma="de" frpos="ADP" frMUSAS="Z5">de</w><w frlemma="bon" frpos="ADJ" frMUSAS="A5.1+">bonne</w><w frlemma="volonté" frpos="NOUN" frMUSAS="T1.1.3">volonté</w><w frlemma="à" frpos="ADP" frMUSAS="Z5">à</w><w frlemma="encourager" frpos="VERB" frMUSAS="S8+">encourager</w><w frlemma="." frpos="PUNCT" frMUSAS="PUNCT">.</w><w frlemma="dans" frpos="ADP" frMUSAS="Z5">Dans</w><w frlemma="le" frpos="DET" frMUSAS="Z5">la</w><w frlemma="séance" frpos="NOUN" frMUSAS="Z99">séance</w><w frlemma="de" frpos="ADP" frMUSAS="Z5">du</w><w frlemma="28" frpos="NUM" frMUSAS="N1">28</w><w frlemma="octobre" frpos="NOUN" frMUSAS="T1.3">octobre</w><w frlemma="1938" frpos="NUM" frMUSAS="N1">1938</w><w frlemma="," frpos="PUNCT" frMUSAS="PUNCT">,</w><w frlemma="m." frpos="NOUN" frMUSAS="Z99">M.</w><w frlemma="Gharles" frpos="PROPN" frMUSAS="Z99">Gharles</w><w frlemma="Petit-Dutaillis" frpos="PROPN" frMUSAS="Z99">Petit-Dutaillis</w><w frlemma="," frpos="PUNCT" frMUSAS="PUNCT">,</w><w frlemma="président" frpos="NOUN" frMUSAS="G1.1/S7.1+/S2mf">président</w><w frlemma="de" frpos="ADP" frMUSAS="Z5">de</w><w frlemma="le" frpos="DET" frMUSAS="Z5">l'</w><w frlemma="académie" frpos="NOUN" frMUSAS="Z99">Académie</w><w frlemma="de" frpos="ADP" frMUSAS="Z5">des</w><w frlemma="inscription" frpos="NOUN" frMUSAS="Z99">Inscriptions</w><w frlemma="," frpos="PUNCT" frMUSAS="PUNCT">,</w><w frlemma="rappeler" frpos="VERB" frMUSAS="Z99">rappelait</w><w frlemma="que" frpos="SCONJ" frMUSAS="Z5">que</w><w frlemma="le" frpos="DET" frMUSAS="Z5">le</w><w frlemma="jour" frpos="NOUN" frMUSAS="T1.3">jour</w><w frlemma="où" frpos="PRON" frMUSAS="Z8">où</w><w frlemma="le" frpos="PRON" frMUSAS="Z8">l'</w><w frlemma="on" frpos="PRON" frMUSAS="Z8">on</w><w frlemma="avoir" frpos="AUX" frMUSAS="A9+">avait</w><w frlemma="célébré" frpos="NOUN" frMUSAS="Z99">célébré</w><w frlemma="le" frpos="DET" frMUSAS="Z5">la</w><w frlemma="promotion" frpos="NOUN" frMUSAS="Z99">promotion</w><w frlemma="de" frpos="ADP" frMUSAS="Z5">de</w><w frlemma="sir" frpos="NOUN" frMUSAS="Z99">Sir</w><w frlemma="Robert" frpos="PROPN" frMUSAS="Z99">Robert</w><w frlemma="Mond" frpos="PROPN" frMUSAS="Z99">Mond</w><w frlemma="au" frpos="ADP" frMUSAS="Z5">au</w><w frlemma="grade" frpos="NOUN" frMUSAS="Z99">grade</w><w frlemma="de" frpos="ADP" frMUSAS="Z5">de</w><w frlemma="Commandeur" frpos="PROPN" frMUSAS="Z99">Commandeur</w><w frlemma="de" frpos="ADP" frMUSAS="Z5">de</w><w frlemma="le" frpos="DET" frMUSAS="Z5">la</w><w frlemma="légion" frpos="NOUN" frMUSAS="Z99">Légion</w><w frlemma="de" frpos="ADP" frMUSAS="Z5">d'</w><w frlemma="honneur" frpos="NOUN" frMUSAS="Z99">Honneur</w><w frlemma="," frpos="PUNCT" frMUSAS="PUNCT">,</w><w frlemma="le" frpos="DET" frMUSAS="Z5">le</w><w frlemma="directeur" frpos="NOUN" frMUSAS="S7.1+/S2mf">directeur</w><w frlemma="de" frpos="ADP" frMUSAS="Z5">du</w><w frlemma="muséum" frpos="NOUN" frMUSAS="Z99">Muséum</w><w frlemma="le" frpos="PRON" frMUSAS="Z8">l'</w><w frlemma="avoir" frpos="AUX" frMUSAS="A9+">avait</w><w frlemma="qualifier" frpos="VERB" frMUSAS="A1.2+">qualifié</w><w frlemma="de" frpos="ADP" frMUSAS="Z5">de</w><w frlemma="«" frpos="NOUN" frMUSAS="Z99">«</w><w frlemma="polyvalent" frpos="ADV" frMUSAS="Z99">polyvalent</w><w frlemma="»" frpos="PUNCT" frMUSAS="PUNCT">»</w><w frlemma="." frpos="PUNCT" frMUSAS="PUNCT">.</w><w frlemma="nous" frpos="PRON" frMUSAS="Z8">Nous</w><w frlemma="voir" frpos="VERB" frMUSAS="X3.4">verrons</w><w frlemma="dans" frpos="ADP" frMUSAS="Z5">dans</w><w frlemma="ce" frpos="DET" frMUSAS="Z5">ce</w><w frlemma="surnom" frpos="NOUN" frMUSAS="Z99">surnom</w><w frlemma="tirer" frpos="VERB" frMUSAS="Z99">tiré</w><w frlemma="de" frpos="ADP" frMUSAS="Z5">de</w><w frlemma="le" frpos="DET" frMUSAS="Z5">la</w><w frlemma="langue" frpos="NOUN" frMUSAS="Z99">langue</w><w frlemma="de" frpos="ADP" frMUSAS="Z5">des</w><w frlemma="laboratoire" frpos="NOUN" frMUSAS="Y1/H1c">Laboratoires</w><w frlemma="un" frpos="DET" frMUSAS="Z5">une</w><w frlemma="allusion" frpos="NOUN" frMUSAS="A10-/Q2.2">allusion</w><w frlemma="non" frpos="ADV" frMUSAS="Z99">non</w><w frlemma="seulement" frpos="ADV" frMUSAS="A14">seulement</w><w frlemma="à" frpos="ADP" frMUSAS="Z5">à</w><w frlemma="son" frpos="DET" frMUSAS="Z5">ses</w><w frlemma="connaissance" frpos="NOUN" frMUSAS="X2.2+">connaissances</w><w frlemma="encyclopédique" frpos="ADJ" frMUSAS="Z99">encyclopédiques</w><w frlemma="," frpos="PUNCT" frMUSAS="PUNCT">,</w><w frlemma="mais" frpos="CCONJ" frMUSAS="Z5">mais</w><w frlemma="encore" frpos="ADV" frMUSAS="Z99">encore</w><w frlemma="à" frpos="ADP" frMUSAS="Z5">à</w><w frlemma="le" frpos="DET" frMUSAS="Z5">la</w><w frlemma="largeur" frpos="NOUN" frMUSAS="Z99">largeur</w><w frlemma="de" frpos="ADP" frMUSAS="Z5">de</w><w frlemma="son" frpos="DET" frMUSAS="Z5">son</w><w frlemma="humanisme" frpos="NOUN" frMUSAS="Z99">humanisme</w><w frlemma="." frpos="PUNCT" frMUSAS="PUNCT">.</w><w frlemma="ce" frpos="PRON" frMUSAS="Z8">C'</w><w frlemma="être" frpos="AUX" frMUSAS="M6">est</w><w frlemma="ausst" frpos="ADV" frMUSAS="Z99">ausst</w><w frlemma="m." frpos="NOUN" frMUSAS="Z99">M.</w><w frlemma="Petit-Dutaillis" frpos="PROPN" frMUSAS="Z99">Petit-Dutaillis</w><w frlemma="qui" frpos="PRON" frMUSAS="Z8">qui</w><w frlemma="remarqu" frpos="ADJ" frMUSAS="Q2.2">remarque</w><w frlemma="que" frpos="SCONJ" frMUSAS="Z5">que</w><w frlemma="," frpos="PUNCT" frMUSAS="PUNCT">,</w><w frlemma="lorsque" frpos="SCONJ" frMUSAS="Z5">lorsqu'</w><w frlemma="il" frpos="PRON" frMUSAS="Z8">il</w><w frlemma="avoir" frpos="AUX" frMUSAS="A9+">avait</w><w frlemma="fonder" frpos="VERB" frMUSAS="Z99">fondé</w><w frlemma="le" frpos="DET" frMUSAS="Z5">la</w><w frlemma="maison" frpos="NOUN" frMUSAS="H1">Maison</w><w frlemma="de" frpos="ADP" frMUSAS="Z5">de</w><w frlemma="le" frpos="DET" frMUSAS="Z5">la</w><w frlemma="Chimie" frpos="PROPN" frMUSAS="Y1">Chimie</w><w frlemma="," frpos="PUNCT" frMUSAS="PUNCT">,</w><w frlemma="il" frpos="PRON" frMUSAS="Z8">il</w><w frlemma="avoir" frpos="AUX" frMUSAS="A9+">avait</w><w frlemma="vouloir" frpos="VERB" frMUSAS="X7+">voulu</w><w frlemma="en" frpos="PRON" frMUSAS="Z8">en</w><w frlemma="faire" frpos="VERB" frMUSAS="Z99">faire</w><w frlemma="un" frpos="DET" frMUSAS="Z5">un</w><w frlemma="foyer" frpos="NOUN" frMUSAS="Z99">foyer</w><w frlemma="pour" frpos="ADP" frMUSAS="Z5">pour</w><w frlemma="le" frpos="DET" frMUSAS="Z5">les</w><w frlemma="savant" frpos="NOUN" frMUSAS="Z99">savants</w><w frlemma="de" frpos="ADP" frMUSAS="Z5">de</w><w frlemma="tout" frpos="ADJ" frMUSAS="Z8">toutes</w><w frlemma="le" frpos="DET" frMUSAS="Z5">les</w><w frlemma="discipline" frpos="NOUN" frMUSAS="G2.1">disciplines</w><w frlemma="et" frpos="CCONJ" frMUSAS="Z5">et</w><w frlemma="de" frpos="ADP" frMUSAS="Z5">de</w><w frlemma="tout" frpos="ADJ" frMUSAS="Z8">toutes</w><w frlemma="le" frpos="DET" frMUSAS="Z5">les</w><w frlemma="nation" frpos="NOUN" frMUSAS="G1.1c">nations</w><w frlemma="." frpos="PUNCT" frMUSAS="PUNCT">.</w></p><p><w frlemma="je" frpos="PRON" frMUSAS="Z8mf">J'</w><w frlemma="imaginer" frpos="VERB" frMUSAS="X2.1">imagine</w><w frlemma="donc" frpos="ADV" frMUSAS="Z5">donc</w><w frlemma="que" frpos="SCONJ" frMUSAS="Z5">que</w><w frlemma="se" frpos="SCONJ" frMUSAS="Z8">s'</w><w frlemma="il" frpos="PRON" frMUSAS="Z8">il</w><w frlemma="être" frpos="AUX" frMUSAS="M6">est</w><w frlemma="venir" frpos="VERB" frMUSAS="M1">venu</w><w frlemma="à" frpos="ADP" frMUSAS="Z5">à</w><w frlemma="le" frpos="DET" frMUSAS="Z5">l'</w><w frlemma="egyptologie" frpos="NOUN" frMUSAS="Z99">Egyptologie</w><w frlemma="par" frpos="ADP" frMUSAS="M6">par</w><w frlemma="«" frpos="PUNCT" frMUSAS="PUNCT">«</w><w frlemma="son" frpos="DET" frMUSAS="Z5">son</w><w frlemma="désir" frpos="NOUN" frMUSAS="X7+">désir</w><w frlemma="de" frpos="ADP" frMUSAS="Z5">de</w><w frlemma="se" frpos="PRON" frMUSAS="Z8">s'</w><w frlemma="instruire" frpos="VERB" frMUSAS="Z99">instruire</w><w frlemma="sur" frpos="ADP" frMUSAS="Z5">sur</w><w frlemma="le" frpos="DET" frMUSAS="Z5">les</w><w frlemma="technique" frpos="NOUN" frMUSAS="Z99">techniques</w><w frlemma="de" frpos="ADP" frMUSAS="Z5">des</w><w frlemma="peuple" frpos="NOUN" frMUSAS="S2">peuples</w><w frlemma="antique" frpos="ADJ" frMUSAS="Z99">antiques</w><w frlemma="»" frpos="PUNCT" frMUSAS="PUNCT">»</w><w frlemma="," frpos="PUNCT" frMUSAS="PUNCT">,</w><w frlemma="lui" frpos="PRON" frMUSAS="Z8">elle</w><w frlemma="le" frpos="PRON" frMUSAS="Z8">l'</w><w frlemma="avoir" frpos="AUX" frMUSAS="A9+">a</w><w frlemma="surtout" frpos="ADV" frMUSAS="Z99">surtout</w><w frlemma="retenir" frpos="VERB" frMUSAS="Z99">retenu</w><w frlemma="par" frpos="ADP" frMUSAS="M6">par</w><w frlemma="le" frpos="DET" frMUSAS="Z5">le</w><w frlemma="caractère" frpos="NOUN" frMUSAS="Z99">caractère</w><w frlemma="profondément" frpos="ADV" frMUSAS="Z99">profondément</w><w frlemma="humain" frpos="ADJ" frMUSAS="S2">humain</w><w frlemma="de" frpos="ADP" frMUSAS="Z5">de</w><w frlemma="son" frpos="DET" frMUSAS="Z5">ses</w><w frlemma="découverte" frpos="NOUN" frMUSAS="A10+">découvertes</w><w frlemma="." frpos="PUNCT" frMUSAS="PUNCT">.</w><w frlemma="il" frpos="PRON" frMUSAS="Z8">Il</w><w frlemma="me" frpos="PRON" frMUSAS="Z8">me</w><w frlemma="sembler" frpos="VERB" frMUSAS="A8">semble</w><w frlemma="y" frpos="PRON" frMUSAS="M6">y</w><w frlemma="avoir" frpos="AUX" frMUSAS="A9+">avoir</w><w frlemma="chercher" frpos="VERB" frMUSAS="Z99">cherché</w><w frlemma="le" frpos="DET" frMUSAS="Z5">l'</w><w frlemma="origine" frpos="NOUN" frMUSAS="Z99">origine</w><w frlemma="ou" frpos="CCONJ" frMUSAS="Z5">ou</w><w frlemma="le" frpos="DET" frMUSAS="Z5">le</w><w frlemma="passage" frpos="NOUN" frMUSAS="Z99">passage</w><w frlemma="de" frpos="ADP" frMUSAS="Z5">des</w><w frlemma="grand" frpos="ADJ" frMUSAS="Z99">grandes</w><w frlemma="race" frpos="ADJ" frMUSAS="Z99">races</w><w frlemma="civilisateur" frpos="NOUN" frMUSAS="Z99">civilisatrices</w><w frlemma="," frpos="PUNCT" frMUSAS="PUNCT">,</w><w frlemma="ider" frpos="VERB" frMUSAS="X4.1">idée</w><w frlemma="tout" frpos="DET" frMUSAS="Z8">toute</w><w frlemma="naturel" frpos="NOUN" frMUSAS="A6.2+">naturelle</w><pb n="280"/><w frlemma="chez" frpos="ADP" frMUSAS="Z5">chez</w><w frlemma="un" frpos="DET" frMUSAS="Z5">un</w><w frlemma="juif" frpos="NOUN" frMUSAS="Z99">juif</w><w frlemma="éclairer" frpos="VERB" frMUSAS="Z99">éclairé</w><w frlemma="," frpos="PUNCT" frMUSAS="PUNCT">,</w><w frlemma="soucieux" frpos="VERB" frMUSAS="Z99">soucieux</w><w frlemma="comme" frpos="ADP" frMUSAS="Z5">comme</w><w frlemma="luire" frpos="PRON" frMUSAS="Z8">lui</w><w frlemma="," frpos="PUNCT" frMUSAS="PUNCT">,</w><w frlemma="de" frpos="ADP" frMUSAS="Z5">d'</w><w frlemma="un" frpos="DET" frMUSAS="Z5">une</w><w frlemma="histoire" frpos="NOUN" frMUSAS="Z99">histoire</w><w frlemma="dont" frpos="PRON" frMUSAS="Z8">dont</w><w frlemma="le" frpos="DET" frMUSAS="Z5">l'</w><w frlemma="influence" frpos="NOUN" frMUSAS="A2.2">influence</w><w frlemma="se" frpos="PRON" frMUSAS="Z8">se</w><w frlemma="faire" frpos="VERB" frMUSAS="Z99">fait</w><w frlemma="encore" frpos="ADV" frMUSAS="Z99">encore</w><w frlemma="si" frpos="SCONJ" frMUSAS="Z5">si</w><w frlemma="fortement" frpos="ADV" frMUSAS="A13.3">fortement</w><w frlemma="sentir" frpos="VERB" frMUSAS="Z99">sentir</w><w frlemma="dans" frpos="ADP" frMUSAS="Z5">dans</w><w frlemma="notre" frpos="DET" frMUSAS="Z8">notre</w><w frlemma="monde" frpos="NOUN" frMUSAS="Z99">monde</w><w frlemma="contemporain" frpos="ADJ" frMUSAS="T1.1.2/S2mf">contemporain</w><w frlemma="." frpos="PUNCT" frMUSAS="PUNCT">.</w><w frlemma="on" frpos="PRON" frMUSAS="Z8">On</w><w frlemma="comprendre" frpos="VERB" frMUSAS="X2.5+">comprend</w><w frlemma="donc" frpos="ADV" frMUSAS="Z5">donc</w><w frlemma="que" frpos="SCONJ" frMUSAS="Z5">que</w><w frlemma="son" frpos="DET" frMUSAS="Z5">sa</w><w frlemma="sollicitude" frpos="NOUN" frMUSAS="Z99">sollicitude</w><w frlemma="ne" frpos="ADV" frMUSAS="Z6">ne</w><w frlemma="se" frpos="PRON" frMUSAS="Z8">se</w><w frlemma="être" frpos="AUX" frMUSAS="Z99">soit</w><w frlemma="pas" frpos="ADV" frMUSAS="Z99">pas</w><w frlemma="borner" frpos="VERB" frMUSAS="Z99">bornée</w><w frlemma="à" frpos="ADP" frMUSAS="Z5">aux</w><w frlemma="exploration" frpos="NOUN" frMUSAS="Z99">explorations</w><w frlemma="dans" frpos="ADP" frMUSAS="Z5">dans</w><w frlemma="le" frpos="DET" frMUSAS="Z5">la</w><w frlemma="vallée" frpos="NOUN" frMUSAS="W3">vallée</w><w frlemma="de" frpos="ADP" frMUSAS="Z5">du</w><w frlemma="Nil" frpos="PROPN" frMUSAS="Z99">Nil</w><w frlemma="." frpos="PUNCT" frMUSAS="PUNCT">.</w><w frlemma="en" frpos="ADP" frMUSAS="Z5">En</w><w frlemma="1909" frpos="NUM" frMUSAS="N1">1909</w><w frlemma="on" frpos="PRON" frMUSAS="Z8">on</w><w frlemma="le" frpos="PRON" frMUSAS="Z8">le</w><w frlemma="voit" frpos="NOUN" frMUSAS="Z99">voit</w><w frlemma="subventionner" frpos="VERB" frMUSAS="Z99">subventionner</w><w frlemma="le" frpos="DET" frMUSAS="Z5">les</w><w frlemma="recherche" frpos="NOUN" frMUSAS="Z99">recherches</w><w frlemma="de" frpos="ADP" frMUSAS="Z5">de</w><w frlemma="le" frpos="DET" frMUSAS="Z5">l'</w><w frlemma="Institut" frpos="PROPN" frMUSAS="P1/S5+c">Institut</w><w frlemma="archéologique" frpos="ADJ" frMUSAS="Z99">archéologique</w><w frlemma="de" frpos="ADP" frMUSAS="Z5">de</w><w frlemma="Liverpool" frpos="PROPN" frMUSAS="Z99">Liverpool</w><w frlemma="," frpos="PUNCT" frMUSAS="PUNCT">,</w><w frlemma="diriger" frpos="VERB" frMUSAS="Z99">dirigées</w><w frlemma="par" frpos="ADP" frMUSAS="M6">par</w><w frlemma="Garstang" frpos="PROPN" frMUSAS="Z99">Garstang</w><w frlemma="," frpos="PUNCT" frMUSAS="PUNCT">,</w><w frlemma="à" frpos="ADP" frMUSAS="Z5">à</w><w frlemma="Méroé" frpos="PROPN" frMUSAS="Z99">Méroé</w><w frlemma="," frpos="PUNCT" frMUSAS="PUNCT">,</w><w frlemma="au" frpos="ADP" frMUSAS="Z5">au</w><w frlemma="Soudan" frpos="PROPN" frMUSAS="Z99">Soudan</w><w frlemma="," frpos="PUNCT" frMUSAS="PUNCT">,</w><w frlemma="en" frpos="ADP" frMUSAS="Z5">en</w><w frlemma="Asie" frpos="PROPN" frMUSAS="Z99">Asie</w><w frlemma="Mineure" frpos="PROPN" frMUSAS="Z99">Mineure</w><w frlemma="." frpos="PUNCT" frMUSAS="PUNCT">.</w><w frlemma="plus" frpos="ADV" frMUSAS="Z5">Plus</w><w frlemma="tard" frpos="ADV" frMUSAS="T4-">tard</w><w frlemma="un" frpos="DET" frMUSAS="Z5">une</w><w frlemma="bourse" frpos="NOUN" frMUSAS="Z99">bourse</w><w frlemma="de" frpos="ADP" frMUSAS="Z5">de</w><w frlemma="le" frpos="DET" frMUSAS="Z5">l'</w><w frlemma="école" frpos="NOUN" frMUSAS="P1">École</w><w frlemma="anglais" frpos="ADJ" frMUSAS="Z1mf">anglaise</w><w frlemma="de" frpos="ADP" frMUSAS="Z5">de</w><w frlemma="Jérusalem" frpos="PROPN" frMUSAS="Z99">Jérusalem</w><w frlemma="porter" frpos="VERB" frMUSAS="Z99">portera</w><w frlemma="son" frpos="DET" frMUSAS="Z5">son</w><w frlemma="nom" frpos="NOUN" frMUSAS="Q2.2">nom</w><w frlemma="et" frpos="CCONJ" frMUSAS="Z5">et</w><w frlemma="il" frpos="PRON" frMUSAS="Z8">il</w><w frlemma="contribuer" frpos="VERB" frMUSAS="A9-">contribuera</w><w frlemma="à" frpos="ADP" frMUSAS="Z5">aux</w><w frlemma="fouille" frpos="NOUN" frMUSAS="Z99">fouilles</w><w frlemma="de" frpos="ADP" frMUSAS="Z5">de</w><w frlemma="Miss" frpos="PROPN" frMUSAS="Z99">Miss</w><w frlemma="Garrod" frpos="PROPN" frMUSAS="Z99">Garrod</w><w frlemma="à" frpos="ADP" frMUSAS="Z5">à</w><w frlemma="Athlit" frpos="PROPN" frMUSAS="Z99">Athlit</w><w frlemma="." frpos="PUNCT" frMUSAS="PUNCT">.</w><w frlemma="mais" frpos="CCONJ" frMUSAS="Z5">Mais</w><w frlemma="ce" frpos="PRON" frMUSAS="Z8">c'</w><w frlemma="être" frpos="AUX" frMUSAS="M6">est</w><w frlemma="en" frpos="ADP" frMUSAS="Z5">en</w><w frlemma="Thébaïde" frpos="PROPN" frMUSAS="Z99">Thébaïde</w><w frlemma="que" frpos="PRON" frMUSAS="Z8">que</w><w frlemma="nous" frpos="PRON" frMUSAS="Z8">nous</w><w frlemma="trouver" frpos="VERB" frMUSAS="A10+">trouverons</w><w frlemma="le" frpos="DET" frMUSAS="Z5">les</w><w frlemma="trace" frpos="NOUN" frMUSAS="Z99">traces</w><w frlemma="le" frpos="DET" frMUSAS="Z5">les</w><w frlemma="plus" frpos="ADV" frMUSAS="Z5">plus</w><w frlemma="nombreux" frpos="ADJ" frMUSAS="N5+">nombreuses</w><w frlemma="de" frpos="ADP" frMUSAS="Z5">de</w><w frlemma="le" frpos="DET" frMUSAS="Z5">l'</w><w frlemma="activité" frpos="NOUN" frMUSAS="A1.1.1">activité</w><w frlemma="archéologique" frpos="ADJ" frMUSAS="Z99">archéologique</w><w frlemma="de" frpos="ADP" frMUSAS="Z5">de</w><w frlemma="sir" frpos="NOUN" frMUSAS="Z99">Sir</w><w frlemma="Robert" frpos="PROPN" frMUSAS="Z99">Robert</w><w frlemma="Mond" frpos="PROPN" frMUSAS="Z99">Mond</w><w frlemma="." frpos="PUNCT" frMUSAS="PUNCT">.</w><w frlemma="en" frpos="ADP" frMUSAS="Z5">En</w><w frlemma="1896" frpos="NUM" frMUSAS="N1">1896</w><w frlemma="au" frpos="ADP" frMUSAS="Z5">au</w><w frlemma="début" frpos="NOUN" frMUSAS="T2+">début</w><w frlemma="de" frpos="ADP" frMUSAS="Z5">de</w><w frlemma="son" frpos="DET" frMUSAS="Z5">sa</w><w frlemma="carrière" frpos="NOUN" frMUSAS="I3.1">carrière</w><w frlemma="," frpos="PUNCT" frMUSAS="PUNCT">,</w><w frlemma="reprendre" frpos="VERB" frMUSAS="Z99">reprenant</w><w frlemma="le" frpos="DET" frMUSAS="Z5">la</w><w frlemma="concession" frpos="NOUN" frMUSAS="S7.4+">concession</w><w frlemma="de" frpos="ADP" frMUSAS="Z5">de</w><w frlemma="Percy" frpos="PROPN" frMUSAS="Z99">Percy</w><w frlemma="E." frpos="X" frMUSAS="Z99">E.</w><w frlemma="Newberry" frpos="PROPN" frMUSAS="Z99">Newberry</w><w frlemma="à" frpos="ADP" frMUSAS="Z5">à</w><w frlemma="Louxor" frpos="PROPN" frMUSAS="Z99">Louxor</w><w frlemma="," frpos="PUNCT" frMUSAS="PUNCT">,</w><w frlemma="1l" frpos="NUM" frMUSAS="N1">1l</w><w frlemma="se" frpos="PRON" frMUSAS="Z8">se</w><w frlemma="donne" frpos="VERB" frMUSAS="Z99">donne</w><w frlemma="pour" frpos="ADP" frMUSAS="Z5">pour</w><w frlemma="tâche" frpos="NOUN" frMUSAS="A1.1.1">tâche</w><w frlemma="," frpos="PUNCT" frMUSAS="PUNCT">,</w><w frlemma="de" frpos="ADP" frMUSAS="Z5">de</w><w frlemma="déblayer" frpos="VERB" frMUSAS="Z99">déblayer</w><w frlemma="et" frpos="CCONJ" frMUSAS="Z5">et</w><w frlemma="de" frpos="ADP" frMUSAS="Z5">de</w><w frlemma="restaurer" frpos="VERB" frMUSAS="Z99">restaurer</w><w frlemma="autant" frpos="ADV" frMUSAS="Z99">autant</w><w frlemma="que" frpos="SCONJ" frMUSAS="Z5">qu'</w><w frlemma="il" frpos="PRON" frMUSAS="Z8">il</w><w frlemma="le" frpos="PRON" frMUSAS="Z8">le</w><w frlemma="pouvoir" frpos="VERB" frMUSAS="Z99">pourra</w><w frlemma="le" frpos="DET" frMUSAS="Z5">les</w><w frlemma="tombe" frpos="NOUN" frMUSAS="Z99">tombes</w><w frlemma="thébaine" frpos="ADJ" frMUSAS="Z99">thébaines</w><w frlemma="," frpos="PUNCT" frMUSAS="PUNCT">,</w><w frlemma="œuvre" frpos="VERB" frMUSAS="Z99">œuvre</w><w frlemma="urgent" frpos="ADJ" frMUSAS="A11.1+">urgente</w><w frlemma="alors" frpos="ADV" frMUSAS="Z99">alors</w><w frlemma="," frpos="PUNCT" frMUSAS="PUNCT">,</w><w frlemma="et" frpos="CCONJ" frMUSAS="Z5">et</w><w frlemma="qui" frpos="PRON" frMUSAS="Z8">qui</w><w frlemma="reste" frpos="VERB" frMUSAS="E3+">reste</w><w frlemma="encore" frpos="ADV" frMUSAS="Z99">encore</w><w frlemma="urgent" frpos="ADJ" frMUSAS="A11.1+">urgente</w><w frlemma="," frpos="PUNCT" frMUSAS="PUNCT">,</w><w frlemma="œuvre" frpos="NOUN" frMUSAS="Z99">œuvre</w><w frlemma="délicat" frpos="ADJ" frMUSAS="Z99">délicate</w><w frlemma="," frpos="PUNCT" frMUSAS="PUNCT">,</w><w frlemma="comme" frpos="SCONJ" frMUSAS="Z5">comme</w><w frlemma="le" frpos="DET" frMUSAS="Z5">le</w><w frlemma="prouvent" frpos="NOUN" frMUSAS="Z99">prouvent</w><w frlemma="bien" frpos="ADV" frMUSAS="A10+">bien</w><w frlemma="un" frpos="DET" frMUSAS="Z5">des</w><w frlemma="erreur" frpos="NOUN" frMUSAS="Z99">erreurs</w><w frlemma="," frpos="PUNCT" frMUSAS="PUNCT">,</w><w frlemma="que" frpos="PRON" frMUSAS="Z8">qu'</w><w frlemma="il" frpos="PRON" frMUSAS="Z8">il</w><w frlemma="avoir" frpos="AUX" frMUSAS="A9+">avait</w><w frlemma="éviter" frpos="VERB" frMUSAS="A1.9">évitées</w><w frlemma="et" frpos="CCONJ" frMUSAS="Z5">et</w><w frlemma="que" frpos="SCONJ" frMUSAS="Z5">que</w><w frlemma="même" frpos="ADV" frMUSAS="Z99">même</w><w frlemma="dans" frpos="ADP" frMUSAS="Z5">dans</w><w frlemma="notre" frpos="DET" frMUSAS="Z8">notre</w><w frlemma="temps" frpos="NOUN" frMUSAS="T1">temps</w><w frlemma="," frpos="PUNCT" frMUSAS="PUNCT">,</w><w frlemma="pourtant" frpos="ADV" frMUSAS="Z99">pourtant</w><w frlemma="avertir" frpos="VERB" frMUSAS="X2.2+/A15-">averti</w><w frlemma="," frpos="PUNCT" frMUSAS="PUNCT">,</w><w frlemma="nous" frpos="PRON" frMUSAS="Z8">nous</w><w frlemma="avoir" frpos="AUX" frMUSAS="A9+">avons</w><w frlemma="voir" frpos="VERB" frMUSAS="X3.4">vu</w><w frlemma="commettre" frpos="VERB" frMUSAS="A1.1.1">commettre</w><w frlemma="encore" frpos="ADV" frMUSAS="Z99">encore</w><w frlemma="." frpos="PUNCT" frMUSAS="PUNCT">.</w><w frlemma="nous" frpos="PRON" frMUSAS="Z8">Nous</w><w frlemma="ne" frpos="ADV" frMUSAS="Z6">n'</w><w frlemma="énumérer" frpos="VERB" frMUSAS="N1/N4">énumérerons</w><w frlemma="pas" frpos="ADV" frMUSAS="Z99">pas</w><w frlemma="tout" frpos="ADJ" frMUSAS="Z8">toutes</w><w frlemma="le" frpos="DET" frMUSAS="Z5">les</w><w frlemma="tombe" frpos="NOUN" frMUSAS="Z99">tombes</w><w frlemma="que" frpos="SCONJ" frMUSAS="Z5">que</w><w frlemma="sir" frpos="DET" frMUSAS="Z99">Sir</w><w frlemma="Robert" frpos="PROPN" frMUSAS="Z99">Robert</w><w frlemma="avoir" frpos="AUX" frMUSAS="A9+">a</w><w frlemma="sauver" frpos="VERB" frMUSAS="Z99">sauvées</w><w frlemma="," frpos="PUNCT" frMUSAS="PUNCT">,</w><w frlemma="quelquefois" frpos="ADV" frMUSAS="N6">quelquefois</w><w frlemma="découverte" frpos="NOUN" frMUSAS="A10+">découvertes</w><w frlemma="et" frpos="CCONJ" frMUSAS="Z5">et</w><w frlemma="sauver" frpos="VERB" frMUSAS="Z99">sauvées</w><w frlemma="," frpos="PUNCT" frMUSAS="PUNCT">,</w><w frlemma="avec" frpos="ADP" frMUSAS="Z5">avec</w><w frlemma="le" frpos="DET" frMUSAS="Z5">le</w><w frlemma="concours" frpos="NOUN" frMUSAS="Z99">concours</w><w frlemma="de" frpos="ADP" frMUSAS="Z5">d'</w><w frlemma="archéologue" frpos="NOUN" frMUSAS="Z99">archéologues</w><w frlemma="tel" frpos="ADJ" frMUSAS="Z5">tels</w><w frlemma="que" frpos="SCONJ" frMUSAS="Z5">que</w><w frlemma="carter" frpos="NOUN" frMUSAS="Z99">Carter</w><w frlemma="," frpos="PUNCT" frMUSAS="PUNCT">,</w><w frlemma="Weigall" frpos="PROPN" frMUSAS="Z99">Weigall</w><w frlemma="," frpos="PUNCT" frMUSAS="PUNCT">,</w><w frlemma="Jelf" frpos="PROPN" frMUSAS="Z99">Jelf</w><w frlemma="," frpos="PUNCT" frMUSAS="PUNCT">,</w><w frlemma="A." frpos="PROPN" frMUSAS="Z99">A.</w><w frlemma="Gardiner" frpos="PROPN" frMUSAS="Z99">Gardiner</w><w frlemma="," frpos="PUNCT" frMUSAS="PUNCT">,</w><w frlemma="Mackay" frpos="PROPN" frMUSAS="Z99">Mackay</w><w frlemma="." frpos="PUNCT" frMUSAS="PUNCT">.</w><w frlemma="on" frpos="PRON" frMUSAS="Z8">On</w><w frlemma="trouver" frpos="VERB" frMUSAS="A10+">trouvera</w><w frlemma="le" frpos="DET" frMUSAS="Z5">la</w><w frlemma="liste" frpos="NOUN" frMUSAS="Q1.2">liste</w><w frlemma="de" frpos="ADP" frMUSAS="Z5">des</w><w frlemma="rapport" frpos="NOUN" frMUSAS="Z99">rapports</w><w frlemma="," frpos="PUNCT" frMUSAS="PUNCT">,</w><w frlemma="auxquel" frpos="ADJ" frMUSAS="Z99">auxquels</w><w frlemma="ce" frpos="DET" frMUSAS="Z5">ces</w><w frlemma="travail" frpos="NOUN" frMUSAS="I3.1">travaux</w><w frlemma="avoir" frpos="AUX" frMUSAS="A9+">ont</w><w frlemma="donner" frpos="VERB" frMUSAS="A9-">donné</w><w frlemma="lieu" frpos="NOUN" frMUSAS="M2">lieu</w><w frlemma="," frpos="PUNCT" frMUSAS="PUNCT">,</w><w frlemma="dans" frpos="ADP" frMUSAS="Z5">dans</w><w frlemma="le" frpos="DET" frMUSAS="Z5">la</w><w frlemma="bel" frpos="ADJ" frMUSAS="Z99">belle</w><w frlemma="notice" frpos="NOUN" frMUSAS="Z99">notice</w><w frlemma="que" frpos="SCONJ" frMUSAS="Z5">que</w><w frlemma="Percy" frpos="PROPN" frMUSAS="Z99">Percy</w><w frlemma="E." frpos="X" frMUSAS="Z99">E.</w><w frlemma="Newberry" frpos="PROPN" frMUSAS="Z99">Newberry</w><w frlemma="avoir" frpos="AUX" frMUSAS="A9+">a</w><w frlemma="consacrer" frpos="VERB" frMUSAS="Z99">consacré</w><w frlemma="à" frpos="ADP" frMUSAS="Z5">à</w><w frlemma="mond" frpos="NOUN" frMUSAS="Z99">Mond</w><w frlemma="dans" frpos="ADP" frMUSAS="Z5">dans</w><w frlemma="le" frpos="DET" frMUSAS="Z5">le</w><w frlemma="journal" frpos="NOUN" frMUSAS="Z99">Journal</w><w frlemma="of" frpos="X" frMUSAS="Z99">of</w><w frlemma="Egyptian" frpos="PROPN" frMUSAS="Z99">Egyptian</w><w frlemma="Archæology" frpos="PROPN" frMUSAS="Z99">Archæology</w><w frlemma="(" frpos="PUNCT" frMUSAS="PUNCT">(</w><w frlemma="xx1v" frpos="NOUN" frMUSAS="Z99">XX1V</w><w frlemma="," frpos="PUNCT" frMUSAS="PUNCT">,</w><w frlemma="p" frpos="NOUN" frMUSAS="Z99">p</w><w frlemma="208" frpos="NOUN" frMUSAS="Z99">208</w><w frlemma="-" frpos="NOUN" frMUSAS="Z99">-</w><w frlemma="210" frpos="NOUN" frMUSAS="Z99">210</w><w frlemma=")" frpos="PUNCT" frMUSAS="PUNCT">)</w><w frlemma="." frpos="PUNCT" frMUSAS="PUNCT">.</w><w frlemma="le" frpos="DET" frMUSAS="Z5">Les</w><w frlemma="touriste" frpos="NOUN" frMUSAS="Z99">touristes</w><w frlemma="le" frpos="DET" frMUSAS="Z5">les</w><w frlemma="plus" frpos="ADV" frMUSAS="Z5">plus</w><w frlemma="presser" frpos="VERB" frMUSAS="Z99">pressés</w><w frlemma="entendre" frpos="ADV" frMUSAS="X3.2">entendent</w><w frlemma="son" frpos="DET" frMUSAS="Z5">son</w><w frlemma="nom" frpos="NOUN" frMUSAS="Q2.2">nom</w><w frlemma="en" frpos="ADP" frMUSAS="Z5">en</w><w frlemma="visiter" frpos="VERB" frMUSAS="S1.1.1">visitant</w><w frlemma="le" frpos="DET" frMUSAS="Z5">la</w><w frlemma="célèbre" frpos="ADJ" frMUSAS="X2.2+">célèbre</w><w frlemma="tombe" frpos="NOUN" frMUSAS="Z99">tombe</w><w frlemma="de" frpos="ADP" frMUSAS="Z5">de</w><w frlemma="Ramosé" frpos="PROPN" frMUSAS="Z99">Ramosé</w><w frlemma="." frpos="PUNCT" frMUSAS="PUNCT">.</w><w frlemma="il" frpos="PRON" frMUSAS="Z8">Il</w><w frlemma="y" frpos="PRON" frMUSAS="M6">y</w><w frlemma="avoir" frpos="AUX" frMUSAS="A9+">avait</w><w frlemma="travailler" frpos="VERB" frMUSAS="I3.1">travaillé</w><w frlemma="en" frpos="ADP" frMUSAS="Z5">en</w><w frlemma="1923" frpos="NUM" frMUSAS="N1">1923</w><w frlemma="avec" frpos="ADP" frMUSAS="Z5">avec</w><w frlemma="mm." frpos="NOUN" frMUSAS="Z99">MM.</w><w frlemma="Yeivin" frpos="PROPN" frMUSAS="Z99">Yeivin</w><w frlemma="et" frpos="CCONJ" frMUSAS="Z5">et</w><w frlemma="Walter" frpos="PROPN" frMUSAS="Z99">Walter</w><w frlemma="Emery" frpos="PROPN" frMUSAS="Z99">Emery</w><w frlemma="." frpos="PUNCT" frMUSAS="PUNCT">.</w><w frlemma="ce" frpos="PRON" frMUSAS="Z8">C'</w><w frlemma="être" frpos="VERB" frMUSAS="M6">est</w><w frlemma="avec" frpos="ADP" frMUSAS="Z5">avec</w><w frlemma="m." frpos="NOUN" frMUSAS="Z99">M.</w><w frlemma="W." frpos="PROPN" frMUSAS="Z99">W.</w><w frlemma="Emery" frpos="PROPN" frMUSAS="Z99">Emery</w><w frlemma="que" frpos="PRON" frMUSAS="Z8">qu'</w><w frlemma="il" frpos="PRON" frMUSAS="Z8">il</w><w frlemma="explorer" frpos="VERB" frMUSAS="Z99">explora</w><w frlemma="pour" frpos="ADP" frMUSAS="Z5">pour</w><w frlemma="le" frpos="DET" frMUSAS="Z5">la</w><w frlemma="premier" frpos="ADJ" frMUSAS="N4">première</w><w frlemma="fois" frpos="NOUN" frMUSAS="Z99">fois</w><w frlemma="le" frpos="DET" frMUSAS="Z5">le</w><w frlemma="site" frpos="NOUN" frMUSAS="M6">site</w><w frlemma="de" frpos="ADP" frMUSAS="Z5">d'</w><w frlemma="Erment" frpos="PROPN" frMUSAS="Z99">Erment</w><w frlemma="où" frpos="PRON" frMUSAS="Z8">où</w><w frlemma="il" frpos="PRON" frMUSAS="Z8">il</w><w frlemma="devoir" frpos="VERB" frMUSAS="Z99">devait</w><w frlemma="diriger" frpos="VERB" frMUSAS="Z99">diriger</w><w frlemma="et" frpos="CCONJ" frMUSAS="Z5">et</w><w frlemma="subventionner" frpos="VERB" frMUSAS="Z99">subventionner</w><w frlemma="plusieurs" frpos="DET" frMUSAS="N5">plusieurs</w><w frlemma="mission" frpos="NOUN" frMUSAS="X7+">missions</w><w frlemma=":" frpos="PUNCT" frMUSAS="PUNCT">:</w><w frlemma="à" frpos="ADP" frMUSAS="Z5">à</w><w frlemma="Erment" frpos="PROPN" frMUSAS="Z99">Erment</w><w frlemma="," frpos="PUNCT" frMUSAS="PUNCT">,</w><w frlemma="où" frpos="PRON" frMUSAS="Z8">où</w><w frlemma="le" frpos="PRON" frMUSAS="Z8">l'</w><w frlemma="on" frpos="PRON" frMUSAS="Z8">on</w><w frlemma="dégager" frpos="PROPN" frMUSAS="Z99">dégagea</w><w frlemma="," frpos="PUNCT" frMUSAS="PUNCT">,</w><w frlemma="au" frpos="ADP" frMUSAS="Z5">au</w><w frlemma="moins" frpos="ADV" frMUSAS="A13.6">moins</w><w frlemma="en" frpos="ADP" frMUSAS="Z5">en</w><w frlemma="partie" frpos="NOUN" frMUSAS="A10+">partie</w><w frlemma="," frpos="PUNCT" frMUSAS="PUNCT">,</w><w frlemma="le" frpos="DET" frMUSAS="Z5">le</w><w frlemma="temple" frpos="NOUN" frMUSAS="S9/H1">temple</w><w frlemma="de" frpos="ADP" frMUSAS="Z5">de</w><w frlemma="Montou" frpos="PROPN" frMUSAS="Z99">Montou</w><w frlemma="," frpos="PUNCT" frMUSAS="PUNCT">,</w><w frlemma="ptolémaïque" frpos="NOUN" frMUSAS="Z99">ptolémaïque</w><w frlemma="," frpos="PUNCT" frMUSAS="PUNCT">,</w><w frlemma="mais" frpos="CCONJ" frMUSAS="Z5">mais</w><w frlemma="qui" frpos="PRON" frMUSAS="Z8">qui</w><w frlemma="contenir" frpos="VERB" frMUSAS="A1.8+">contient</w><w frlemma="dans" frpos="ADP" frMUSAS="Z5">dans</w><w frlemma="son" frpos="DET" frMUSAS="Z5">ses</w><w frlemma="substruction" frpos="NOUN" frMUSAS="Z99">substructions</w><w frlemma="plusieurs" frpos="DET" frMUSAS="N5">plusieurs</w><w frlemma="bloc" frpos="NOUN" frMUSAS="A10-">blocs</w><w frlemma="plus" frpos="ADV" frMUSAS="Z5">plus</w><w frlemma="ancien" frpos="ADJ" frMUSAS="Z99">anciens</w><w frlemma="remployé" frpos="NOUN" frMUSAS="Z99">remployés</w><w frlemma=";" frpos="PUNCT" frMUSAS="PUNCT">;</w><w frlemma="au" frpos="ADP" frMUSAS="Z5">au</w><w frlemma="désert" frpos="NOUN" frMUSAS="Z99">désert</w><w frlemma="," frpos="PUNCT" frMUSAS="PUNCT">,</w><w frlemma="où" frpos="PRON" frMUSAS="Z8">où</w><w frlemma="ce" frpos="PRON" frMUSAS="Z8">ce</w><w frlemma="être" frpos="AUX" frMUSAS="Z99">fut</w><w frlemma="le" frpos="DET" frMUSAS="Z5">l'</w><w frlemma="étonnante" frpos="NOUN" frMUSAS="Z99">étonnante</w><w frlemma="découverte" frpos="NOUN" frMUSAS="A10+">découverte</w><w frlemma="de" frpos="ADP" frMUSAS="Z5">du</w><w frlemma="Boucheion" frpos="PROPN" frMUSAS="Z99">Boucheion</w><w frlemma="," frpos="PUNCT" frMUSAS="PUNCT">,</w><w frlemma="nécropole" frpos="NOUN" frMUSAS="Z99">nécropole</w><w frlemma="de" frpos="ADP" frMUSAS="Z5">des</w><w frlemma="Bouchis" frpos="PROPN" frMUSAS="Z99">Bouchis</w><w frlemma="," frpos="PUNCT" frMUSAS="PUNCT">,</w><w frlemma="le" frpos="DET" frMUSAS="Z5">les</w><w frlemma="taureau" frpos="NOUN" frMUSAS="Z99">taureaux</w><w frlemma="sacrer" frpos="VERB" frMUSAS="Z99">sacrés</w><w frlemma="de" frpos="ADP" frMUSAS="Z5">de</w><w frlemma="Montou" frpos="PROPN" frMUSAS="Z99">Montou</w><w frlemma="," frpos="PUNCT" frMUSAS="PUNCT">,</w><w frlemma="et" frpos="CCONJ" frMUSAS="Z5">et</w><w frlemma="celui" frpos="PRON" frMUSAS="Z8">celle</w><w frlemma="de" frpos="ADP" frMUSAS="Z5">de</w><w frlemma="cimetière" frpos="NOUN" frMUSAS="Z99">cimetières</w><w frlemma="préhistorique" frpos="ADJ" frMUSAS="Z99">préhistoriques</w><w frlemma="et" frpos="CCONJ" frMUSAS="Z5">et</w><w frlemma="prédynastique" frpos="ADJ" frMUSAS="Z99">prédynastiques</w><w frlemma="." frpos="PUNCT" frMUSAS="PUNCT">.</w><w frlemma="mm." frpos="NOUN" frMUSAS="Z99">MM.</w><w frlemma="Frankfort" frpos="PROPN" frMUSAS="Z99">Frankfort</w><w frlemma="," frpos="PUNCT" frMUSAS="PUNCT">,</w><w frlemma="W." frpos="PROPN" frMUSAS="Z99">W.</w><w frlemma="Emery" frpos="PROPN" frMUSAS="Z99">Emery</w><w frlemma="," frpos="PUNCT" frMUSAS="PUNCT">,</w><w frlemma="F." frpos="PROPN" frMUSAS="Z99">F.</w><w frlemma="W." frpos="PROPN" frMUSAS="Z99">W.</w><w frlemma="Green" frpos="PROPN" frMUSAS="Z99">Green</w><w frlemma="," frpos="PUNCT" frMUSAS="PUNCT">,</w><w frlemma="o." frpos="NOUN" frMUSAS="Z99">O.</w><w frlemma="Myers" frpos="PROPN" frMUSAS="Z99">Myers</w><w frlemma="," frpos="PUNCT" frMUSAS="PUNCT">,</w><w frlemma="qui" frpos="PRON" frMUSAS="Z8">qui</w><w frlemma="avoir" frpos="AUX" frMUSAS="A9+">avaient</w><w frlemma="diriger" frpos="VERB" frMUSAS="Z99">dirigé</w><w frlemma="le" frpos="DET" frMUSAS="Z5">les</w><w frlemma="travail" frpos="NOUN" frMUSAS="I3.1">travaux</w><w frlemma="," frpos="PUNCT" frMUSAS="PUNCT">,</w><w frlemma="en" frpos="PRON" frMUSAS="Z8">en</w><w frlemma="avoir" frpos="AUX" frMUSAS="A9+">ont</w><w frlemma="publier" frpos="VERB" frMUSAS="Q4">publié</w><w frlemma="," frpos="PUNCT" frMUSAS="PUNCT">,</w><w frlemma="avec" frpos="ADP" frMUSAS="Z5">avec</w><w frlemma="sir" frpos="NOUN" frMUSAS="Z99">Sir</w><w frlemma="Robert" frpos="PROPN" frMUSAS="Z99">Robert</w><w frlemma="Mond" frpos="PROPN" frMUSAS="Z99">Mond</w><w frlemma="et" frpos="CCONJ" frMUSAS="Z5">et</w><w frlemma="de" frpos="DET" frMUSAS="Z5">d'</w><w frlemma="autre" frpos="ADJ" frMUSAS="A6.1-">autres</w><w frlemma="collaborateur" frpos="NOUN" frMUSAS="Z99">collaborateurs</w><w frlemma="," frpos="PUNCT" frMUSAS="PUNCT">,</w><w frlemma="le" frpos="DET" frMUSAS="Z5">les</w><w frlemma="résultat" frpos="NOUN" frMUSAS="Z99">résultats</w><w frlemma="dans" frpos="ADP" frMUSAS="Z5">dans</w><w frlemma="plusieurs" frpos="DET" frMUSAS="N5">plusieurs</w><w frlemma="de" frpos="ADP" frMUSAS="Z5">de</w><w frlemma="ce" frpos="DET" frMUSAS="Z5">ces</w><w frlemma="admirable" frpos="ADJ" frMUSAS="Z99">admirables</w><w frlemma="volume" frpos="NOUN" frMUSAS="N3.4">volumes</w><w frlemma="," frpos="PUNCT" frMUSAS="PUNCT">,</w><w frlemma="auxquels" frpos="PRON" frMUSAS="Z99">auxquels</w><w frlemma="le" frpos="DET" frMUSAS="Z5">la</w><w frlemma="science" frpos="NOUN" frMUSAS="Y1">science</w><w frlemma="et" frpos="CCONJ" frMUSAS="Z5">et</w><w frlemma="le" frpos="DET" frMUSAS="Z5">la</w><w frlemma="typographie" frpos="NOUN" frMUSAS="Z99">typographie</w><w frlemma="anglais" frpos="ADJ" frMUSAS="Z1mf">anglaises</w><w frlemma="nous" frpos="PRON" frMUSAS="Z8">nous</w><w frlemma="avoir" frpos="AUX" frMUSAS="A9+">ont</w><w frlemma="habituer" frpos="VERB" frMUSAS="Z99">habitués</w><w frlemma="." frpos="PUNCT" frMUSAS="PUNCT">.</w></p><p><w frlemma="sir" frpos="DET" frMUSAS="Z99">Sir</w><w frlemma="Robert" frpos="PROPN" frMUSAS="Z99">Robert</w><w frlemma="Mond" frpos="PROPN" frMUSAS="Z99">Mond</w><w frlemma="naître" frpos="VERB" frMUSAS="Z99">né</w><w frlemma="dans" frpos="ADP" frMUSAS="Z5">dans</w><w frlemma="le" frpos="DET" frMUSAS="Z5">le</w><w frlemma="Lancashire" frpos="PROPN" frMUSAS="Z99">Lancashire</w><w frlemma="en" frpos="ADP" frMUSAS="Z5">en</w><w frlemma="1867" frpos="NUM" frMUSAS="N1">1867</w><w frlemma="," frpos="PUNCT" frMUSAS="PUNCT">,</w><w frlemma="mort" frpos="NOUN" frMUSAS="Z99">mort</w><w frlemma="à" frpos="ADP" frMUSAS="Z5">à</w><w frlemma="Paris" frpos="PROPN" frMUSAS="Z99">Paris</w><w frlemma="le" frpos="DET" frMUSAS="Z5">le</w><w frlemma="22" frpos="NUM" frMUSAS="N1">22</w><w frlemma="octobre" frpos="NOUN" frMUSAS="T1.3">octobre</w><w frlemma="1938" frpos="NUM" frMUSAS="N1">1938</w><w frlemma="," frpos="PUNCT" frMUSAS="PUNCT">,</w><w frlemma="être" frpos="AUX" frMUSAS="Z99">était</w><w frlemma="très" frpos="ADV" frMUSAS="A13.3">très</w><w frlemma="attacher" frpos="VERB" frMUSAS="A1.7+">attaché</w><w frlemma="à" frpos="ADP" frMUSAS="Z5">à</w><w frlemma="son" frpos="DET" frMUSAS="Z5">sa</w><w frlemma="patrie" frpos="NOUN" frMUSAS="Z99">patrie</w><w frlemma="anglais" frpos="ADJ" frMUSAS="Z1mf">anglaise</w><w frlemma="," frpos="PUNCT" frMUSAS="PUNCT">,</w><w frlemma="où" frpos="PRON" frMUSAS="Z8">où</w><w frlemma="il" frpos="PRON" frMUSAS="Z8">il</w><w frlemma="avoir" frpos="AUX" frMUSAS="A9+">a</w><w frlemma="vouloir" frpos="VERB" frMUSAS="X7+">voulu</w><w frlemma="que" frpos="SCONJ" frMUSAS="Z5">que</w><w frlemma="son" frpos="DET" frMUSAS="Z5">ses</w><pb n="281"/><w frlemma="cendre" frpos="NOUN" frMUSAS="Z99">cendres</w><w frlemma="être" frpos="ADV" frMUSAS="Z99">fussent</w><w frlemma="transporter" frpos="VERB" frMUSAS="Z99">transportées</w><w frlemma=";" frpos="PUNCT" frMUSAS="PUNCT">;</w><w frlemma="m." frpos="NOUN" frMUSAS="Z99">M.</w><w frlemma="Percy" frpos="PROPN" frMUSAS="Z99">Percy</w><w frlemma="E." frpos="X" frMUSAS="Z99">E.</w><w frlemma="Newberry" frpos="PROPN" frMUSAS="Z99">Newberry</w><w frlemma="le" frpos="PRON" frMUSAS="Z8">l'</w><w frlemma="avoir" frpos="AUX" frMUSAS="A9+">a</w><w frlemma="noter" frpos="VERB" frMUSAS="Z99">noté</w><w frlemma="avec" frpos="ADP" frMUSAS="Z5">avec</w><w frlemma="un" frpos="DET" frMUSAS="Z5">une</w><w frlemma="légitime" frpos="NOUN" frMUSAS="G2.2+">légitime</w><w frlemma="émotion" frpos="NOUN" frMUSAS="Z99">émotion</w><w frlemma="." frpos="PUNCT" frMUSAS="PUNCT">.</w><w frlemma="mais" frpos="CCONJ" frMUSAS="Z5">Mais</w><w frlemma="," frpos="PUNCT" frMUSAS="PUNCT">,</w><w frlemma="il" frpos="PRON" frMUSAS="Z8">il</w><w frlemma="ne" frpos="ADV" frMUSAS="Z6">n'</w><w frlemma="être" frpos="AUX" frMUSAS="Z99">était</w><w frlemma="pas" frpos="ADV" frMUSAS="Z99">pas</w><w frlemma="de" frpos="ADP" frMUSAS="Z5">de</w><w frlemma="ce" frpos="DET" frMUSAS="Z5">ces</w><w frlemma="homme" frpos="NOUN" frMUSAS="I3.1">hommes</w><w frlemma="," frpos="PUNCT" frMUSAS="PUNCT">,</w><w frlemma="dont" frpos="PRON" frMUSAS="Z8">dont</w><w frlemma="le" frpos="DET" frMUSAS="Z5">le</w><w frlemma="nombre" frpos="NOUN" frMUSAS="N1">nombre</w><w frlemma="sembler" frpos="VERB" frMUSAS="A8">semble</w><w frlemma="croître" frpos="PROPN" frMUSAS="Z99">croître</w><w frlemma="aujourd'hui" frpos="ADV" frMUSAS="Z99">aujourd'hui</w><w frlemma="," frpos="PUNCT" frMUSAS="PUNCT">,</w><w frlemma="qui" frpos="PRON" frMUSAS="Z8">qui</w><w frlemma="," frpos="PUNCT" frMUSAS="PUNCT">,</w><w frlemma="pour" frpos="ADP" frMUSAS="Z5">pour</w><w frlemma="aimer" frpos="VERB" frMUSAS="Z99">aimer</w><w frlemma="son" frpos="DET" frMUSAS="Z5">leur</w><w frlemma="patrie" frpos="NOUN" frMUSAS="Z99">patrie</w><w frlemma="," frpos="PUNCT" frMUSAS="PUNCT">,</w><w frlemma="se" frpos="PRON" frMUSAS="Z8">se</w><w frlemma="croire" frpos="VERB" frMUSAS="X2.1">croient</w><w frlemma="tenir" frpos="VERB" frMUSAS="M2">tenus</w><w frlemma="de" frpos="ADP" frMUSAS="Z5">de</w><w frlemma="détester" frpos="VERB" frMUSAS="Z99">détester</w><w frlemma="celui" frpos="PRON" frMUSAS="Z8">celle</w><w frlemma="de" frpos="ADP" frMUSAS="Z5">des</w><w frlemma="autre" frpos="ADJ" frMUSAS="A6.1-">autres</w><w frlemma="." frpos="PUNCT" frMUSAS="PUNCT">.</w><w frlemma="il" frpos="PRON" frMUSAS="Z8">Il</w><w frlemma="avoir" frpos="AUX" frMUSAS="A9+">a</w><w frlemma="aider" frpos="VERB" frMUSAS="Z99">aidé</w><w frlemma="bien" frpos="ADV" frMUSAS="A10+">bien</w><w frlemma="un" frpos="DET" frMUSAS="Z5">des</w><w frlemma="savant" frpos="NOUN" frMUSAS="Z99">savants</w><w frlemma="étranger" frpos="ADJ" frMUSAS="Z99">étrangers</w><w frlemma="à" frpos="ADP" frMUSAS="Z5">à</w><w frlemma="le" frpos="DET" frMUSAS="Z5">l'</w><w frlemma="Angleterre" frpos="PROPN" frMUSAS="Z99">Angleterre</w><w frlemma="." frpos="PUNCT" frMUSAS="PUNCT">.</w><w frlemma="à" frpos="ADP" frMUSAS="Z5">À</w><w frlemma="le" frpos="DET" frMUSAS="Z5">la</w><w frlemma="France" frpos="PROPN" frMUSAS="Z99">France</w><w frlemma="," frpos="PUNCT" frMUSAS="PUNCT">,</w><w frlemma="il" frpos="PRON" frMUSAS="Z8">il</w><w frlemma="être" frpos="AUX" frMUSAS="Z99">était</w><w frlemma="attacher" frpos="VERB" frMUSAS="A1.7+">attaché</w><w frlemma="par" frpos="ADP" frMUSAS="M6">par</w><w frlemma="-" frpos="NOUN" frMUSAS="Z99">-</w><w frlemma="son" frpos="DET" frMUSAS="Z5">son</w><w frlemma="second" frpos="ADJ" frMUSAS="N4">second</w><w frlemma="mariage" frpos="NOUN" frMUSAS="S4">mariage</w><w frlemma="." frpos="PUNCT" frMUSAS="PUNCT">.</w><w frlemma="quand" frpos="SCONJ" frMUSAS="Z5">Quand</w><w frlemma="1l" frpos="PROPN" frMUSAS="Z99">1l</w><w frlemma="venir" frpos="VERB" frMUSAS="M1">venait</w><w frlemma="chez" frpos="ADP" frMUSAS="Z5">chez</w><w frlemma="nous" frpos="PRON" frMUSAS="Z8">nous</w><w frlemma="," frpos="PUNCT" frMUSAS="PUNCT">,</w><w frlemma="il" frpos="PRON" frMUSAS="Z8">il</w><w frlemma="savoir" frpos="VERB" frMUSAS="X2.2+">savait</w><w frlemma="que" frpos="SCONJ" frMUSAS="Z5">qu'</w><w frlemma="il" frpos="PRON" frMUSAS="Z8">il</w><w frlemma="être" frpos="AUX" frMUSAS="Z99">était</w><w frlemma="chez" frpos="ADP" frMUSAS="Z5">chez</w><w frlemma="luire" frpos="PRON" frMUSAS="Z8">lui</w><w frlemma="." frpos="PUNCT" frMUSAS="PUNCT">.</w><w frlemma="je" frpos="PRON" frMUSAS="Z8mf">J'</w><w frlemma="avoir" frpos="AUX" frMUSAS="A9+">ai</w><w frlemma="parler" frpos="VERB" frMUSAS="Q2.1">parlé</w><w frlemma="de" frpos="ADP" frMUSAS="Z5">de</w><w frlemma="le" frpos="DET" frMUSAS="Z5">la</w><w frlemma="maison" frpos="NOUN" frMUSAS="H1">Maison</w><w frlemma="de" frpos="ADP" frMUSAS="Z5">de</w><w frlemma="le" frpos="DET" frMUSAS="Z5">la</w><w frlemma="Chimie" frpos="PROPN" frMUSAS="Y1">Chimie</w><w frlemma="," frpos="PUNCT" frMUSAS="PUNCT">,</w><w frlemma="et" frpos="CCONJ" frMUSAS="Z5">et</w><w frlemma="je" frpos="PRON" frMUSAS="Z8mf">j'</w><w frlemma="avoir" frpos="AUX" frMUSAS="A9+">ai</w><w frlemma="indiquer" frpos="VERB" frMUSAS="Z99">indiqué</w><w frlemma="ce" frpos="PRON" frMUSAS="Z8">ce</w><w frlemma="que" frpos="PRON" frMUSAS="Z8">qu'</w><w frlemma="il" frpos="PRON" frMUSAS="Z8">il</w><w frlemma="être" frpos="AUX" frMUSAS="Z99">était</w><w frlemma="pour" frpos="ADP" frMUSAS="Z5">pour</w><w frlemma="notre" frpos="DET" frMUSAS="Z8">notre</w><w frlemma="Institut" frpos="PROPN" frMUSAS="P1/S5+c">Institut</w><w frlemma="." frpos="PUNCT" frMUSAS="PUNCT">.</w><w frlemma="beaucoup" frpos="PRON" frMUSAS="Z99">Beaucoup</w><w frlemma="de" frpos="ADP" frMUSAS="Z5">d'</w><w frlemma="autre" frpos="ADJ" frMUSAS="A6.1-">autres</w><w frlemma="de" frpos="ADP" frMUSAS="Z5">de</w><w frlemma="son" frpos="DET" frMUSAS="Z5">ses</w><w frlemma="libéralité" frpos="NOUN" frMUSAS="Z99">libéralités</w><w frlemma="me" frpos="PRON" frMUSAS="Z8">me</w><w frlemma="être" frpos="AUX" frMUSAS="Z99">sont</w><w frlemma="certainement" frpos="ADV" frMUSAS="A7+">certainement</w><w frlemma="inconnu" frpos="ADJ" frMUSAS="X2.2-">inconnues</w><w frlemma="," frpos="PUNCT" frMUSAS="PUNCT">,</w><w frlemma="comme" frpos="ADP" frMUSAS="Z5">comme</w><w frlemma="aussi" frpos="ADV" frMUSAS="Z99">aussi</w><w frlemma="beaucoup" frpos="ADV" frMUSAS="Z99">beaucoup</w><w frlemma="un" frpos="DET" frMUSAS="Z5">des</w><w frlemma="titre" frpos="NOUN" frMUSAS="Q2.2">titres</w><w frlemma="que" frpos="PRON" frMUSAS="Z8">qu'</w><w frlemma="lui" frpos="PRON" frMUSAS="Z8">elles</w><w frlemma="luire" frpos="PRON" frMUSAS="Z8">lui</w><w frlemma="avoir" frpos="AUX" frMUSAS="A9+">avaient</w><w frlemma="mériter" frpos="VERB" frMUSAS="Z99">mérités</w><w frlemma="." frpos="PUNCT" frMUSAS="PUNCT">.</w><w frlemma="je" frpos="PRON" frMUSAS="Z8mf">Je</w><w frlemma="être" frpos="AUX" frMUSAS="Z99">suis</w><w frlemma="sûr" frpos="ADJ" frMUSAS="A7+">sûr</w><w frlemma="que" frpos="SCONJ" frMUSAS="Z5">qu'</w><w frlemma="il" frpos="PRON" frMUSAS="Z8">il</w><w frlemma="ne" frpos="ADV" frMUSAS="Z6">n'</w><w frlemma="avoir" frpos="AUX" frMUSAS="A9+">avait</w><w frlemma="pas" frpos="ADV" frMUSAS="Z99">pas</w><w frlemma="être" frpos="AUX" frMUSAS="T1.3">été</w><w frlemma="insensible" frpos="ADJ" frMUSAS="Z99">insensible</w><w frlemma="à" frpos="ADP" frMUSAS="Z5">à</w><w frlemma="le" frpos="DET" frMUSAS="Z5">l'</w><w frlemma="appel" frpos="NOUN" frMUSAS="Q2.2">appel</w><w frlemma="de" frpos="ADP" frMUSAS="Z5">de</w><w frlemma="le" frpos="DET" frMUSAS="Z5">la</w><w frlemma="Société" frpos="PROPN" frMUSAS="S5+c">Société</w><w frlemma="francaise" frpos="VERB" frMUSAS="Z99">francaise</w><w frlemma="de" frpos="ADP" frMUSAS="Z5">d'</w><w frlemma="Egyptologie" frpos="PROPN" frMUSAS="Z99">Egyptologie</w><w frlemma="," frpos="PUNCT" frMUSAS="PUNCT">,</w><w frlemma="qui" frpos="PRON" frMUSAS="Z8">qui</w><w frlemma="le" frpos="PRON" frMUSAS="Z8">le</w><w frlemma="compter" frpos="VERB" frMUSAS="N2">comptait</w><w frlemma="parmi" frpos="ADP" frMUSAS="Z5">parmi</w><w frlemma="son" frpos="DET" frMUSAS="Z5">ses</w><w frlemma="membre" frpos="NOUN" frMUSAS="S5+/S2mf">membres</w><w frlemma="honoraire" frpos="ADJ" frMUSAS="Z99">honoraires</w><w frlemma="," frpos="PUNCT" frMUSAS="PUNCT">,</w><w frlemma="et" frpos="CCONJ" frMUSAS="Z5">et</w><w frlemma="que" frpos="SCONJ" frMUSAS="Z5">qu'</w><w frlemma="il" frpos="PRON" frMUSAS="Z8">il</w><w frlemma="avoir" frpos="AUX" frMUSAS="A9+">avait</w><w frlemma="profondément" frpos="ADV" frMUSAS="Z99">profondément</w><w frlemma="ressenti" frpos="NOUN" frMUSAS="Z99">ressenti</w><w frlemma="le" frpos="DET" frMUSAS="Z5">le</w><w frlemma="double" frpos="NOUN" frMUSAS="F2">double</w><w frlemma="honneur" frpos="NOUN" frMUSAS="Z99">honneur</w><w frlemma="que" frpos="PRON" frMUSAS="Z8">qu'</w><w frlemma="avoir" frpos="AUX" frMUSAS="A9+">avait</w><w frlemma="vouloir" frpos="VERB" frMUSAS="X7+">voulu</w><w frlemma="luire" frpos="PRON" frMUSAS="Z8">lui</w><w frlemma="faire" frpos="VERB" frMUSAS="Z99">faire</w><w frlemma="le" frpos="DET" frMUSAS="Z5">l'</w><w frlemma="académie" frpos="NOUN" frMUSAS="Z99">Académie</w><w frlemma="de" frpos="ADP" frMUSAS="Z5">des</w><w frlemma="inscription" frpos="NOUN" frMUSAS="Z99">Inscriptions</w><w frlemma="et" frpos="CCONJ" frMUSAS="Z5">et</w><w frlemma="belles-lettre" frpos="ADJ" frMUSAS="Z99">Belles-lettres</w><w frlemma="," frpos="PUNCT" frMUSAS="PUNCT">,</w><w frlemma="sur" frpos="ADP" frMUSAS="Z5">sur</w><w frlemma="le" frpos="DET" frMUSAS="Z5">la</w><w frlemma="proposition" frpos="NOUN" frMUSAS="Z99">proposition</w><w frlemma="de" frpos="ADP" frMUSAS="Z5">du</w><w frlemma="regretté" frpos="NOUN" frMUSAS="Z99">regretté</w><w frlemma="Alexandre" frpos="PROPN" frMUSAS="Z99">Alexandre</w><w frlemma="Moret" frpos="PROPN" frMUSAS="Z99">Moret</w><w frlemma="," frpos="PUNCT" frMUSAS="PUNCT">,</w><w frlemma="quand" frpos="SCONJ" frMUSAS="Z5">quand</w><w frlemma="lui" frpos="PRON" frMUSAS="Z8">elle</w><w frlemma="luire" frpos="PRON" frMUSAS="Z8">lui</w><w frlemma="avoir" frpos="AUX" frMUSAS="A9+">avait</w><w frlemma="conférer" frpos="VERB" frMUSAS="Q2.2">conféré</w><w frlemma="le" frpos="DET" frMUSAS="Z5">le</w><w frlemma="rang" frpos="NOUN" frMUSAS="Z99">rang</w><w frlemma="de" frpos="ADP" frMUSAS="Z5">d'</w><w frlemma="associé" frpos="NOUN" frMUSAS="Z99">associé</w><w frlemma="de" frpos="ADP" frMUSAS="Z5">de</w><w frlemma="le" frpos="DET" frMUSAS="Z5">l'</w><w frlemma="Institut" frpos="PROPN" frMUSAS="P1/S5+c">Institut</w><w frlemma="de" frpos="ADP" frMUSAS="Z5">de</w><w frlemma="France" frpos="PROPN" frMUSAS="Z99">France</w><w frlemma="et" frpos="CCONJ" frMUSAS="Z5">et</w><w frlemma="réserver" frpos="VERB" frMUSAS="Z99">réservé</w><w frlemma="le" frpos="DET" frMUSAS="Z5">le</w><w frlemma="fauteuil" frpos="NOUN" frMUSAS="Z99">fauteuil</w><w frlemma="occuper" frpos="VERB" frMUSAS="H4">occupé</w><w frlemma="avant" frpos="ADP" frMUSAS="Z5">avant</w><w frlemma="luire" frpos="PRON" frMUSAS="Z8">lui</w><w frlemma="par" frpos="ADP" frMUSAS="M6">par</w><w frlemma="s." frpos="NOUN" frMUSAS="Z99">S.</w><w frlemma="m." frpos="NOUN" frMUSAS="Z99">M.</w><w frlemma="Fouad" frpos="PROPN" frMUSAS="Z99">Fouad</w><w frlemma="Ier" frpos="PROPN" frMUSAS="Z99">Ier</w><w frlemma="," frpos="PUNCT" frMUSAS="PUNCT">,</w><w frlemma="le" frpos="DET" frMUSAS="Z5">le</w><w frlemma="grand" frpos="ADJ" frMUSAS="Z99">grand</w><w frlemma="roi" frpos="NOUN" frMUSAS="S7.1+/S2.2m">roi</w><w frlemma="dégypte" frpos="NOUN" frMUSAS="Z99">dÉgypte</w><w frlemma="." frpos="PUNCT" frMUSAS="PUNCT">.</w></p><p><w frlemma="Pierre" frpos="PROPN" frMUSAS="F1">Pierre</w><w frlemma="Jouguet" frpos="PROPN" frMUSAS="Z99">Jouguet</w><w frlemma="." frpos="PUNCT" frMUSAS="PUNCT">.</w></p><p><note place="bottom"></note></p></text></TEI>