<?xml version='1.0' encoding='UTF-8'?>
<TEI xmlns="http://www.tei-c.org/ns/1.0"><teiHeader><fileDesc><titleStmt><title>[Nécrologie.] Giusto Rampazzo (1870-1937).</title></titleStmt><publicationStmt>Corpus produit par l'étudiant MA1 Ph. Hennebert (philippe.hennebert@student.uliege.be) du cours de l'Université de Liège Corpus INFO0943: 'Corpus textuels: principes de constitution et d'analyse'</publicationStmt><sourceDesc><p>https://www.ifao.egnet.net/bifao/36/12/ (BIFAO en ligne) processed using python scripts in https://github.com/PhilHen/BIFAOCorpusTools (typographical zones detected using OpenCV, OCR with Tesseract)</p></sourceDesc></fileDesc><encodingDesc><classDecl><taxonomy id="frpos"><bibl><title>pos tagset build from https://spacy.io/</title></bibl></taxonomy><taxonomy id="frlemma"><bibl><title>fr lemma of the model https://spacy.io/</title></bibl></taxonomy><taxonomy id="frMUSAS"><bibl><title>semantic tagging https://ucrel.github.io/pymusas/usage/how_to/tag_text#french</title></bibl></taxonomy></classDecl><editorialDecl><correction>Les erreurs d'orthographe confirmées par examen du PDF source n'ont pas été corrigées. Une vérification et correction manuelle du texte a été réalisée par Ph. Hennebert (philippe.hennebert@student.uliege.be) le 29/12/2023</correction><hyphenation>Les mots coupés en fin de ligne ont été réassemblés automatiquement, pour autant que la forme combinée sans trait d'union soit attestée dans le dictionnaire français https://unitexgramlab.org/fr/language-resources</hyphenation></editorialDecl></encodingDesc></teiHeader><text id="BIFAO036_art_12.pdf" auteur="Pierre Jouguet" annee="1936" titre="[Nécrologie.] Giusto Rampazzo (1870-1937)." textId="36A12" nomDefunt="Rampazzo" metierDefunt="imprimeur" categ="Nécrologie"><p><pb n="183"/><w frlemma="GIUSTO" frpos="PROPN" frMUSAS="Z99">GIUSTO</w><w frlemma="RAMPAZZO" frpos="PROPN" frMUSAS="Z99">RAMPAZZO</w><w frlemma="(" frpos="PUNCT" frMUSAS="PUNCT">(</w><w frlemma="1870" frpos="NOUN" frMUSAS="Z99">1870</w><w frlemma="-" frpos="NOUN" frMUSAS="Z99">-</w><w frlemma="1937" frpos="NOUN" frMUSAS="Z99">1937</w><w frlemma=")" frpos="PUNCT" frMUSAS="PUNCT">)</w><w frlemma="." frpos="PUNCT" frMUSAS="PUNCT">.</w></p><p><w frlemma="le" frpos="DET" frMUSAS="Z5">La</w><w frlemma="mort" frpos="NOUN" frMUSAS="Z99">mort</w><w frlemma="frapp" frpos="ADJ" frMUSAS="Z99">frappe</w><w frlemma="autour" frpos="ADV" frMUSAS="A13.4">autour</w><w frlemma="de" frpos="ADP" frMUSAS="Z5">de</w><w frlemma="nous" frpos="PRON" frMUSAS="Z8">nous</w><w frlemma="—" frpos="PUNCT" frMUSAS="PUNCT">—</w><w frlemma="récemment" frpos="ADV" frMUSAS="T3---">récemment</w><w frlemma="encore" frpos="ADV" frMUSAS="Z99">encore</w><w frlemma="nous" frpos="PRON" frMUSAS="Z8">nous</w><w frlemma="être" frpos="VERB" frMUSAS="Z99">étions</w><w frlemma="réunir" frpos="VERB" frMUSAS="Z99">réunis</w><w frlemma="sou" frpos="ADP" frMUSAS="A13.6">sous</w><w frlemma="le" frpos="DET" frMUSAS="Z5">les</w><w frlemma="voûte" frpos="NOUN" frMUSAS="Z99">voûtes</w><w frlemma="de" frpos="ADP" frMUSAS="Z5">de</w><w frlemma="ce" frpos="DET" frMUSAS="Z5">cette</w><w frlemma="église" frpos="NOUN" frMUSAS="S9/H1c">église</w><w frlemma="pour" frpos="ADP" frMUSAS="Z5">pour</w><w frlemma="un" frpos="DET" frMUSAS="Z5">un</w><w frlemma="deuil" frpos="NOUN" frMUSAS="Z99">deuil</w><w frlemma="de" frpos="ADP" frMUSAS="Z5">de</w><w frlemma="le" frpos="DET" frMUSAS="Z5">la</w><w frlemma="colonie" frpos="NOUN" frMUSAS="M7/S7.1-">colonie</w><w frlemma="français" frpos="ADJ" frMUSAS="Z2">française</w><w frlemma="—" frpos="PUNCT" frMUSAS="PUNCT">—</w><w frlemma="lui" frpos="PRON" frMUSAS="Z8">elle</w><w frlemma="frappe" frpos="VERB" frMUSAS="Z99">frappe</w><w frlemma="chez" frpos="ADP" frMUSAS="Z5">chez</w><w frlemma="nous" frpos="PRON" frMUSAS="Z8">nous</w><w frlemma="à" frpos="ADP" frMUSAS="Z5">à</w><w frlemma="coup" frpos="NOUN" frMUSAS="Z99">coups</w><w frlemma="terriblement" frpos="ADV" frMUSAS="Z99">terriblement</w><w frlemma="cruel" frpos="ADJ" frMUSAS="Z99">cruels</w><w frlemma="." frpos="PUNCT" frMUSAS="PUNCT">.</w><w frlemma="il" frpos="PRON" frMUSAS="Z8">Il</w><w frlemma="y" frpos="PRON" frMUSAS="M6">y</w><w frlemma="avoir" frpos="VERB" frMUSAS="A9+">a</w><w frlemma="un" frpos="DET" frMUSAS="Z5">un</w><w frlemma="peu" frpos="ADV" frMUSAS="A13.7">peu</w><w frlemma="plus" frpos="ADV" frMUSAS="Z5">plus</w><w frlemma="de" frpos="ADP" frMUSAS="Z5">d'</w><w frlemma="un" frpos="DET" frMUSAS="Z5">un</w><w frlemma="an" frpos="NOUN" frMUSAS="T1.3">an</w><w frlemma="," frpos="PUNCT" frMUSAS="PUNCT">,</w><w frlemma="lui" frpos="PRON" frMUSAS="Z8">elle</w><w frlemma="nous" frpos="PRON" frMUSAS="Z8">nous</w><w frlemma="ravir" frpos="VERB" frMUSAS="Z99">ravissait</w><w frlemma="le" frpos="DET" frMUSAS="Z5">le</w><w frlemma="plus" frpos="ADV" frMUSAS="Z5">plus</w><w frlemma="original" frpos="NOUN" frMUSAS="A5.4+">original</w><w frlemma="et" frpos="CCONJ" frMUSAS="Z5">et</w><w frlemma="le" frpos="DET" frMUSAS="Z5">le</w><w frlemma="plus" frpos="ADV" frMUSAS="Z5">plus</w><w frlemma="savant" frpos="ADJ" frMUSAS="Z99">savant</w><w frlemma="de" frpos="ADP" frMUSAS="Z5">de</w><w frlemma="notre" frpos="DET" frMUSAS="Z5">nos</w><w frlemma="compagnon" frpos="NOUN" frMUSAS="Z99">compagnons</w><w frlemma="de" frpos="ADP" frMUSAS="Z5">d'</w><w frlemma="étude" frpos="NOUN" frMUSAS="P1">études</w><w frlemma="," frpos="PUNCT" frMUSAS="PUNCT">,</w><w frlemma="m." frpos="NOUN" frMUSAS="Z99">M.</w><w frlemma="Saint-Paul" frpos="PROPN" frMUSAS="Z99">Saint-Paul</w><w frlemma="Girard" frpos="PROPN" frMUSAS="Z99">Girard</w><w frlemma=";" frpos="PUNCT" frMUSAS="PUNCT">;</w><w frlemma="ce" frpos="PRON" frMUSAS="Z8">cet</w><w frlemma="être" frpos="AUX" frMUSAS="T1.3">été</w><w frlemma="même" frpos="ADV" frMUSAS="Z99">même</w><w frlemma="," frpos="PUNCT" frMUSAS="PUNCT">,</w><w frlemma="lui" frpos="PRON" frMUSAS="Z8">elle</w><w frlemma="emporter" frpos="VERB" frMUSAS="Z99">emportait</w><w frlemma="tragiquement" frpos="NOUN" frMUSAS="Z99">tragiquement</w><w frlemma="et" frpos="CCONJ" frMUSAS="Z5">et</w><w frlemma="dans" frpos="ADP" frMUSAS="Z5">dans</w><w frlemma="tout" frpos="ADJ" frMUSAS="Z8">toutes</w><w frlemma="le" frpos="DET" frMUSAS="Z5">les</w><w frlemma="force" frpos="NOUN" frMUSAS="E3-">forces</w><w frlemma="de" frpos="ADP" frMUSAS="Z5">de</w><w frlemma="son" frpos="DET" frMUSAS="Z5">son</w><w frlemma="active" frpos="NOUN" frMUSAS="Z99">active</w><w frlemma="jeunesse" frpos="NOUN" frMUSAS="T3-/S2mf">jeunesse</w><w frlemma="," frpos="PUNCT" frMUSAS="PUNCT">,</w><w frlemma="Claude" frpos="PROPN" frMUSAS="Z99">Claude</w><w frlemma="Prost" frpos="PROPN" frMUSAS="Z99">Prost</w><w frlemma="," frpos="PUNCT" frMUSAS="PUNCT">,</w><w frlemma="le" frpos="DET" frMUSAS="Z5">le</w><w frlemma="créateur" frpos="NOUN" frMUSAS="A1.1.1/S2mf">créateur</w><w frlemma="de" frpos="ADP" frMUSAS="Z5">du</w><w frlemma="Musée" frpos="PROPN" frMUSAS="T1.1.1/H1c">Musée</w><w frlemma="de" frpos="ADP" frMUSAS="Z5">d'</w><w frlemma="antioche" frpos="NOUN" frMUSAS="Z99">Antioche</w><w frlemma=";" frpos="PUNCT" frMUSAS="PUNCT">;</w><w frlemma="lui" frpos="PRON" frMUSAS="Z8">elle</w><w frlemma="nous" frpos="PRON" frMUSAS="Z8">nous</w><w frlemma="enlever" frpos="VERB" frMUSAS="M2">enlève</w><w frlemma="aujourd'hui" frpos="ADV" frMUSAS="Z99">aujourd'hui</w><w frlemma="Giusto" frpos="PROPN" frMUSAS="Z99">Giusto</w><w frlemma="Rampazzo" frpos="PROPN" frMUSAS="Z99">Rampazzo</w><w frlemma="," frpos="PUNCT" frMUSAS="PUNCT">,</w><w frlemma="le" frpos="DET" frMUSAS="Z5">le</w><w frlemma="plus" frpos="ADV" frMUSAS="Z5">plus</w><w frlemma="ancien" frpos="ADJ" frMUSAS="Z99">ancien</w><w frlemma="et" frpos="CCONJ" frMUSAS="Z5">et</w><w frlemma="le" frpos="DET" frMUSAS="Z5">le</w><w frlemma="plus" frpos="ADV" frMUSAS="Z5">plus</w><w frlemma="précieux" frpos="NOUN" frMUSAS="E2+">précieux</w><w frlemma="de" frpos="ADP" frMUSAS="Z5">de</w><w frlemma="notre" frpos="DET" frMUSAS="Z5">nos</w><w frlemma="collaborateur" frpos="NOUN" frMUSAS="Z99">collaborateurs</w><w frlemma="," frpos="PUNCT" frMUSAS="PUNCT">,</w><w frlemma="un" frpos="PRON" frMUSAS="Z5">un</w><w frlemma="de" frpos="ADP" frMUSAS="Z5">de</w><w frlemma="celui" frpos="PRON" frMUSAS="Z8">ceux</w><w frlemma="sans" frpos="ADP" frMUSAS="M6">sans</w><w frlemma="lequel" frpos="PRON" frMUSAS="Z99">lequel</w><w frlemma="," frpos="PUNCT" frMUSAS="PUNCT">,</w><w frlemma="hier" frpos="ADV" frMUSAS="T1.1.1">hier</w><w frlemma="encore" frpos="ADV" frMUSAS="Z99">encore</w><w frlemma="," frpos="PUNCT" frMUSAS="PUNCT">,</w><w frlemma="le" frpos="DET" frMUSAS="Z5">la</w><w frlemma="vie" frpos="NOUN" frMUSAS="L1+">vie</w><w frlemma="de" frpos="ADP" frMUSAS="Z5">de</w><w frlemma="le" frpos="DET" frMUSAS="Z5">l'</w><w frlemma="Institut" frpos="PROPN" frMUSAS="P1/S5+c">Institut</w><w frlemma="pouvoir" frpos="VERB" frMUSAS="Z99">pouvait</w><w frlemma="à" frpos="ADP" frMUSAS="Z5">à</w><w frlemma="peine" frpos="NOUN" frMUSAS="Z99">peine</w><w frlemma="se" frpos="PRON" frMUSAS="Z8">se</w><w frlemma="concevoir" frpos="VERB" frMUSAS="X2.1">concevoir</w><w frlemma="." frpos="PUNCT" frMUSAS="PUNCT">.</w></p><p><w frlemma="ce" frpos="PRON" frMUSAS="Z8">C'</w><w frlemma="être" frpos="VERB" frMUSAS="M6">est</w><w frlemma="que" frpos="SCONJ" frMUSAS="Z5">que</w><w frlemma="rampazzo" frpos="PRON" frMUSAS="Z99">Rampazzo</w><w frlemma="nous" frpos="PRON" frMUSAS="Z8">nous</w><w frlemma="avoir" frpos="AUX" frMUSAS="A9+">avait</w><w frlemma="donner" frpos="VERB" frMUSAS="A9-">donné</w><w frlemma="le" frpos="DET" frMUSAS="Z5">la</w><w frlemma="sienne" frpos="NOUN" frMUSAS="Z99">sienne</w><w frlemma="presque" frpos="ADV" frMUSAS="A13.4">presque</w><w frlemma="tout" frpos="ADV" frMUSAS="Z8">tout</w><w frlemma="entier" frpos="ADJ" frMUSAS="Z99">entière</w><w frlemma="." frpos="PUNCT" frMUSAS="PUNCT">.</w><w frlemma="naître" frpos="VERB" frMUSAS="Z99">Né</w><w frlemma="à" frpos="ADP" frMUSAS="Z5">à</w><w frlemma="padoue" frpos="NOUN" frMUSAS="Z99">Padoue</w><w frlemma="en" frpos="ADP" frMUSAS="Z5">en</w><w frlemma="1870" frpos="NUM" frMUSAS="N1">1870</w><w frlemma="," frpos="PUNCT" frMUSAS="PUNCT">,</w><w frlemma="il" frpos="PRON" frMUSAS="Z8">il</w><w frlemma="être" frpos="AUX" frMUSAS="Z99">était</w><w frlemma="entrer" frpos="VERB" frMUSAS="Z99">entré</w><w frlemma="chez" frpos="ADP" frMUSAS="Z5">chez</w><w frlemma="nous" frpos="PRON" frMUSAS="Z8">nous</w><w frlemma="à" frpos="ADP" frMUSAS="Z5">à</w><w frlemma="28" frpos="NUM" frMUSAS="N1">28</w><w frlemma="an" frpos="NOUN" frMUSAS="T1.3">ans</w><w frlemma="." frpos="PUNCT" frMUSAS="PUNCT">.</w><w frlemma="notre" frpos="DET" frMUSAS="Z8">Notre</w><w frlemma="école" frpos="NOUN" frMUSAS="P1">école</w><w frlemma="ne" frpos="ADV" frMUSAS="Z6">ne</w><w frlemma="compter" frpos="VERB" frMUSAS="N2">comptait</w><w frlemma="alors" frpos="ADV" frMUSAS="Z99">alors</w><w frlemma="que" frpos="SCONJ" frMUSAS="Z5">que</w><w frlemma="dix-sept" frpos="NUM" frMUSAS="N1">dix-sept</w><w frlemma="année" frpos="NOUN" frMUSAS="T1.3">années</w><w frlemma="de" frpos="ADP" frMUSAS="Z5">d'</w><w frlemma="existence" frpos="NOUN" frMUSAS="A3+">existence</w><w frlemma=":" frpos="PUNCT" frMUSAS="PUNCT">:</w><w frlemma="lui" frpos="PRON" frMUSAS="Z8">elle</w><w frlemma="venir" frpos="VERB" frMUSAS="M1">venait</w><w frlemma="de" frpos="ADP" frMUSAS="Z5">de</w><w frlemma="quitter" frpos="VERB" frMUSAS="M1">quitter</w><w frlemma="son" frpos="DET" frMUSAS="Z5">son</w><w frlemma="nom" frpos="NOUN" frMUSAS="Q2.2">nom</w><w frlemma="de" frpos="ADP" frMUSAS="Z5">de</w><w frlemma="mission" frpos="NOUN" frMUSAS="X7+">Mission</w><w frlemma="pour" frpos="ADP" frMUSAS="Z5">pour</w><w frlemma="prendre" frpos="VERB" frMUSAS="A9+">prendre</w><w frlemma="celui" frpos="PRON" frMUSAS="Z8">celui</w><w frlemma="de" frpos="ADP" frMUSAS="Z5">d'</w><w frlemma="Institut" frpos="PROPN" frMUSAS="P1/S5+c">Institut</w><w frlemma="," frpos="PUNCT" frMUSAS="PUNCT">,</w><w frlemma="qui" frpos="PRON" frMUSAS="Z8">qui</w><w frlemma="proclamer" frpos="VERB" frMUSAS="Z99">proclamait</w><w frlemma="un" frpos="DET" frMUSAS="Z5">un</w><w frlemma="programme" frpos="NOUN" frMUSAS="Y2">programme</w><w frlemma="plus" frpos="ADV" frMUSAS="Z5">plus</w><w frlemma="vaste" frpos="ADJ" frMUSAS="Z99">vaste</w><w frlemma=":" frpos="PUNCT" frMUSAS="PUNCT">:</w><w frlemma="le" frpos="DET" frMUSAS="Z5">l'</w><w frlemma="imprimerie" frpos="NOUN" frMUSAS="Z99">imprimerie</w><w frlemma="venir" frpos="VERB" frMUSAS="M1">venait</w><w frlemma="de" frpos="ADP" frMUSAS="Z5">d'</w><w frlemma="être" frpos="AUX" frMUSAS="Z99">être</w><w frlemma="fonder" frpos="VERB" frMUSAS="Z99">fondée</w><w frlemma="." frpos="PUNCT" frMUSAS="PUNCT">.</w><w frlemma="rampazzo" frpos="ADJ" frMUSAS="Z99">Rampazzo</w><w frlemma="y" frpos="PRON" frMUSAS="M6">y</w><w frlemma="être" frpos="AUX" frMUSAS="Z99">était</w><w frlemma="engager" frpos="VERB" frMUSAS="Z99">engagé</w><w frlemma="comme" frpos="ADP" frMUSAS="Z5">comme</w><w frlemma="conducteur" frpos="NOUN" frMUSAS="Z99">conducteur</w><w frlemma="typographe" frpos="NOUN" frMUSAS="Z99">typographe</w><w frlemma=";" frpos="PUNCT" frMUSAS="PUNCT">;</w><w frlemma="1l" frpos="ADJ" frMUSAS="Z99">1l</w><w frlemma="faire" frpos="VERB" frMUSAS="Z99">faisait</w><w frlemma="partie" frpos="NOUN" frMUSAS="A10+">partie</w><w frlemma="de" frpos="ADP" frMUSAS="Z5">de</w><w frlemma="ce" frpos="DET" frMUSAS="Z5">ces</w><w frlemma="premier" frpos="ADJ" frMUSAS="N4">premières</w><w frlemma="équipe" frpos="NOUN" frMUSAS="S5+">équipes</w><w frlemma="qui" frpos="PRON" frMUSAS="Z8">qui</w><w frlemma="avoir" frpos="ADV" frMUSAS="A9+">eurent</w><w frlemma="presque" frpos="ADV" frMUSAS="A13.4">presque</w><w frlemma="tout" frpos="ADV" frMUSAS="Z8">tout</w><w frlemma="à" frpos="ADP" frMUSAS="Z5">à</w><w frlemma="créer" frpos="VERB" frMUSAS="A1.1.1">créer</w><w frlemma="," frpos="PUNCT" frMUSAS="PUNCT">,</w><w frlemma="et" frpos="CCONJ" frMUSAS="Z5">et</w><w frlemma="qui" frpos="PRON" frMUSAS="Z8">qui</w><w frlemma="subir" frpos="VERB" frMUSAS="Z99">subirent</w><w frlemma="parfois" frpos="ADV" frMUSAS="N6">parfois</w><w frlemma="un" frpos="DET" frMUSAS="Z5">des</w><w frlemma="crise" frpos="NOUN" frMUSAS="A12-">crises</w><w frlemma="difficile" frpos="ADJ" frMUSAS="A12-">difficiles</w><w frlemma="." frpos="PUNCT" frMUSAS="PUNCT">.</w><w frlemma="certes" frpos="ADV" frMUSAS="Z99">Certes</w><w frlemma="!" frpos="PUNCT" frMUSAS="PUNCT">!</w><w frlemma="le" frpos="DET" frMUSAS="Z5">les</w><w frlemma="technicien" frpos="NOUN" frMUSAS="Y1/S2mf">techniciens</w><w frlemma="habile" frpos="ADJ" frMUSAS="Z99">habiles</w><w frlemma="ne" frpos="ADV" frMUSAS="Z6">ne</w><w frlemma="nous" frpos="PRON" frMUSAS="Z8">nous</w><w frlemma="avoir" frpos="AUX" frMUSAS="A9+">ont</w><w frlemma="jamais" frpos="ADV" frMUSAS="T1/Z6">jamais</w><w frlemma="manquer" frpos="VERB" frMUSAS="A5.3-">manqué</w><w frlemma="à" frpos="ADP" frMUSAS="Z5">à</w><w frlemma="le" frpos="DET" frMUSAS="Z5">la</w><w frlemma="tête" frpos="NOUN" frMUSAS="B1">tête</w><w frlemma="de" frpos="ADP" frMUSAS="Z5">de</w><w frlemma="le" frpos="DET" frMUSAS="Z5">l'</w><w frlemma="imprimerie" frpos="NOUN" frMUSAS="Z99">imprimerie</w><w frlemma="," frpos="PUNCT" frMUSAS="PUNCT">,</w><w frlemma="et" frpos="CCONJ" frMUSAS="Z5">et</w><w frlemma="il" frpos="PRON" frMUSAS="Z8">il</w><w frlemma="falloir" frpos="VERB" frMUSAS="Z99">faut</w><w frlemma="son" frpos="PRON" frMUSAS="Z5">leur</w><w frlemma="rendre" frpos="VERB" frMUSAS="Z99">rendre</w><w frlemma="hommage" frpos="NOUN" frMUSAS="Z99">hommage</w><w frlemma=";" frpos="PUNCT" frMUSAS="PUNCT">;</w><w frlemma="mais" frpos="CCONJ" frMUSAS="Z5">mais</w><w frlemma="un" frpos="DET" frMUSAS="Z5">un</w><w frlemma="jour" frpos="NOUN" frMUSAS="T1.3">jour</w><w frlemma="venir" frpos="VERB" frMUSAS="M1">vint</w><w frlemma="pourtant" frpos="ADV" frMUSAS="Z99">pourtant</w><w frlemma="où" frpos="SCONJ" frMUSAS="M6">où</w><w frlemma="il" frpos="PRON" frMUSAS="Z8">ils</w><w frlemma="sembler" frpos="VERB" frMUSAS="A8">semblaient</w><w frlemma="devoir" frpos="VERB" frMUSAS="Z99">devoir</w><w frlemma="nous" frpos="PRON" frMUSAS="Z8">nous</w><w frlemma="faire" frpos="VERB" frMUSAS="Z99">faire</w><w frlemma="défaut" frpos="PROPN" frMUSAS="Z99">défaut</w><w frlemma=";" frpos="PUNCT" frMUSAS="PUNCT">;</w><w frlemma="et" frpos="CCONJ" frMUSAS="Z5">et</w><w frlemma="le" frpos="DET" frMUSAS="Z5">le</w><w frlemma="directeur" frpos="NOUN" frMUSAS="S7.1+/S2mf">directeur</w><w frlemma="de" frpos="ADP" frMUSAS="Z5">d'</w><w frlemma="alors" frpos="ADV" frMUSAS="Z99">alors</w><w frlemma="," frpos="PUNCT" frMUSAS="PUNCT">,</w><w frlemma="Émile" frpos="PROPN" frMUSAS="Z99">Émile</w><w frlemma="Chassinat" frpos="PROPN" frMUSAS="Z99">Chassinat</w><w frlemma="," frpos="PUNCT" frMUSAS="PUNCT">,</w><w frlemma="avoir" frpos="VERB" frMUSAS="A9+">eut</w><w frlemma="le" frpos="DET" frMUSAS="Z5">le</w><w frlemma="mérite" frpos="NOUN" frMUSAS="A5.1+">mérite</w><w frlemma="de" frpos="ADP" frMUSAS="Z5">d'</w><w frlemma="aller" frpos="VERB" frMUSAS="M1">aller</w><w frlemma="chercher" frpos="VERB" frMUSAS="Z99">chercher</w><w frlemma="à" frpos="ADP" frMUSAS="Z5">à</w><w frlemma="son" frpos="DET" frMUSAS="Z5">sa</w><w frlemma="machine" frpos="NOUN" frMUSAS="A1.1.1">machine</w><w frlemma="le" frpos="DET" frMUSAS="Z5">le</w><w frlemma="probe" frpos="NOUN" frMUSAS="Z99">probe</w><w frlemma="et" frpos="CCONJ" frMUSAS="Z5">et</w><w frlemma="courageux" frpos="ADJ" frMUSAS="E5+/S1.2">courageux</w><w frlemma="ouvrier" frpos="ADJ" frMUSAS="I3.1/S2mf">ouvrier</w><w frlemma="," frpos="PUNCT" frMUSAS="PUNCT">,</w><w frlemma="que" frpos="SCONJ" frMUSAS="Z5">qu'</w><w frlemma="il" frpos="PRON" frMUSAS="Z8">il</w><w frlemma="mettre" frpos="VERB" frMUSAS="Z99">mit</w><w frlemma="en" frpos="ADP" frMUSAS="Z5">en</w><w frlemma="1910" frpos="NUM" frMUSAS="N1">1910</w><w frlemma="au" frpos="ADP" frMUSAS="Z5">au</w><w frlemma="poste" frpos="NOUN" frMUSAS="Z99">poste</w><w frlemma="de" frpos="ADP" frMUSAS="Z5">de</w><w frlemma="chef" frpos="NOUN" frMUSAS="Z99">chef</w><w frlemma="." frpos="PUNCT" frMUSAS="PUNCT">.</w></p><p><w frlemma="Rampazzo" frpos="PROPN" frMUSAS="Z99">Rampazzo</w><w frlemma="en" frpos="PRON" frMUSAS="Z8">en</w><w frlemma="avoir" frpos="AUX" frMUSAS="A9+">avait</w><w frlemma="le" frpos="DET" frMUSAS="Z5">l'</w><w frlemma="étoffe" frpos="NOUN" frMUSAS="Z99">étoffe</w><w frlemma="et" frpos="CCONJ" frMUSAS="Z5">et</w><w frlemma="le" frpos="DET" frMUSAS="Z5">l'</w><w frlemma="âme" frpos="PROPN" frMUSAS="K2">âme</w><w frlemma="." frpos="PUNCT" frMUSAS="PUNCT">.</w><w frlemma="italien" frpos="NOUN" frMUSAS="Z2">Italien</w><w frlemma="," frpos="PUNCT" frMUSAS="PUNCT">,</w><w frlemma="il" frpos="PRON" frMUSAS="Z8">il</w><w frlemma="avoir" frpos="AUX" frMUSAS="A9+">avait</w><w frlemma="déjà" frpos="ADV" frMUSAS="T1.1.1">déjà</w><w frlemma="apporter" frpos="VERB" frMUSAS="M2">apporté</w><w frlemma="dans" frpos="ADP" frMUSAS="Z5">dans</w><w frlemma="notre" frpos="DET" frMUSAS="Z5">nos</w><w frlemma="atelier" frpos="NOUN" frMUSAS="Z99">ateliers</w><w frlemma="le" frpos="DET" frMUSAS="Z5">les</w><w frlemma="beau" frpos="NOUN" frMUSAS="Z99">belles</w><w frlemma="qualité" frpos="ADJ" frMUSAS="A5.1">qualités</w><w frlemma="de" frpos="ADP" frMUSAS="Z5">de</w><w frlemma="son" frpos="DET" frMUSAS="Z5">sa</w><w frlemma="nation" frpos="NOUN" frMUSAS="G1.1c">nation</w><w frlemma="," frpos="PUNCT" frMUSAS="PUNCT">,</w><w frlemma="ce" frpos="DET" frMUSAS="Z5">cette</w><w frlemma="ténacité" frpos="NOUN" frMUSAS="Z99">ténacité</w><w frlemma="dans" frpos="ADP" frMUSAS="Z5">dans</w><w frlemma="le" frpos="DET" frMUSAS="Z5">le</w><w frlemma="labeur" frpos="NOUN" frMUSAS="Z99">labeur</w><w frlemma="et" frpos="CCONJ" frMUSAS="Z5">et</w><w frlemma="ce" frpos="DET" frMUSAS="Z5">ce</w><w frlemma="souci" frpos="NOUN" frMUSAS="Z99">souci</w><w frlemma="de" frpos="ADP" frMUSAS="Z5">du</w><w frlemma="travail" frpos="NOUN" frMUSAS="I3.1">travail</w><w frlemma="bien" frpos="ADV" frMUSAS="A10+">bien</w><w frlemma="fait" frpos="ADJ" frMUSAS="Z99">fait</w><w frlemma="," frpos="PUNCT" frMUSAS="PUNCT">,</w><w frlemma="dont" frpos="PRON" frMUSAS="Z8">dont</w><w frlemma="le" frpos="DET" frMUSAS="Z5">les</w><w frlemma="légion" frpos="NOUN" frMUSAS="Z99">légions</w><w frlemma="romain" frpos="ADJ" frMUSAS="Z2">romaines</w><w frlemma="nous" frpos="PRON" frMUSAS="Z8">nous</w><w frlemma="avoir" frpos="AUX" frMUSAS="A9+">ont</w><w frlemma="donner" frpos="VERB" frMUSAS="A9-">donné</w><w frlemma="," frpos="PUNCT" frMUSAS="PUNCT">,</w><w frlemma="sur" frpos="ADP" frMUSAS="Z5">sur</w><w frlemma="ce" frpos="DET" frMUSAS="Z5">cette</w><w frlemma="terre" frpos="NOUN" frMUSAS="Z99">terre</w><w frlemma="de" frpos="ADP" frMUSAS="Z5">d'</w><w frlemma="Afrique" frpos="PROPN" frMUSAS="Z99">Afrique</w><w frlemma="," frpos="PUNCT" frMUSAS="PUNCT">,</w><w frlemma="tant" frpos="ADV" frMUSAS="Z99">tant</w><w frlemma="de" frpos="ADP" frMUSAS="Z5">d'</w><w frlemma="immortel" frpos="NUM" frMUSAS="N1">immortels</w><w frlemma="exemple" frpos="NOUN" frMUSAS="A4.1">exemples</w><w frlemma="et" frpos="CCONJ" frMUSAS="Z5">et</w><w frlemma="que" frpos="SCONJ" frMUSAS="Z5">que</w><w frlemma="le" frpos="DET" frMUSAS="Z5">la</w><w frlemma="race" frpos="NOUN" frMUSAS="Z99">race</w><w frlemma="italien" frpos="ADJ" frMUSAS="Z2">italienne</w><w frlemma="manifeste" frpos="ADJ" frMUSAS="Z99">manifeste</w><w frlemma="toujours" frpos="ADV" frMUSAS="N6+++">toujours</w><w frlemma="par" frpos="ADP" frMUSAS="M6">par</w><w frlemma="le" frpos="DET" frMUSAS="Z5">la</w><w frlemma="vaillance" frpos="NOUN" frMUSAS="Z99">vaillance</w><w frlemma="si" frpos="SCONJ" frMUSAS="Z5">si</w><w frlemma="féconde" frpos="NOUN" frMUSAS="Z99">féconde</w><w frlemma="de" frpos="ADP" frMUSAS="Z5">de</w><w frlemma="ce" frpos="DET" frMUSAS="Z5">ces</w><w frlemma="innombrable" frpos="NOUN" frMUSAS="Z99">innombrables</w><w frlemma="artisan" frpos="ADV" frMUSAS="Z99">artisans</w><w frlemma="," frpos="PUNCT" frMUSAS="PUNCT">,</w><w frlemma="que" frpos="SCONJ" frMUSAS="Z5">qu'</w><w frlemma="lui" frpos="PRON" frMUSAS="Z8">elle</w><w frlemma="répandre" frpos="VERB" frMUSAS="Z99">répand</w><pb n="184"/><w frlemma="dans" frpos="ADP" frMUSAS="Z5">dans</w><w frlemma="presque" frpos="ADV" frMUSAS="A13.4">presque</w><w frlemma="tout" frpos="ADJ" frMUSAS="Z8">toutes</w><w frlemma="le" frpos="DET" frMUSAS="Z5">les</w><w frlemma="région" frpos="NOUN" frMUSAS="M7">régions</w><w frlemma="de" frpos="ADP" frMUSAS="Z5">du</w><w frlemma="monde" frpos="NOUN" frMUSAS="Z99">monde</w><w frlemma="." frpos="PUNCT" frMUSAS="PUNCT">.</w><w frlemma="à" frpos="ADP" frMUSAS="Z5">À</w><w frlemma="le" frpos="DET" frMUSAS="Z5">la</w><w frlemma="tête" frpos="NOUN" frMUSAS="B1">tête</w><w frlemma="de" frpos="ADP" frMUSAS="Z5">de</w><w frlemma="le" frpos="DET" frMUSAS="Z5">l'</w><w frlemma="imprimerie" frpos="NOUN" frMUSAS="Z99">imprimerie</w><w frlemma="," frpos="PUNCT" frMUSAS="PUNCT">,</w><w frlemma="il" frpos="PRON" frMUSAS="Z8">il</w><w frlemma="montrer" frpos="VERB" frMUSAS="A10+">montra</w><w frlemma="tout" frpos="ADV" frMUSAS="Z8">tout</w><w frlemma="de" frpos="ADP" frMUSAS="Z5">de</w><w frlemma="suite" frpos="NOUN" frMUSAS="Z99">suite</w><w frlemma="le" frpos="DET" frMUSAS="Z5">le</w><w frlemma="goût" frpos="NOUN" frMUSAS="X3.1">goût</w><w frlemma="de" frpos="ADP" frMUSAS="Z5">de</w><w frlemma="le" frpos="DET" frMUSAS="Z5">l'</w><w frlemma="ordre" frpos="NOUN" frMUSAS="S7.1+/Q2.2">ordre</w><w frlemma="et" frpos="CCONJ" frMUSAS="Z5">et</w><w frlemma="de" frpos="ADP" frMUSAS="Z5">de</w><w frlemma="le" frpos="DET" frMUSAS="Z5">la</w><w frlemma="discipline" frpos="NOUN" frMUSAS="G2.1">discipline</w><w frlemma="et" frpos="CCONJ" frMUSAS="Z5">et</w><w frlemma="," frpos="PUNCT" frMUSAS="PUNCT">,</w><w frlemma="par" frpos="ADP" frMUSAS="M6">par</w><w frlemma="-" frpos="NOUN" frMUSAS="Z99">-</w><w frlemma="dessus" frpos="NOUN" frMUSAS="Z99">dessus</w><w frlemma="tout" frpos="ADV" frMUSAS="Z8">tout</w><w frlemma="," frpos="PUNCT" frMUSAS="PUNCT">,</w><w frlemma="le" frpos="DET" frMUSAS="Z5">la</w><w frlemma="passion" frpos="NOUN" frMUSAS="X5.2+">passion</w><w frlemma="de" frpos="ADP" frMUSAS="Z5">du</w><w frlemma="métier" frpos="NOUN" frMUSAS="Z99">métier</w><w frlemma="," frpos="PUNCT" frMUSAS="PUNCT">,</w><w frlemma="sans" frpos="ADP" frMUSAS="M6">sans</w><w frlemma="lequel" frpos="PRON" frMUSAS="Z99">laquelle</w><w frlemma="on" frpos="PRON" frMUSAS="Z8">on</w><w frlemma="pouvoir" frpos="VERB" frMUSAS="Z99">pourrait</w><w frlemma="peut-être" frpos="ADV" frMUSAS="Z99">peut-être</w><w frlemma="organiser" frpos="VERB" frMUSAS="S7.1+">organiser</w><w frlemma="un" frpos="DET" frMUSAS="Z5">une</w><w frlemma="usine" frpos="NOUN" frMUSAS="I4/H1c">usine</w><w frlemma="," frpos="PUNCT" frMUSAS="PUNCT">,</w><w frlemma="mais" frpos="CCONJ" frMUSAS="Z5">mais</w><w frlemma="on" frpos="PRON" frMUSAS="Z8">on</w><w frlemma="ne" frpos="ADV" frMUSAS="Z6">ne</w><w frlemma="savoir" frpos="VERB" frMUSAS="X2.2+">saurait</w><w frlemma="communiquer" frpos="VERB" frMUSAS="Q2.1">communiquer</w><w frlemma="à" frpos="ADP" frMUSAS="Z5">aux</w><w frlemma="être" frpos="NOUN" frMUSAS="Z99">êtres</w><w frlemma="vivant" frpos="NOUN" frMUSAS="Z99">vivants</w><w frlemma="," frpos="PUNCT" frMUSAS="PUNCT">,</w><w frlemma="qui" frpos="PRON" frMUSAS="Z8">qui</w><w frlemma="conduire" frpos="VERB" frMUSAS="Z99">conduisent</w><w frlemma="le" frpos="DET" frMUSAS="Z5">les</w><w frlemma="mécanique" frpos="ADJ" frMUSAS="O2">mécaniques</w><w frlemma="," frpos="PUNCT" frMUSAS="PUNCT">,</w><w frlemma="le" frpos="DET" frMUSAS="Z5">l'</w><w frlemma="ardeur" frpos="NOUN" frMUSAS="Z99">ardeur</w><w frlemma="unanime" frpos="ADJ" frMUSAS="A6.1+">unanime</w><w frlemma="si" frpos="SCONJ" frMUSAS="Z5">si</w><w frlemma="nécessaire" frpos="ADJ" frMUSAS="Z99">nécessaire</w><w frlemma="quand" frpos="SCONJ" frMUSAS="Z5">quand</w><w frlemma="le" frpos="DET" frMUSAS="Z5">le</w><w frlemma="métier" frpos="NOUN" frMUSAS="Z99">métier</w><w frlemma="être" frpos="AUX" frMUSAS="M6">est</w><w frlemma="le" frpos="DET" frMUSAS="Z5">le</w><w frlemma="plus" frpos="ADV" frMUSAS="Z5">plus</w><w frlemma="noble" frpos="ADJ" frMUSAS="G2.2+">noble</w><w frlemma="de" frpos="ADP" frMUSAS="Z5">des</w><w frlemma="art" frpos="NOUN" frMUSAS="C1">arts</w><w frlemma="." frpos="PUNCT" frMUSAS="PUNCT">.</w><w frlemma="le" frpos="DET" frMUSAS="Z5">Les</w><w frlemma="érudit" frpos="NOUN" frMUSAS="Z99">érudits</w><w frlemma="ne" frpos="ADV" frMUSAS="Z6">ne</w><w frlemma="se" frpos="PRON" frMUSAS="Z8">se</w><w frlemma="rendre" frpos="VERB" frMUSAS="Z99">rendent</w><w frlemma="pas" frpos="ADV" frMUSAS="Z99">pas</w><w frlemma="tout" frpos="DET" frMUSAS="Z8">tous</w><w frlemma="compte" frpos="NOUN" frMUSAS="Z99">compte</w><w frlemma="de" frpos="ADP" frMUSAS="Z5">de</w><w frlemma="ce" frpos="PRON" frMUSAS="Z8">ce</w><w frlemma="que" frpos="PRON" frMUSAS="Z8">qu'</w><w frlemma="il" frpos="PRON" frMUSAS="Z8">ils</w><w frlemma="devoir" frpos="VERB" frMUSAS="Z99">doivent</w><w frlemma="à" frpos="ADP" frMUSAS="Z5">à</w><w frlemma="leur" frpos="DET" frMUSAS="Z5">leurs</w><w frlemma="imprimeur" frpos="NOUN" frMUSAS="Z99">imprimeurs</w><w frlemma="." frpos="PUNCT" frMUSAS="PUNCT">.</w><w frlemma="avec" frpos="ADP" frMUSAS="Z5">Avec</w><w frlemma="un" frpos="DET" frMUSAS="Z5">un</w><w frlemma="maître" frpos="NOUN" frMUSAS="S7.1+/S2.2m">maître</w><w frlemma="-" frpos="NOUN" frMUSAS="Z99">-</w><w frlemma="imprimeur" frpos="NOUN" frMUSAS="Z99">imprimeur</w><w frlemma="comme" frpos="ADP" frMUSAS="Z5">comme</w><w frlemma="Rampazzo" frpos="PROPN" frMUSAS="Z99">Rampazzo</w><w frlemma="," frpos="PUNCT" frMUSAS="PUNCT">,</w><w frlemma="nous" frpos="PRON" frMUSAS="Z8">nous</w><w frlemma="être" frpos="VERB" frMUSAS="Z99">étions</w><w frlemma="bien" frpos="ADV" frMUSAS="A10+">bien</w><w frlemma="placer" frpos="VERB" frMUSAS="M2">placés</w><w frlemma="à" frpos="ADP" frMUSAS="Z5">à</w><w frlemma="le" frpos="DET" frMUSAS="Z5">l'</w><w frlemma="Institut" frpos="PROPN" frMUSAS="P1/S5+c">Institut</w><w frlemma="français" frpos="ADJ" frMUSAS="Z2">français</w><w frlemma="pour" frpos="ADP" frMUSAS="Z5">pour</w><w frlemma="le" frpos="DET" frMUSAS="Z5">le</w><w frlemma="connaître" frpos="VERB" frMUSAS="X2.2+">connaître</w><w frlemma="." frpos="PUNCT" frMUSAS="PUNCT">.</w><w frlemma="ce" frpos="DET" frMUSAS="Z5">Ces</w><w frlemma="manuscrit" frpos="NOUN" frMUSAS="Z99">manuscrits</w><w frlemma="bourrer" frpos="VERB" frMUSAS="Z99">bourrés</w><w frlemma="de" frpos="ADP" frMUSAS="Z5">de</w><w frlemma="référence" frpos="NOUN" frMUSAS="Q2.2">références</w><w frlemma="," frpos="PUNCT" frMUSAS="PUNCT">,</w><w frlemma="de" frpos="ADP" frMUSAS="Z5">de</w><w frlemma="sigle" frpos="NOUN" frMUSAS="Z99">sigles</w><w frlemma="," frpos="PUNCT" frMUSAS="PUNCT">,</w><w frlemma="de" frpos="ADP" frMUSAS="Z5">de</w><w frlemma="texte" frpos="NOUN" frMUSAS="Q1.2">textes</w><w frlemma="divers" frpos="ADJ" frMUSAS="Z99">divers</w><w frlemma="," frpos="PUNCT" frMUSAS="PUNCT">,</w><w frlemma="dans" frpos="ADP" frMUSAS="Z5">dans</w><w frlemma="tout" frpos="ADJ" frMUSAS="Z8">toutes</w><w frlemma="le" frpos="DET" frMUSAS="Z5">les</w><w frlemma="langue" frpos="NOUN" frMUSAS="Z99">langues</w><w frlemma="et" frpos="CCONJ" frMUSAS="Z5">et</w><w frlemma="dans" frpos="ADP" frMUSAS="Z5">dans</w><w frlemma="tout" frpos="ADJ" frMUSAS="Z8">toutes</w><w frlemma="le" frpos="DET" frMUSAS="Z5">les</w><w frlemma="écriture" frpos="NOUN" frMUSAS="Q1.2">écritures</w><w frlemma="le" frpos="DET" frMUSAS="Z5">les</w><w frlemma="plus" frpos="ADV" frMUSAS="Z5">plus</w><w frlemma="difficile" frpos="ADJ" frMUSAS="A12-">difficiles</w><w frlemma="à" frpos="ADP" frMUSAS="Z5">à</w><w frlemma="associer" frpos="NOUN" frMUSAS="A6.1+/X2.1">associer</w><w frlemma="," frpos="PUNCT" frMUSAS="PUNCT">,</w><w frlemma="couper" frpos="VERB" frMUSAS="A1.1.1">coupés</w><w frlemma="de" frpos="ADP" frMUSAS="Z5">de</w><w frlemma="croquis" frpos="PROPN" frMUSAS="Z99">croquis</w><w frlemma="," frpos="PUNCT" frMUSAS="PUNCT">,</w><w frlemma="et" frpos="CCONJ" frMUSAS="Z5">et</w><w frlemma="souvent" frpos="ADV" frMUSAS="N6+">souvent</w><w frlemma="salir" frpos="ADJ" frMUSAS="Z99">salis</w><w frlemma="de" frpos="ADP" frMUSAS="Z5">de</w><w frlemma="rature" frpos="NOUN" frMUSAS="Z99">ratures</w><w frlemma="," frpos="PUNCT" frMUSAS="PUNCT">,</w><w frlemma="encombrer" frpos="VERB" frMUSAS="Z99">encombrés</w><w frlemma="de" frpos="ADP" frMUSAS="Z5">d'</w><w frlemma="addition" frpos="NOUN" frMUSAS="Z99">additions</w><w frlemma="," frpos="PUNCT" frMUSAS="PUNCT">,</w><w frlemma="gâter" frpos="VERB" frMUSAS="Z99">gâtés</w><w frlemma="par" frpos="ADP" frMUSAS="M6">par</w><w frlemma="le" frpos="DET" frMUSAS="Z5">les</w><w frlemma="faute" frpos="NOUN" frMUSAS="Z99">fautes</w><w frlemma="," frpos="PUNCT" frMUSAS="PUNCT">,</w><w frlemma="il" frpos="PRON" frMUSAS="Z8">il</w><w frlemma="falloir" frpos="VERB" frMUSAS="Z99">faut</w><w frlemma="que" frpos="SCONJ" frMUSAS="Z5">que</w><w frlemma="le" frpos="DET" frMUSAS="Z5">l'</w><w frlemma="imprimeur" frpos="NOUN" frMUSAS="Z99">imprimeur</w><w frlemma="le" frpos="DET" frMUSAS="Z5">les</w><w frlemma="dispose" frpos="NOUN" frMUSAS="Z99">dispose</w><w frlemma="en" frpos="ADP" frMUSAS="Z5">en</w><w frlemma="feuillet" frpos="NOUN" frMUSAS="Z99">feuillets</w><w frlemma="correct" frpos="ADJ" frMUSAS="A5.3+">corrects</w><w frlemma="," frpos="PUNCT" frMUSAS="PUNCT">,</w><w frlemma="plaisant" frpos="ADJ" frMUSAS="Z99">plaisants</w><w frlemma="à" frpos="ADP" frMUSAS="Z5">à</w><w frlemma="le" frpos="DET" frMUSAS="Z5">l'</w><w frlemma="œil" frpos="NOUN" frMUSAS="B1">œil</w><w frlemma="," frpos="PUNCT" frMUSAS="PUNCT">,</w><w frlemma="clair" frpos="VERB" frMUSAS="A7+">clairs</w><w frlemma="à" frpos="ADP" frMUSAS="Z5">à</w><w frlemma="le" frpos="DET" frMUSAS="Z5">l'</w><w frlemma="esprit" frpos="NOUN" frMUSAS="Z99">esprit</w><w frlemma="." frpos="PUNCT" frMUSAS="PUNCT">.</w><w frlemma="avec" frpos="ADP" frMUSAS="Z5">Avec</w><w frlemma="le" frpos="DET" frMUSAS="Z5">le</w><w frlemma="zèle" frpos="NOUN" frMUSAS="Z99">zèle</w><w frlemma="habile" frpos="ADJ" frMUSAS="Z99">habile</w><w frlemma="de" frpos="ADP" frMUSAS="Z5">de</w><w frlemma="son" frpos="DET" frMUSAS="Z5">ses</w><w frlemma="typographe" frpos="NOUN" frMUSAS="Z99">typographes</w><w frlemma="," frpos="PUNCT" frMUSAS="PUNCT">,</w><w frlemma="le" frpos="DET" frMUSAS="Z5">l'</w><w frlemma="ingéniosité" frpos="NOUN" frMUSAS="Z99">ingéniosité</w><w frlemma="de" frpos="ADP" frMUSAS="Z5">de</w><w frlemma="son" frpos="DET" frMUSAS="Z5">ses</w><w frlemma="fondeur" frpos="NOUN" frMUSAS="Z99">fondeurs</w><w frlemma="," frpos="PUNCT" frMUSAS="PUNCT">,</w><w frlemma="qui" frpos="PRON" frMUSAS="Z8">qui</w><w frlemma="savoir" frpos="VERB" frMUSAS="X2.2+">savaient</w><w frlemma="créer" frpos="VERB" frMUSAS="A1.1.1">créer</w><w frlemma="le" frpos="DET" frMUSAS="Z5">les</w><w frlemma="signe" frpos="NOUN" frMUSAS="Q1.1">signes</w><w frlemma="manquer" frpos="VERB" frMUSAS="A5.3-">manquant</w><w frlemma="à" frpos="ADP" frMUSAS="Z5">à</w><w frlemma="notre" frpos="DET" frMUSAS="Z5">nos</w><w frlemma="collection" frpos="NOUN" frMUSAS="Z99">collections</w><w frlemma="," frpos="PUNCT" frMUSAS="PUNCT">,</w><w frlemma="et" frpos="CCONJ" frMUSAS="Z5">et</w><w frlemma="le" frpos="DET" frMUSAS="Z5">la</w><w frlemma="rigueur" frpos="NOUN" frMUSAS="Z99">rigueur</w><w frlemma="de" frpos="ADP" frMUSAS="Z5">de</w><w frlemma="son" frpos="DET" frMUSAS="Z5">son</w><w frlemma="admirable" frpos="NOUN" frMUSAS="Z99">admirable</w><w frlemma="équipe" frpos="NOUN" frMUSAS="S5+">équipe</w><w frlemma="de" frpos="ADP" frMUSAS="Z5">de</w><w frlemma="correcteur" frpos="NOUN" frMUSAS="Z99">correcteurs</w><w frlemma="," frpos="PUNCT" frMUSAS="PUNCT">,</w><w frlemma="le" frpos="DET" frMUSAS="Z5">l'</w><w frlemma="énergie" frpos="NOUN" frMUSAS="X5.2+">énergie</w><w frlemma="compétent" frpos="ADJ" frMUSAS="X9.1+">compétente</w><w frlemma="de" frpos="ADP" frMUSAS="Z5">de</w><w frlemma="Rampazzo" frpos="PROPN" frMUSAS="Z99">Rampazzo</w><w frlemma="avoir" frpos="AUX" frMUSAS="A9+">a</w><w frlemma="assurer" frpos="VERB" frMUSAS="Z99">assuré</w><w frlemma="à" frpos="ADP" frMUSAS="Z5">aux</w><w frlemma="publication" frpos="NOUN" frMUSAS="Q4">publications</w><w frlemma="de" frpos="ADP" frMUSAS="Z5">de</w><w frlemma="le" frpos="DET" frMUSAS="Z5">l'</w><w frlemma="Institut" frpos="PROPN" frMUSAS="P1/S5+c">Institut</w><w frlemma="un" frpos="DET" frMUSAS="Z5">une</w><w frlemma="réputation" frpos="NOUN" frMUSAS="I3.2">réputation</w><w frlemma="que" frpos="PRON" frMUSAS="Z8">que</w><w frlemma="personne" frpos="NOUN" frMUSAS="Z99">personne</w><w frlemma="ne" frpos="ADV" frMUSAS="Z6">ne</w><w frlemma="conteste" frpos="VERB" frMUSAS="Z99">conteste</w><w frlemma=";" frpos="PUNCT" frMUSAS="PUNCT">;</w><w frlemma="il" frpos="PRON" frMUSAS="Z8">il</w><w frlemma="avoir" frpos="AUX" frMUSAS="A9+">a</w><w frlemma="faire" frpos="VERB" frMUSAS="Z99">fait</w><w frlemma="de" frpos="ADP" frMUSAS="Z5">de</w><w frlemma="notre" frpos="DET" frMUSAS="Z5">nos</w><w frlemma="atelier" frpos="NOUN" frMUSAS="Z99">ateliers</w><w frlemma="un" frpos="DET" frMUSAS="Z5">une</w><w frlemma="de" frpos="ADP" frMUSAS="Z5">des</w><w frlemma="plus" frpos="ADV" frMUSAS="Z5">plus</w><w frlemma="bel" frpos="ADJ" frMUSAS="Z99">belles</w><w frlemma="imprimerie" frpos="NOUN" frMUSAS="Z99">imprimeries</w><w frlemma="oriental" frpos="ADJ" frMUSAS="Z99">orientales</w><w frlemma="de" frpos="ADP" frMUSAS="Z5">du</w><w frlemma="monde" frpos="NOUN" frMUSAS="Z99">monde</w><w frlemma="." frpos="PUNCT" frMUSAS="PUNCT">.</w></p><p><w frlemma="au" frpos="ADP" frMUSAS="Z5">Au</w><w frlemma="prix" frpos="NOUN" frMUSAS="Z99">prix</w><w frlemma="de" frpos="ADP" frMUSAS="Z5">de</w><w frlemma="quel" frpos="DET" frMUSAS="Z5">quel</w><w frlemma="labeur" frpos="NOUN" frMUSAS="Z99">labeur</w><w frlemma="," frpos="PUNCT" frMUSAS="PUNCT">,</w><w frlemma="celui" frpos="PRON" frMUSAS="Z8">ceux</w><w frlemma="-là" frpos="PRON" frMUSAS="Z99">-là</w><w frlemma="seul" frpos="ADJ" frMUSAS="Z99">seuls</w><w frlemma="le" frpos="PRON" frMUSAS="Z8">le</w><w frlemma="savoir" frpos="VERB" frMUSAS="X2.2+">savent</w><w frlemma="qui" frpos="PRON" frMUSAS="Z8">qui</w><w frlemma="le" frpos="PRON" frMUSAS="Z8">l'</w><w frlemma="avoir" frpos="AUX" frMUSAS="A9+">ont</w><w frlemma="voir" frpos="VERB" frMUSAS="X3.4">vu</w><w frlemma="toujours" frpos="ADV" frMUSAS="N6+++">toujours</w><w frlemma="présent" frpos="ADJ" frMUSAS="A9-">présent</w><w frlemma="au" frpos="ADP" frMUSAS="Z5">au</w><w frlemma="travail" frpos="NOUN" frMUSAS="I3.1">travail</w><w frlemma="," frpos="PUNCT" frMUSAS="PUNCT">,</w><w frlemma="surveiller" frpos="VERB" frMUSAS="X3.4">surveillant</w><w frlemma="tout" frpos="ADJ" frMUSAS="Z8">tous</w><w frlemma="le" frpos="DET" frMUSAS="Z5">les</w><w frlemma="détail" frpos="NOUN" frMUSAS="A4.2+">détails</w><w frlemma="," frpos="PUNCT" frMUSAS="PUNCT">,</w><w frlemma="au" frpos="ADP" frMUSAS="Z5">au</w><w frlemma="point" frpos="NOUN" frMUSAS="A10+">point</w><w frlemma="que" frpos="SCONJ" frMUSAS="Z5">que</w><w frlemma="même" frpos="ADV" frMUSAS="Z99">même</w><w frlemma="seconder" frpos="VERB" frMUSAS="Z99">secondé</w><w frlemma="par" frpos="ADP" frMUSAS="M6">par</w><w frlemma="le" frpos="DET" frMUSAS="Z5">les</w><w frlemma="collaborateur" frpos="NOUN" frMUSAS="Z99">collaborateurs</w><w frlemma="le" frpos="DET" frMUSAS="Z5">les</w><w frlemma="plus" frpos="ADV" frMUSAS="Z5">plus</w><w frlemma="expérimenté" frpos="NOUN" frMUSAS="Z99">expérimentés</w><w frlemma="," frpos="PUNCT" frMUSAS="PUNCT">,</w><w frlemma="il" frpos="PRON" frMUSAS="Z8">il</w><w frlemma="ne" frpos="ADV" frMUSAS="Z6">ne</w><w frlemma="laisser" frpos="VERB" frMUSAS="M1">laissait</w><w frlemma="pas" frpos="ADV" frMUSAS="Z99">pas</w><w frlemma="tirer" frpos="VERB" frMUSAS="Z99">tirer</w><w frlemma="un" frpos="DET" frMUSAS="Z5">une</w><w frlemma="feuille" frpos="NOUN" frMUSAS="Z99">feuille</w><w frlemma="sans" frpos="ADP" frMUSAS="M6">sans</w><w frlemma="en" frpos="PRON" frMUSAS="Z8">en</w><w frlemma="avoir" frpos="AUX" frMUSAS="A9+">avoir</w><w frlemma="vérifier" frpos="VERB" frMUSAS="Z99">vérifié</w><w frlemma="le" frpos="DET" frMUSAS="Z5">l'</w><w frlemma="encrage" frpos="NOUN" frMUSAS="Z99">encrage</w><w frlemma="," frpos="PUNCT" frMUSAS="PUNCT">,</w><w frlemma="si" frpos="SCONJ" frMUSAS="Z5">si</w><w frlemma="bien" frpos="ADV" frMUSAS="A10+">bien</w><w frlemma="que" frpos="SCONJ" frMUSAS="Z5">que</w><w frlemma="lorsque" frpos="SCONJ" frMUSAS="Z5">lorsque</w><w frlemma="le" frpos="DET" frMUSAS="Z5">la</w><w frlemma="maladie" frpos="NOUN" frMUSAS="Z99">maladie</w><w frlemma="le" frpos="PRON" frMUSAS="Z8">l'</w><w frlemma="avoir" frpos="AUX" frMUSAS="A9+">a</w><w frlemma="obliger" frpos="VERB" frMUSAS="Z99">obligé</w><w frlemma="à" frpos="ADP" frMUSAS="Z5">à</w><w frlemma="prendre" frpos="VERB" frMUSAS="A9+">prendre</w><w frlemma="un" frpos="DET" frMUSAS="Z5">un</w><w frlemma="repos" frpos="NOUN" frMUSAS="E3+">repos</w><w frlemma="qui" frpos="PRON" frMUSAS="Z8">qui</w><w frlemma="luire" frpos="PRON" frMUSAS="Z8">lui</w><w frlemma="peser" frpos="VERB" frMUSAS="N3.5">pesait</w><w frlemma="," frpos="PUNCT" frMUSAS="PUNCT">,</w><w frlemma="nous" frpos="PRON" frMUSAS="Z8">nous</w><w frlemma="ne" frpos="ADV" frMUSAS="Z6">ne</w><w frlemma="sentir" frpos="VERB" frMUSAS="Z99">sentions</w><w frlemma="chez" frpos="ADP" frMUSAS="Z5">chez</w><w frlemma="le" frpos="DET" frMUSAS="Z5">les</w><w frlemma="ouvrier" frpos="NOUN" frMUSAS="I3.1/S2mf">ouvriers</w><w frlemma="," frpos="PUNCT" frMUSAS="PUNCT">,</w><w frlemma="animer" frpos="VERB" frMUSAS="Z99">animés</w><w frlemma="de" frpos="ADP" frMUSAS="Z5">de</w><w frlemma="son" frpos="DET" frMUSAS="Z5">son</w><w frlemma="esprit" frpos="NOUN" frMUSAS="Z99">esprit</w><w frlemma="," frpos="PUNCT" frMUSAS="PUNCT">,</w><w frlemma="de" frpos="ADP" frMUSAS="Z5">d'</w><w frlemma="autre" frpos="ADJ" frMUSAS="A6.1-">autre</w><w frlemma="relâchement" frpos="ADV" frMUSAS="Z99">relâchement</w><w frlemma="que" frpos="SCONJ" frMUSAS="Z5">que</w><w frlemma="celui" frpos="PRON" frMUSAS="Z8">celui</w><w frlemma="qui" frpos="PRON" frMUSAS="Z8">qui</w><w frlemma="son" frpos="PRON" frMUSAS="Z5">leur</w><w frlemma="venir" frpos="VERB" frMUSAS="M1">venait</w><w frlemma="de" frpos="ADP" frMUSAS="Z5">du</w><w frlemma="chagrin" frpos="NOUN" frMUSAS="Z99">chagrin</w><w frlemma="de" frpos="ADP" frMUSAS="Z5">de</w><w frlemma="savoir" frpos="VERB" frMUSAS="X2.2+">savoir</w><w frlemma="son" frpos="DET" frMUSAS="Z5">leur</w><w frlemma="chef" frpos="NOUN" frMUSAS="Z99">chef</w><w frlemma="en" frpos="ADP" frMUSAS="Z5">en</w><w frlemma="danger" frpos="VERB" frMUSAS="A15-">danger</w><w frlemma="." frpos="PUNCT" frMUSAS="PUNCT">.</w></p><p><w frlemma="il" frpos="PRON" frMUSAS="Z8">Il</w><w frlemma="le" frpos="PRON" frMUSAS="Z8">l'</w><w frlemma="être" frpos="AUX" frMUSAS="Z99">était</w><w frlemma="en" frpos="ADP" frMUSAS="Z5">en</w><w frlemma="effet" frpos="NOUN" frMUSAS="A2.2">effet</w><w frlemma="," frpos="PUNCT" frMUSAS="PUNCT">,</w><w frlemma="malgré" frpos="ADP" frMUSAS="Z5">malgré</w><w frlemma="le" frpos="DET" frMUSAS="Z5">les</w><w frlemma="illusion" frpos="NOUN" frMUSAS="A5.2-">illusions</w><w frlemma="que" frpos="PRON" frMUSAS="Z8">que</w><w frlemma="nous" frpos="PRON" frMUSAS="Z8">nous</w><w frlemma="vouloir" frpos="VERB" frMUSAS="X7+">voulions</w><w frlemma="concevoir" frpos="VERB" frMUSAS="X2.1">concevoir</w><w frlemma="," frpos="PUNCT" frMUSAS="PUNCT">,</w><w frlemma="et" frpos="CCONJ" frMUSAS="Z5">et</w><w frlemma="maintenant" frpos="ADV" frMUSAS="T1.1.2">maintenant</w><w frlemma="nous" frpos="PRON" frMUSAS="Z8">nous</w><w frlemma="le" frpos="PRON" frMUSAS="Z8">l'</w><w frlemma="avoir" frpos="AUX" frMUSAS="A9+">avons</w><w frlemma="perdu" frpos="NOUN" frMUSAS="Z99">perdu</w><w frlemma="!" frpos="PUNCT" frMUSAS="PUNCT">!</w><w frlemma="le" frpos="DET" frMUSAS="Z5">L'</w><w frlemma="histoire" frpos="NOUN" frMUSAS="Z99">histoire</w><w frlemma="de" frpos="ADP" frMUSAS="Z5">du</w><w frlemma="labeur" frpos="NOUN" frMUSAS="Z99">labeur</w><w frlemma="continu" frpos="NOUN" frMUSAS="T2++">continu</w><w frlemma="et" frpos="CCONJ" frMUSAS="Z5">et</w><w frlemma="passionner" frpos="ADJ" frMUSAS="Z99">passionné</w><w frlemma="," frpos="PUNCT" frMUSAS="PUNCT">,</w><w frlemma="quotidien" frpos="ADJ" frMUSAS="Q4.2">quotidien</w><w frlemma="et" frpos="CCONJ" frMUSAS="Z5">et</w><w frlemma="monotone" frpos="NOUN" frMUSAS="Z99">monotone</w><w frlemma="ne" frpos="ADV" frMUSAS="Z6">n'</w><w frlemma="être" frpos="AUX" frMUSAS="M6">est</w><w frlemma="pas" frpos="ADV" frMUSAS="Z99">pas</w><w frlemma="long" frpos="ADJ" frMUSAS="Z99">longue</w><w frlemma="à" frpos="ADP" frMUSAS="Z5">à</w><w frlemma="faire" frpos="VERB" frMUSAS="Z99">faire</w><w frlemma="," frpos="PUNCT" frMUSAS="PUNCT">,</w><w frlemma="et" frpos="CCONJ" frMUSAS="Z5">et</w><w frlemma="je" frpos="PRON" frMUSAS="Z8mf">je</w><w frlemma="ne" frpos="ADV" frMUSAS="Z6">n'</w><w frlemma="avoir" frpos="AUX" frMUSAS="A9+">ai</w><w frlemma="avoir" frpos="VERB" frMUSAS="A9+">eu</w><w frlemma="que" frpos="SCONJ" frMUSAS="Z5">que</w><w frlemma="quelque" frpos="DET" frMUSAS="A13.5">quelques</w><w frlemma="mot" frpos="NOUN" frMUSAS="Q3">mots</w><w frlemma="à" frpos="ADP" frMUSAS="Z5">à</w><w frlemma="vous" frpos="PRON" frMUSAS="Z8mf">vous</w><w frlemma="dire" frpos="VERB" frMUSAS="Q2.1">dire</w><w frlemma="pour" frpos="ADP" frMUSAS="Z5">pour</w><w frlemma="vous" frpos="PRON" frMUSAS="Z8mf">vous</w><w frlemma="peindre" frpos="VERB" frMUSAS="Z99">peindre</w><w frlemma="le" frpos="DET" frMUSAS="Z5">la</w><w frlemma="vie" frpos="NOUN" frMUSAS="L1+">vie</w><w frlemma="pourtant" frpos="ADV" frMUSAS="Z99">pourtant</w><w frlemma="si" frpos="SCONJ" frMUSAS="Z5">si</w><w frlemma="remplie" frpos="NOUN" frMUSAS="Z99">remplie</w><w frlemma="de" frpos="ADP" frMUSAS="Z5">de</w><w frlemma="Rampazzo" frpos="PROPN" frMUSAS="Z99">Rampazzo</w><w frlemma="." frpos="PUNCT" frMUSAS="PUNCT">.</w><w frlemma="Hélas" frpos="INTJ" frMUSAS="E4.1-">Hélas</w><w frlemma="!" frpos="PUNCT" frMUSAS="PUNCT">!</w><w frlemma="ce" frpos="PRON" frMUSAS="Z8">c'</w><w frlemma="être" frpos="AUX" frMUSAS="M6">est</w><w frlemma="le" frpos="DET" frMUSAS="Z5">le</w><w frlemma="sort" frpos="NOUN" frMUSAS="Z99">sort</w><w frlemma="de" frpos="ADP" frMUSAS="Z5">de</w><w frlemma="tout" frpos="ADJ" frMUSAS="Z8">tout</w><w frlemma="le" frpos="DET" frMUSAS="Z5">l'</w><w frlemma="humble" frpos="NOUN" frMUSAS="Z99">humble</w><w frlemma="effort" frpos="NOUN" frMUSAS="X8+">effort</w><w frlemma="humain" frpos="ADJ" frMUSAS="S2">humain</w><w frlemma="," frpos="PUNCT" frMUSAS="PUNCT">,</w><w frlemma="quand" frpos="SCONJ" frMUSAS="Z5">quand</w><w frlemma="le" frpos="DET" frMUSAS="Z5">la</w><w frlemma="fin" frpos="NOUN" frMUSAS="Z99">fin</w><w frlemma="être" frpos="AUX" frMUSAS="M6">est</w><w frlemma="venir" frpos="VERB" frMUSAS="M1">venue</w><w frlemma="," frpos="PUNCT" frMUSAS="PUNCT">,</w><w frlemma="de" frpos="ADP" frMUSAS="Z5">de</w><w frlemma="risquer" frpos="VERB" frMUSAS="A15-">risquer</w><w frlemma="de" frpos="ADP" frMUSAS="Z5">de</w><w frlemma="se" frpos="PRON" frMUSAS="Z8">s'</w><w frlemma="évanouir" frpos="VERB" frMUSAS="Z99">évanouir</w><w frlemma="dans" frpos="ADP" frMUSAS="Z5">dans</w><w frlemma="un" frpos="DET" frMUSAS="Z5">une</w><w frlemma="égalité" frpos="NOUN" frMUSAS="A6.1+">égalité</w><w frlemma="anonyme" frpos="ADJ" frMUSAS="A10-">anonyme</w><w frlemma="." frpos="PUNCT" frMUSAS="PUNCT">.</w><w frlemma="le" frpos="DET" frMUSAS="Z5">Les</w><w frlemma="privilégier" frpos="ADJ" frMUSAS="E2++">privilégiés</w><w frlemma="de" frpos="ADP" frMUSAS="Z5">de</w><w frlemma="le" frpos="DET" frMUSAS="Z5">la</w><w frlemma="gloire" frpos="NOUN" frMUSAS="Z99">gloire</w><w frlemma="ne" frpos="ADV" frMUSAS="Z6">ne</w><w frlemma="être" frpos="AUX" frMUSAS="Z99">sont</w><w frlemma="que" frpos="ADV" frMUSAS="Z8">qu'</w><w frlemma="un" frpos="DET" frMUSAS="Z5">un</w><w frlemma="petit" frpos="ADJ" frMUSAS="Z99">petit</w><w frlemma="nombre" frpos="NOUN" frMUSAS="N1">nombre</w><w frlemma="." frpos="PUNCT" frMUSAS="PUNCT">.</w><w frlemma="tout" frpos="ADV" frMUSAS="Z8">Tout</w><w frlemma="au" frpos="ADP" frMUSAS="Z5">au</w><w frlemma="plus" frpos="ADV" frMUSAS="Z5">plus</w><w frlemma="quand" frpos="SCONJ" frMUSAS="Z5">quand</w><w frlemma="on" frpos="PRON" frMUSAS="Z8">on</w><w frlemma="avoir" frpos="AUX" frMUSAS="A9+">a</w><w frlemma="travailler" frpos="VERB" frMUSAS="I3.1">travaillé</w><w frlemma="pour" frpos="ADP" frMUSAS="Z5">pour</w><w frlemma="un" frpos="DET" frMUSAS="Z5">une</w><w frlemma="institution" frpos="NOUN" frMUSAS="S5+c">institution</w><w frlemma="durable" frpos="ADJ" frMUSAS="Z99">durable</w><w frlemma="," frpos="PUNCT" frMUSAS="PUNCT">,</w><w frlemma="comme" frpos="ADP" frMUSAS="Z5">comme</w><w frlemma="celui" frpos="PRON" frMUSAS="Z8">celle</w><w frlemma="qui" frpos="PRON" frMUSAS="Z8">qui</w><w frlemma="être" frpos="AUX" frMUSAS="M6">est</w><w frlemma="le" frpos="DET" frMUSAS="Z5">la</w><w frlemma="nôtre" frpos="NOUN" frMUSAS="Z99">nôtre</w><w frlemma="," frpos="PUNCT" frMUSAS="PUNCT">,</w><w frlemma="on" frpos="PRON" frMUSAS="Z8">on</w><w frlemma="pouvoir" frpos="VERB" frMUSAS="Z99">peut</w><w frlemma="être" frpos="AUX" frMUSAS="Z99">être</w><w frlemma="assurer" frpos="VERB" frMUSAS="Z99">assuré</w><w frlemma="que" frpos="SCONJ" frMUSAS="Z5">que</w><w frlemma="le" frpos="DET" frMUSAS="Z5">la</w><w frlemma="solidarité" frpos="NOUN" frMUSAS="S5+">solidarité</w><w frlemma="de" frpos="ADP" frMUSAS="Z5">des</w><w frlemma="génération" frpos="NOUN" frMUSAS="T1.3">générations</w><w frlemma="vous" frpos="PRON" frMUSAS="Z8mf">vous</w><w frlemma="garde" frpos="VERB" frMUSAS="A1.1.1/A15+">garde</w><w frlemma="quelque" frpos="DET" frMUSAS="A13.5">quelque</w><w frlemma="part" frpos="NOUN" frMUSAS="S1.1.2+">part</w><w frlemma="un" frpos="DET" frMUSAS="Z5">un</w><w frlemma="reconnaissant" frpos="NOUN" frMUSAS="S1.2.4+">reconnaissant</w><w frlemma="souvenir" frpos="VERB" frMUSAS="Z99">souvenir</w><w frlemma="." frpos="PUNCT" frMUSAS="PUNCT">.</w></p><p><pb n="185"/><w frlemma="ce" frpos="PRON" frMUSAS="Z8">C'</w><w frlemma="être" frpos="AUX" frMUSAS="M6">est</w><w frlemma="peu" frpos="ADV" frMUSAS="A13.7">peu</w><w frlemma="de" frpos="ADP" frMUSAS="Z5">de</w><w frlemma="chose" frpos="NOUN" frMUSAS="O2">chose</w><w frlemma="!" frpos="PUNCT" frMUSAS="PUNCT">!</w><w frlemma="mais" frpos="CCONJ" frMUSAS="Z5">Mais</w><w frlemma="le" frpos="DET" frMUSAS="Z5">les</w><w frlemma="prière" frpos="NOUN" frMUSAS="S9/Q2.2">prières</w><w frlemma="que" frpos="PRON" frMUSAS="Z8">que</w><w frlemma="nous" frpos="PRON" frMUSAS="Z8">nous</w><w frlemma="venir" frpos="VERB" frMUSAS="M1">venons</w><w frlemma="de" frpos="ADP" frMUSAS="Z5">d'</w><w frlemma="entendre" frpos="VERB" frMUSAS="X3.2">entendre</w><w frlemma="nous" frpos="PRON" frMUSAS="Z8">nous</w><w frlemma="proposer" frpos="VERB" frMUSAS="Q2.2/X7+">proposent</w><w frlemma="de" frpos="ADP" frMUSAS="Z5">de</w><w frlemma="plus" frpos="ADV" frMUSAS="Z5">plus</w><w frlemma="bel" frpos="ADJ" frMUSAS="Z99">belles</w><w frlemma="certitude" frpos="NOUN" frMUSAS="A7+">certitudes</w><w frlemma="." frpos="PUNCT" frMUSAS="PUNCT">.</w></p><p><w frlemma="pour" frpos="ADP" frMUSAS="Z5">Pour</w><w frlemma="moi" frpos="PRON" frMUSAS="Z8">moi</w><w frlemma="aujourd'hui" frpos="ADV" frMUSAS="Z99">aujourd'hui</w><w frlemma="devant" frpos="ADP" frMUSAS="Z5">devant</w><w frlemma="ce" frpos="DET" frMUSAS="Z5">ce</w><w frlemma="cercueil" frpos="NOUN" frMUSAS="Z99">cercueil</w><w frlemma="," frpos="PUNCT" frMUSAS="PUNCT">,</w><w frlemma="hier" frpos="ADV" frMUSAS="T1.1.1">hier</w><w frlemma="devant" frpos="ADP" frMUSAS="Z5">devant</w><w frlemma="le" frpos="DET" frMUSAS="Z5">le</w><w frlemma="lit" frpos="NOUN" frMUSAS="H5">lit</w><w frlemma="de" frpos="ADP" frMUSAS="Z5">de</w><w frlemma="douleur" frpos="NOUN" frMUSAS="B2-">douleur</w><w frlemma="où" frpos="PRON" frMUSAS="Z8">où</w><w frlemma="gésir" frpos="VERB" frMUSAS="Z99">gisait</w><w frlemma="dans" frpos="ADP" frMUSAS="Z5">dans</w><w frlemma="le" frpos="DET" frMUSAS="Z5">l'</w><w frlemma="affreux" frpos="NOUN" frMUSAS="Z99">affreuse</w><w frlemma="immobilité" frpos="ADJ" frMUSAS="Z99">immobilité</w><w frlemma="de" frpos="ADP" frMUSAS="Z5">de</w><w frlemma="le" frpos="DET" frMUSAS="Z5">la</w><w frlemma="mort" frpos="NOUN" frMUSAS="Z99">mort</w><w frlemma="le" frpos="DET" frMUSAS="Z5">l'</w><w frlemma="ami" frpos="NOUN" frMUSAS="S3.1/S2mf">ami</w><w frlemma="qui" frpos="PRON" frMUSAS="Z8">qui</w><w frlemma="avoir" frpos="AUX" frMUSAS="A9+">a</w><w frlemma="tant" frpos="ADV" frMUSAS="Z99">tant</w><w frlemma="donner" frpos="VERB" frMUSAS="A9-">donné</w><w frlemma="à" frpos="ADP" frMUSAS="Z5">à</w><w frlemma="le" frpos="DET" frMUSAS="Z5">l'</w><w frlemma="œuvre" frpos="NOUN" frMUSAS="Z99">œuvre</w><w frlemma="de" frpos="ADP" frMUSAS="Z5">de</w><w frlemma="notre" frpos="DET" frMUSAS="Z8">notre</w><w frlemma="patrie" frpos="NOUN" frMUSAS="Z99">patrie</w><w frlemma="en" frpos="ADP" frMUSAS="Z5">en</w><w frlemma="Égypte" frpos="PROPN" frMUSAS="Z99">Égypte</w><w frlemma="," frpos="PUNCT" frMUSAS="PUNCT">,</w><w frlemma="au" frpos="ADP" frMUSAS="Z5">au</w><w frlemma="milieu" frpos="NOUN" frMUSAS="M6">milieu</w><w frlemma="de" frpos="ADP" frMUSAS="Z5">de</w><w frlemma="ce" frpos="DET" frMUSAS="Z5">cette</w><w frlemma="famille" frpos="NOUN" frMUSAS="S4c">famille</w><w frlemma="en" frpos="ADP" frMUSAS="Z5">en</w><w frlemma="larme" frpos="NOUN" frMUSAS="A1.1.1">larmes</w><w frlemma="," frpos="PUNCT" frMUSAS="PUNCT">,</w><w frlemma="réfléchir" frpos="VERB" frMUSAS="A10+">réfléchissant</w><w frlemma="que" frpos="SCONJ" frMUSAS="Z5">que</w><w frlemma="je" frpos="PRON" frMUSAS="Z8mf">j'</w><w frlemma="avoir" frpos="VERB" frMUSAS="A9+">avais</w><w frlemma="le" frpos="DET" frMUSAS="Z5">le</w><w frlemma="même" frpos="ADJ" frMUSAS="Z99">même</w><w frlemma="âge" frpos="NOUN" frMUSAS="T3">âge</w><w frlemma="que" frpos="SCONJ" frMUSAS="Z5">que</w><w frlemma="luire" frpos="PRON" frMUSAS="Z8">lui</w><w frlemma="et" frpos="CCONJ" frMUSAS="Z5">et</w><w frlemma="que" frpos="SCONJ" frMUSAS="Z5">que</w><w frlemma="je" frpos="PRON" frMUSAS="Z8mf">j'</w><w frlemma="avoir" frpos="VERB" frMUSAS="A9+">avais</w><w frlemma="comme" frpos="ADP" frMUSAS="Z5">comme</w><w frlemma="luire" frpos="PRON" frMUSAS="Z8">lui</w><w frlemma="depuis" frpos="ADP" frMUSAS="Z5">depuis</w><w frlemma="tant" frpos="ADV" frMUSAS="Z99">tant</w><w frlemma="de" frpos="DET" frMUSAS="Z5">d'</w><w frlemma="année" frpos="NOUN" frMUSAS="T1.3">années</w><w frlemma="suivre" frpos="VERB" frMUSAS="M1">suivi</w><w frlemma="le" frpos="DET" frMUSAS="Z5">les</w><w frlemma="destinée" frpos="NOUN" frMUSAS="Z99">destinées</w><w frlemma="de" frpos="ADP" frMUSAS="Z5">de</w><w frlemma="notre" frpos="DET" frMUSAS="Z8">notre</w><w frlemma="Institut" frpos="PROPN" frMUSAS="P1/S5+c">Institut</w><w frlemma="," frpos="PUNCT" frMUSAS="PUNCT">,</w><w frlemma="je" frpos="PRON" frMUSAS="Z8mf">je</w><w frlemma="ne" frpos="ADV" frMUSAS="Z6">ne</w><w frlemma="pouvoir" frpos="VERB" frMUSAS="Z99">pouvais</w><w frlemma="me" frpos="PRON" frMUSAS="Z8">m'</w><w frlemma="empêcher" frpos="VERB" frMUSAS="S8-">empêcher</w><w frlemma="de" frpos="ADP" frMUSAS="Z5">de</w><w frlemma="penser" frpos="VERB" frMUSAS="X2.1">penser</w><w frlemma="que" frpos="SCONJ" frMUSAS="Z5">qu'</w><w frlemma="avec" frpos="ADP" frMUSAS="Z5">avec</w><w frlemma="Rampazzo" frpos="PROPN" frMUSAS="Z99">Rampazzo</w><w frlemma="se" frpos="PRON" frMUSAS="Z8">s'</w><w frlemma="éteindre" frpos="VERB" frMUSAS="Z99">éteignait</w><w frlemma="un" frpos="DET" frMUSAS="Z5">une</w><w frlemma="époque" frpos="NOUN" frMUSAS="Z99">époque</w><w frlemma="dont" frpos="PRON" frMUSAS="Z8">dont</w><w frlemma="nous" frpos="PRON" frMUSAS="Z8">nous</w><w frlemma="ne" frpos="ADV" frMUSAS="Z6">ne</w><w frlemma="être" frpos="VERB" frMUSAS="Z99">sommes</w><w frlemma="plus" frpos="ADV" frMUSAS="Z5">plus</w><w frlemma="que" frpos="SCONJ" frMUSAS="Z5">que</w><w frlemma="bien" frpos="ADV" frMUSAS="A10+">bien</w><w frlemma="peu" frpos="ADV" frMUSAS="A13.7">peu</w><w frlemma="de" frpos="ADP" frMUSAS="Z5">de</w><w frlemma="représentant" frpos="NOUN" frMUSAS="A6.2+">représentants</w><w frlemma="." frpos="PUNCT" frMUSAS="PUNCT">.</w><w frlemma="je" frpos="PRON" frMUSAS="Z8mf">Je</w><w frlemma="songer" frpos="VERB" frMUSAS="X2">songeais</w><w frlemma="au" frpos="ADP" frMUSAS="Z5">au</w><w frlemma="temps" frpos="NOUN" frMUSAS="T1">temps</w><w frlemma="que" frpos="PRON" frMUSAS="Z8">que</w><w frlemma="nous" frpos="PRON" frMUSAS="Z8">nous</w><w frlemma="avoir" frpos="AUX" frMUSAS="A9+">avons</w><w frlemma="connaître" frpos="VERB" frMUSAS="X2.2+">connu</w><w frlemma="," frpos="PUNCT" frMUSAS="PUNCT">,</w><w frlemma="luire" frpos="PRON" frMUSAS="Z8">lui</w><w frlemma="et" frpos="CCONJ" frMUSAS="Z5">et</w><w frlemma="moi" frpos="PRON" frMUSAS="Z8">moi</w><w frlemma="," frpos="PUNCT" frMUSAS="PUNCT">,</w><w frlemma="où" frpos="PRON" frMUSAS="Z8">où</w><w frlemma="le" frpos="DET" frMUSAS="Z5">la</w><w frlemma="France" frpos="PROPN" frMUSAS="Z99">France</w><w frlemma="," frpos="PUNCT" frMUSAS="PUNCT">,</w><w frlemma="après" frpos="ADP" frMUSAS="Z5">après</w><w frlemma="avoir" frpos="AUX" frMUSAS="A9+">avoir</w><w frlemma="créer" frpos="VERB" frMUSAS="A1.1.1">créé</w><w frlemma="," frpos="PUNCT" frMUSAS="PUNCT">,</w><w frlemma="dans" frpos="ADP" frMUSAS="Z5">dans</w><w frlemma="le" frpos="DET" frMUSAS="Z5">la</w><w frlemma="capitale" frpos="NOUN" frMUSAS="I1.1">capitale</w><w frlemma="de" frpos="ADP" frMUSAS="Z5">d'</w><w frlemma="un" frpos="DET" frMUSAS="Z5">un</w><w frlemma="pays" frpos="NOUN" frMUSAS="G1.1c">pays</w><w frlemma="qui" frpos="PRON" frMUSAS="Z8">qui</w><w frlemma="luire" frpos="PRON" frMUSAS="Z8">lui</w><w frlemma="être" frpos="AUX" frMUSAS="Z99">était</w><w frlemma="particulièrement" frpos="ADV" frMUSAS="A13.3">particulièrement</w><w frlemma="cher" frpos="ADJ" frMUSAS="I1.3+">cher</w><w frlemma="," frpos="PUNCT" frMUSAS="PUNCT">,</w><w frlemma="un" frpos="DET" frMUSAS="Z5">une</w><w frlemma="institution" frpos="NOUN" frMUSAS="S5+c">institution</w><w frlemma="scientifique" frpos="ADJ" frMUSAS="Y1">scientifique</w><w frlemma="permanent" frpos="ADJ" frMUSAS="T2+++">permanente</w><w frlemma="pour" frpos="ADP" frMUSAS="Z5">pour</w><w frlemma="en" frpos="PRON" frMUSAS="Z8">en</w><w frlemma="étudier" frpos="VERB" frMUSAS="P1">étudier</w><w frlemma="le" frpos="DET" frMUSAS="Z5">l'</w><w frlemma="histoire" frpos="NOUN" frMUSAS="Z99">histoire</w><w frlemma="," frpos="PUNCT" frMUSAS="PUNCT">,</w><w frlemma="décider" frpos="VERB" frMUSAS="X6+">décida</w><w frlemma="de" frpos="ADP" frMUSAS="Z5">de</w><w frlemma="fonder" frpos="VERB" frMUSAS="Z99">fonder</w><w frlemma="un" frpos="DET" frMUSAS="Z5">une</w><w frlemma="imprimerie" frpos="NOUN" frMUSAS="Z99">imprimerie</w><w frlemma="oriental" frpos="ADJ" frMUSAS="Z99">orientale</w><w frlemma="," frpos="PUNCT" frMUSAS="PUNCT">,</w><w frlemma="qui" frpos="PRON" frMUSAS="Z8">qui</w><w frlemma="manquer" frpos="VERB" frMUSAS="A5.3-">manquait</w><w frlemma="alors" frpos="ADV" frMUSAS="Z99">alors</w><w frlemma="à" frpos="ADP" frMUSAS="Z5">à</w><w frlemma="le" frpos="DET" frMUSAS="Z5">l'</w><w frlemma="Orient" frpos="PROPN" frMUSAS="Z99">Orient</w><w frlemma="." frpos="PUNCT" frMUSAS="PUNCT">.</w><w frlemma="et" frpos="CCONJ" frMUSAS="Z5">Et</w><w frlemma="je" frpos="PRON" frMUSAS="Z8mf">je</w><w frlemma="me" frpos="PRON" frMUSAS="Z8">me</w><w frlemma="dire" frpos="VERB" frMUSAS="Q2.1">disais</w><w frlemma="que" frpos="SCONJ" frMUSAS="Z5">que</w><w frlemma="si" frpos="SCONJ" frMUSAS="Z5">si</w><w frlemma="ce" frpos="DET" frMUSAS="Z5">cette</w><w frlemma="pensée" frpos="NOUN" frMUSAS="X2.1">pensée</w><w frlemma="avoir" frpos="AUX" frMUSAS="A9+">a</w><w frlemma="pouvoir" frpos="VERB" frMUSAS="Z99">pu</w><w frlemma="se" frpos="PRON" frMUSAS="Z8">se</w><w frlemma="réaliser" frpos="VERB" frMUSAS="Z99">réaliser</w><w frlemma="pleinement" frpos="ADV" frMUSAS="Z99">pleinement</w><w frlemma="," frpos="PUNCT" frMUSAS="PUNCT">,</w><w frlemma="nous" frpos="PRON" frMUSAS="Z8">nous</w><w frlemma="le" frpos="PRON" frMUSAS="Z8">le</w><w frlemma="devoir" frpos="VERB" frMUSAS="Z99">devons</w><w frlemma="en" frpos="ADP" frMUSAS="Z5">en</w><w frlemma="grand" frpos="ADJ" frMUSAS="Z99">grande</w><w frlemma="partie" frpos="NOUN" frMUSAS="A10+">partie</w><w frlemma="à" frpos="ADP" frMUSAS="Z5">à</w><w frlemma="le" frpos="DET" frMUSAS="Z5">l'</w><w frlemma="homme" frpos="NOUN" frMUSAS="I3.1">homme</w><w frlemma="que" frpos="PRON" frMUSAS="Z8">que</w><w frlemma="nous" frpos="PRON" frMUSAS="Z8">nous</w><w frlemma="aller" frpos="VERB" frMUSAS="M1">allons</w><w frlemma="maintenant" frpos="ADV" frMUSAS="T1.1.2">maintenant</w><w frlemma="coucher" frpos="VERB" frMUSAS="Z99">coucher</w><w frlemma="pour" frpos="ADP" frMUSAS="Z5">pour</w><w frlemma="toujours" frpos="ADV" frMUSAS="N6+++">toujours</w><w frlemma="dans" frpos="ADP" frMUSAS="Z5">dans</w><w frlemma="son" frpos="DET" frMUSAS="Z5">sa</w><w frlemma="tombe" frpos="NOUN" frMUSAS="Z99">tombe</w><w frlemma="," frpos="PUNCT" frMUSAS="PUNCT">,</w><w frlemma="qui" frpos="PRON" frMUSAS="Z8">qui</w><w frlemma="nous" frpos="PRON" frMUSAS="Z8">nous</w><w frlemma="avoir" frpos="AUX" frMUSAS="A9+">a</w><w frlemma="quitter" frpos="VERB" frMUSAS="M1">quittés</w><w frlemma="avant" frpos="ADP" frMUSAS="Z5">avant</w><w frlemma="de" frpos="ADP" frMUSAS="Z5">d'</w><w frlemma="avoir" frpos="AUX" frMUSAS="A9+">avoir</w><w frlemma="recevoir" frpos="VERB" frMUSAS="A9+">reçu</w><w frlemma="tout" frpos="ADJ" frMUSAS="Z8">toutes</w><w frlemma="le" frpos="DET" frMUSAS="Z5">les</w><w frlemma="récompense" frpos="NOUN" frMUSAS="Z99">récompenses</w><w frlemma="devoir" frpos="ADJ" frMUSAS="Z99">dues</w><w frlemma="au" frpos="ADP" frMUSAS="Z5">au</w><w frlemma="bon" frpos="ADJ" frMUSAS="A5.1+">bon</w><w frlemma="serviteur" frpos="NOUN" frMUSAS="Z99">serviteur</w><w frlemma="de" frpos="ADP" frMUSAS="Z5">de</w><w frlemma="le" frpos="DET" frMUSAS="Z5">la</w><w frlemma="France" frpos="PROPN" frMUSAS="Z99">France</w><w frlemma="et" frpos="CCONJ" frMUSAS="Z5">et</w><w frlemma="de" frpos="ADP" frMUSAS="Z5">de</w><w frlemma="son" frpos="DET" frMUSAS="Z5">son</w><w frlemma="propre" frpos="ADJ" frMUSAS="Z99">propre</w><w frlemma="pays" frpos="NOUN" frMUSAS="G1.1c">pays</w><w frlemma="," frpos="PUNCT" frMUSAS="PUNCT">,</w><w frlemma="le" frpos="DET" frMUSAS="Z5">l'</w><w frlemma="Italien" frpos="PROPN" frMUSAS="Z2">Italien</w><w frlemma="Giusto" frpos="PROPN" frMUSAS="Z99">Giusto</w><w frlemma="Rampazzo" frpos="PROPN" frMUSAS="Z99">Rampazzo</w><w frlemma="." frpos="PUNCT" frMUSAS="PUNCT">.</w></p><p><w frlemma="P." frpos="PROPN" frMUSAS="Z99">P.</w><w frlemma="Jouguet" frpos="PROPN" frMUSAS="Z99">Jouguet</w><w frlemma="." frpos="PUNCT" frMUSAS="PUNCT">.</w></p><p><w frlemma="(" frpos="PUNCT" frMUSAS="PUNCT">(</w><w frlemma="Discours" frpos="PROPN" frMUSAS="Z99">Discours</w><w frlemma="prononcer" frpos="VERB" frMUSAS="Q3">prononcé</w><w frlemma="le" frpos="DET" frMUSAS="Z5">le</w><w frlemma="11" frpos="NUM" frMUSAS="N1">11</w><w frlemma="janvier" frpos="NOUN" frMUSAS="T1.3">janvier</w><w frlemma="1937" frpos="NUM" frMUSAS="N1">1937</w><w frlemma="," frpos="PUNCT" frMUSAS="PUNCT">,</w><w frlemma="à" frpos="ADP" frMUSAS="Z5">aux</w><w frlemma="obsèque" frpos="NOUN" frMUSAS="Z99">obsèques</w><w frlemma="de" frpos="ADP" frMUSAS="Z5">de</w><w frlemma="G." frpos="PROPN" frMUSAS="Z99">G.</w><w frlemma="Rampazzo" frpos="PROPN" frMUSAS="Z99">Rampazzo</w><w frlemma="." frpos="PUNCT" frMUSAS="PUNCT">.</w><w frlemma=")" frpos="PUNCT" frMUSAS="PUNCT">)</w><note place="bottom"></note></p></text></TEI>