<?xml version='1.0' encoding='UTF-8'?>
<TEI xmlns="http://www.tei-c.org/ns/1.0"><teiHeader><fileDesc><titleStmt><title>Nécrologie. Eugène Lefébure [11 novembre 1838-9 avril 1908]. </title></titleStmt><publicationStmt>Corpus produit par l'étudiant MA1 Ph. Hennebert (philippe.hennebert@student.uliege.be) du cours de l'Université de Liège Corpus INFO0943: 'Corpus textuels: principes de constitution et d'analyse'</publicationStmt><sourceDesc><p>https://www.ifao.egnet.net/bifao/6/12/ (BIFAO en ligne) processed using python scripts in https://github.com/PhilHen/BIFAOCorpusTools (typographical zones detected using OpenCV, OCR with Tesseract)</p></sourceDesc></fileDesc><encodingDesc><classDecl><taxonomy id="frpos"><bibl><title>pos tagset build from https://spacy.io/</title></bibl></taxonomy><taxonomy id="frlemma"><bibl><title>fr lemma of the model https://spacy.io/</title></bibl></taxonomy><taxonomy id="frMUSAS"><bibl><title>semantic tagging https://ucrel.github.io/pymusas/usage/how_to/tag_text#french</title></bibl></taxonomy></classDecl><editorialDecl><correction>Les erreurs d'orthographe confirmées par examen du PDF source n'ont pas été corrigées. Une vérification et correction manuelle du texte a été réalisée par Ph. Hennebert (philippe.hennebert@student.uliege.be) le 29/12/2023</correction><hyphenation>Les mots coupés en fin de ligne ont été réassemblés automatiquement, pour autant que la forme combinée sans trait d'union soit attestée dans le dictionnaire français https://unitexgramlab.org/fr/language-resources</hyphenation></editorialDecl></encodingDesc></teiHeader><text id="BIFAO006_art_12B.pdf" auteur="Émile Chassinat" annee="1908" titre="Nécrologie. Eugène Lefébure [11 novembre 1838-9 avril 1908]. " textId="06A12B" nomDefunt="Lefébure" metierDefunt="historienReligion" categ="Nécrologie"><p><w frlemma="eugène" frpos="NOUN" frMUSAS="Z99">EUGÈNE</w><w frlemma="lefébur" frpos="ADJ" frMUSAS="Z99">LEFÉBURE</w><w frlemma="." frpos="PUNCT" frMUSAS="PUNCT">.</w></p><p><w frlemma="le" frpos="DET" frMUSAS="Z5">Le</w><w frlemma="9" frpos="NUM" frMUSAS="N1">9</w><w frlemma="avril" frpos="NOUN" frMUSAS="T1.3">avril</w><w frlemma="dernier" frpos="ADJ" frMUSAS="N4">dernier</w><w frlemma="," frpos="PUNCT" frMUSAS="PUNCT">,</w><w frlemma="m." frpos="NOUN" frMUSAS="Z99">M.</w><w frlemma="E." frpos="PROPN" frMUSAS="Z99">E.</w><w frlemma="Lefébure" frpos="PROPN" frMUSAS="Z99">Lefébure</w><w frlemma="être" frpos="AUX" frMUSAS="M6">est</w><w frlemma="mourir" frpos="VERB" frMUSAS="L1-">mort</w><w frlemma="à" frpos="ADP" frMUSAS="Z5">à</w><w frlemma="Alger" frpos="PROPN" frMUSAS="Z99">Alger</w><w frlemma="," frpos="PUNCT" frMUSAS="PUNCT">,</w><w frlemma="à" frpos="ADP" frMUSAS="Z5">à</w><w frlemma="le" frpos="DET" frMUSAS="Z5">l'</w><w frlemma="âge" frpos="NOUN" frMUSAS="T3">âge</w><w frlemma="de" frpos="ADP" frMUSAS="Z5">de</w><w frlemma="70" frpos="NUM" frMUSAS="N1">70</w><w frlemma="an" frpos="NOUN" frMUSAS="T1.3">ans</w><w frlemma="." frpos="PUNCT" frMUSAS="PUNCT">.</w><w frlemma="il" frpos="PRON" frMUSAS="Z8">Il</w><w frlemma="être" frpos="AUX" frMUSAS="Z99">Était</w><w frlemma="naître" frpos="VERB" frMUSAS="Z99">né</w><w frlemma="à" frpos="ADP" frMUSAS="Z5">à</w><w frlemma="Prunoy" frpos="PROPN" frMUSAS="Z99">Prunoy</w><w frlemma="(" frpos="PUNCT" frMUSAS="PUNCT">(</w><w frlemma="Yonne" frpos="PROPN" frMUSAS="Z99">Yonne</w><w frlemma=")" frpos="PUNCT" frMUSAS="PUNCT">)</w><w frlemma="," frpos="PUNCT" frMUSAS="PUNCT">,</w><w frlemma="le" frpos="DET" frMUSAS="Z5">le</w><w frlemma="11" frpos="NUM" frMUSAS="N1">11</w><w frlemma="novembre" frpos="NOUN" frMUSAS="T1.3">novembre</w><w frlemma="1838" frpos="NUM" frMUSAS="N1">1838</w><w frlemma="." frpos="PUNCT" frMUSAS="PUNCT">.</w><w frlemma="entrer" frpos="VERB" frMUSAS="Z99">Entré</w><w frlemma="jeune" frpos="ADJ" frMUSAS="T3-">jeune</w><w frlemma="dans" frpos="ADP" frMUSAS="Z5">dans</w><w frlemma="le" frpos="DET" frMUSAS="Z5">l'</w><w frlemma="administration" frpos="NOUN" frMUSAS="S7.1+c">Administration</w><w frlemma="de" frpos="ADP" frMUSAS="Z5">des</w><w frlemma="poste" frpos="NOUN" frMUSAS="Z99">Postes</w><w frlemma="," frpos="PUNCT" frMUSAS="PUNCT">,</w><w frlemma="il" frpos="PRON" frMUSAS="Z8">il</w><w frlemma="consacrer" frpos="VERB" frMUSAS="Z99">consacra</w><w frlemma="son" frpos="DET" frMUSAS="Z5">ses</w><w frlemma="loisir" frpos="NOUN" frMUSAS="K1">loisirs</w><w frlemma="à" frpos="ADP" frMUSAS="Z5">à</w><w frlemma="le" frpos="DET" frMUSAS="Z5">l'</w><w frlemma="étude" frpos="NOUN" frMUSAS="P1">étude</w><w frlemma="de" frpos="ADP" frMUSAS="Z5">de</w><w frlemma="le" frpos="DET" frMUSAS="Z5">l'</w><w frlemma="égyptologie" frpos="NOUN" frMUSAS="Z99">égyptologie</w><w frlemma="," frpos="PUNCT" frMUSAS="PUNCT">,</w><w frlemma="guider" frpos="VERB" frMUSAS="S8+">guidé</w><w frlemma="par" frpos="ADP" frMUSAS="M6">par</w><w frlemma="un" frpos="DET" frMUSAS="Z5">un</w><w frlemma="maître" frpos="NOUN" frMUSAS="S7.1+/S2.2m">maître</w><w frlemma="illustre" frpos="NOUN" frMUSAS="Z99">illustre</w><w frlemma="," frpos="PUNCT" frMUSAS="PUNCT">,</w><w frlemma="Chabas" frpos="PROPN" frMUSAS="Z99">Chabas</w><w frlemma="," frpos="PUNCT" frMUSAS="PUNCT">,</w><w frlemma="dont" frpos="PRON" frMUSAS="Z8">dont</w><w frlemma="le" frpos="DET" frMUSAS="Z5">les</w><w frlemma="conseil" frpos="NOUN" frMUSAS="Z99">conseils</w><w frlemma="éclairer" frpos="VERB" frMUSAS="Z99">éclairés</w><w frlemma="le" frpos="DET" frMUSAS="Z5">le</w><w frlemma="conduisirent" frpos="NOUN" frMUSAS="Z99">conduisirent</w><w frlemma="sur" frpos="ADP" frMUSAS="Z5">sur</w><pb n="195"/><w frlemma="le" frpos="DET" frMUSAS="Z5">la</w><w frlemma="bon" frpos="ADJ" frMUSAS="A5.1+">bonne</w><w frlemma="voie" frpos="NOUN" frMUSAS="Z99">voie</w><w frlemma="." frpos="PUNCT" frMUSAS="PUNCT">.</w><w frlemma="son" frpos="DET" frMUSAS="Z5">Ses</w><w frlemma="qualité" frpos="NOUN" frMUSAS="A5.1">qualités</w><w frlemma="éminent" frpos="ADJ" frMUSAS="Z99">éminentes</w><w frlemma="ne" frpos="ADV" frMUSAS="Z6">ne</w><w frlemma="tarder" frpos="VERB" frMUSAS="T4-">tardèrent</w><w frlemma="pas" frpos="ADV" frMUSAS="Z99">pas</w><w frlemma="à" frpos="ADP" frMUSAS="Z5">à</w><w frlemma="le" frpos="PRON" frMUSAS="Z8">le</w><w frlemma="faire" frpos="VERB" frMUSAS="Z99">faire</w><w frlemma="distinguer" frpos="VERB" frMUSAS="A6.1-">distinguer</w><w frlemma="et" frpos="CCONJ" frMUSAS="Z5">et</w><w frlemma="," frpos="PUNCT" frMUSAS="PUNCT">,</w><w frlemma="en" frpos="ADP" frMUSAS="Z5">en</w><w frlemma="1879" frpos="NUM" frMUSAS="N1">1879</w><w frlemma="," frpos="PUNCT" frMUSAS="PUNCT">,</w><w frlemma="il" frpos="PRON" frMUSAS="Z8">il</w><w frlemma="être" frpos="AUX" frMUSAS="Z99">était</w><w frlemma="désigner" frpos="VERB" frMUSAS="Q2.2">désigné</w><w frlemma="pour" frpos="ADP" frMUSAS="Z5">pour</w><w frlemma="suppléer" frpos="VERB" frMUSAS="Z99">suppléer</w><w frlemma="m." frpos="NOUN" frMUSAS="Z99">M.</w><w frlemma="Maspero" frpos="PROPN" frMUSAS="Z99">Maspero</w><w frlemma="au" frpos="ADP" frMUSAS="Z5">au</w><w frlemma="collège" frpos="NOUN" frMUSAS="Z99">Collège</w><w frlemma="de" frpos="ADP" frMUSAS="Z5">de</w><w frlemma="France" frpos="PROPN" frMUSAS="Z99">France</w><w frlemma="." frpos="PUNCT" frMUSAS="PUNCT">.</w><w frlemma="Nommé" frpos="PROPN" frMUSAS="Z99">Nommé</w><w frlemma="maître" frpos="NOUN" frMUSAS="S7.1+/S2.2m">maître</w><w frlemma="de" frpos="ADP" frMUSAS="Z5">de</w><w frlemma="conférence" frpos="NOUN" frMUSAS="S1.1.3+">conférences</w><w frlemma="à" frpos="ADP" frMUSAS="Z5">à</w><w frlemma="le" frpos="DET" frMUSAS="Z5">la</w><w frlemma="Faculté" frpos="PROPN" frMUSAS="Z99">Faculté</w><w frlemma="de" frpos="ADP" frMUSAS="Z5">des</w><w frlemma="lettre" frpos="NOUN" frMUSAS="Q1.2">lettres</w><w frlemma="de" frpos="ADP" frMUSAS="Z5">de</w><w frlemma="Lyon" frpos="PROPN" frMUSAS="Z99">Lyon</w><w frlemma="en" frpos="ADP" frMUSAS="Z5">en</w><w frlemma="1882" frpos="NUM" frMUSAS="N1">1882</w><w frlemma="," frpos="PUNCT" frMUSAS="PUNCT">,</w><w frlemma="il" frpos="PRON" frMUSAS="Z8">il</w><w frlemma="être" frpos="AUX" frMUSAS="Z99">fut</w><w frlemma="appeler" frpos="VERB" frMUSAS="Q2.2">appelé</w><w frlemma="," frpos="PUNCT" frMUSAS="PUNCT">,</w><w frlemma="quelque" frpos="DET" frMUSAS="A13.5">quelques</w><w frlemma="mois" frpos="NOUN" frMUSAS="T1.3">mois</w><w frlemma="après" frpos="ADP" frMUSAS="Z5">après</w><w frlemma="," frpos="PUNCT" frMUSAS="PUNCT">,</w><w frlemma="à" frpos="ADP" frMUSAS="Z5">à</w><w frlemma="le" frpos="DET" frMUSAS="Z5">la</w><w frlemma="direction" frpos="NOUN" frMUSAS="Z99">direction</w><w frlemma="de" frpos="ADP" frMUSAS="Z5">de</w><w frlemma="le" frpos="DET" frMUSAS="Z5">la</w><w frlemma="mission" frpos="NOUN" frMUSAS="X7+">Mission</w><w frlemma="français" frpos="ADJ" frMUSAS="Z2">française</w><w frlemma="," frpos="PUNCT" frMUSAS="PUNCT">,</w><w frlemma="qui" frpos="PRON" frMUSAS="Z8">qui</w><w frlemma="avoir" frpos="AUX" frMUSAS="A9+">avait</w><w frlemma="être" frpos="AUX" frMUSAS="T1.3">été</w><w frlemma="fonder" frpos="VERB" frMUSAS="Z99">fondée</w><w frlemma="le" frpos="DET" frMUSAS="Z5">l'</w><w frlemma="année" frpos="NOUN" frMUSAS="T1.3">année</w><w frlemma="précédent" frpos="ADJ" frMUSAS="Z99">précédente</w><w frlemma="." frpos="PUNCT" frMUSAS="PUNCT">.</w><w frlemma="mais" frpos="CCONJ" frMUSAS="Z5">Mais</w><w frlemma="il" frpos="PRON" frMUSAS="Z8">il</w><w frlemma="ne" frpos="ADV" frMUSAS="Z6">ne</w><w frlemma="conserver" frpos="VERB" frMUSAS="Z99">conserva</w><w frlemma="ce" frpos="DET" frMUSAS="Z5">ce</w><w frlemma="dernier" frpos="ADJ" frMUSAS="N4">dernier</w><w frlemma="poste" frpos="NOUN" frMUSAS="Z99">poste</w><w frlemma="que" frpos="SCONJ" frMUSAS="Z5">que</w><w frlemma="pendant" frpos="ADP" frMUSAS="Z5">pendant</w><w frlemma="un" frpos="DET" frMUSAS="Z5">une</w><w frlemma="période" frpos="NOUN" frMUSAS="T1.3">période</w><w frlemma="assez" frpos="ADV" frMUSAS="A13.3">assez</w><w frlemma="court" frpos="ADJ" frMUSAS="N5-">courte</w><w frlemma="." frpos="PUNCT" frMUSAS="PUNCT">.</w><w frlemma="le" frpos="DET" frMUSAS="Z5">L'</w><w frlemma="année" frpos="NOUN" frMUSAS="T1.3">année</w><w frlemma="suivant" frpos="ADJ" frMUSAS="N4">suivante</w><w frlemma="," frpos="PUNCT" frMUSAS="PUNCT">,</w><w frlemma="il" frpos="PRON" frMUSAS="Z8">il</w><w frlemma="reprendre" frpos="VERB" frMUSAS="Z99">reprend</w><w frlemma="son" frpos="DET" frMUSAS="Z5">ses</w><w frlemma="cours" frpos="NOUN" frMUSAS="M1">cours</w><w frlemma="à" frpos="ADP" frMUSAS="Z5">à</w><w frlemma="Lyon" frpos="PROPN" frMUSAS="Z99">Lyon</w><w frlemma=";" frpos="PUNCT" frMUSAS="PUNCT">;</w><w frlemma="pouvoir" frpos="CCONJ" frMUSAS="Z99">puis</w><w frlemma="il" frpos="PRON" frMUSAS="Z8">il</w><w frlemma="venir" frpos="VERB" frMUSAS="M1">vient</w><w frlemma="de" frpos="ADP" frMUSAS="Z5">de</w><w frlemma="nouveau" frpos="ADJ" frMUSAS="T3-">nouveau</w><w frlemma="à" frpos="ADP" frMUSAS="Z5">à</w><w frlemma="Paris" frpos="PROPN" frMUSAS="Z99">Paris</w><w frlemma="où" frpos="PRON" frMUSAS="Z8">où</w><w frlemma="," frpos="PUNCT" frMUSAS="PUNCT">,</w><w frlemma="de" frpos="ADP" frMUSAS="Z5">de</w><w frlemma="1886" frpos="NUM" frMUSAS="N1">1886</w><w frlemma="à" frpos="ADP" frMUSAS="Z5">à</w><w frlemma="1887" frpos="NUM" frMUSAS="N1">1887</w><w frlemma="," frpos="PUNCT" frMUSAS="PUNCT">,</w><w frlemma="1l" frpos="NUM" frMUSAS="N1">1l</w><w frlemma="enseigne" frpos="NOUN" frMUSAS="Z99">enseigne</w><w frlemma="à" frpos="ADP" frMUSAS="Z5">à</w><w frlemma="le" frpos="DET" frMUSAS="Z5">l'</w><w frlemma="école" frpos="NOUN" frMUSAS="P1">École</w><w frlemma="de" frpos="ADP" frMUSAS="Z5">des</w><w frlemma="haute" frpos="NOUN" frMUSAS="Z99">hautes</w><w frlemma="étude" frpos="ADJ" frMUSAS="P1">études</w><w frlemma="." frpos="PUNCT" frMUSAS="PUNCT">.</w><w frlemma="il" frpos="PRON" frMUSAS="Z8">Il</w><w frlemma="occuper" frpos="VERB" frMUSAS="H4">occupa</w><w frlemma="," frpos="PUNCT" frMUSAS="PUNCT">,</w><w frlemma="depuis" frpos="ADP" frMUSAS="Z5">depuis</w><w frlemma="1887" frpos="NUM" frMUSAS="N1">1887</w><w frlemma="jusque" frpos="ADP" frMUSAS="Z5">jusqu'</w><w frlemma="à" frpos="ADP" frMUSAS="Z5">à</w><w frlemma="le" frpos="DET" frMUSAS="Z5">la</w><w frlemma="fin" frpos="NOUN" frMUSAS="Z99">fin</w><w frlemma="de" frpos="ADP" frMUSAS="Z5">de</w><w frlemma="son" frpos="DET" frMUSAS="Z5">sa</w><w frlemma="vie" frpos="NOUN" frMUSAS="L1+">vie</w><w frlemma="," frpos="PUNCT" frMUSAS="PUNCT">,</w><w frlemma="un" frpos="DET" frMUSAS="Z5">une</w><w frlemma="chaire" frpos="NOUN" frMUSAS="Z99">chaire</w><w frlemma="de" frpos="ADP" frMUSAS="Z5">de</w><w frlemma="professeur" frpos="NOUN" frMUSAS="Z99">professeur</w><w frlemma="à" frpos="ADP" frMUSAS="Z5">à</w><w frlemma="le" frpos="DET" frMUSAS="Z5">l'</w><w frlemma="école" frpos="NOUN" frMUSAS="P1">École</w><w frlemma="supérieur" frpos="ADJ" frMUSAS="A5.1++">supérieure</w><w frlemma="de" frpos="ADP" frMUSAS="Z5">des</w><w frlemma="lettre" frpos="NOUN" frMUSAS="Q1.2">lettres</w><w frlemma="de" frpos="ADP" frMUSAS="Z5">d'</w><w frlemma="Alger" frpos="PROPN" frMUSAS="Z99">Alger</w><w frlemma="." frpos="PUNCT" frMUSAS="PUNCT">.</w></p><p><w frlemma="m." frpos="NOUN" frMUSAS="Z99">M.</w><w frlemma="Lefébure" frpos="PROPN" frMUSAS="Z99">Lefébure</w><w frlemma="se" frpos="PRON" frMUSAS="Z8">s'</w><w frlemma="être" frpos="AUX" frMUSAS="Z99">était</w><w frlemma="spécialiser" frpos="VERB" frMUSAS="A4.2+">spécialisé</w><w frlemma="dans" frpos="ADP" frMUSAS="Z5">dans</w><w frlemma="le" frpos="DET" frMUSAS="Z5">l'</w><w frlemma="étude" frpos="NOUN" frMUSAS="P1">étude</w><w frlemma="de" frpos="ADP" frMUSAS="Z5">des</w><w frlemma="religion" frpos="NOUN" frMUSAS="S9">religions</w><w frlemma="de" frpos="ADP" frMUSAS="Z5">de</w><w frlemma="le" frpos="DET" frMUSAS="Z5">l'</w><w frlemma="égypte" frpos="NOUN" frMUSAS="Z99">Égypte</w><w frlemma="pharaonique" frpos="ADJ" frMUSAS="Z99">pharaonique</w><w frlemma="." frpos="PUNCT" frMUSAS="PUNCT">.</w><w frlemma="il" frpos="PRON" frMUSAS="Z8">Il</w><w frlemma="ne" frpos="ADV" frMUSAS="Z6">ne</w><w frlemma="faire" frpos="VERB" frMUSAS="Z99">fit</w><w frlemma="que" frpos="ADV" frMUSAS="Z8">que</w><w frlemma="de" frpos="DET" frMUSAS="Z5">de</w><w frlemma="très" frpos="ADV" frMUSAS="A13.3">très</w><w frlemma="rare" frpos="ADJ" frMUSAS="N6-">rares</w><w frlemma="incursion" frpos="NOUN" frMUSAS="Z99">incursions</w><w frlemma="hors" frpos="ADP" frMUSAS="Z5">hors</w><w frlemma="de" frpos="ADP" frMUSAS="Z5">de</w><w frlemma="ce" frpos="DET" frMUSAS="Z5">ce</w><w frlemma="domaine" frpos="NOUN" frMUSAS="Z99">domaine</w><w frlemma="si" frpos="SCONJ" frMUSAS="Z5">si</w><w frlemma="complexe" frpos="ADJ" frMUSAS="A12-">complexe</w><w frlemma="et" frpos="CCONJ" frMUSAS="Z5">et</w><w frlemma="si" frpos="SCONJ" frMUSAS="Z5">si</w><w frlemma="vaste" frpos="ADJ" frMUSAS="Z99">vaste</w><w frlemma="." frpos="PUNCT" frMUSAS="PUNCT">.</w><w frlemma="on" frpos="PRON" frMUSAS="Z8">On</w><w frlemma="luire" frpos="PRON" frMUSAS="Z8">lui</w><w frlemma="devoir" frpos="VERB" frMUSAS="Z99">doit</w><w frlemma="de" frpos="DET" frMUSAS="Z5">de</w><w frlemma="nombreux" frpos="ADJ" frMUSAS="N5+">nombreux</w><w frlemma="mémoire" frpos="NOUN" frMUSAS="X2">mémoires</w><w frlemma="," frpos="PUNCT" frMUSAS="PUNCT">,</w><w frlemma="dont" frpos="PRON" frMUSAS="Z8">dont</w><w frlemma="quelques-uns" frpos="PROPN" frMUSAS="Z99">quelques-uns</w><w frlemma="être" frpos="AUX" frMUSAS="Z99">seront</w><w frlemma="," frpos="PUNCT" frMUSAS="PUNCT">,</w><w frlemma="pendant" frpos="ADP" frMUSAS="Z5">pendant</w><w frlemma="longtemps" frpos="ADV" frMUSAS="Z99">longtemps</w><w frlemma="encore" frpos="ADV" frMUSAS="Z99">encore</w><w frlemma="," frpos="PUNCT" frMUSAS="PUNCT">,</w><w frlemma="consulté" frpos="NOUN" frMUSAS="Z99">consultés</w><w frlemma="avec" frpos="ADP" frMUSAS="Z5">avec</w><w frlemma="profit" frpos="NOUN" frMUSAS="Z99">profit</w><w frlemma="," frpos="PUNCT" frMUSAS="PUNCT">,</w><w frlemma="et" frpos="CCONJ" frMUSAS="Z5">et</w><w frlemma="ce" frpos="PRON" frMUSAS="Z8">c'</w><w frlemma="être" frpos="AUX" frMUSAS="M6">est</w><w frlemma="le" frpos="DET" frMUSAS="Z5">le</w><w frlemma="meilleur" frpos="ADJ" frMUSAS="Z99">meilleur</w><w frlemma="éloge" frpos="NOUN" frMUSAS="S7.2+/Q2.2">éloge</w><w frlemma="que" frpos="PRON" frMUSAS="Z8">qu'</w><w frlemma="on" frpos="PRON" frMUSAS="Z8">on</w><w frlemma="pouvoir" frpos="VERB" frMUSAS="Z99">puisse</w><w frlemma="en" frpos="ADP" frMUSAS="Z5">en</w><w frlemma="faire" frpos="VERB" frMUSAS="Z99">faire</w><w frlemma="." frpos="PUNCT" frMUSAS="PUNCT">.</w><w frlemma="son" frpos="DET" frMUSAS="Z5">Ses</w><w frlemma="premier" frpos="ADJ" frMUSAS="N4">premiers</w><w frlemma="travail" frpos="NOUN" frMUSAS="I3.1">travaux</w><w frlemma="," frpos="PUNCT" frMUSAS="PUNCT">,</w><w frlemma="le" frpos="DET" frMUSAS="Z5">la</w><w frlemma="traduction" frpos="NOUN" frMUSAS="Q3">Traduction</w><w frlemma="comparer" frpos="VERB" frMUSAS="A6.1">comparée</w><w frlemma="de" frpos="ADP" frMUSAS="Z5">des</w><w frlemma="hymme" frpos="NOUN" frMUSAS="Z99">hymmes</w><w frlemma="au" frpos="ADP" frMUSAS="Z5">au</w><w frlemma="soleil" frpos="NOUN" frMUSAS="K1/W4">soleil</w><w frlemma="de" frpos="ADP" frMUSAS="Z5">du</w><w frlemma="chapitre" frpos="NOUN" frMUSAS="Q4.1">chapitre</w><w frlemma="xv" frpos="ADJ" frMUSAS="Z99">XV</w><w frlemma="de" frpos="ADP" frMUSAS="Z5">du</w><w frlemma="livre" frpos="NOUN" frMUSAS="Z99">Livre</w><w frlemma="de" frpos="ADP" frMUSAS="Z5">des</w><w frlemma="mort" frpos="NOUN" frMUSAS="Z99">morts</w><w frlemma="et" frpos="CCONJ" frMUSAS="Z5">et</w><w frlemma="le" frpos="DET" frMUSAS="Z5">Le</w><w frlemma="mythe" frpos="PROPN" frMUSAS="S9/Q2.2">mythe</w><w frlemma="osirien" frpos="ADJ" frMUSAS="Z99">osirien</w><w frlemma="," frpos="PUNCT" frMUSAS="PUNCT">,</w><w frlemma="porter" frpos="VERB" frMUSAS="Z99">portent</w><w frlemma="déjà" frpos="ADV" frMUSAS="T1.1.1">déjà</w><w frlemma="le" frpos="DET" frMUSAS="Z5">l'</w><w frlemma="empreinte" frpos="NOUN" frMUSAS="Z99">empreinte</w><w frlemma="de" frpos="ADP" frMUSAS="Z5">de</w><w frlemma="le" frpos="DET" frMUSAS="Z5">la</w><w frlemma="méthode" frpos="NOUN" frMUSAS="Z99">méthode</w><w frlemma="qui" frpos="PRON" frMUSAS="Z8">qui</w><w frlemma="le" frpos="PRON" frMUSAS="Z8">le</w><w frlemma="guida" frpos="NOUN" frMUSAS="Z99">guida</w><w frlemma="plus" frpos="ADV" frMUSAS="Z5">plus</w><w frlemma="tard" frpos="ADV" frMUSAS="T4-">tard</w><w frlemma="dans" frpos="ADP" frMUSAS="Z5">dans</w><w frlemma="tout" frpos="ADJ" frMUSAS="Z8">toutes</w><w frlemma="son" frpos="DET" frMUSAS="Z5">ses</w><w frlemma="recherche" frpos="NOUN" frMUSAS="Z99">recherches</w><w frlemma="." frpos="PUNCT" frMUSAS="PUNCT">.</w><w frlemma="on" frpos="PRON" frMUSAS="Z8">On</w><w frlemma="y" frpos="PRON" frMUSAS="M6">y</w><w frlemma="trouver" frpos="VERB" frMUSAS="A10+">trouve</w><w frlemma="le" frpos="DET" frMUSAS="Z5">la</w><w frlemma="documentation" frpos="NOUN" frMUSAS="Z99">documentation</w><w frlemma="touffu" frpos="ADJ" frMUSAS="Z99">touffue</w><w frlemma="et" frpos="CCONJ" frMUSAS="Z5">et</w><w frlemma="préciser" frpos="VERB" frMUSAS="Z99">précise</w><w frlemma="," frpos="PUNCT" frMUSAS="PUNCT">,</w><w frlemma="emprunter" frpos="VERB" frMUSAS="A9+">empruntée</w><w frlemma="à" frpos="ADP" frMUSAS="Z5">aux</w><w frlemma="source" frpos="NOUN" frMUSAS="Z99">sources</w><w frlemma="le" frpos="DET" frMUSAS="Z5">les</w><w frlemma="plus" frpos="ADV" frMUSAS="Z5">plus</w><w frlemma="divers" frpos="ADJ" frMUSAS="Z99">diverses</w><w frlemma="," frpos="PUNCT" frMUSAS="PUNCT">,</w><w frlemma="et" frpos="CCONJ" frMUSAS="Z5">et</w><w frlemma="le" frpos="DET" frMUSAS="Z5">l'</w><w frlemma="ingéniosité" frpos="NOUN" frMUSAS="Z99">ingéniosité</w><w frlemma="parfois" frpos="ADV" frMUSAS="N6">parfois</w><w frlemma="un" frpos="DET" frMUSAS="Z5">un</w><w frlemma="peu" frpos="ADV" frMUSAS="A13.7">peu</w><w frlemma="subtil" frpos="ADJ" frMUSAS="Z99">subtile</w><w frlemma="qui" frpos="PRON" frMUSAS="Z8">qui</w><w frlemma="donner" frpos="VERB" frMUSAS="A9-">donnent</w><w frlemma="un" frpos="DET" frMUSAS="Z5">une</w><w frlemma="si" frpos="SCONJ" frMUSAS="Z5">si</w><w frlemma="vif" frpos="ADJ" frMUSAS="X5.2+">vive</w><w frlemma="originalité" frpos="NOUN" frMUSAS="Z99">originalité</w><w frlemma="à" frpos="ADP" frMUSAS="Z5">à</w><w frlemma="son" frpos="DET" frMUSAS="Z5">son</w><w frlemma="œuvre" frpos="NOUN" frMUSAS="Z99">œuvre</w><w frlemma="." frpos="PUNCT" frMUSAS="PUNCT">.</w><w frlemma="peu" frpos="ADV" frMUSAS="A13.7">Peu</w><w frlemma="de" frpos="DET" frMUSAS="Z5">d'</w><w frlemma="égyptologue" frpos="NOUN" frMUSAS="Z99">égyptologues</w><w frlemma="connaître" frpos="ADV" frMUSAS="X2.2+">connaissaient</w><w frlemma="mieux" frpos="ADV" frMUSAS="A5.1++">mieux</w><w frlemma="que" frpos="SCONJ" frMUSAS="Z5">que</w><w frlemma="luire" frpos="PRON" frMUSAS="Z8">lui</w><w frlemma="le" frpos="DET" frMUSAS="Z5">la</w><w frlemma="littérature" frpos="NOUN" frMUSAS="Q4.1">littérature</w><w frlemma="sacrer" frpos="VERB" frMUSAS="Z99">sacrée</w><w frlemma="un" frpos="DET" frMUSAS="Z5">des</w><w frlemma="vieux" frpos="ADJ" frMUSAS="T3+">vieux</w><w frlemma="égyptien" frpos="NOUN" frMUSAS="Z2/S2mf">Égyptiens</w><w frlemma="et" frpos="CCONJ" frMUSAS="Z5">et</w><w frlemma="le" frpos="PRON" frMUSAS="Z8">l'</w><w frlemma="avoir" frpos="AUX" frMUSAS="A9+">ont</w><w frlemma="utiliser" frpos="VERB" frMUSAS="A1.5.1">utilisée</w><w frlemma="avec" frpos="ADP" frMUSAS="Z5">avec</w><w frlemma="plus" frpos="ADV" frMUSAS="Z5">plus</w><w frlemma="de" frpos="ADP" frMUSAS="Z5">de</w><w frlemma="sagacité" frpos="NOUN" frMUSAS="Z99">sagacité</w><w frlemma="." frpos="PUNCT" frMUSAS="PUNCT">.</w><w frlemma="il" frpos="PRON" frMUSAS="Z8">Il</w><w frlemma="suffire" frpos="VERB" frMUSAS="Z99">suffit</w><w frlemma="," frpos="PUNCT" frMUSAS="PUNCT">,</w><w frlemma="pour" frpos="ADP" frMUSAS="Z5">pour</w><w frlemma="se" frpos="PRON" frMUSAS="Z8">s'</w><w frlemma="en" frpos="ADP" frMUSAS="Z5">en</w><w frlemma="convaincr" frpos="ADJ" frMUSAS="A7+/Q2.2">convaincre</w><w frlemma="," frpos="PUNCT" frMUSAS="PUNCT">,</w><w frlemma="de" frpos="ADP" frMUSAS="Z5">de</w><w frlemma="parcourir" frpos="VERB" frMUSAS="Z99">parcourir</w><w frlemma="le" frpos="DET" frMUSAS="Z5">la</w><w frlemma="collection" frpos="NOUN" frMUSAS="Z99">collection</w><w frlemma="de" frpos="ADP" frMUSAS="Z5">du</w><w frlemma="sphinx" frpos="NOUN" frMUSAS="Z99">Sphinx</w><w frlemma="," frpos="PUNCT" frMUSAS="PUNCT">,</w><w frlemma="dont" frpos="PRON" frMUSAS="Z8">dont</w><w frlemma="il" frpos="PRON" frMUSAS="Z8">il</w><w frlemma="être" frpos="AUX" frMUSAS="Z99">fut</w><w frlemma="le" frpos="DET" frMUSAS="Z5">le</w><w frlemma="collaborateur" frpos="NOUN" frMUSAS="Z99">collaborateur</w><w frlemma="assidu" frpos="VERB" frMUSAS="Z99">assidu</w><w frlemma="pendant" frpos="ADP" frMUSAS="Z5">pendant</w><w frlemma="plus" frpos="ADV" frMUSAS="Z5">plus</w><w frlemma="de" frpos="ADP" frMUSAS="Z5">de</w><w frlemma="deux" frpos="NUM" frMUSAS="N1">deux</w><w frlemma="lustre" frpos="NOUN" frMUSAS="Z99">lustres</w><w frlemma="." frpos="PUNCT" frMUSAS="PUNCT">.</w><w frlemma="Travailleur" frpos="PROPN" frMUSAS="I3.1/S2mf">Travailleur</w><w frlemma="infatigable" frpos="ADJ" frMUSAS="Z99">infatigable</w><w frlemma="," frpos="PUNCT" frMUSAS="PUNCT">,</w><w frlemma="il" frpos="PRON" frMUSAS="Z8">il</w><w frlemma="avoir" frpos="AUX" frMUSAS="A9+">a</w><w frlemma="disperser" frpos="VERB" frMUSAS="Z99">dispersé</w><w frlemma="un" frpos="DET" frMUSAS="Z5">un</w><w frlemma="nombre" frpos="NOUN" frMUSAS="N1">nombre</w><w frlemma="considérable" frpos="ADJ" frMUSAS="Z99">considérable</w><w frlemma="de" frpos="ADP" frMUSAS="Z5">d'</w><w frlemma="article" frpos="NOUN" frMUSAS="G2.1/P1">articles</w><w frlemma="et" frpos="CCONJ" frMUSAS="Z5">et</w><w frlemma="de" frpos="ADP" frMUSAS="Z5">de</w><w frlemma="note" frpos="NOUN" frMUSAS="Z99">notes</w><w frlemma="dans" frpos="ADP" frMUSAS="Z5">dans</w><w frlemma="le" frpos="DET" frMUSAS="Z5">la</w><w frlemma="plupart" frpos="NOUN" frMUSAS="Z99">plupart</w><w frlemma="de" frpos="ADP" frMUSAS="Z5">des</w><w frlemma="revue" frpos="NOUN" frMUSAS="Z99">revues</w><w frlemma="de" frpos="ADP" frMUSAS="Z5">d'</w><w frlemma="Europe" frpos="PROPN" frMUSAS="Z99">Europe</w><w frlemma="." frpos="PUNCT" frMUSAS="PUNCT">.</w><w frlemma="le" frpos="DET" frMUSAS="Z5">L'</w><w frlemma="on" frpos="PRON" frMUSAS="Z8">on</w><w frlemma="ne" frpos="ADV" frMUSAS="Z6">ne</w><w frlemma="connaître" frpos="VERB" frMUSAS="X2.2+">connaîtra</w><w frlemma="vraiment" frpos="ADV" frMUSAS="Z99">vraiment</w><w frlemma="le" frpos="DET" frMUSAS="Z5">la</w><w frlemma="portée" frpos="NOUN" frMUSAS="Z99">portée</w><w frlemma="et" frpos="CCONJ" frMUSAS="Z5">et</w><w frlemma="le" frpos="DET" frMUSAS="Z5">l'</w><w frlemma="importance" frpos="NOUN" frMUSAS="A11.1+">importance</w><w frlemma="de" frpos="ADP" frMUSAS="Z5">de</w><w frlemma="son" frpos="DET" frMUSAS="Z5">ses</w><w frlemma="travail" frpos="NOUN" frMUSAS="I3.1">travaux</w><w frlemma="que" frpos="SCONJ" frMUSAS="Z5">que</w><w frlemma="lorsque" frpos="SCONJ" frMUSAS="Z5">lorsque</w><w frlemma="celui" frpos="PRON" frMUSAS="Z8">ceux</w><w frlemma="-" frpos="PRON" frMUSAS="Z99">-</w><w frlemma="ci" frpos="PRON" frMUSAS="Z99">ci</w><w frlemma="avoir" frpos="AUX" frMUSAS="A9+">auront</w><w frlemma="être" frpos="AUX" frMUSAS="T1.3">été</w><w frlemma="réunir" frpos="VERB" frMUSAS="Z99">réunis</w><w frlemma="et" frpos="CCONJ" frMUSAS="Z5">et</w><w frlemma="grouper" frpos="VERB" frMUSAS="Z99">groupés</w><w frlemma="dans" frpos="ADP" frMUSAS="Z5">dans</w><w frlemma="le" frpos="DET" frMUSAS="Z5">les</w><w frlemma="volume" frpos="NOUN" frMUSAS="N3.4">volumes</w><w frlemma="de" frpos="ADP" frMUSAS="Z5">de</w><w frlemma="le" frpos="DET" frMUSAS="Z5">la</w><w frlemma="bibliothèque" frpos="NOUN" frMUSAS="Q4.1/H1c">Bibliothèque</w><w frlemma="égyptologique" frpos="ADJ" frMUSAS="Z99">égyptologique</w><w frlemma="," frpos="PUNCT" frMUSAS="PUNCT">,</w><w frlemma="où" frpos="PRON" frMUSAS="Z8">où</w><w frlemma="il" frpos="PRON" frMUSAS="Z8">ils</w><w frlemma="être" frpos="AUX" frMUSAS="Z99">seront</w><w frlemma="bientôt" frpos="ADV" frMUSAS="T1.1.3/N3.8+">bientôt</w><w frlemma="réimprimer" frpos="ADJ" frMUSAS="Z99">réimprimés</w><w frlemma="." frpos="PUNCT" frMUSAS="PUNCT">.</w><w frlemma="parmi" frpos="ADP" frMUSAS="Z5">Parmi</w><w frlemma="son" frpos="DET" frMUSAS="Z5">ses</w><w frlemma="meilleur" frpos="NOUN" frMUSAS="Z99">meilleurs</w><w frlemma="ouvrage" frpos="NOUN" frMUSAS="I3.1">ouvrages</w><w frlemma="," frpos="PUNCT" frMUSAS="PUNCT">,</w><w frlemma="il" frpos="PRON" frMUSAS="Z8">il</w><w frlemma="convier" frpos="VERB" frMUSAS="Z99">convient</w><w frlemma="de" frpos="ADP" frMUSAS="Z5">de</w><w frlemma="citer" frpos="VERB" frMUSAS="Q2.2">citer</w><w frlemma="le" frpos="DET" frMUSAS="Z5">les</w><w frlemma="rite" frpos="NOUN" frMUSAS="Z99">Rites</w><w frlemma="égyptien" frpos="ADJ" frMUSAS="Z2/S2mf">égyptiens</w><w frlemma="." frpos="PUNCT" frMUSAS="PUNCT">.</w><w frlemma="en" frpos="ADP" frMUSAS="Z5">En</w><w frlemma="quelque" frpos="ADV" frMUSAS="A13.5">quelque</w><w frlemma="cent" frpos="NUM" frMUSAS="Z5">cent</w><w frlemma="page" frpos="NOUN" frMUSAS="Q1.2">pages</w><w frlemma="," frpos="PUNCT" frMUSAS="PUNCT">,</w><w frlemma="il" frpos="PRON" frMUSAS="Z8">il</w><w frlemma="avoir" frpos="AUX" frMUSAS="A9+">a</w><w frlemma="savoir" frpos="VERB" frMUSAS="X2.2+">su</w><w frlemma="condenser" frpos="VERB" frMUSAS="Z99">condenser</w><w frlemma="dans" frpos="ADP" frMUSAS="Z5">dans</w><w frlemma="ce" frpos="DET" frMUSAS="Z5">ce</w><w frlemma="mémoire" frpos="NOUN" frMUSAS="X2">mémoire</w><w frlemma="," frpos="PUNCT" frMUSAS="PUNCT">,</w><w frlemma="qui" frpos="PRON" frMUSAS="Z8">qui</w><w frlemma="représenter" frpos="VERB" frMUSAS="Q1.1">représente</w><w frlemma="un" frpos="DET" frMUSAS="Z5">un</w><w frlemma="labeur" frpos="NOUN" frMUSAS="Z99">labeur</w><w frlemma="considérable" frpos="ADJ" frMUSAS="Z99">considérable</w><w frlemma="," frpos="PUNCT" frMUSAS="PUNCT">,</w><w frlemma="tout" frpos="ADJ" frMUSAS="Z8">tout</w><w frlemma="ce" frpos="PRON" frMUSAS="Z8">ce</w><w frlemma="qui" frpos="PRON" frMUSAS="Z8">qui</w><w frlemma="nous" frpos="PRON" frMUSAS="Z8">nous</w><w frlemma="être" frpos="AUX" frMUSAS="Z99">était</w><w frlemma="alors" frpos="ADV" frMUSAS="Z99">alors</w><w frlemma="connaître" frpos="VERB" frMUSAS="X2.2+">connu</w><w frlemma="par" frpos="ADP" frMUSAS="M6">par</w><w frlemma="le" frpos="DET" frMUSAS="Z5">les</w><w frlemma="texte" frpos="NOUN" frMUSAS="Q1.2">textes</w><w frlemma="sur" frpos="ADP" frMUSAS="Z5">sur</w><w frlemma="le" frpos="DET" frMUSAS="Z5">la</w><w frlemma="fondation" frpos="NOUN" frMUSAS="T2+">fondation</w><w frlemma="et" frpos="CCONJ" frMUSAS="Z5">et</w><w frlemma="le" frpos="DET" frMUSAS="Z5">la</w><w frlemma="protection" frpos="NOUN" frMUSAS="S8+/A15+">protection</w><w frlemma="de" frpos="ADP" frMUSAS="Z5">des</w><w frlemma="édifice" frpos="NOUN" frMUSAS="H1">édifices</w><w frlemma="religieux" frpos="NOUN" frMUSAS="S9">religieux</w><w frlemma="." frpos="PUNCT" frMUSAS="PUNCT">.</w><w frlemma="pendant" frpos="ADP" frMUSAS="Z5">Pendant</w><w frlemma="son" frpos="DET" frMUSAS="Z5">son</w><w frlemma="court" frpos="ADJ" frMUSAS="N5-">court</w><w frlemma="passage" frpos="NOUN" frMUSAS="Z99">passage</w><w frlemma="en" frpos="ADP" frMUSAS="Z5">en</w><w frlemma="Égypte" frpos="PROPN" frMUSAS="Z99">Égypte</w><w frlemma="," frpos="PUNCT" frMUSAS="PUNCT">,</w><w frlemma="il" frpos="PRON" frMUSAS="Z8">il</w><w frlemma="avoir" frpos="AUX" frMUSAS="A9+">avait</w><w frlemma="entreprendre" frpos="VERB" frMUSAS="Z99">entrepris</w><w frlemma="le" frpos="DET" frMUSAS="Z5">le</w><w frlemma="relevé" frpos="NOUN" frMUSAS="Z99">relevé</w><w frlemma="de" frpos="ADP" frMUSAS="Z5">de</w><w frlemma="quelque" frpos="DET" frMUSAS="A13.5">quelques</w><w frlemma="-" frpos="NOUN" frMUSAS="Z99">-</w><w frlemma="une" frpos="NOUN" frMUSAS="Z5">unes</w><w frlemma="de" frpos="ADP" frMUSAS="Z5">des</w><w frlemma="tombe" frpos="ADJ" frMUSAS="Z99">tombes</w><w frlemma="royale" frpos="NOUN" frMUSAS="Z99">royales</w><w frlemma="de" frpos="ADP" frMUSAS="Z5">de</w><w frlemma="le" frpos="DET" frMUSAS="Z5">la</w><w frlemma="nécropole" frpos="NOUN" frMUSAS="Z99">nécropole</w><w frlemma="thébain" frpos="ADJ" frMUSAS="Z99">thébaine</w><w frlemma="," frpos="PUNCT" frMUSAS="PUNCT">,</w><w frlemma="que" frpos="PRON" frMUSAS="Z8">qu'</w><w frlemma="il" frpos="PRON" frMUSAS="Z8">il</w><w frlemma="publier" frpos="VERB" frMUSAS="Q4">publia</w><w frlemma="dans" frpos="ADP" frMUSAS="Z5">dans</w><w frlemma="le" frpos="DET" frMUSAS="Z5">les</w><w frlemma="tome" frpos="NOUN" frMUSAS="Z99">tomes</w><w frlemma="ii" frpos="ADJ" frMUSAS="Z99">II</w><w frlemma="et" frpos="CCONJ" frMUSAS="Z5">et</w><w frlemma="iii" frpos="ADJ" frMUSAS="Z99">III</w><w frlemma="de" frpos="ADP" frMUSAS="Z5">des</w><w frlemma="mémoire" frpos="NOUN" frMUSAS="X2">Mémoires</w><w frlemma="de" frpos="ADP" frMUSAS="Z5">de</w><w frlemma="le" frpos="DET" frMUSAS="Z5">la</w><w frlemma="mission" frpos="NOUN" frMUSAS="X7+">Mission</w><w frlemma="français" frpos="ADJ" frMUSAS="Z2">française</w><w frlemma="." frpos="PUNCT" frMUSAS="PUNCT">.</w></p><p><w frlemma="le" frpos="DET" frMUSAS="Z5">La</w><w frlemma="disparition" frpos="NOUN" frMUSAS="A10-">disparition</w><w frlemma="de" frpos="ADP" frMUSAS="Z5">de</w><w frlemma="m." frpos="NOUN" frMUSAS="Z99">M.</w><w frlemma="Lefébure" frpos="PROPN" frMUSAS="Z99">Lefébure</w><w frlemma="être" frpos="AUX" frMUSAS="M6">est</w><w frlemma="un" frpos="DET" frMUSAS="Z5">une</w><w frlemma="perte" frpos="NOUN" frMUSAS="I1.2">perte</w><w frlemma="très" frpos="ADV" frMUSAS="A13.3">très</w><w frlemma="grand" frpos="ADJ" frMUSAS="Z99">grande</w><w frlemma="pour" frpos="ADP" frMUSAS="Z5">pour</w><w frlemma="le" frpos="DET" frMUSAS="Z5">l'</w><w frlemma="égyptologie" frpos="NOUN" frMUSAS="Z99">égyptologie</w><w frlemma="," frpos="PUNCT" frMUSAS="PUNCT">,</w><w frlemma="qui" frpos="PRON" frMUSAS="Z8">qui</w><w frlemma="avoir" frpos="AUX" frMUSAS="A9+">avait</w><w frlemma="en" frpos="ADP" frMUSAS="Z5">en</w><w frlemma="luire" frpos="PRON" frMUSAS="Z8">lui</w><w frlemma="un" frpos="DET" frMUSAS="Z5">un</w><w frlemma="adepte" frpos="NOUN" frMUSAS="Z99">adepte</w><w frlemma="ferver" frpos="VERB" frMUSAS="Z99">fervent</w><w frlemma="et" frpos="CCONJ" frMUSAS="Z5">et</w><w frlemma="dévoué" frpos="ADJ" frMUSAS="Z99">dévoué</w><w frlemma="." frpos="PUNCT" frMUSAS="PUNCT">.</w><note place="bottom"></note></p></text></TEI>