<?xml version='1.0' encoding='UTF-8'?>
<TEI xmlns="http://www.tei-c.org/ns/1.0"><teiHeader><fileDesc><titleStmt><title>[Nécrologie.] Serge Sauneron (1927-1976).</title></titleStmt><publicationStmt>Corpus produit par l'étudiant MA1 Ph. Hennebert (philippe.hennebert@student.uliege.be) du cours de l'Université de Liège Corpus INFO0943: 'Corpus textuels: principes de constitution et d'analyse'</publicationStmt><sourceDesc><p>https://www.ifao.egnet.net/bifao/77/1/ (BIFAO en ligne) processed using python scripts in https://github.com/PhilHen/BIFAOCorpusTools (typographical zones detected using OpenCV, OCR with Tesseract)</p></sourceDesc></fileDesc><encodingDesc><classDecl><taxonomy id="frpos"><bibl><title>pos tagset build from https://spacy.io/</title></bibl></taxonomy><taxonomy id="frlemma"><bibl><title>fr lemma of the model https://spacy.io/</title></bibl></taxonomy><taxonomy id="frMUSAS"><bibl><title>semantic tagging https://ucrel.github.io/pymusas/usage/how_to/tag_text#french</title></bibl></taxonomy></classDecl><editorialDecl><correction>Les erreurs d'orthographe confirmées par examen du PDF source n'ont pas été corrigées. Une vérification et correction manuelle du texte a été réalisée par Ph. Hennebert (philippe.hennebert@student.uliege.be) le 29/12/2023</correction><hyphenation>Les mots coupés en fin de ligne ont été réassemblés automatiquement, pour autant que la forme combinée sans trait d'union soit attestée dans le dictionnaire français https://unitexgramlab.org/fr/language-resources</hyphenation></editorialDecl></encodingDesc></teiHeader><text id="BIFAO077_art_01.pdf" auteur="Jean Yoyotte" annee="1977" titre="[Nécrologie.] Serge Sauneron (1927-1976)." textId="77A01" nomDefunt="Sauneron" metierDefunt="directeur" categ="Nécrologie"><p><pb n="2"/><w frlemma="Serge" frpos="PROPN" frMUSAS="Z99">Serge</w><w frlemma="sauneron" frpos="NOUN" frMUSAS="Z99">SAUNERON</w><w frlemma="." frpos="PUNCT" frMUSAS="PUNCT">.</w><w frlemma="(" frpos="PUNCT" frMUSAS="PUNCT">(</w><w frlemma="1927" frpos="NOUN" frMUSAS="Z99">1927</w><w frlemma="-" frpos="NOUN" frMUSAS="Z99">-</w><w frlemma="1976" frpos="NOUN" frMUSAS="Z99">1976</w><w frlemma=")" frpos="PUNCT" frMUSAS="PUNCT">)</w><w frlemma="Jean" frpos="PROPN" frMUSAS="Z99">Jean</w><w frlemma="yoyotte" frpos="VERB" frMUSAS="Z99">YOYOTTE</w><w frlemma="le" frpos="DET" frMUSAS="Z5">La</w><w frlemma="vie" frpos="NOUN" frMUSAS="L1+">vie</w><w frlemma="de" frpos="ADP" frMUSAS="Z5">de</w><w frlemma="Serge" frpos="PROPN" frMUSAS="Z99">Serge</w><w frlemma="Sauneron" frpos="PROPN" frMUSAS="Z99">Sauneron</w><w frlemma="se" frpos="PRON" frMUSAS="Z8">s'</w><w frlemma="être" frpos="AUX" frMUSAS="Z99">était</w><w frlemma="confondre" frpos="VERB" frMUSAS="Z99">confondue</w><w frlemma="avec" frpos="ADP" frMUSAS="Z5">avec</w><w frlemma="celui" frpos="PRON" frMUSAS="Z8">celle</w><w frlemma="de" frpos="ADP" frMUSAS="Z5">de</w><w frlemma="le" frpos="DET" frMUSAS="Z5">l'</w><w frlemma="ifao" frpos="NOUN" frMUSAS="Z99">IFAO</w><w frlemma="," frpos="PUNCT" frMUSAS="PUNCT">,</w><w frlemma="bien" frpos="ADV" frMUSAS="A10+">bien</w><w frlemma="avant" frpos="ADP" frMUSAS="Z5">avant</w><w frlemma="que" frpos="SCONJ" frMUSAS="Z5">qu'</w><w frlemma="il" frpos="PRON" frMUSAS="Z8">il</w><w frlemma="avoir" frpos="AUX" frMUSAS="A9+">ait</w><w frlemma="être" frpos="AUX" frMUSAS="T1.3">été</w><w frlemma="appeler" frpos="VERB" frMUSAS="Q2.2">appelé</w><w frlemma="à" frpos="ADP" frMUSAS="Z5">à</w><w frlemma="assurer" frpos="VERB" frMUSAS="Z99">assurer</w><w frlemma="le" frpos="DET" frMUSAS="Z5">la</w><w frlemma="direction" frpos="NOUN" frMUSAS="Z99">direction</w><w frlemma="de" frpos="ADP" frMUSAS="Z5">de</w><w frlemma="ce" frpos="DET" frMUSAS="Z5">cet</w><w frlemma="établissement" frpos="NOUN" frMUSAS="Z99">établissement</w><w frlemma="." frpos="PUNCT" frMUSAS="PUNCT">.</w><w frlemma="le" frpos="DET" frMUSAS="Z5">L'</w><w frlemma="Institut" frpos="PROPN" frMUSAS="P1/S5+c">Institut</w><w frlemma="être" frpos="AUX" frMUSAS="Z99">était</w><w frlemma="dans" frpos="ADP" frMUSAS="Z5">dans</w><w frlemma="son" frpos="DET" frMUSAS="Z5">son</w><w frlemma="esprit" frpos="NOUN" frMUSAS="Z99">esprit</w><w frlemma="le" frpos="DET" frMUSAS="Z5">l'</w><w frlemma="instrument" frpos="NOUN" frMUSAS="O2">instrument</w><w frlemma="idéal" frpos="ADJ" frMUSAS="A5.1+++">idéal</w><w frlemma="pour" frpos="ADP" frMUSAS="Z5">pour</w><w frlemma="mener" frpos="VERB" frMUSAS="S7.1+">mener</w><w frlemma="efficacement" frpos="ADV" frMUSAS="Z99">efficacement</w><w frlemma="de" frpos="ADP" frMUSAS="Z5">des</w><w frlemma="recherche" frpos="NOUN" frMUSAS="Z99">recherches</w><w frlemma="philologique" frpos="ADJ" frMUSAS="Z99">philologiques</w><w frlemma="et" frpos="CCONJ" frMUSAS="Z5">et</w><w frlemma="archéologique" frpos="ADJ" frMUSAS="Z99">archéologiques</w><w frlemma="et" frpos="CCONJ" frMUSAS="Z5">et</w><w frlemma="le" frpos="DET" frMUSAS="Z5">la</w><w frlemma="base" frpos="NOUN" frMUSAS="M7">base</w><w frlemma="permettre" frpos="VERB" frMUSAS="S7.4+">permettant</w><w frlemma="de" frpos="ADP" frMUSAS="Z5">de</w><w frlemma="vivre" frpos="VERB" frMUSAS="H4">vivre</w><w frlemma="en" frpos="ADP" frMUSAS="Z5">en</w><w frlemma="egypte" frpos="NOUN" frMUSAS="Z99">Egypte</w><w frlemma="," frpos="PUNCT" frMUSAS="PUNCT">,</w><w frlemma="de" frpos="ADP" frMUSAS="Z5">d'</w><w frlemma="y" frpos="PRON" frMUSAS="M6">y</w><w frlemma="établir" frpos="VERB" frMUSAS="T2+">établir</w><w frlemma="un" frpos="DET" frMUSAS="Z5">un</w><w frlemma="contact" frpos="NOUN" frMUSAS="Q2.2">contact</w><w frlemma="permanent" frpos="ADJ" frMUSAS="T2+++">permanent</w><w frlemma="," frpos="PUNCT" frMUSAS="PUNCT">,</w><w frlemma="non" frpos="ADV" frMUSAS="Z99">non</w><w frlemma="seulement" frpos="ADV" frMUSAS="A14">seulement</w><w frlemma="avec" frpos="ADP" frMUSAS="Z5">avec</w><w frlemma="le" frpos="DET" frMUSAS="Z5">le</w><w frlemma="passé" frpos="NOUN" frMUSAS="M6">passé</w><w frlemma="mais" frpos="CCONJ" frMUSAS="Z5">mais</w><w frlemma="avec" frpos="ADP" frMUSAS="Z5">avec</w><w frlemma="le" frpos="DET" frMUSAS="Z5">le</w><w frlemma="présent" frpos="NOUN" frMUSAS="A9-">présent</w><w frlemma="de" frpos="ADP" frMUSAS="Z5">de</w><w frlemma="ce" frpos="DET" frMUSAS="Z5">ce</w><w frlemma="pays" frpos="NOUN" frMUSAS="G1.1c">pays</w><w frlemma="et" frpos="CCONJ" frMUSAS="Z5">et</w><w frlemma="de" frpos="ADP" frMUSAS="Z5">de</w><w frlemma="son" frpos="DET" frMUSAS="Z5">ses</w><w frlemma="habitant" frpos="NOUN" frMUSAS="H4/S2mf">habitants</w><w frlemma="." frpos="PUNCT" frMUSAS="PUNCT">.</w></p><p><w frlemma="tout" frpos="ADV" frMUSAS="Z8">Tout</w><w frlemma="chez" frpos="ADP" frMUSAS="Z5">chez</w><w frlemma="luire" frpos="PRON" frMUSAS="Z8">lui</w><w frlemma="avoir" frpos="AUX" frMUSAS="A9+">aura</w><w frlemma="être" frpos="AUX" frMUSAS="T1.3">été</w><w frlemma="précoce" frpos="ADJ" frMUSAS="Z99">précoce</w><w frlemma="." frpos="PUNCT" frMUSAS="PUNCT">.</w><w frlemma="partir" frpos="VERB" frMUSAS="M1">Partant</w><w frlemma="de" frpos="ADP" frMUSAS="Z5">d'</w><w frlemma="un" frpos="DET" frMUSAS="Z5">une</w><w frlemma="curiosité" frpos="NOUN" frMUSAS="X5.2+">curiosité</w><w frlemma="étendre" frpos="VERB" frMUSAS="Z99">étendue</w><w frlemma="pour" frpos="ADP" frMUSAS="Z5">pour</w><w frlemma="le" frpos="DET" frMUSAS="Z5">les</w><w frlemma="langue" frpos="NOUN" frMUSAS="Z99">langues</w><w frlemma="et" frpos="CCONJ" frMUSAS="Z5">et</w><w frlemma="le" frpos="DET" frMUSAS="Z5">les</w><w frlemma="peuple" frpos="NOUN" frMUSAS="S2">peuples</w><w frlemma="ancien" frpos="ADJ" frMUSAS="Z99">anciens</w><w frlemma="," frpos="PUNCT" frMUSAS="PUNCT">,</w><w frlemma="le" frpos="DET" frMUSAS="Z5">l'</w><w frlemma="excellent" frpos="ADJ" frMUSAS="A5.1+++">excellent</w><w frlemma="élève" frpos="NOUN" frMUSAS="Z99">élève</w><w frlemma="et" frpos="CCONJ" frMUSAS="Z5">et</w><w frlemma="le" frpos="DET" frMUSAS="Z5">l'</w><w frlemma="enfant" frpos="NOUN" frMUSAS="S2mf/T3-">enfant</w><w frlemma="méthodique" frpos="ADJ" frMUSAS="Z99">méthodique</w><w frlemma="et" frpos="CCONJ" frMUSAS="Z5">et</w><w frlemma="grave" frpos="ADJ" frMUSAS="Z99">grave</w><w frlemma="que" frpos="SCONJ" frMUSAS="Z5">qu'</w><w frlemma="il" frpos="PRON" frMUSAS="Z8">il</w><w frlemma="être" frpos="AUX" frMUSAS="Z99">était</w><w frlemma="se" frpos="PRON" frMUSAS="Z8">se</w><w frlemma="laisse" frpos="VERB" frMUSAS="Z99">laisse</w><w frlemma="accrocher" frpos="VERB" frMUSAS="Z99">accrocher</w><w frlemma="par" frpos="ADP" frMUSAS="M6">par</w><w frlemma="le" frpos="DET" frMUSAS="Z5">l'</w><w frlemma="égyptologie" frpos="NOUN" frMUSAS="Z99">égyptologie</w><w frlemma="en" frpos="ADP" frMUSAS="Z5">en</w><w frlemma="1941" frpos="NUM" frMUSAS="N1">1941</w><w frlemma="." frpos="PUNCT" frMUSAS="PUNCT">.</w><w frlemma="il" frpos="PRON" frMUSAS="Z8">Il</w><w frlemma="commencer" frpos="VERB" frMUSAS="Z99">commence</w><w frlemma="à" frpos="ADP" frMUSAS="Z5">à</w><w frlemma="apprendre" frpos="VERB" frMUSAS="X2.3+">apprendre</w><w frlemma="à" frpos="ADP" frMUSAS="Z5">à</w><w frlemma="lire" frpos="VERB" frMUSAS="Z99">lire</w><w frlemma="le" frpos="DET" frMUSAS="Z5">les</w><w frlemma="hiéroglyphe" frpos="NOUN" frMUSAS="Z99">hiéroglyphes</w><w frlemma="en" frpos="ADP" frMUSAS="Z5">en</w><w frlemma="1942" frpos="NUM" frMUSAS="N1">1942</w><w frlemma="." frpos="PUNCT" frMUSAS="PUNCT">.</w><w frlemma="en" frpos="ADP" frMUSAS="Z5">En</w><w frlemma="1944" frpos="NUM" frMUSAS="N1">1944</w><w frlemma="," frpos="PUNCT" frMUSAS="PUNCT">,</w><w frlemma="il" frpos="PRON" frMUSAS="Z8">il</w><w frlemma="être" frpos="AUX" frMUSAS="Z99">était</w><w frlemma="déjà" frpos="ADV" frMUSAS="T1.1.1">déjà</w><w frlemma="passer" frpos="VERB" frMUSAS="M1">passé</w><w frlemma="à" frpos="ADP" frMUSAS="Z5">à</w><w frlemma="le" frpos="DET" frMUSAS="Z5">la</w><w frlemma="paléographie" frpos="NOUN" frMUSAS="Z99">paléographie</w><w frlemma="hiératique" frpos="ADJ" frMUSAS="Z99">hiératique</w><w frlemma="et" frpos="CCONJ" frMUSAS="Z5">et</w><w frlemma="à" frpos="ADP" frMUSAS="Z5">aux</w><w frlemma="rudiment" frpos="NOUN" frMUSAS="Z99">rudiments</w><w frlemma="de" frpos="ADP" frMUSAS="Z5">du</w><w frlemma="démotique" frpos="NOUN" frMUSAS="Z99">démotique</w><w frlemma="." frpos="PUNCT" frMUSAS="PUNCT">.</w><w frlemma="devenu" frpos="NOUN" frMUSAS="Z99">Devenu</w><w frlemma="élever" frpos="VERB" frMUSAS="Z99">élève</w><w frlemma="de" frpos="ADP" frMUSAS="Z5">de</w><w frlemma="le" frpos="DET" frMUSAS="Z5">l'</w><w frlemma="Ecole" frpos="PROPN" frMUSAS="Z99">Ecole</w><w frlemma="Normale" frpos="PROPN" frMUSAS="Z99">Normale</w><w frlemma="supérieur" frpos="ADJ" frMUSAS="A5.1++">Supérieure</w><w frlemma="," frpos="PUNCT" frMUSAS="PUNCT">,</w><w frlemma="il" frpos="PRON" frMUSAS="Z8">il</w><w frlemma="mettre" frpos="VERB" frMUSAS="Z99">mettra</w><w frlemma="pour" frpos="ADP" frMUSAS="Z5">pour</w><w frlemma="le" frpos="DET" frMUSAS="Z5">la</w><w frlemma="premier" frpos="ADJ" frMUSAS="N4">première</w><w frlemma="fois" frpos="NOUN" frMUSAS="Z99">fois</w><w frlemma="le" frpos="DET" frMUSAS="Z5">le</w><w frlemma="pied" frpos="NOUN" frMUSAS="B1">pied</w><w frlemma="sur" frpos="ADP" frMUSAS="Z5">sur</w><w frlemma="le" frpos="DET" frMUSAS="Z5">le</w><w frlemma="sol" frpos="NOUN" frMUSAS="Z99">sol</w><w frlemma="de" frpos="ADP" frMUSAS="Z5">de</w><w frlemma="le" frpos="DET" frMUSAS="Z5">l'</w><w frlemma="Egypte" frpos="PROPN" frMUSAS="Z99">Egypte</w><w frlemma="en" frpos="ADP" frMUSAS="Z5">en</w><w frlemma="1949" frpos="NUM" frMUSAS="N1">1949</w><w frlemma="," frpos="PUNCT" frMUSAS="PUNCT">,</w><w frlemma="accompagner" frpos="VERB" frMUSAS="S3.1">accompagnant</w><w frlemma="Pierre" frpos="PROPN" frMUSAS="F1">Pierre</w><w frlemma="Montet" frpos="PROPN" frMUSAS="Z99">Montet</w><w frlemma="comme" frpos="ADP" frMUSAS="Z5">comme</w><w frlemma="photographe" frpos="NOUN" frMUSAS="C1/S2mf">photographe</w><w frlemma="." frpos="PUNCT" frMUSAS="PUNCT">.</w><w frlemma="son" frpos="DET" frMUSAS="Z5">Ses</w><w frlemma="titre" frpos="NOUN" frMUSAS="Q2.2">titres</w><w frlemma="universitaire" frpos="ADJ" frMUSAS="Z99">universitaires</w><w frlemma="(" frpos="PUNCT" frMUSAS="PUNCT">(</w><w frlemma="e.n.s." frpos="VERB" frMUSAS="Z99">E.N.S.</w><w frlemma="," frpos="PUNCT" frMUSAS="PUNCT">,</w><w frlemma="agrégation" frpos="NOUN" frMUSAS="Z99">agrégation</w><w frlemma=")" frpos="PUNCT" frMUSAS="PUNCT">)</w><w frlemma="," frpos="PUNCT" frMUSAS="PUNCT">,</w><w frlemma="un" frpos="DET" frMUSAS="Z5">une</w><w frlemma="bibliographie" frpos="NOUN" frMUSAS="Z99">bibliographie</w><w frlemma="déjà" frpos="ADV" frMUSAS="T1.1.1">déjà</w><w frlemma="important" frpos="ADJ" frMUSAS="A11.1+">importante</w><w frlemma="," frpos="PUNCT" frMUSAS="PUNCT">,</w><w frlemma="le" frpos="DET" frMUSAS="Z5">l'</w><w frlemma="étendue" frpos="NOUN" frMUSAS="Z99">étendue</w><w frlemma="de" frpos="ADP" frMUSAS="Z5">de</w><w frlemma="son" frpos="DET" frMUSAS="Z5">ses</w><w frlemma="spécialité" frpos="NOUN" frMUSAS="A4.2+">spécialités</w><w frlemma="le" frpos="DET" frMUSAS="Z5">l'</w><w frlemma="envoient" frpos="NOUN" frMUSAS="Z99">envoient</w><w frlemma="comme" frpos="ADP" frMUSAS="Z5">comme</w><w frlemma="pensionnaire" frpos="VERB" frMUSAS="Z99">pensionnaire</w><w frlemma="à" frpos="ADP" frMUSAS="Z5">à</w><w frlemma="Mounira" frpos="PROPN" frMUSAS="Z99">Mounira</w><w frlemma="en" frpos="ADP" frMUSAS="Z5">en</w><w frlemma="1951" frpos="NUM" frMUSAS="N1">1951</w><w frlemma="," frpos="PUNCT" frMUSAS="PUNCT">,</w><w frlemma="et" frpos="CCONJ" frMUSAS="Z5">et</w><w frlemma="de" frpos="ADP" frMUSAS="Z5">de</w><w frlemma="Mounira" frpos="PROPN" frMUSAS="Z99">Mounira</w><w frlemma="," frpos="PUNCT" frMUSAS="PUNCT">,</w><w frlemma="au" frpos="ADP" frMUSAS="Z5">au</w><w frlemma="temple" frpos="NOUN" frMUSAS="S9/H1">temple</w><w frlemma="de" frpos="ADP" frMUSAS="Z5">d'</w><w frlemma="Esna" frpos="PROPN" frMUSAS="Z99">Esna</w><w frlemma="que" frpos="PRON" frMUSAS="Z8">qu'</w><w frlemma="il" frpos="PRON" frMUSAS="Z8">il</w><w frlemma="avoir" frpos="AUX" frMUSAS="A9+">a</w><w frlemma="décider" frpos="VERB" frMUSAS="X6+">décidé</w><w frlemma="de" frpos="ADP" frMUSAS="Z5">de</w><w frlemma="publier" frpos="PROPN" frMUSAS="Q4">publier</w><w frlemma="," frpos="PUNCT" frMUSAS="PUNCT">,</w><w frlemma="esna" frpos="NOUN" frMUSAS="Z99">Esna</w><w frlemma="un" frpos="PRON" frMUSAS="Z5">un</w><w frlemma="de" frpos="ADP" frMUSAS="Z5">des</w><w frlemma="moins" frpos="ADV" frMUSAS="A13.6">moins</w><w frlemma="explorer" frpos="VERB" frMUSAS="Z99">explorés</w><w frlemma="un" frpos="DET" frMUSAS="Z5">des</w><w frlemma="grand" frpos="ADJ" frMUSAS="Z99">grands</w><w frlemma="édifice" frpos="NOUN" frMUSAS="H1">édifices</w><w frlemma="tardif" frpos="ADJ" frMUSAS="T4-">tardifs</w><w frlemma="laisser" frpos="VERB" frMUSAS="M1">laissés</w><w frlemma="par" frpos="ADP" frMUSAS="M6">par</w><w frlemma="le" frpos="DET" frMUSAS="Z5">la</w><w frlemma="civilisation" frpos="NOUN" frMUSAS="S1.1.1">civilisation</w><w frlemma="pharaonique" frpos="ADJ" frMUSAS="Z99">pharaonique</w><w frlemma="et" frpos="CCONJ" frMUSAS="Z5">et</w><w frlemma="celui" frpos="PRON" frMUSAS="Z8">celui</w><w frlemma="dont" frpos="PRON" frMUSAS="Z8">dont</w><w frlemma="le" frpos="DET" frMUSAS="Z5">les</w><w frlemma="inscription" frpos="NOUN" frMUSAS="Z99">inscriptions</w><w frlemma="être" frpos="AUX" frMUSAS="Z99">sont</w><w frlemma="le" frpos="DET" frMUSAS="Z5">les</w><w frlemma="plus" frpos="ADV" frMUSAS="Z5">plus</w><w frlemma="difficile" frpos="ADJ" frMUSAS="A12-">difficiles</w><w frlemma="à" frpos="ADP" frMUSAS="Z5">à</w><w frlemma="lire" frpos="VERB" frMUSAS="Z99">lire</w><w frlemma="et" frpos="CCONJ" frMUSAS="Z5">et</w><w frlemma="à" frpos="ADP" frMUSAS="Z5">à</w><w frlemma="comprendre" frpos="VERB" frMUSAS="X2.5+">comprendre</w><w frlemma="." frpos="PUNCT" frMUSAS="PUNCT">.</w><w frlemma="esna" frpos="PRON" frMUSAS="Z99">Esna</w><w frlemma="être" frpos="AUX" frMUSAS="M6">est</w><w frlemma="son" frpos="DET" frMUSAS="Z5">sa</w><w frlemma="grand" frpos="ADJ" frMUSAS="Z99">grande</w><w frlemma="affaire" frpos="NOUN" frMUSAS="Z99">affaire</w><w frlemma="," frpos="PUNCT" frMUSAS="PUNCT">,</w><w frlemma="mais" frpos="CCONJ" frMUSAS="Z5">mais</w><w frlemma="lui" frpos="PRON" frMUSAS="Z8">elle</w><w frlemma="ne" frpos="ADV" frMUSAS="Z6">ne</w><w frlemma="le" frpos="PRON" frMUSAS="Z8">l'</w><w frlemma="empêcher" frpos="VERB" frMUSAS="S8-">empêche</w><w frlemma="pas" frpos="ADV" frMUSAS="Z99">pas</w><w frlemma="de" frpos="ADP" frMUSAS="Z5">de</w><w frlemma="mener" frpos="VERB" frMUSAS="S7.1+">mener</w><w frlemma="de" frpos="DET" frMUSAS="Z5">de</w><w frlemma="front" frpos="NOUN" frMUSAS="Z99">front</w><w frlemma="de" frpos="DET" frMUSAS="Z5">d'</w><w frlemma="autre" frpos="ADJ" frMUSAS="A6.1-">autres</w><w frlemma="entreprise" frpos="NOUN" frMUSAS="Z99">entreprises</w><w frlemma=":" frpos="PUNCT" frMUSAS="PUNCT">:</w><w frlemma="ostracon" frpos="NOUN" frMUSAS="Z99">ostraca</w><w frlemma="et" frpos="CCONJ" frMUSAS="Z5">et</w><w frlemma="papyrus" frpos="NOUN" frMUSAS="Z99">papyrus</w><w frlemma="de" frpos="ADP" frMUSAS="Z5">de</w><w frlemma="Deir" frpos="PROPN" frMUSAS="Z99">Deir</w><w frlemma="el" frpos="PROPN" frMUSAS="Z99">el</w><w frlemma="-" frpos="PROPN" frMUSAS="Z99">-</w><w frlemma="Médineh" frpos="PROPN" frMUSAS="Z99">Médineh</w><w frlemma="," frpos="PUNCT" frMUSAS="PUNCT">,</w><w frlemma="excursion" frpos="NOUN" frMUSAS="Z99">excursion</w><w frlemma="de" frpos="ADP" frMUSAS="Z5">de</w><w frlemma="reconnaissance" frpos="NOUN" frMUSAS="Z99">reconnaissance</w><w frlemma="en" frpos="ADP" frMUSAS="Z5">en</w><w frlemma="divers" frpos="ADJ" frMUSAS="Z99">divers</w><w frlemma="lieux" frpos="ADJ" frMUSAS="Z99">lieux</w><w frlemma="célébre" frpos="ADJ" frMUSAS="Z99">célébres</w><w frlemma="ou" frpos="CCONJ" frMUSAS="Z5">ou</w><w frlemma="obscur" frpos="NOUN" frMUSAS="Z99">obscurs</w><w frlemma="et" frpos="CCONJ" frMUSAS="Z5">et</w><w frlemma="jusqu" frpos="ADJ" frMUSAS="Z99">jusque</w><w frlemma="le" frpos="DET" frMUSAS="Z5">les</w><w frlemma="oasis" frpos="NOUN" frMUSAS="Z99">Oasis</w><w frlemma="," frpos="PUNCT" frMUSAS="PUNCT">,</w><w frlemma="monographie" frpos="NOUN" frMUSAS="Z99">monographies</w><w frlemma="divers" frpos="ADJ" frMUSAS="Z99">diverses</w><w frlemma="et" frpos="CCONJ" frMUSAS="Z5">et</w><w frlemma="note" frpos="NOUN" frMUSAS="Z99">notes</w><w frlemma="par" frpos="ADP" frMUSAS="M6">par</w><w frlemma="lequel" frpos="PRON" frMUSAS="Z99">lesquelles</w><w frlemma="il" frpos="PRON" frMUSAS="Z8">il</w><w frlemma="communiquer" frpos="VERB" frMUSAS="Q2.1">communique</w><w frlemma="au" frpos="ADP" frMUSAS="Z5">au</w><w frlemma="fur" frpos="NOUN" frMUSAS="Z99">fur</w><w frlemma="et" frpos="CCONJ" frMUSAS="Z5">et</w><w frlemma="à" frpos="ADP" frMUSAS="Z5">à</w><w frlemma="mesure" frpos="NOUN" frMUSAS="N3.1">mesure</w><w frlemma="le" frpos="DET" frMUSAS="Z5">les</w><w frlemma="trouvaille" frpos="NOUN" frMUSAS="Z99">trouvailles</w><w frlemma="de" frpos="ADP" frMUSAS="Z5">de</w><w frlemma="détail" frpos="NOUN" frMUSAS="A4.2+">détails</w><w frlemma="où" frpos="PRON" frMUSAS="Z8">où</w><w frlemma="se" frpos="PRON" frMUSAS="Z8">se</w><w frlemma="manifester" frpos="VERB" frMUSAS="Z99">manifestent</w><w frlemma="son" frpos="DET" frMUSAS="Z5">sa</w><w frlemma="perspicacité" frpos="NOUN" frMUSAS="Z99">perspicacité</w><w frlemma="et" frpos="CCONJ" frMUSAS="Z5">et</w><w frlemma="son" frpos="DET" frMUSAS="Z5">son</w><w frlemma="érudition" frpos="NOUN" frMUSAS="Z99">érudition</w><w frlemma="," frpos="PUNCT" frMUSAS="PUNCT">,</w><w frlemma="de" frpos="ADP" frMUSAS="Z5">de</w><w frlemma="ce" frpos="DET" frMUSAS="Z5">ces</w><w frlemma="note" frpos="NOUN" frMUSAS="Z99">notes</w><w frlemma="qui" frpos="PRON" frMUSAS="Z8">qui</w><w frlemma="fournir" frpos="VERB" frMUSAS="Z99">fournissent</w><w frlemma="souvent" frpos="ADV" frMUSAS="N6+">souvent</w><w frlemma="le" frpos="DET" frMUSAS="Z5">les</w><w frlemma="acquérir" frpos="VERB" frMUSAS="A9+">acquis</w><w frlemma="le" frpos="DET" frMUSAS="Z5">les</w><w frlemma="plus" frpos="ADV" frMUSAS="Z5">plus</w><w frlemma="solide" frpos="ADJ" frMUSAS="O1.1">solides</w><w frlemma="de" frpos="ADP" frMUSAS="Z5">de</w><w frlemma="le" frpos="DET" frMUSAS="Z5">la</w><w frlemma="recherche" frpos="NOUN" frMUSAS="Z99">recherche</w><w frlemma="." frpos="PUNCT" frMUSAS="PUNCT">.</w></p><p><w frlemma="plus" frpos="ADV" frMUSAS="Z5">Plus</w><w frlemma="tard" frpos="ADV" frMUSAS="T4-">tard</w><w frlemma="," frpos="PUNCT" frMUSAS="PUNCT">,</w><w frlemma="tandis" frpos="ADV" frMUSAS="T1.3">tandis</w><w frlemma="que" frpos="SCONJ" frMUSAS="Z5">que</w><w frlemma="se" frpos="PRON" frMUSAS="Z8">se</w><w frlemma="multiplient" frpos="NOUN" frMUSAS="Z99">multiplient</w><w frlemma="article" frpos="NOUN" frMUSAS="G2.1/P1">articles</w><w frlemma="et" frpos="CCONJ" frMUSAS="Z5">et</w><w frlemma="livre" frpos="NOUN" frMUSAS="Z99">livres</w><w frlemma="," frpos="PUNCT" frMUSAS="PUNCT">,</w><w frlemma="que" frpos="SCONJ" frMUSAS="Z5">que</w><w frlemma="le" frpos="DET" frMUSAS="Z5">les</w><w frlemma="tome" frpos="NOUN" frMUSAS="Z99">tomes</w><w frlemma="de" frpos="ADP" frMUSAS="Z5">d'</w><w frlemma="Esna" frpos="PROPN" frMUSAS="Z99">Esna</w><w frlemma="paraître" frpos="VERB" frMUSAS="A8">paraissent</w><w frlemma="le" frpos="DET" frMUSAS="Z5">les</w><w frlemma="un" frpos="NOUN" frMUSAS="Z5">uns</w><w frlemma="après" frpos="ADP" frMUSAS="Z5">après</w><w frlemma="le" frpos="DET" frMUSAS="Z5">les</w><w frlemma="autre" frpos="ADJ" frMUSAS="A6.1-">autres</w><w frlemma="," frpos="PUNCT" frMUSAS="PUNCT">,</w><w frlemma="que" frpos="ADV" frMUSAS="Z8">que</w><w frlemma="de" frpos="DET" frMUSAS="Z5">de</w><w frlemma="nouveau" frpos="ADJ" frMUSAS="T3-">nouvelles</w><w frlemma="édition" frpos="NOUN" frMUSAS="Z99">éditions</w><w frlemma="de" frpos="ADP" frMUSAS="Z5">de</w><w frlemma="papyrus" frpos="NOUN" frMUSAS="Z99">papyrus</w><w frlemma="(" frpos="PUNCT" frMUSAS="PUNCT">(</w><w frlemma="Brooklyn" frpos="PROPN" frMUSAS="Z99">Brooklyn</w><w frlemma=")" frpos="PUNCT" frMUSAS="PUNCT">)</w><w frlemma="," frpos="PUNCT" frMUSAS="PUNCT">,</w><pb n="3"/><w frlemma="et" frpos="CCONJ" frMUSAS="Z5">et</w><w frlemma="de" frpos="ADP" frMUSAS="Z5">d'</w><w frlemma="inscription" frpos="NOUN" frMUSAS="Z99">inscriptions</w><w frlemma="«" frpos="X" frMUSAS="Z99">«</w><w frlemma="ptolémaïque" frpos="ADJ" frMUSAS="Z99">ptolémaïques</w><w frlemma="»" frpos="PUNCT" frMUSAS="PUNCT">»</w><w frlemma="(" frpos="PUNCT" frMUSAS="PUNCT">(</w><w frlemma="temple" frpos="NOUN" frMUSAS="S9/H1">temple</w><w frlemma="thébain" frpos="ADJ" frMUSAS="Z99">thébain</w><w frlemma="de" frpos="ADP" frMUSAS="Z5">de</w><w frlemma="Mout" frpos="PROPN" frMUSAS="Z99">Mout</w><w frlemma="," frpos="PUNCT" frMUSAS="PUNCT">,</w><w frlemma="temple" frpos="NOUN" frMUSAS="S9/H1">temple</w><w frlemma="de" frpos="ADP" frMUSAS="Z5">d'</w><w frlemma="aren" frpos="NOUN" frMUSAS="Z99">Arens</w><w frlemma="-" frpos="NOUN" frMUSAS="Z99">-</w><w frlemma="nouphi" frpos="NOUN" frMUSAS="Z99">nouphis</w><w frlemma="," frpos="PUNCT" frMUSAS="PUNCT">,</w><w frlemma="etc." frpos="ADV" frMUSAS="Z99">etc.</w><w frlemma=")" frpos="PUNCT" frMUSAS="PUNCT">)</w><w frlemma="," frpos="PUNCT" frMUSAS="PUNCT">,</w><w frlemma="être" frpos="AUX" frMUSAS="Z99">sont</w><w frlemma="mettre" frpos="VERB" frMUSAS="Z99">mises</w><w frlemma="en" frpos="ADP" frMUSAS="Z5">en</w><w frlemma="route" frpos="NOUN" frMUSAS="M3">route</w><w frlemma="," frpos="PUNCT" frMUSAS="PUNCT">,</w><w frlemma="que" frpos="SCONJ" frMUSAS="Z5">que</w><w frlemma="son" frpos="DET" frMUSAS="Z5">ses</w><w frlemma="contribution" frpos="NOUN" frMUSAS="A9-">contributions</w><w frlemma="à" frpos="ADP" frMUSAS="Z5">à</w><w frlemma="le" frpos="DET" frMUSAS="Z5">la</w><w frlemma="lexicographie" frpos="NOUN" frMUSAS="Z99">lexicographie</w><w frlemma="sacrer" frpos="ADJ" frMUSAS="Z99">sacrée</w><w frlemma="et" frpos="CCONJ" frMUSAS="Z5">et</w><w frlemma="à" frpos="ADP" frMUSAS="Z5">à</w><w frlemma="le" frpos="DET" frMUSAS="Z5">l'</w><w frlemma="étude" frpos="NOUN" frMUSAS="P1">étude</w><w frlemma="de" frpos="ADP" frMUSAS="Z5">des</w><w frlemma="croyance" frpos="NOUN" frMUSAS="X2.1">croyances</w><w frlemma="et" frpos="CCONJ" frMUSAS="Z5">et</w><w frlemma="coutume" frpos="NOUN" frMUSAS="A6.2+">coutumes</w><w frlemma="se" frpos="PRON" frMUSAS="Z8">se</w><w frlemma="multiplier" frpos="VERB" frMUSAS="N2">multiplient</w><w frlemma="," frpos="PUNCT" frMUSAS="PUNCT">,</w><w frlemma="il" frpos="PRON" frMUSAS="Z8">il</w><w frlemma="tenir" frpos="VERB" frMUSAS="M2">tiendra</w><w frlemma="à" frpos="ADP" frMUSAS="Z5">à</w><w frlemma="offrir" frpos="VERB" frMUSAS="A9-">offrir</w><w frlemma="au" frpos="ADP" frMUSAS="Z5">au</w><w frlemma="public" frpos="NOUN" frMUSAS="Z99">public</w><w frlemma="de" frpos="ADP" frMUSAS="Z5">des</w><w frlemma="ouvrage" frpos="NOUN" frMUSAS="I3.1">ouvrages</w><w frlemma="de" frpos="ADP" frMUSAS="Z5">de</w><w frlemma="vulgarisation" frpos="NOUN" frMUSAS="Z99">vulgarisation</w><w frlemma="." frpos="PUNCT" frMUSAS="PUNCT">.</w><w frlemma="son" frpos="DET" frMUSAS="Z5">Ses</w><w frlemma="connaissance" frpos="NOUN" frMUSAS="X2.2+">connaissances</w><w frlemma="multiple" frpos="ADJ" frMUSAS="N2">multiples</w><w frlemma="y" frpos="PRON" frMUSAS="M6">y</w><w frlemma="passer" frpos="ADV" frMUSAS="M1">passent</w><w frlemma="," frpos="PUNCT" frMUSAS="PUNCT">,</w><w frlemma="allégrement" frpos="ADV" frMUSAS="Z99">allégrement</w><w frlemma="raconter" frpos="VERB" frMUSAS="Q2.2">racontées</w><w frlemma="," frpos="PUNCT" frMUSAS="PUNCT">,</w><w frlemma="mais" frpos="CCONJ" frMUSAS="Z5">mais</w><w frlemma="aussi" frpos="ADV" frMUSAS="Z99">aussi</w><w frlemma="le" frpos="DET" frMUSAS="Z5">l'</w><w frlemma="image" frpos="NOUN" frMUSAS="Z99">image</w><w frlemma="global" frpos="ADJ" frMUSAS="W3">globale</w><w frlemma="que" frpos="PRON" frMUSAS="Z8">qu'</w><w frlemma="il" frpos="PRON" frMUSAS="Z8">il</w><w frlemma="se" frpos="PRON" frMUSAS="Z8">se</w><w frlemma="faire" frpos="VERB" frMUSAS="Z99">fait</w><w frlemma="de" frpos="ADP" frMUSAS="Z5">de</w><w frlemma="le" frpos="DET" frMUSAS="Z5">la</w><w frlemma="civilisation" frpos="NOUN" frMUSAS="S1.1.1">civilisation</w><w frlemma="pharaonique" frpos="ADJ" frMUSAS="Z99">pharaonique</w><w frlemma="et" frpos="CCONJ" frMUSAS="Z5">et</w><w frlemma="de" frpos="ADP" frMUSAS="Z5">de</w><w frlemma="le" frpos="DET" frMUSAS="Z5">la</w><w frlemma="terre" frpos="NOUN" frMUSAS="Z99">terre</w><w frlemma="de" frpos="ADP" frMUSAS="Z5">d'</w><w frlemma="egypte" frpos="NOUN" frMUSAS="Z99">Egypte</w><w frlemma="." frpos="PUNCT" frMUSAS="PUNCT">.</w><w frlemma="si" frpos="SCONJ" frMUSAS="Z5">Si</w><w frlemma="quelque" frpos="SCONJ" frMUSAS="A13.5">quelqu'</w><w frlemma="un" frpos="DET" frMUSAS="Z5">un</w><w frlemma="devait" frpos="NOUN" frMUSAS="Z99">devait</w><w frlemma="écrir" frpos="ADJ" frMUSAS="Q1.2">écrire</w><w frlemma="pour" frpos="ADP" frMUSAS="Z5">pour</w><w frlemma="le" frpos="DET" frMUSAS="Z5">la</w><w frlemma="collection" frpos="NOUN" frMUSAS="Z99">collection</w><w frlemma="«" frpos="ADJ" frMUSAS="Z99">«</w><w frlemma="que" frpos="SCONJ" frMUSAS="Z5">Que</w><w frlemma="savoir" frpos="VERB" frMUSAS="X2.2+">sais</w><w frlemma="je" frpos="PRON" frMUSAS="Z8mf">-je</w><w frlemma="?" frpos="PUNCT" frMUSAS="PUNCT">?</w><w frlemma="»" frpos="PUNCT" frMUSAS="PUNCT">»</w><w frlemma="le" frpos="DET" frMUSAS="Z5">le</w><w frlemma="volume" frpos="NOUN" frMUSAS="N3.4">volume</w><w frlemma="consacrer" frpos="VERB" frMUSAS="Z99">consacré</w><w frlemma="à" frpos="ADP" frMUSAS="Z5">à</w><w frlemma="le" frpos="DET" frMUSAS="Z5">l'</w><w frlemma="Egyptologie" frpos="PROPN" frMUSAS="Z99">Egyptologie</w><w frlemma="," frpos="PUNCT" frMUSAS="PUNCT">,</w><w frlemma="ce" frpos="PRON" frMUSAS="Z8">c'</w><w frlemma="être" frpos="AUX" frMUSAS="Z99">était</w><w frlemma="bien" frpos="ADV" frMUSAS="A10+">bien</w><w frlemma="Serge" frpos="PROPN" frMUSAS="Z99">Serge</w><w frlemma="Sauneron" frpos="PROPN" frMUSAS="Z99">Sauneron</w><w frlemma=":" frpos="PUNCT" frMUSAS="PUNCT">:</w><w frlemma="le" frpos="DET" frMUSAS="Z5">l'</w><w frlemma="Egyptologie" frpos="PROPN" frMUSAS="Z99">Egyptologie</w><w frlemma="," frpos="PUNCT" frMUSAS="PUNCT">,</w><w frlemma="ce" frpos="ADV" frMUSAS="Z8">c'</w><w frlemma="est" frpos="ADV" frMUSAS="M6">est</w><w frlemma="-" frpos="ADV" frMUSAS="Z99">-</w><w frlemma="à" frpos="ADV" frMUSAS="Z5">à</w><w frlemma="-" frpos="ADV" frMUSAS="Z99">-</w><w frlemma="dire" frpos="ADV" frMUSAS="Q2.1">dire</w><w frlemma="non" frpos="ADV" frMUSAS="Z99">non</w><w frlemma="seulement" frpos="ADV" frMUSAS="A14">seulement</w><w frlemma="le" frpos="DET" frMUSAS="Z5">les</w><w frlemma="connaissance" frpos="NOUN" frMUSAS="X2.2+">connaissances</w><w frlemma="acquérir" frpos="VERB" frMUSAS="A9+">acquises</w><w frlemma="en" frpos="ADP" frMUSAS="Z5">en</w><w frlemma="le" frpos="DET" frMUSAS="Z5">la</w><w frlemma="matière" frpos="NOUN" frMUSAS="Z99">matière</w><w frlemma="," frpos="PUNCT" frMUSAS="PUNCT">,</w><w frlemma="mais" frpos="CCONJ" frMUSAS="Z5">mais</w><w frlemma="le" frpos="DET" frMUSAS="Z5">l'</w><w frlemma="organisation" frpos="NOUN" frMUSAS="S5+c">organisation</w><w frlemma="," frpos="PUNCT" frMUSAS="PUNCT">,</w><w frlemma="le" frpos="DET" frMUSAS="Z5">les</w><w frlemma="méthode" frpos="NOUN" frMUSAS="Z99">méthodes</w><w frlemma="," frpos="PUNCT" frMUSAS="PUNCT">,</w><w frlemma="le" frpos="DET" frMUSAS="Z5">les</w><w frlemma="perspective" frpos="NOUN" frMUSAS="Z99">perspectives</w><w frlemma="de" frpos="ADP" frMUSAS="Z5">de</w><w frlemma="ce" frpos="DET" frMUSAS="Z5">cette</w><w frlemma="branche" frpos="NOUN" frMUSAS="N5+">branche</w><w frlemma="de" frpos="ADP" frMUSAS="Z5">des</w><w frlemma="science" frpos="NOUN" frMUSAS="Y1">sciences</w><w frlemma="historique" frpos="ADJ" frMUSAS="T1.1.1">historiques</w><w frlemma="et" frpos="CCONJ" frMUSAS="Z5">et</w><w frlemma="philologique" frpos="ADJ" frMUSAS="Z99">philologiques</w><w frlemma="." frpos="PUNCT" frMUSAS="PUNCT">.</w><w frlemma="rien" frpos="PRON" frMUSAS="A11.1-">Rien</w><w frlemma="de" frpos="ADP" frMUSAS="Z5">de</w><w frlemma="ce" frpos="DET" frMUSAS="Z5">ce</w><w frlemma="domaine" frpos="NOUN" frMUSAS="Z99">domaine</w><w frlemma="ne" frpos="ADV" frMUSAS="Z6">ne</w><w frlemma="luire" frpos="PRON" frMUSAS="Z8">lui</w><w frlemma="avoir" frpos="AUX" frMUSAS="A9+">aura</w><w frlemma="être" frpos="AUX" frMUSAS="T1.3">été</w><w frlemma="totalement" frpos="ADV" frMUSAS="Z99">totalement</w><w frlemma="étranger" frpos="VERB" frMUSAS="Z99">étranger</w><w frlemma="et" frpos="CCONJ" frMUSAS="Z5">et</w><w frlemma="le" frpos="DET" frMUSAS="Z5">l'</w><w frlemma="appel" frpos="NOUN" frMUSAS="Q2.2">appel</w><w frlemma="que" frpos="PRON" frMUSAS="Z8">qu'</w><w frlemma="il" frpos="PRON" frMUSAS="Z8">il</w><w frlemma="lancer" frpos="VERB" frMUSAS="Z99">lança</w><w frlemma="à" frpos="ADP" frMUSAS="Z5">à</w><w frlemma="tout" frpos="ADJ" frMUSAS="Z8">tous</w><w frlemma="son" frpos="DET" frMUSAS="Z5">ses</w><w frlemma="collègue" frpos="NOUN" frMUSAS="I3.2/S2mf">collègues</w><w frlemma="pour" frpos="ADP" frMUSAS="Z5">pour</w><w frlemma="offrir" frpos="VERB" frMUSAS="A9-">offrir</w><w frlemma="à" frpos="ADP" frMUSAS="Z5">à</w><w frlemma="le" frpos="DET" frMUSAS="Z5">la</w><w frlemma="mémoire" frpos="NOUN" frMUSAS="X2">mémoire</w><w frlemma="de" frpos="ADP" frMUSAS="Z5">de</w><w frlemma="champollion" frpos="NOUN" frMUSAS="Z99">Champollion</w><w frlemma="Textes" frpos="PROPN" frMUSAS="Z99">Textes</w><w frlemma="et" frpos="CCONJ" frMUSAS="Z5">et</w><w frlemma="langage" frpos="NOUN" frMUSAS="Q3">langages</w><w frlemma="de" frpos="ADP" frMUSAS="Z5">de</w><w frlemma="le" frpos="DET" frMUSAS="Z5">l'</w><w frlemma="egypte" frpos="NOUN" frMUSAS="Z99">Egypte</w><w frlemma="pharaonique" frpos="ADJ" frMUSAS="Z99">pharaonique</w><w frlemma="-" frpos="PUNCT" frMUSAS="PUNCT">-</w><w frlemma="cent" frpos="AUX" frMUSAS="Z5">Cent</w><w frlemma="cinquante" frpos="NUM" frMUSAS="N1">cinquante</w><w frlemma="année" frpos="NOUN" frMUSAS="T1.3">années</w><w frlemma="de" frpos="ADP" frMUSAS="Z5">de</w><w frlemma="recherche" frpos="NOUN" frMUSAS="Z99">recherches</w><w frlemma="1822" frpos="NOUN" frMUSAS="Z99">1822</w><w frlemma="-" frpos="NOUN" frMUSAS="Z99">-</w><w frlemma="1972" frpos="NUM" frMUSAS="N1">1972</w><w frlemma="constituer" frpos="VERB" frMUSAS="A3+">constitue</w><w frlemma="un" frpos="DET" frMUSAS="Z5">une</w><w frlemma="sorte" frpos="NOUN" frMUSAS="Z99">sorte</w><w frlemma="de" frpos="ADP" frMUSAS="Z5">de</w><w frlemma="manifeste" frpos="ADJ" frMUSAS="Z99">manifeste</w><w frlemma="." frpos="PUNCT" frMUSAS="PUNCT">.</w></p><p><w frlemma="dès" frpos="ADP" frMUSAS="Z5">Dès</w><w frlemma="son" frpos="DET" frMUSAS="Z5">son</w><w frlemma="adolescence" frpos="NOUN" frMUSAS="Z99">adolescence</w><w frlemma="," frpos="PUNCT" frMUSAS="PUNCT">,</w><w frlemma="serge" frpos="NOUN" frMUSAS="Z99">Serge</w><w frlemma="apparaître" frpos="VERB" frMUSAS="A8">apparaissait</w><w frlemma="ce" frpos="PRON" frMUSAS="Z8">ce</w><w frlemma="que" frpos="PRON" frMUSAS="Z8">qu'</w><w frlemma="il" frpos="PRON" frMUSAS="Z8">il</w><w frlemma="avoir" frpos="AUX" frMUSAS="A9+">a</w><w frlemma="être" frpos="AUX" frMUSAS="T1.3">été</w><w frlemma="jusque" frpos="ADP" frMUSAS="Z5">jusqu'</w><w frlemma="au" frpos="ADP" frMUSAS="Z5">au</w><w frlemma="bout" frpos="NOUN" frMUSAS="Z99">bout</w><w frlemma=":" frpos="PUNCT" frMUSAS="PUNCT">:</w><w frlemma="un" frpos="DET" frMUSAS="Z5">un</w><w frlemma="tempérament" frpos="NOUN" frMUSAS="Z99">tempérament</w><w frlemma="résoudre" frpos="VERB" frMUSAS="Z99">résolu</w><w frlemma="," frpos="PUNCT" frMUSAS="PUNCT">,</w><w frlemma="raisonneur" frpos="NOUN" frMUSAS="Z99">raisonneur</w><w frlemma="," frpos="PUNCT" frMUSAS="PUNCT">,</w><w frlemma="logique" frpos="ADJ" frMUSAS="Z99">logique</w><w frlemma="," frpos="PUNCT" frMUSAS="PUNCT">,</w><w frlemma="efficace" frpos="ADJ" frMUSAS="Z99">efficace</w><w frlemma="," frpos="PUNCT" frMUSAS="PUNCT">,</w><w frlemma="un" frpos="DET" frMUSAS="Z5">un</w><w frlemma="faux" frpos="ADJ" frMUSAS="Z99">faux</w><w frlemma="calme" frpos="NOUN" frMUSAS="E3+">calme</w><w frlemma="." frpos="PUNCT" frMUSAS="PUNCT">.</w><w frlemma="chez" frpos="ADP" frMUSAS="Z5">Chez</w><w frlemma="le" frpos="DET" frMUSAS="Z5">les</w><w frlemma="maître" frpos="NOUN" frMUSAS="S7.1+/S2.2m">maîtres</w><w frlemma="et" frpos="CCONJ" frMUSAS="Z5">et</w><w frlemma="le" frpos="DET" frMUSAS="Z5">les</w><w frlemma="aîné" frpos="NOUN" frMUSAS="Z99">aînés</w><w frlemma="que" frpos="PRON" frMUSAS="Z8">qu'</w><w frlemma="il" frpos="PRON" frMUSAS="Z8">il</w><w frlemma="avoir" frpos="AUX" frMUSAS="A9+">a</w><w frlemma="fréquenter" frpos="VERB" frMUSAS="Z99">fréquentés</w><w frlemma="dans" frpos="ADP" frMUSAS="Z5">dans</w><w frlemma="son" frpos="DET" frMUSAS="Z5">sa</w><w frlemma="jeunesse" frpos="NOUN" frMUSAS="T3-/S2mf">jeunesse</w><w frlemma="," frpos="PUNCT" frMUSAS="PUNCT">,</w><w frlemma="il" frpos="PRON" frMUSAS="Z8">il</w><w frlemma="retrouver" frpos="VERB" frMUSAS="Z99">retrouve</w><w frlemma="plus" frpos="ADV" frMUSAS="Z5">plus</w><w frlemma="que" frpos="SCONJ" frMUSAS="Z5">qu'</w><w frlemma="il" frpos="PRON" frMUSAS="Z8">il</w><w frlemma="ne" frpos="ADV" frMUSAS="Z6">n'</w><w frlemma="imiter" frpos="VERB" frMUSAS="A6.1+">imite</w><w frlemma="de" frpos="ADP" frMUSAS="Z5">des</w><w frlemma="exemple" frpos="NOUN" frMUSAS="A4.1">exemples</w><w frlemma=":" frpos="PUNCT" frMUSAS="PUNCT">:</w><w frlemma="le" frpos="DET" frMUSAS="Z5">la</w><w frlemma="rigueur" frpos="NOUN" frMUSAS="Z99">rigueur</w><w frlemma="de" frpos="ADP" frMUSAS="Z5">d'</w><w frlemma="un" frpos="DET" frMUSAS="Z5">un</w><w frlemma="Gustave" frpos="PROPN" frMUSAS="Z99">Gustave</w><w frlemma="Lefebvre" frpos="PROPN" frMUSAS="Z99">Lefebvre</w><w frlemma="," frpos="PUNCT" frMUSAS="PUNCT">,</w><w frlemma="le" frpos="DET" frMUSAS="Z5">l'</w><w frlemma="intransigeance" frpos="NOUN" frMUSAS="Z99">intransigeance</w><w frlemma="et" frpos="CCONJ" frMUSAS="Z5">et</w><w frlemma="le" frpos="DET" frMUSAS="Z5">le</w><w frlemma="joyeux" frpos="NOUN" frMUSAS="Z99">joyeux</w><w frlemma="amour" frpos="NOUN" frMUSAS="E2+">amour</w><w frlemma="de" frpos="ADP" frMUSAS="Z5">des</w><w frlemma="chose" frpos="NOUN" frMUSAS="O2">choses</w><w frlemma="de" frpos="ADP" frMUSAS="Z5">d'</w><w frlemma="un" frpos="DET" frMUSAS="Z5">un</w><w frlemma="Pierre" frpos="PROPN" frMUSAS="F1">Pierre</w><w frlemma="Montet" frpos="PROPN" frMUSAS="Z99">Montet</w><w frlemma="…" frpos="PUNCT" frMUSAS="PUNCT">…</w><w frlemma="il" frpos="PRON" frMUSAS="Z8">Il</w><w frlemma="accepter" frpos="VERB" frMUSAS="A9+">accepte</w><w frlemma="le" frpos="DET" frMUSAS="Z5">les</w><w frlemma="règle" frpos="NOUN" frMUSAS="G2.1">règles</w><w frlemma="commun" frpos="ADJ" frMUSAS="A6.2+">communes</w><w frlemma="de" frpos="ADP" frMUSAS="Z5">de</w><w frlemma="le" frpos="DET" frMUSAS="Z5">la</w><w frlemma="vie" frpos="NOUN" frMUSAS="L1+">vie</w><w frlemma="social" frpos="ADJ" frMUSAS="S1.1.1">sociale</w><w frlemma="," frpos="PUNCT" frMUSAS="PUNCT">,</w><w frlemma="mais" frpos="CCONJ" frMUSAS="Z5">mais</w><w frlemma="le" frpos="PRON" frMUSAS="Z8">les</w><w frlemma="subordonner" frpos="VERB" frMUSAS="Z99">subordonne</w><w frlemma="à" frpos="ADP" frMUSAS="Z5">à</w><w frlemma="ce" frpos="PRON" frMUSAS="Z8">ce</w><w frlemma="qui" frpos="PRON" frMUSAS="Z8">qui</w><w frlemma="faire" frpos="VERB" frMUSAS="Z99">fait</w><w frlemma="son" frpos="DET" frMUSAS="Z5">sa</w><w frlemma="vie" frpos="NOUN" frMUSAS="L1+">vie</w><w frlemma=":" frpos="PUNCT" frMUSAS="PUNCT">:</w><w frlemma="son" frpos="DET" frMUSAS="Z5">son</w><w frlemma="travail" frpos="NOUN" frMUSAS="I3.1">travail</w><w frlemma="." frpos="PUNCT" frMUSAS="PUNCT">.</w><w frlemma="je" frpos="PRON" frMUSAS="Z8mf">Je</w><w frlemma="me" frpos="PRON" frMUSAS="Z8">me</w><w frlemma="être" frpos="AUX" frMUSAS="Z99">suis</w><w frlemma="toujours" frpos="ADV" frMUSAS="N6+++">toujours</w><w frlemma="demander" frpos="VERB" frMUSAS="Z99">demandé</w><w frlemma="comment" frpos="ADV" frMUSAS="Z5">comment</w><w frlemma="il" frpos="PRON" frMUSAS="Z8">il</w><w frlemma="pouvoir" frpos="VERB" frMUSAS="Z99">pouvait</w><w frlemma="," frpos="PUNCT" frMUSAS="PUNCT">,</w><w frlemma="tout" frpos="ADV" frMUSAS="Z8">tout</w><w frlemma="à" frpos="ADP" frMUSAS="Z5">à</w><w frlemma="le" frpos="DET" frMUSAS="Z5">la</w><w frlemma="fois" frpos="NOUN" frMUSAS="Z99">fois</w><w frlemma="," frpos="PUNCT" frMUSAS="PUNCT">,</w><w frlemma="acquérir" frpos="VERB" frMUSAS="A9+">acquérir</w><w frlemma="tant" frpos="ADV" frMUSAS="Z99">tant</w><w frlemma="de" frpos="ADP" frMUSAS="Z5">de</w><w frlemma="connaissance" frpos="NOUN" frMUSAS="X2.2+">connaissances</w><w frlemma="nouveau" frpos="ADJ" frMUSAS="T3-">nouvelles</w><w frlemma="," frpos="PUNCT" frMUSAS="PUNCT">,</w><w frlemma="observer" frpos="VERB" frMUSAS="Z99">observer</w><w frlemma="tant" frpos="ADV" frMUSAS="Z99">tant</w><w frlemma="de" frpos="DET" frMUSAS="Z5">de</w><w frlemma="donnée" frpos="NOUN" frMUSAS="Z99">données</w><w frlemma="pertinent" frpos="ADJ" frMUSAS="Z99">pertinentes</w><w frlemma="," frpos="PUNCT" frMUSAS="PUNCT">,</w><w frlemma="copier" frpos="NOUN" frMUSAS="Z99">copier</w><w frlemma="tant" frpos="ADV" frMUSAS="Z99">tant</w><w frlemma="de" frpos="ADP" frMUSAS="Z5">de</w><w frlemma="texte" frpos="NOUN" frMUSAS="Q1.2">textes</w><w frlemma="," frpos="PUNCT" frMUSAS="PUNCT">,</w><w frlemma="consulter" frpos="VERB" frMUSAS="Q2.1">consulter</w><w frlemma="ou" frpos="CCONJ" frMUSAS="Z5">ou</w><w frlemma="lire" frpos="VERB" frMUSAS="Z99">lire</w><w frlemma="tant" frpos="ADV" frMUSAS="Z99">tant</w><w frlemma="de" frpos="ADP" frMUSAS="Z5">d'</w><w frlemma="ouvrage" frpos="NOUN" frMUSAS="I3.1">ouvrages</w><w frlemma="," frpos="PUNCT" frMUSAS="PUNCT">,</w><w frlemma="concevoir" frpos="VERB" frMUSAS="X2.1">concevoir</w><w frlemma="tant" frpos="ADV" frMUSAS="Z99">tant</w><w frlemma="de" frpos="ADP" frMUSAS="Z5">d'</w><w frlemma="idée" frpos="NOUN" frMUSAS="X4.1">idées</w><w frlemma="original" frpos="ADJ" frMUSAS="A5.4+">originales</w><w frlemma="et" frpos="CCONJ" frMUSAS="Z5">et</w><w frlemma="le" frpos="PRON" frMUSAS="Z8">les</w><w frlemma="faire" frpos="VERB" frMUSAS="Z99">faire</w><w frlemma="paraître" frpos="VERB" frMUSAS="A8">paraître</w><w frlemma="à" frpos="ADP" frMUSAS="Z5">à</w><w frlemma="un" frpos="DET" frMUSAS="Z5">un</w><w frlemma="rythme" frpos="NOUN" frMUSAS="Z99">rythme</w><w frlemma="soutenir" frpos="ADJ" frMUSAS="Z99">soutenu</w><w frlemma="." frpos="PUNCT" frMUSAS="PUNCT">.</w><w frlemma="il" frpos="PRON" frMUSAS="Z8">Il</w><w frlemma="y" frpos="PRON" frMUSAS="M6">y</w><w frlemma="falloir" frpos="VERB" frMUSAS="Z99">fallait</w><w frlemma="," frpos="PUNCT" frMUSAS="PUNCT">,</w><w frlemma="certes" frpos="ADV" frMUSAS="Z99">certes</w><w frlemma="," frpos="PUNCT" frMUSAS="PUNCT">,</w><w frlemma="un" frpos="DET" frMUSAS="Z5">une</w><w frlemma="santé" frpos="NOUN" frMUSAS="B2">santé</w><w frlemma="solide" frpos="ADJ" frMUSAS="O1.1">solide</w><w frlemma="," frpos="PUNCT" frMUSAS="PUNCT">,</w><w frlemma="un" frpos="DET" frMUSAS="Z5">une</w><w frlemma="discipline" frpos="NOUN" frMUSAS="G2.1">discipline</w><w frlemma="régulier" frpos="ADJ" frMUSAS="A6.2+">régulière</w><w frlemma="," frpos="PUNCT" frMUSAS="PUNCT">,</w><w frlemma="de" frpos="ADP" frMUSAS="Z5">des</w><w frlemma="don" frpos="NOUN" frMUSAS="A9-">dons</w><w frlemma="intellectuel" frpos="ADJ" frMUSAS="X2">intellectuels</w><w frlemma="hors" frpos="ADP" frMUSAS="Z5">hors</w><w frlemma="de" frpos="ADP" frMUSAS="Z5">du</w><w frlemma="commun" frpos="NOUN" frMUSAS="A6.2+">commun</w><w frlemma="," frpos="PUNCT" frMUSAS="PUNCT">,</w><w frlemma="mais" frpos="CCONJ" frMUSAS="Z5">mais</w><w frlemma="aussi" frpos="ADV" frMUSAS="Z99">aussi</w><w frlemma="et" frpos="CCONJ" frMUSAS="Z5">et</w><w frlemma="surtout" frpos="ADV" frMUSAS="Z99">surtout</w><w frlemma="un" frpos="DET" frMUSAS="Z5">une</w><w frlemma="passion" frpos="NOUN" frMUSAS="X5.2+">passion</w><w frlemma="total" frpos="ADJ" frMUSAS="N5">totale</w><w frlemma="et" frpos="CCONJ" frMUSAS="Z5">et</w><w frlemma="exclusif" frpos="ADJ" frMUSAS="Z99">exclusive</w><w frlemma="." frpos="PUNCT" frMUSAS="PUNCT">.</w><w frlemma="ce" frpos="PRON" frMUSAS="Z8">C'</w><w frlemma="être" frpos="AUX" frMUSAS="M6">est</w><w frlemma="ce" frpos="DET" frMUSAS="Z5">cette</w><w frlemma="passion" frpos="NOUN" frMUSAS="X5.2+">passion</w><w frlemma="qui" frpos="PRON" frMUSAS="Z8">qui</w><w frlemma="expliquer" frpos="VERB" frMUSAS="Q2.2/A7+">explique</w><w frlemma="comment" frpos="ADV" frMUSAS="Z5">comment</w><w frlemma="ce" frpos="DET" frMUSAS="Z5">ce</w><w frlemma="saver" frpos="VERB" frMUSAS="Z99">savant</w><w frlemma="qui" frpos="PRON" frMUSAS="Z8">qui</w><w frlemma="enrichir" frpos="VERB" frMUSAS="Z99">enrichissait</w><w frlemma="sans" frpos="ADP" frMUSAS="M6">sans</w><w frlemma="cesse" frpos="NOUN" frMUSAS="Z99">cesse</w><w frlemma="le" frpos="DET" frMUSAS="Z5">la</w><w frlemma="documentation" frpos="NOUN" frMUSAS="Z99">documentation</w><w frlemma="disponible" frpos="ADJ" frMUSAS="A3+">disponible</w><w frlemma="et" frpos="CCONJ" frMUSAS="Z5">et</w><w frlemma="faire" frpos="VERB" frMUSAS="Z99">faisait</w><w frlemma="progresser" frpos="VERB" frMUSAS="A5.1+/A2.1">progresser</w><w frlemma="notre" frpos="DET" frMUSAS="Z5">nos</w><w frlemma="étude" frpos="NOUN" frMUSAS="P1">études</w><w frlemma="à" frpos="ADP" frMUSAS="Z5">à</w><w frlemma="grand" frpos="ADJ" frMUSAS="Z99">grands</w><w frlemma="pas" frpos="ADV" frMUSAS="Z99">pas</w><w frlemma="se" frpos="PRON" frMUSAS="Z8">s'</w><w frlemma="être" frpos="AUX" frMUSAS="M6">est</w><w frlemma="avérer" frpos="VERB" frMUSAS="Z99">avéré</w><w frlemma="dans" frpos="ADP" frMUSAS="Z5">dans</w><w frlemma="le" frpos="DET" frMUSAS="Z5">le</w><w frlemma="même" frpos="ADJ" frMUSAS="Z99">même</w><w frlemma="temps" frpos="NOUN" frMUSAS="T1">temps</w><w frlemma="et" frpos="CCONJ" frMUSAS="Z5">et</w><w frlemma="de" frpos="ADP" frMUSAS="Z5">de</w><w frlemma="plus" frpos="ADV" frMUSAS="Z5">plus</w><w frlemma="en" frpos="ADP" frMUSAS="Z5">en</w><w frlemma="plus" frpos="ADV" frMUSAS="Z5">plus</w><w frlemma="un" frpos="DET" frMUSAS="Z5">un</w><w frlemma="administrateur" frpos="NOUN" frMUSAS="S7.1+/S2mf">administrateur</w><w frlemma="zéler" frpos="VERB" frMUSAS="Z99">zélé</w><w frlemma="," frpos="PUNCT" frMUSAS="PUNCT">,</w><w frlemma="un" frpos="DET" frMUSAS="Z5">une</w><w frlemma="sorte" frpos="NOUN" frMUSAS="Z99">sorte</w><w frlemma="de" frpos="ADP" frMUSAS="Z5">de</w><w frlemma="régisseur" frpos="NOUN" frMUSAS="Z99">régisseur</w><w frlemma="de" frpos="ADP" frMUSAS="Z5">des</w><w frlemma="moyen" frpos="NOUN" frMUSAS="Z99">moyens</w><w frlemma="et" frpos="CCONJ" frMUSAS="Z5">et</w><w frlemma="de" frpos="ADP" frMUSAS="Z5">des</w><w frlemma="espérance" frpos="NOUN" frMUSAS="X2.6+">espérances</w><w frlemma="de" frpos="ADP" frMUSAS="Z5">de</w><w frlemma="le" frpos="DET" frMUSAS="Z5">la</w><w frlemma="recherche" frpos="NOUN" frMUSAS="Z99">recherche</w><w frlemma="historique" frpos="ADJ" frMUSAS="T1.1.1">historique</w><w frlemma="français" frpos="ADJ" frMUSAS="Z2">française</w><w frlemma="en" frpos="ADP" frMUSAS="Z5">en</w><w frlemma="egypte" frpos="NOUN" frMUSAS="Z99">Egypte</w><w frlemma="." frpos="PUNCT" frMUSAS="PUNCT">.</w><w frlemma="doté" frpos="NOUN" frMUSAS="Z99">Doté</w><w frlemma="de" frpos="ADP" frMUSAS="Z5">d'</w><w frlemma="un" frpos="DET" frMUSAS="Z5">un</w><w frlemma="solide" frpos="NOUN" frMUSAS="O1.1">solide</w><w frlemma="sen" frpos="ADJ" frMUSAS="Z99">sens</w><w frlemma="pratique" frpos="ADJ" frMUSAS="Z99">pratique</w><w frlemma="," frpos="PUNCT" frMUSAS="PUNCT">,</w><w frlemma="il" frpos="PRON" frMUSAS="Z8">il</w><w frlemma="savoir" frpos="VERB" frMUSAS="X2.2+">sait</w><w frlemma="que" frpos="SCONJ" frMUSAS="Z5">que</w><w frlemma="le" frpos="DET" frMUSAS="Z5">le</w><w frlemma="développement" frpos="NOUN" frMUSAS="A2.1+">développement</w><w frlemma="de" frpos="ADP" frMUSAS="Z5">de</w><w frlemma="ce" frpos="DET" frMUSAS="Z5">cette</w><w frlemma="recherche" frpos="NOUN" frMUSAS="Z99">recherche</w><w frlemma="demande" frpos="VERB" frMUSAS="Z99">demande</w><w frlemma="de" frpos="ADP" frMUSAS="Z5">des</w><w frlemma="instrument" frpos="NOUN" frMUSAS="O2">instruments</w><w frlemma="que" frpos="PRON" frMUSAS="Z8">que</w><w frlemma="le" frpos="DET" frMUSAS="Z5">la</w><w frlemma="réflexion" frpos="NOUN" frMUSAS="X3.4">réflexion</w><w frlemma="et" frpos="CCONJ" frMUSAS="Z5">et</w><w frlemma="le" frpos="DET" frMUSAS="Z5">la</w><w frlemma="plume" frpos="NOUN" frMUSAS="A1.1.1">plume</w><w frlemma="," frpos="PUNCT" frMUSAS="PUNCT">,</w><w frlemma="ni" frpos="CCONJ" frMUSAS="Z6">ni</w><w frlemma="tout" frpos="ADJ" frMUSAS="Z8">toute</w><w frlemma="le" frpos="DET" frMUSAS="Z5">l'</w><w frlemma="érudition" frpos="NOUN" frMUSAS="Z99">érudition</w><w frlemma="de" frpos="ADP" frMUSAS="Z5">du</w><w frlemma="monde" frpos="NOUN" frMUSAS="Z99">monde</w><w frlemma="," frpos="PUNCT" frMUSAS="PUNCT">,</w><w frlemma="ne" frpos="ADV" frMUSAS="Z6">ne</w><w frlemma="savoir" frpos="VERB" frMUSAS="X2.2+">sauraient</w><w frlemma="créer" frpos="VERB" frMUSAS="A1.1.1">créer</w><w frlemma="et" frpos="CCONJ" frMUSAS="Z5">et</w><w frlemma="qui" frpos="PRON" frMUSAS="Z8">qui</w><w frlemma="ne" frpos="ADV" frMUSAS="Z6">ne</w><w frlemma="être" frpos="VERB" frMUSAS="Z99">sont</w><w frlemma="pas" frpos="ADV" frMUSAS="Z99">pas</w><w frlemma="de" frpos="ADP" frMUSAS="Z5">du</w><w frlemma="domaine" frpos="NOUN" frMUSAS="Z99">domaine</w><w frlemma="de" frpos="ADP" frMUSAS="Z5">de</w><w frlemma="le" frpos="DET" frMUSAS="Z5">la</w><w frlemma="science" frpos="NOUN" frMUSAS="Y1">science</w><w frlemma="," frpos="PUNCT" frMUSAS="PUNCT">,</w><w frlemma="fût" frpos="PROPN" frMUSAS="Z99">fût</w><w frlemma="-ce" frpos="PRON" frMUSAS="Z99">-ce</w><w frlemma="le" frpos="DET" frMUSAS="Z5">la</w><w frlemma="science" frpos="NOUN" frMUSAS="Y1">science</w><w frlemma="politique" frpos="ADJ" frMUSAS="Z99">politique</w><w frlemma="," frpos="PUNCT" frMUSAS="PUNCT">,</w><w frlemma="mais" frpos="CCONJ" frMUSAS="Z5">mais</w><w frlemma="de" frpos="ADP" frMUSAS="Z5">de</w><w frlemma="le" frpos="DET" frMUSAS="Z5">la</w><w frlemma="vie" frpos="NOUN" frMUSAS="L1+">vie</w><w frlemma="quotidien" frpos="VERB" frMUSAS="Q4.2">quotidienne</w><w frlemma=":" frpos="PUNCT" frMUSAS="PUNCT">:</w><w frlemma="il" frpos="PRON" frMUSAS="Z8">il</w><w frlemma="falloir" frpos="VERB" frMUSAS="Z99">faut</w><w frlemma="un" frpos="DET" frMUSAS="Z5">des</w><w frlemma="local" frpos="NOUN" frMUSAS="H3/S2mf">locaux</w><w frlemma="," frpos="PUNCT" frMUSAS="PUNCT">,</w><w frlemma="de" frpos="ADP" frMUSAS="Z5">du</w><w frlemma="personnel" frpos="NOUN" frMUSAS="Z99">personnel</w><w frlemma="," frpos="PUNCT" frMUSAS="PUNCT">,</w><w frlemma="un" frpos="DET" frMUSAS="Z5">des</w><w frlemma="véhicule" frpos="NOUN" frMUSAS="M3fn">véhicules</w><w frlemma="," frpos="PUNCT" frMUSAS="PUNCT">,</w><w frlemma="un" frpos="DET" frMUSAS="Z5">des</w><w frlemma="appareil" frpos="NOUN" frMUSAS="Z99">appareils</w><w frlemma="." frpos="PUNCT" frMUSAS="PUNCT">.</w><w frlemma="dès" frpos="ADP" frMUSAS="Z5">Dès</w><w frlemma="son" frpos="DET" frMUSAS="Z5">ses</w><w frlemma="première" frpos="NOUN" frMUSAS="Z99">premières</w><w frlemma="campagne" frpos="ADJ" frMUSAS="W3">campagnes</w><w frlemma="à" frpos="ADP" frMUSAS="Z5">à</w><w frlemma="Esna" frpos="PROPN" frMUSAS="Z99">Esna</w><w frlemma="," frpos="PUNCT" frMUSAS="PUNCT">,</w><w frlemma="il" frpos="PRON" frMUSAS="Z8">il</w><w frlemma="avoir" frpos="AUX" frMUSAS="A9+">a</w><w frlemma="prendre" frpos="VERB" frMUSAS="A9+">pris</w><w frlemma="conscience" frpos="NOUN" frMUSAS="Z99">conscience</w><w frlemma="de" frpos="ADP" frMUSAS="Z5">des</w><w frlemma="multiple" frpos="ADJ" frMUSAS="N2">multiples</w><w frlemma="problème" frpos="NOUN" frMUSAS="A12-">problèmes</w><w frlemma="de" frpos="ADP" frMUSAS="Z5">d'</w><w frlemma="intendance" frpos="NOUN" frMUSAS="Z99">intendance</w><w frlemma="que" frpos="SCONJ" frMUSAS="Z5">que</w><w frlemma="devoir" frpos="VERB" frMUSAS="Z99">doit</w><w frlemma="affronter" frpos="VERB" frMUSAS="Z99">affronter</w><w frlemma="un" frpos="DET" frMUSAS="Z5">un</w><pb n="4"/><w frlemma="égyptologue" frpos="NOUN" frMUSAS="Z99">égyptologue</w><w frlemma="sur" frpos="ADP" frMUSAS="Z5">sur</w><w frlemma="le" frpos="DET" frMUSAS="Z5">le</w><w frlemma="terrain" frpos="NOUN" frMUSAS="Z99">terrain</w><w frlemma="." frpos="PUNCT" frMUSAS="PUNCT">.</w><w frlemma="en" frpos="ADP" frMUSAS="Z5">En</w><w frlemma="1959" frpos="NUM" frMUSAS="N1">1959</w><w frlemma="," frpos="PUNCT" frMUSAS="PUNCT">,</w><w frlemma="alors" frpos="ADV" frMUSAS="Z99">alors</w><w frlemma="que" frpos="SCONJ" frMUSAS="Z5">qu'</w><w frlemma="il" frpos="PRON" frMUSAS="Z8">il</w><w frlemma="ne" frpos="ADV" frMUSAS="Z6">n'</w><w frlemma="être" frpos="AUX" frMUSAS="M6">est</w><w frlemma="encore" frpos="ADV" frMUSAS="Z99">encore</w><w frlemma="que" frpos="SCONJ" frMUSAS="Z5">qu'</w><w frlemma="un" frpos="DET" frMUSAS="Z5">un</w><w frlemma="pensionnaire" frpos="NOUN" frMUSAS="Z99">pensionnaire</w><w frlemma="parmi" frpos="ADP" frMUSAS="Z5">parmi</w><w frlemma="le" frpos="DET" frMUSAS="Z5">les</w><w frlemma="autre" frpos="ADJ" frMUSAS="A6.1-">autres</w><w frlemma="," frpos="PUNCT" frMUSAS="PUNCT">,</w><w frlemma="il" frpos="PRON" frMUSAS="Z8">il</w><w frlemma="être" frpos="AUX" frMUSAS="M6">est</w><w frlemma="charger" frpos="VERB" frMUSAS="Z99">chargé</w><w frlemma="de" frpos="ADP" frMUSAS="Z5">d'</w><w frlemma="aller" frpos="VERB" frMUSAS="M1">aller</w><w frlemma="rouvrir" frpos="VERB" frMUSAS="A10+/N6+">rouvrir</w><w frlemma="le" frpos="DET" frMUSAS="Z5">l'</w><w frlemma="Institut" frpos="PROPN" frMUSAS="P1/S5+c">Institut</w><w frlemma="et" frpos="CCONJ" frMUSAS="Z5">et</w><w frlemma="il" frpos="PRON" frMUSAS="Z8">il</w><w frlemma="se" frpos="PRON" frMUSAS="Z8">s'</w><w frlemma="improviser" frpos="VERB" frMUSAS="A1.4">improvise</w><w frlemma="alors" frpos="ADV" frMUSAS="Z99">alors</w><w frlemma="chef" frpos="NOUN" frMUSAS="Z99">chef</w><w frlemma="de" frpos="ADP" frMUSAS="Z5">de</w><w frlemma="son" frpos="DET" frMUSAS="Z5">son</w><w frlemma="imprimerie" frpos="NOUN" frMUSAS="Z99">imprimerie</w><w frlemma="." frpos="PUNCT" frMUSAS="PUNCT">.</w><w frlemma="Bibliothécaire" frpos="PROPN" frMUSAS="Z99">Bibliothécaire</w><w frlemma="(" frpos="PUNCT" frMUSAS="PUNCT">(</w><w frlemma="1962" frpos="NUM" frMUSAS="N1">1962</w><w frlemma=")" frpos="PUNCT" frMUSAS="PUNCT">)</w><w frlemma="," frpos="PUNCT" frMUSAS="PUNCT">,</w><w frlemma="secrétaire" frpos="NOUN" frMUSAS="I3.2/S2mf">secrétaire</w><w frlemma="général" frpos="ADJ" frMUSAS="G3/S7.1+/S2mf">général</w><w frlemma="(" frpos="PUNCT" frMUSAS="PUNCT">(</w><w frlemma="1967" frpos="NUM" frMUSAS="N1">1967</w><w frlemma=")" frpos="PUNCT" frMUSAS="PUNCT">)</w><w frlemma="," frpos="PUNCT" frMUSAS="PUNCT">,</w><w frlemma="pouvoir" frpos="CCONJ" frMUSAS="Z99">puis</w><w frlemma="directeur" frpos="NOUN" frMUSAS="S7.1+/S2mf">directeur</w><w frlemma="de" frpos="ADP" frMUSAS="Z5">de</w><w frlemma="le" frpos="DET" frMUSAS="Z5">l'</w><w frlemma="ifao" frpos="NOUN" frMUSAS="Z99">IFAO</w><w frlemma="(" frpos="PUNCT" frMUSAS="PUNCT">(</w><w frlemma="1969" frpos="NUM" frMUSAS="N1">1969</w><w frlemma=")" frpos="PUNCT" frMUSAS="PUNCT">)</w><w frlemma=":" frpos="PUNCT" frMUSAS="PUNCT">:</w><w frlemma="de" frpos="ADP" frMUSAS="Z5">d'</w><w frlemma="expérience" frpos="NOUN" frMUSAS="A2.1+/A3+">expérience</w><w frlemma="en" frpos="ADP" frMUSAS="Z5">en</w><w frlemma="expérience" frpos="NOUN" frMUSAS="A2.1+/A3+">expérience</w><w frlemma="," frpos="PUNCT" frMUSAS="PUNCT">,</w><w frlemma="son" frpos="DET" frMUSAS="Z5">son</w><w frlemma="goût" frpos="NOUN" frMUSAS="X3.1">goût</w><w frlemma="de" frpos="ADP" frMUSAS="Z5">de</w><w frlemma="le" frpos="DET" frMUSAS="Z5">l'</w><w frlemma="ordre" frpos="NOUN" frMUSAS="S7.1+/Q2.2">ordre</w><w frlemma="," frpos="PUNCT" frMUSAS="PUNCT">,</w><w frlemma="son" frpos="DET" frMUSAS="Z5">ses</w><w frlemma="conception" frpos="NOUN" frMUSAS="X4.1">conceptions</w><w frlemma="planificateur" frpos="ADJ" frMUSAS="Z99">planificatrices</w><w frlemma="," frpos="PUNCT" frMUSAS="PUNCT">,</w><w frlemma="son" frpos="DET" frMUSAS="Z5">ses</w><w frlemma="exigence" frpos="NOUN" frMUSAS="Z99">exigences</w><w frlemma="de" frpos="ADP" frMUSAS="Z5">d'</w><w frlemma="efficacité" frpos="NOUN" frMUSAS="Z99">efficacité</w><w frlemma="," frpos="PUNCT" frMUSAS="PUNCT">,</w><w frlemma="son" frpos="DET" frMUSAS="Z5">sa</w><w frlemma="sollicitude" frpos="NOUN" frMUSAS="Z99">sollicitude</w><w frlemma="à" frpos="ADP" frMUSAS="Z5">à</w><w frlemma="le" frpos="DET" frMUSAS="Z5">l'</w><w frlemma="égard" frpos="NOUN" frMUSAS="Z99">égard</w><w frlemma="de" frpos="ADP" frMUSAS="Z5">des</w><w frlemma="besoin" frpos="NOUN" frMUSAS="S6+">besoins</w><w frlemma="concret" frpos="NOUN" frMUSAS="A1.1.1">concrets</w><w frlemma="de" frpos="ADP" frMUSAS="Z5">de</w><w frlemma="le" frpos="DET" frMUSAS="Z5">la</w><w frlemma="recherche" frpos="NOUN" frMUSAS="Z99">recherche</w><w frlemma="et" frpos="CCONJ" frMUSAS="Z5">et</w><w frlemma="de" frpos="ADP" frMUSAS="Z5">des</w><w frlemma="chercheur" frpos="NOUN" frMUSAS="X2.4/S2mf">chercheurs</w><w frlemma="se" frpos="PRON" frMUSAS="Z8">s'</w><w frlemma="affirmer" frpos="VERB" frMUSAS="Z99">affirment</w><w frlemma="et" frpos="CCONJ" frMUSAS="Z5">et</w><w frlemma="se" frpos="PRON" frMUSAS="Z8">se</w><w frlemma="renforcer" frpos="VERB" frMUSAS="Z99">renforcent</w><w frlemma="." frpos="PUNCT" frMUSAS="PUNCT">.</w><w frlemma="il" frpos="PRON" frMUSAS="Z8">Il</w><w frlemma="prêter" frpos="VERB" frMUSAS="A9-">prêtera</w><w frlemma="tout" frpos="ADV" frMUSAS="Z8">tout</w><w frlemma="uniment" frpos="ADJ" frMUSAS="Z99">uniment</w><w frlemma="le" frpos="DET" frMUSAS="Z5">le</w><w frlemma="concours" frpos="NOUN" frMUSAS="Z99">concours</w><w frlemma="de" frpos="ADP" frMUSAS="Z5">de</w><w frlemma="son" frpos="DET" frMUSAS="Z5">sa</w><w frlemma="science" frpos="NOUN" frMUSAS="Y1">science</w><w frlemma="et" frpos="CCONJ" frMUSAS="Z5">et</w><w frlemma="de" frpos="ADP" frMUSAS="Z5">de</w><w frlemma="son" frpos="DET" frMUSAS="Z5">son</w><w frlemma="sens" frpos="NOUN" frMUSAS="Z99">sens</w><w frlemma="de" frpos="ADP" frMUSAS="Z5">des</w><w frlemma="affaire" frpos="NOUN" frMUSAS="Z99">affaires</w><w frlemma="à" frpos="ADP" frMUSAS="Z5">à</w><w frlemma="le" frpos="DET" frMUSAS="Z5">la</w><w frlemma="création" frpos="NOUN" frMUSAS="A1.1.1">création</w><w frlemma="de" frpos="ADP" frMUSAS="Z5">du</w><w frlemma="centre" frpos="NOUN" frMUSAS="M6">Centre</w><w frlemma="franco-egyptien" frpos="NOUN" frMUSAS="Z99">Franco-Egyptien</w><w frlemma="de" frpos="ADP" frMUSAS="Z5">de</w><w frlemma="Karnak" frpos="PROPN" frMUSAS="Z99">Karnak</w><w frlemma="." frpos="PUNCT" frMUSAS="PUNCT">.</w><w frlemma="sou" frpos="ADP" frMUSAS="A13.6">Sous</w><w frlemma="son" frpos="DET" frMUSAS="Z5">sa</w><w frlemma="direction" frpos="NOUN" frMUSAS="Z99">direction</w><w frlemma="," frpos="PUNCT" frMUSAS="PUNCT">,</w><w frlemma="le" frpos="DET" frMUSAS="Z5">l'</w><w frlemma="ifao" frpos="NOUN" frMUSAS="Z99">IFAO</w><w frlemma="," frpos="PUNCT" frMUSAS="PUNCT">,</w><w frlemma="«" frpos="VERB" frMUSAS="Z99">«</w><w frlemma="base" frpos="NOUN" frMUSAS="M7">base</w><w frlemma="logistique" frpos="ADJ" frMUSAS="Z99">logistique</w><w frlemma="»" frpos="PUNCT" frMUSAS="PUNCT">»</w><w frlemma="se" frpos="PRON" frMUSAS="Z8">se</w><w frlemma="trouver" frpos="VERB" frMUSAS="A10+">trouvera</w><w frlemma="renouveler" frpos="VERB" frMUSAS="T2+/A2.1">renouvelé</w><w frlemma="de" frpos="ADP" frMUSAS="Z5">de</w><w frlemma="fond" frpos="NOUN" frMUSAS="N4">fond</w><w frlemma="en" frpos="ADP" frMUSAS="Z5">en</w><w frlemma="comble" frpos="NOUN" frMUSAS="Z99">comble</w><w frlemma="—" frpos="PUNCT" frMUSAS="PUNCT">—</w><w frlemma="au" frpos="ADP" frMUSAS="Z5">au</w><w frlemma="sens" frpos="NOUN" frMUSAS="Z99">sens</w><w frlemma="propre" frpos="ADJ" frMUSAS="Z99">propre</w><w frlemma="et" frpos="CCONJ" frMUSAS="Z5">et</w><w frlemma="au" frpos="ADP" frMUSAS="Z5">au</w><w frlemma="sens" frpos="NOUN" frMUSAS="Z99">sens</w><w frlemma="figuré" frpos="ADJ" frMUSAS="Z99">figuré</w><w frlemma="," frpos="PUNCT" frMUSAS="PUNCT">,</w><w frlemma="pour" frpos="ADP" frMUSAS="Z5">pour</w><w frlemma="le" frpos="DET" frMUSAS="Z5">le</w><w frlemma="profit" frpos="NOUN" frMUSAS="Z99">profit</w><w frlemma="de" frpos="ADP" frMUSAS="Z5">de</w><w frlemma="tout" frpos="ADJ" frMUSAS="Z8">toutes</w><w frlemma="le" frpos="DET" frMUSAS="Z5">les</w><w frlemma="spécialité" frpos="NOUN" frMUSAS="A4.2+">spécialités</w><w frlemma="qui" frpos="PRON" frMUSAS="Z8">qui</w><w frlemma="se" frpos="PRON" frMUSAS="Z8">s'</w><w frlemma="intéresser" frpos="VERB" frMUSAS="Z99">intéressent</w><w frlemma="à" frpos="ADP" frMUSAS="Z5">à</w><w frlemma="le" frpos="DET" frMUSAS="Z5">l'</w><w frlemma="Egypte" frpos="PROPN" frMUSAS="Z99">Egypte</w><w frlemma="." frpos="PUNCT" frMUSAS="PUNCT">.</w><w frlemma="le" frpos="DET" frMUSAS="Z5">L'</w><w frlemma="imprimerie" frpos="NOUN" frMUSAS="Z99">imprimerie</w><w frlemma="aller" frpos="AUX" frMUSAS="M1">va</w><w frlemma="connaître" frpos="VERB" frMUSAS="X2.2+">connaître</w><w frlemma="un" frpos="DET" frMUSAS="Z5">un</w><w frlemma="rythme" frpos="NOUN" frMUSAS="Z99">rythme</w><w frlemma="de" frpos="ADP" frMUSAS="Z5">de</w><w frlemma="production" frpos="NOUN" frMUSAS="A1.1.1">production</w><w frlemma="jusque" frpos="ADP" frMUSAS="Z5">jusqu'</w><w frlemma="alors" frpos="ADV" frMUSAS="Z99">alors</w><w frlemma="inconnu" frpos="ADJ" frMUSAS="X2.2-">inconnu</w><w frlemma="." frpos="PUNCT" frMUSAS="PUNCT">.</w><w frlemma="le" frpos="DET" frMUSAS="Z5">La</w><w frlemma="maison" frpos="NOUN" frMUSAS="H1">maison</w><w frlemma="aller" frpos="VERB" frMUSAS="M1">va</w><w frlemma="disposer" frpos="VERB" frMUSAS="Z99">disposer</w><w frlemma="de" frpos="DET" frMUSAS="Z5">d'</w><w frlemma="archive" frpos="NOUN" frMUSAS="Z99">archives</w><w frlemma="classer" frpos="VERB" frMUSAS="Z99">classées</w><w frlemma="et" frpos="CCONJ" frMUSAS="Z5">et</w><w frlemma="consultable" frpos="ADJ" frMUSAS="Z99">consultables</w><w frlemma="et" frpos="CCONJ" frMUSAS="Z5">et</w><w frlemma="de" frpos="ADP" frMUSAS="Z5">d'</w><w frlemma="un" frpos="DET" frMUSAS="Z5">un</w><w frlemma="vaste" frpos="ADJ" frMUSAS="Z99">vaste</w><w frlemma="laboratoir" frpos="ADJ" frMUSAS="Y1/H1c">laboratoire</w><w frlemma="photographique" frpos="ADJ" frMUSAS="Z99">photographique</w><w frlemma="." frpos="PUNCT" frMUSAS="PUNCT">.</w><w frlemma="eile" frpos="NOUN" frMUSAS="Z99">Eile</w><w frlemma="loger" frpos="VERB" frMUSAS="Z99">loge</w><w frlemma="un" frpos="DET" frMUSAS="Z5">un</w><w frlemma="nombre" frpos="NOUN" frMUSAS="N1">nombre</w><w frlemma="croissant" frpos="ADJ" frMUSAS="Z99">croissant</w><w frlemma="de" frpos="ADP" frMUSAS="Z5">de</w><w frlemma="chercheur" frpos="NOUN" frMUSAS="X2.4/S2mf">chercheurs</w><w frlemma="," frpos="PUNCT" frMUSAS="PUNCT">,</w><w frlemma="recrute" frpos="NOUN" frMUSAS="Z99">recrute</w><w frlemma="un" frpos="DET" frMUSAS="Z5">des</w><w frlemma="étudiant" frpos="NOUN" frMUSAS="P1/S2mf">étudiants</w><w frlemma="avancer" frpos="VERB" frMUSAS="Z99">avancés</w><w frlemma="," frpos="PUNCT" frMUSAS="PUNCT">,</w><w frlemma="se" frpos="PRON" frMUSAS="Z8">s'</w><w frlemma="enrichir" frpos="VERB" frMUSAS="Z99">enrichit</w><w frlemma="de" frpos="ADP" frMUSAS="Z5">des</w><w frlemma="service" frpos="NOUN" frMUSAS="A1.1.1">services</w><w frlemma="de" frpos="ADP" frMUSAS="Z5">de</w><w frlemma="collaborateur" frpos="NOUN" frMUSAS="Z99">collaborateurs</w><w frlemma="divers" frpos="ADJ" frMUSAS="Z99">divers</w><w frlemma="." frpos="PUNCT" frMUSAS="PUNCT">.</w></p><p><w frlemma="le" frpos="DET" frMUSAS="Z5">L'</w><w frlemma="attachement" frpos="NOUN" frMUSAS="Z99">attachement</w><w frlemma="fanatique" frpos="ADJ" frMUSAS="Z99">fanatique</w><w frlemma="que" frpos="SCONJ" frMUSAS="Z5">que</w><w frlemma="Serge" frpos="PROPN" frMUSAS="Z99">Serge</w><w frlemma="Sauneron" frpos="PROPN" frMUSAS="Z99">Sauneron</w><w frlemma="éprouver" frpos="VERB" frMUSAS="Z99">éprouvait</w><w frlemma="pour" frpos="ADP" frMUSAS="Z5">pour</w><w frlemma="le" frpos="DET" frMUSAS="Z5">la</w><w frlemma="réalité" frpos="NOUN" frMUSAS="A3+">réalité</w><w frlemma="égyptien" frpos="ADJ" frMUSAS="Z2/S2mf">égyptienne</w><w frlemma="et" frpos="CCONJ" frMUSAS="Z5">et</w><w frlemma="un" frpos="DET" frMUSAS="Z5">une</w><w frlemma="ouverture" frpos="NOUN" frMUSAS="A1.1.1">ouverture</w><w frlemma="de" frpos="ADP" frMUSAS="Z5">d'</w><w frlemma="esprit" frpos="NOUN" frMUSAS="Z99">esprit</w><w frlemma="qui" frpos="PRON" frMUSAS="Z8">qui</w><w frlemma="ne" frpos="ADV" frMUSAS="Z6">n'</w><w frlemma="être" frpos="AUX" frMUSAS="M6">est</w><w frlemma="pas" frpos="ADV" frMUSAS="Z99">pas</w><w frlemma="si" frpos="SCONJ" frMUSAS="Z5">si</w><w frlemma="courer" frpos="VERB" frMUSAS="Z99">courante</w><w frlemma="le" frpos="PRON" frMUSAS="Z8">l'</w><w frlemma="avoir" frpos="AUX" frMUSAS="A9+">ont</w><w frlemma="empêcher" frpos="VERB" frMUSAS="S8-">empêché</w><w frlemma="de" frpos="ADP" frMUSAS="Z5">de</w><w frlemma="se" frpos="PRON" frMUSAS="Z8">se</w><w frlemma="confiner" frpos="VERB" frMUSAS="A1.7+">confiner</w><w frlemma="," frpos="PUNCT" frMUSAS="PUNCT">,</w><w frlemma="tout" frpos="DET" frMUSAS="Z8">tout</w><w frlemma="égyptologue" frpos="NOUN" frMUSAS="Z99">égyptologue</w><w frlemma="que" frpos="SCONJ" frMUSAS="Z5">qu'</w><w frlemma="il" frpos="PRON" frMUSAS="Z8">il</w><w frlemma="être" frpos="VERB" frMUSAS="Z99">fût</w><w frlemma="," frpos="PUNCT" frMUSAS="PUNCT">,</w><w frlemma="ou" frpos="CCONJ" frMUSAS="Z5">ou</w><w frlemma="parce" frpos="SCONJ" frMUSAS="Z99">parce</w><w frlemma="que" frpos="SCONJ" frMUSAS="Z5">qu'</w><w frlemma="il" frpos="PRON" frMUSAS="Z8">il</w><w frlemma="être" frpos="AUX" frMUSAS="Z99">était</w><w frlemma="égyptologu" frpos="ADJ" frMUSAS="Z99">égyptologue</w><w frlemma="," frpos="PUNCT" frMUSAS="PUNCT">,</w><w frlemma="dans" frpos="ADP" frMUSAS="Z5">dans</w><w frlemma="le" frpos="DET" frMUSAS="Z5">la</w><w frlemma="défense" frpos="NOUN" frMUSAS="S8+">défense</w><w frlemma="et" frpos="CCONJ" frMUSAS="Z5">et</w><w frlemma="illustration" frpos="NOUN" frMUSAS="A4.1">illustration</w><w frlemma="de" frpos="ADP" frMUSAS="Z5">du</w><w frlemma="seul" frpos="ADJ" frMUSAS="Z99">seul</w><w frlemma="passé" frpos="NOUN" frMUSAS="M6">passé</w><w frlemma="pharaonique" frpos="ADJ" frMUSAS="Z99">pharaonique</w><w frlemma="." frpos="PUNCT" frMUSAS="PUNCT">.</w><w frlemma="ce" frpos="PRON" frMUSAS="Z8">C'</w><w frlemma="être" frpos="AUX" frMUSAS="M6">est</w><w frlemma="le" frpos="DET" frMUSAS="Z5">l'</w><w frlemma="egypte" frpos="NOUN" frMUSAS="Z99">Egypte</w><w frlemma="total" frpos="ADJ" frMUSAS="N5">totale</w><w frlemma="dont" frpos="PRON" frMUSAS="Z8">dont</w><w frlemma="il" frpos="PRON" frMUSAS="Z8">il</w><w frlemma="vouloir" frpos="VERB" frMUSAS="X7+">veut</w><w frlemma="développer" frpos="VERB" frMUSAS="A2.1+">développer</w><w frlemma="le" frpos="DET" frMUSAS="Z5">l'</w><w frlemma="étude" frpos="NOUN" frMUSAS="P1">étude</w><w frlemma="," frpos="PUNCT" frMUSAS="PUNCT">,</w><w frlemma="encourager" frpos="VERB" frMUSAS="S8+">encourageant</w><w frlemma="le" frpos="DET" frMUSAS="Z5">les</w><w frlemma="travail" frpos="NOUN" frMUSAS="I3.1">travaux</w><w frlemma="sur" frpos="ADP" frMUSAS="Z5">sur</w><w frlemma="le" frpos="DET" frMUSAS="Z5">les</w><w frlemma="période" frpos="NOUN" frMUSAS="T1.3">périodes</w><w frlemma="hellénistique" frpos="ADJ" frMUSAS="Z99">hellénistique</w><w frlemma="," frpos="PUNCT" frMUSAS="PUNCT">,</w><w frlemma="chrétien" frpos="VERB" frMUSAS="Z99">chrétienne</w><w frlemma="," frpos="PUNCT" frMUSAS="PUNCT">,</w><w frlemma="arabo-islamique" frpos="VERB" frMUSAS="Z99">arabo-islamique</w><w frlemma="ainsi" frpos="ADV" frMUSAS="Z5/A2.2">ainsi</w><w frlemma="que" frpos="SCONJ" frMUSAS="Z5">que</w><w frlemma="sur" frpos="ADP" frMUSAS="Z5">sur</w><w frlemma="le" frpos="DET" frMUSAS="Z5">les</w><w frlemma="tradition" frpos="NOUN" frMUSAS="S1.1.1">traditions</w><w frlemma="populaire" frpos="ADJ" frMUSAS="E2+">populaires</w><w frlemma="," frpos="PUNCT" frMUSAS="PUNCT">,</w><w frlemma="finir" frpos="VERB" frMUSAS="T2-">finissant</w><w frlemma="par" frpos="ADP" frMUSAS="M6">par</w><w frlemma="suivre" frpos="VERB" frMUSAS="M1">suivre</w><w frlemma="ce" frpos="DET" frMUSAS="Z5">ces</w><w frlemma="travail" frpos="NOUN" frMUSAS="I3.1">travaux</w><w frlemma="autant" frpos="ADV" frMUSAS="Z99">autant</w><w frlemma="et" frpos="CCONJ" frMUSAS="Z5">et</w><w frlemma="plus" frpos="ADV" frMUSAS="Z5">plus</w><w frlemma="que" frpos="SCONJ" frMUSAS="Z5">que</w><w frlemma="le" frpos="DET" frMUSAS="Z5">les</w><w frlemma="activité" frpos="NOUN" frMUSAS="A1.1.1">activités</w><w frlemma="égyptologique" frpos="ADJ" frMUSAS="Z99">égyptologiques</w><w frlemma="et" frpos="CCONJ" frMUSAS="Z5">et</w><w frlemma="y" frpos="PRON" frMUSAS="M6">y</w><w frlemma="prendre" frpos="VERB" frMUSAS="A9+">prenant</w><w frlemma="part" frpos="NOUN" frMUSAS="S1.1.2+">part</w><w frlemma="lui-même" frpos="PRON" frMUSAS="Z8m">lui-même</w><w frlemma="comme" frpos="ADP" frMUSAS="Z5">comme</w><w frlemma="«" frpos="NOUN" frMUSAS="Z99">«</w><w frlemma="fouilleur" frpos="NOUN" frMUSAS="Z99">fouilleur</w><w frlemma="»" frpos="PUNCT" frMUSAS="PUNCT">»</w><w frlemma="(" frpos="PUNCT" frMUSAS="PUNCT">(</w><w frlemma="ermitage" frpos="NOUN" frMUSAS="Z99">ermitages</w><w frlemma="de" frpos="ADP" frMUSAS="Z5">des</w><w frlemma="désert" frpos="NOUN" frMUSAS="Z99">déserts</w><w frlemma="de" frpos="ADP" frMUSAS="Z5">d'</w><w frlemma="Esna" frpos="PROPN" frMUSAS="Z99">Esna</w><w frlemma=")" frpos="PUNCT" frMUSAS="PUNCT">)</w><w frlemma="," frpos="PUNCT" frMUSAS="PUNCT">,</w><w frlemma="comme" frpos="ADP" frMUSAS="Z5">comme</w><w frlemma="folkloriste" frpos="NOUN" frMUSAS="Z99">folkloriste</w><w frlemma="(" frpos="PUNCT" frMUSAS="PUNCT">(</w><w frlemma="ville" frpos="NOUN" frMUSAS="M7c">Villes</w><w frlemma="et" frpos="CCONJ" frMUSAS="Z5">et</w><w frlemma="légende" frpos="NOUN" frMUSAS="Z99">légendes</w><w frlemma="de" frpos="ADP" frMUSAS="Z5">d'</w><w frlemma="Egypte" frpos="PROPN" frMUSAS="Z99">Egypte</w><w frlemma=")" frpos="PUNCT" frMUSAS="PUNCT">)</w><w frlemma="," frpos="PUNCT" frMUSAS="PUNCT">,</w><w frlemma="et" frpos="CCONJ" frMUSAS="Z5">et</w><w frlemma="comme" frpos="ADP" frMUSAS="Z5">comme</w><w frlemma="historien" frpos="NOUN" frMUSAS="P1/T1.1.1/S2mf">historien</w><w frlemma="(" frpos="PUNCT" frMUSAS="PUNCT">(</w><w frlemma="voyageur" frpos="NOUN" frMUSAS="Z99">Voyageurs</w><w frlemma="occidental" frpos="ADJ" frMUSAS="Q4.3">occidentaux</w><w frlemma="en" frpos="ADP" frMUSAS="Z5">en</w><w frlemma="Egypte" frpos="PROPN" frMUSAS="Z99">Egypte</w><w frlemma=")" frpos="PUNCT" frMUSAS="PUNCT">)</w><w frlemma="." frpos="PUNCT" frMUSAS="PUNCT">.</w></p><p><w frlemma="le" frpos="DET" frMUSAS="Z5">La</w><w frlemma="logique" frpos="NOUN" frMUSAS="Z99">logique</w><w frlemma="de" frpos="ADP" frMUSAS="Z5">de</w><w frlemma="son" frpos="DET" frMUSAS="Z5">sa</w><w frlemma="passion" frpos="NOUN" frMUSAS="X5.2+">passion</w><w frlemma="le" frpos="PRON" frMUSAS="Z8">l'</w><w frlemma="avoir" frpos="AUX" frMUSAS="A9+">aura</w><w frlemma="amener" frpos="VERB" frMUSAS="M2">amené</w><w frlemma="à" frpos="ADP" frMUSAS="Z5">à</w><w frlemma="se" frpos="PRON" frMUSAS="Z8">se</w><w frlemma="préoccuper" frpos="VERB" frMUSAS="Z99">préoccuper</w><w frlemma="," frpos="PUNCT" frMUSAS="PUNCT">,</w><w frlemma="méthodiquement" frpos="NOUN" frMUSAS="Z99">méthodiquement</w><w frlemma="," frpos="PUNCT" frMUSAS="PUNCT">,</w><w frlemma="de" frpos="ADP" frMUSAS="Z5">du</w><w frlemma="recrutement" frpos="NOUN" frMUSAS="Z99">recrutement</w><w frlemma="concerter" frpos="VERB" frMUSAS="Z99">concerté</w><w frlemma="et" frpos="CCONJ" frMUSAS="Z5">et</w><w frlemma="de" frpos="ADP" frMUSAS="Z5">de</w><w frlemma="le" frpos="DET" frMUSAS="Z5">l'</w><w frlemma="entraînement" frpos="NOUN" frMUSAS="Z99">entraînement</w><w frlemma="de" frpos="ADP" frMUSAS="Z5">des</w><w frlemma="chercheur" frpos="NOUN" frMUSAS="X2.4/S2mf">chercheurs</w><w frlemma="de" frpos="ADP" frMUSAS="Z5">de</w><w frlemma="différents" frpos="DET" frMUSAS="Z99">différentes</w><w frlemma="discipline" frpos="NOUN" frMUSAS="G2.1">disciplines</w><w frlemma="se" frpos="PRON" frMUSAS="Z8">s'</w><w frlemma="occuper" frpos="VERB" frMUSAS="H4">occupant</w><w frlemma="de" frpos="ADP" frMUSAS="Z5">de</w><w frlemma="le" frpos="DET" frMUSAS="Z5">la</w><w frlemma="vallée" frpos="NOUN" frMUSAS="W3">vallée</w><w frlemma="de" frpos="ADP" frMUSAS="Z5">du</w><w frlemma="Nil" frpos="PROPN" frMUSAS="Z99">Nil</w><w frlemma="." frpos="PUNCT" frMUSAS="PUNCT">.</w><w frlemma="en" frpos="ADP" frMUSAS="Z5">En</w><w frlemma="ce" frpos="DET" frMUSAS="Z5">ce</w><w frlemma="domaine" frpos="NOUN" frMUSAS="Z99">domaine</w><w frlemma="," frpos="PUNCT" frMUSAS="PUNCT">,</w><w frlemma="son" frpos="DET" frMUSAS="Z5">sa</w><w frlemma="volonté" frpos="NOUN" frMUSAS="T1.1.3">volonté</w><w frlemma="opiniâtre" frpos="ADJ" frMUSAS="Z99">opiniâtre</w><w frlemma="et" frpos="CCONJ" frMUSAS="Z5">et</w><w frlemma="un" frpos="DET" frMUSAS="Z5">un</w><w frlemma="sens" frpos="NOUN" frMUSAS="Z99">sens</w><w frlemma="très" frpos="ADV" frMUSAS="A13.3">très</w><w frlemma="moderne" frpos="ADJ" frMUSAS="T3-">moderne</w><w frlemma="de" frpos="ADP" frMUSAS="Z5">de</w><w frlemma="le" frpos="DET" frMUSAS="Z5">la</w><w frlemma="prospective" frpos="NOUN" frMUSAS="Z99">prospective</w><w frlemma="," frpos="PUNCT" frMUSAS="PUNCT">,</w><w frlemma="bousculer" frpos="VERB" frMUSAS="Z99">bousculant</w><w frlemma="bien" frpos="ADV" frMUSAS="A10+">bien</w><w frlemma="un" frpos="DET" frMUSAS="Z5">des</w><w frlemma="habitude" frpos="NOUN" frMUSAS="S1.1.1">habitudes</w><w frlemma="et" frpos="CCONJ" frMUSAS="Z5">et</w><w frlemma="de" frpos="ADP" frMUSAS="Z5">des</w><w frlemma="complaisance" frpos="NOUN" frMUSAS="Z99">complaisances</w><w frlemma="," frpos="PUNCT" frMUSAS="PUNCT">,</w><w frlemma="ne" frpos="ADV" frMUSAS="Z6">n'</w><w frlemma="aller" frpos="VERB" frMUSAS="M1">allaient</w><w frlemma="pas" frpos="ADV" frMUSAS="Z99">pas</w><w frlemma="sans" frpos="ADP" frMUSAS="M6">sans</w><w frlemma="un" frpos="DET" frMUSAS="Z5">une</w><w frlemma="sollicitude" frpos="NOUN" frMUSAS="Z99">sollicitude</w><w frlemma="réel" frpos="ADJ" frMUSAS="A13.3">réelle</w><w frlemma="pour" frpos="ADP" frMUSAS="Z5">pour</w><w frlemma="le" frpos="DET" frMUSAS="Z5">les</w><w frlemma="problème" frpos="NOUN" frMUSAS="A12-">problèmes</w><w frlemma="moral" frpos="ADJ" frMUSAS="Z99">moraux</w><w frlemma="ou" frpos="CCONJ" frMUSAS="Z5">ou</w><w frlemma="matériel" frpos="ADJ" frMUSAS="Z99">matériels</w><w frlemma="qui" frpos="PRON" frMUSAS="Z8">qui</w><w frlemma="se" frpos="PRON" frMUSAS="Z8">se</w><w frlemma="poser" frpos="VERB" frMUSAS="Z99">posaient</w><w frlemma="à" frpos="ADP" frMUSAS="Z5">à</w><w frlemma="chacun" frpos="PRON" frMUSAS="N5.1+">chacun</w><w frlemma="." frpos="PUNCT" frMUSAS="PUNCT">.</w><w frlemma="conscient" frpos="NOUN" frMUSAS="Z99">Conscient</w><w frlemma="de" frpos="ADP" frMUSAS="Z5">de</w><w frlemma="son" frpos="DET" frMUSAS="Z5">ses</w><w frlemma="responsabilité" frpos="NOUN" frMUSAS="S6+">responsabilités</w><w frlemma="social" frpos="ADJ" frMUSAS="S1.1.1">sociales</w><w frlemma="," frpos="PUNCT" frMUSAS="PUNCT">,</w><w frlemma="désireux" frpos="ADJ" frMUSAS="Z99">désireux</w><w frlemma="de" frpos="ADP" frMUSAS="Z5">d'</w><w frlemma="obtenir" frpos="VERB" frMUSAS="Z99">obtenir</w><w frlemma="le" frpos="DET" frMUSAS="Z5">l'</w><w frlemma="efficacité" frpos="NOUN" frMUSAS="Z99">efficacité</w><w frlemma="qui" frpos="PRON" frMUSAS="Z8">qui</w><w frlemma="justifier" frpos="VERB" frMUSAS="G2.2+">justifiait</w><w frlemma="à" frpos="ADP" frMUSAS="Z5">à</w><w frlemma="son" frpos="DET" frMUSAS="Z5">ses</w><w frlemma="oeil" frpos="NOUN" frMUSAS="Z99">yeux</w><w frlemma="le" frpos="DET" frMUSAS="Z5">la</w><w frlemma="liberté" frpos="NOUN" frMUSAS="Z99">liberté</w><w frlemma="dont" frpos="PRON" frMUSAS="Z8">dont</w><w frlemma="jouir" frpos="VERB" frMUSAS="E2+">jouissent</w><w frlemma="le" frpos="DET" frMUSAS="Z5">les</w><w frlemma="salarié" frpos="NOUN" frMUSAS="Z99">salariés</w><w frlemma="de" frpos="ADP" frMUSAS="Z5">de</w><w frlemma="le" frpos="DET" frMUSAS="Z5">la</w><w frlemma="science" frpos="NOUN" frMUSAS="Y1">science</w><w frlemma="," frpos="PUNCT" frMUSAS="PUNCT">,</w><w frlemma="lui-même" frpos="NOUN" frMUSAS="Z8m">lui-même</w><w frlemma="très" frpos="ADV" frMUSAS="A13.3">très</w><w frlemma="dur" frpos="ADJ" frMUSAS="O4.1">dur</w><w frlemma="à" frpos="ADP" frMUSAS="Z5">à</w><w frlemma="le" frpos="DET" frMUSAS="Z5">la</w><w frlemma="besogne" frpos="NOUN" frMUSAS="Z99">besogne</w><w frlemma="et" frpos="CCONJ" frMUSAS="Z5">et</w><w frlemma="merveilleusement" frpos="NOUN" frMUSAS="Z99">merveilleusement</w><w frlemma="organiser" frpos="VERB" frMUSAS="S7.1+">organisé</w><w frlemma="," frpos="PUNCT" frMUSAS="PUNCT">,</w><w frlemma="Serge" frpos="PROPN" frMUSAS="Z99">Serge</w><w frlemma="Sauneron" frpos="PROPN" frMUSAS="Z99">Sauneron</w><w frlemma="avoir" frpos="AUX" frMUSAS="A9+">aura</w><w frlemma="être" frpos="AUX" frMUSAS="T1.3">été</w><w frlemma="un" frpos="DET" frMUSAS="Z5">un</w><w frlemma="patron" frpos="NOUN" frMUSAS="S7.1+">patron</w><w frlemma="exiger" frpos="VERB" frMUSAS="Z99">exigeant</w><w frlemma="beaucoup" frpos="ADV" frMUSAS="Z99">beaucoup</w><w frlemma="de" frpos="ADP" frMUSAS="Z5">de</w><w frlemma="son" frpos="DET" frMUSAS="Z5">ses</w><w frlemma="collègue" frpos="NOUN" frMUSAS="I3.2/S2mf">collègues</w><w frlemma="et" frpos="CCONJ" frMUSAS="Z5">et</w><w frlemma="de" frpos="ADP" frMUSAS="Z5">de</w><w frlemma="son" frpos="DET" frMUSAS="Z5">ses</w><w frlemma="collaborateur" frpos="NOUN" frMUSAS="Z99">collaborateurs</w><w frlemma="." frpos="PUNCT" frMUSAS="PUNCT">.</w><w frlemma="il" frpos="PRON" frMUSAS="Z8">Il</w><w frlemma="avoir" frpos="VERB" frMUSAS="A9+">aura</w><w frlemma="en" frpos="ADP" frMUSAS="Z5">en</w><w frlemma="même" frpos="ADJ" frMUSAS="Z99">même</w><w frlemma="temps" frpos="NOUN" frMUSAS="T1">temps</w><w frlemma="recruter" frpos="ADJ" frMUSAS="I3.1/A9+">recruté</w><w frlemma="ou" frpos="CCONJ" frMUSAS="Z5">ou</w><w frlemma="assister" frpos="VERB" frMUSAS="Z99">assisté</w><w frlemma="bien" frpos="ADV" frMUSAS="A10+">bien</w><w frlemma="un" frpos="DET" frMUSAS="Z5">des</w><w frlemma="gens" frpos="NOUN" frMUSAS="S2">gens</w><w frlemma="," frpos="PUNCT" frMUSAS="PUNCT">,</w><pb n="5"/><w frlemma="encourager" frpos="VERB" frMUSAS="S8+">encouragé</w><w frlemma="tout" frpos="ADJ" frMUSAS="Z8">toutes</w><w frlemma="le" frpos="DET" frMUSAS="Z5">les</w><w frlemma="bon" frpos="ADJ" frMUSAS="A5.1+">bonnes</w><w frlemma="volonté" frpos="NOUN" frMUSAS="T1.1.3">volontés</w><w frlemma="," frpos="PUNCT" frMUSAS="PUNCT">,</w><w frlemma="multiplier" frpos="VERB" frMUSAS="N2">multiplié</w><w frlemma="le" frpos="DET" frMUSAS="Z5">les</w><w frlemma="conseil" frpos="NOUN" frMUSAS="Z99">conseils</w><w frlemma="pratique" frpos="ADJ" frMUSAS="Z99">pratiques</w><w frlemma="et" frpos="CCONJ" frMUSAS="Z5">et</w><w frlemma="le" frpos="DET" frMUSAS="Z5">les</w><w frlemma="communication" frpos="NOUN" frMUSAS="Q2.1">communications</w><w frlemma="de" frpos="ADP" frMUSAS="Z5">d'</w><w frlemma="ordre" frpos="NOUN" frMUSAS="S7.1+/Q2.2">ordre</w><w frlemma="scientifique" frpos="ADJ" frMUSAS="Y1">scientifique</w><w frlemma="," frpos="PUNCT" frMUSAS="PUNCT">,</w><w frlemma="étudier" frpos="VERB" frMUSAS="P1">étudié</w><w frlemma="avec" frpos="ADP" frMUSAS="Z5">avec</w><w frlemma="scrupul" frpos="ADJ" frMUSAS="Z99">scrupule</w><w frlemma="le" frpos="DET" frMUSAS="Z5">les</w><w frlemma="dossier" frpos="NOUN" frMUSAS="Z99">dossiers</w><w frlemma="." frpos="PUNCT" frMUSAS="PUNCT">.</w><w frlemma="il" frpos="PRON" frMUSAS="Z8">Il</w><w frlemma="exiger" frpos="VERB" frMUSAS="Z99">exigeait</w><w frlemma="finalement" frpos="ADV" frMUSAS="Z99">finalement</w><w frlemma="beaucoup" frpos="ADV" frMUSAS="Z99">beaucoup</w><w frlemma="plus" frpos="ADV" frMUSAS="Z5">plus</w><w frlemma="de" frpos="ADP" frMUSAS="Z5">de</w><w frlemma="lui-même" frpos="PRON" frMUSAS="Z8m">lui-même</w><w frlemma="que" frpos="SCONJ" frMUSAS="Z5">que</w><w frlemma="un" frpos="DET" frMUSAS="Z5">des</w><w frlemma="autre" frpos="ADJ" frMUSAS="A6.1-">autres</w><w frlemma="," frpos="PUNCT" frMUSAS="PUNCT">,</w><w frlemma="craindre" frpos="VERB" frMUSAS="Z99">craignant</w><w frlemma="dans" frpos="ADP" frMUSAS="Z5">dans</w><w frlemma="le" frpos="DET" frMUSAS="Z5">le</w><w frlemma="secret" frpos="NOUN" frMUSAS="A10-">secret</w><w frlemma="de" frpos="ADP" frMUSAS="Z5">de</w><w frlemma="son" frpos="DET" frMUSAS="Z5">son</w><w frlemma="cœur" frpos="NOUN" frMUSAS="B1">cœur</w><w frlemma="de" frpos="ADP" frMUSAS="Z5">de</w><w frlemma="se" frpos="PRON" frMUSAS="Z8">se</w><w frlemma="prêter" frpos="VERB" frMUSAS="A9-">prêter</w><w frlemma="par" frpos="ADP" frMUSAS="M6">par</w><w frlemma="excès" frpos="NOUN" frMUSAS="Z99">excès</w><w frlemma="de" frpos="ADP" frMUSAS="Z5">d'</w><w frlemma="enthousiasme" frpos="NOUN" frMUSAS="Z99">enthousiasme</w><w frlemma="à" frpos="ADP" frMUSAS="Z5">à</w><w frlemma="le" frpos="DET" frMUSAS="Z5">l'</w><w frlemma="injustice" frpos="NOUN" frMUSAS="Z99">injustice</w><w frlemma="que" frpos="SCONJ" frMUSAS="Z5">qu'</w><w frlemma="il" frpos="PRON" frMUSAS="Z8">il</w><w frlemma="détester" frpos="VERB" frMUSAS="Z99">détestait</w><w frlemma="." frpos="PUNCT" frMUSAS="PUNCT">.</w></p><p><w frlemma="il" frpos="PRON" frMUSAS="Z8">Il</w><w frlemma="être" frpos="AUX" frMUSAS="M6">est</w><w frlemma="peu" frpos="ADV" frMUSAS="A13.7">peu</w><w frlemma="de" frpos="ADP" frMUSAS="Z5">d'</w><w frlemma="entrer" frpos="ADP" frMUSAS="M6">entre</w><w frlemma="son" frpos="DET" frMUSAS="Z5">ses</w><w frlemma="collègue" frpos="NOUN" frMUSAS="I3.2/S2mf">collègues</w><w frlemma="et" frpos="CCONJ" frMUSAS="Z5">et</w><w frlemma="son" frpos="DET" frMUSAS="Z5">ses</w><w frlemma="collaborateur" frpos="NOUN" frMUSAS="Z99">collaborateurs</w><w frlemma="qui" frpos="PRON" frMUSAS="Z8">qui</w><w frlemma="ne" frpos="ADV" frMUSAS="Z6">ne</w><w frlemma="devoir" frpos="VERB" frMUSAS="Z99">doivent</w><w frlemma="se" frpos="PRON" frMUSAS="Z8">se</w><w frlemma="rendre" frpos="VERB" frMUSAS="Z99">rendre</w><w frlemma="compte" frpos="NOUN" frMUSAS="Z99">compte</w><w frlemma="que" frpos="SCONJ" frMUSAS="Z5">que</w><w frlemma="sans" frpos="ADP" frMUSAS="M6">sans</w><w frlemma="luire" frpos="PRON" frMUSAS="Z8">lui</w><w frlemma="," frpos="PUNCT" frMUSAS="PUNCT">,</w><w frlemma="il" frpos="PRON" frMUSAS="Z8">ils</w><w frlemma="ne" frpos="ADV" frMUSAS="Z6">ne</w><w frlemma="être" frpos="AUX" frMUSAS="Z99">seraient</w><w frlemma="pas" frpos="ADV" frMUSAS="Z99">pas</w><w frlemma="arriver" frpos="VERB" frMUSAS="Z99">arrivés</w><w frlemma="où" frpos="PRON" frMUSAS="Z8">où</w><w frlemma="il" frpos="PRON" frMUSAS="Z8">ils</w><w frlemma="en" frpos="PRON" frMUSAS="Z8">en</w><w frlemma="être" frpos="VERB" frMUSAS="Z99">sont</w><w frlemma="," frpos="PUNCT" frMUSAS="PUNCT">,</w><w frlemma="qui" frpos="PRON" frMUSAS="Z8">qui</w><w frlemma="dans" frpos="ADP" frMUSAS="Z5">dans</w><w frlemma="son" frpos="DET" frMUSAS="Z5">ses</w><w frlemma="recherche" frpos="NOUN" frMUSAS="Z99">recherches</w><w frlemma="," frpos="PUNCT" frMUSAS="PUNCT">,</w><w frlemma="qui" frpos="PRON" frMUSAS="Z8">qui</w><w frlemma="dans" frpos="ADP" frMUSAS="Z5">dans</w><w frlemma="son" frpos="DET" frMUSAS="Z5">ses</w><w frlemma="moyen" frpos="NOUN" frMUSAS="Z99">moyens</w><w frlemma="de" frpos="ADP" frMUSAS="Z5">de</w><w frlemma="travail" frpos="NOUN" frMUSAS="I3.1">travail</w><w frlemma="," frpos="PUNCT" frMUSAS="PUNCT">,</w><w frlemma="qui" frpos="PRON" frMUSAS="Z8">qui</w><w frlemma="dans" frpos="ADP" frMUSAS="Z5">dans</w><w frlemma="son" frpos="DET" frMUSAS="Z5">sa</w><w frlemma="situation" frpos="NOUN" frMUSAS="A3+">situation</w><w frlemma="et" frpos="CCONJ" frMUSAS="Z5">et</w><w frlemma="celui" frpos="PRON" frMUSAS="Z8">ceux</w><w frlemma="qui" frpos="PRON" frMUSAS="Z8">qui</w><w frlemma="," frpos="PUNCT" frMUSAS="PUNCT">,</w><w frlemma="travailler" frpos="VERB" frMUSAS="I3.1">travaillant</w><w frlemma="avec" frpos="ADP" frMUSAS="Z5">avec</w><w frlemma="luire" frpos="PRON" frMUSAS="Z8">lui</w><w frlemma="," frpos="PUNCT" frMUSAS="PUNCT">,</w><w frlemma="partager" frpos="ADV" frMUSAS="S1.1.2+">partageaient</w><w frlemma="tant" frpos="ADV" frMUSAS="Z99">tant</w><w frlemma="être" frpos="AUX" frMUSAS="Z99">soit</w><w frlemma="peu" frpos="ADV" frMUSAS="A13.7">peu</w><w frlemma="son" frpos="DET" frMUSAS="Z5">sa</w><w frlemma="passion" frpos="NOUN" frMUSAS="X5.2+">passion</w><w frlemma="," frpos="PUNCT" frMUSAS="PUNCT">,</w><w frlemma="ne" frpos="ADV" frMUSAS="Z6">ne</w><w frlemma="se" frpos="PRON" frMUSAS="Z8">se</w><w frlemma="remettre" frpos="VERB" frMUSAS="Z99">remettront</w><w frlemma="jamais" frpos="ADV" frMUSAS="T1/Z6">jamais</w><w frlemma="de" frpos="ADP" frMUSAS="Z5">de</w><w frlemma="son" frpos="DET" frMUSAS="Z5">leur</w><w frlemma="chagrin" frpos="NOUN" frMUSAS="Z99">chagrin</w><w frlemma="." frpos="PUNCT" frMUSAS="PUNCT">.</w><note place="bottom"></note></p></text></TEI>