<?xml version='1.0' encoding='UTF-8'?>
<TEI xmlns="http://www.tei-c.org/ns/1.0"><teiHeader><fileDesc><titleStmt><title>[Nécrologie.] Louis Saint-Paul Girard (6 janvier 1877 - 22 octobre 1935).</title></titleStmt><publicationStmt>Corpus produit par l'étudiant MA1 Ph. Hennebert (philippe.hennebert@student.uliege.be) du cours de l'Université de Liège Corpus INFO0943: 'Corpus textuels: principes de constitution et d'analyse'</publicationStmt><sourceDesc><p>https://www.ifao.egnet.net/bifao/35/11/ (BIFAO en ligne) processed using python scripts in https://github.com/PhilHen/BIFAOCorpusTools (typographical zones detected using OpenCV, OCR with Tesseract)</p></sourceDesc></fileDesc><encodingDesc><classDecl><taxonomy id="frpos"><bibl><title>pos tagset build from https://spacy.io/</title></bibl></taxonomy><taxonomy id="frlemma"><bibl><title>fr lemma of the model https://spacy.io/</title></bibl></taxonomy><taxonomy id="frMUSAS"><bibl><title>semantic tagging https://ucrel.github.io/pymusas/usage/how_to/tag_text#french</title></bibl></taxonomy></classDecl><editorialDecl><correction>Les erreurs d'orthographe confirmées par examen du PDF source n'ont pas été corrigées. Une vérification et correction manuelle du texte a été réalisée par Ph. Hennebert (philippe.hennebert@student.uliege.be) le 29/12/2023</correction><hyphenation>Les mots coupés en fin de ligne ont été réassemblés automatiquement, pour autant que la forme combinée sans trait d'union soit attestée dans le dictionnaire français https://unitexgramlab.org/fr/language-resources</hyphenation></editorialDecl></encodingDesc></teiHeader><text id="BIFAO035_art_11.pdf" auteur="Pierre Jouguet" annee="1935" titre="[Nécrologie.] Louis Saint-Paul Girard (6 janvier 1877 - 22 octobre 1935)." textId="35A11" nomDefunt="Girard" metierDefunt="bibliothécaire" categ="Nécrologie"><p><pb n="181"/><w frlemma="LOUIS" frpos="PROPN" frMUSAS="Z99">LOUIS</w><w frlemma="SAINT-PAUL" frpos="X" frMUSAS="Z99">SAINT-PAUL</w><w frlemma="GIRARD" frpos="PROPN" frMUSAS="Z99">GIRARD</w><w frlemma="(" frpos="PUNCT" frMUSAS="PUNCT">(</w><w frlemma="6" frpos="NUM" frMUSAS="N1">6</w><w frlemma="JANVIER" frpos="PROPN" frMUSAS="T1.3">JANVIER</w><w frlemma="1877—22" frpos="NUM" frMUSAS="N1">1877—22</w><w frlemma="octobre" frpos="NOUN" frMUSAS="T1.3">OCTOBRE</w><w frlemma="1935" frpos="NUM" frMUSAS="N1">1935</w><w frlemma=")" frpos="PUNCT" frMUSAS="PUNCT">)</w></p><p><w frlemma="tout" frpos="ADJ" frMUSAS="Z8">Tous</w><w frlemma="le" frpos="DET" frMUSAS="Z5">les</w><w frlemma="ami" frpos="NOUN" frMUSAS="S3.1/S2mf">amis</w><w frlemma="de" frpos="ADP" frMUSAS="Z5">de</w><w frlemma="le" frpos="DET" frMUSAS="Z5">l'</w><w frlemma="Institut" frpos="PROPN" frMUSAS="P1/S5+c">Institut</w><w frlemma="savoir" frpos="VERB" frMUSAS="X2.2+">savaient</w><w frlemma="le" frpos="DET" frMUSAS="Z5">la</w><w frlemma="place" frpos="NOUN" frMUSAS="Z99">place</w><w frlemma="que" frpos="SCONJ" frMUSAS="Z5">que</w><w frlemma="Louis" frpos="PROPN" frMUSAS="Z99">Louis</w><w frlemma="Saint-Paul" frpos="PROPN" frMUSAS="Z99">Saint-Paul</w><w frlemma="Girard" frpos="PROPN" frMUSAS="Z99">Girard</w><w frlemma="tenir" frpos="VERB" frMUSAS="M2">tenait</w><w frlemma="parmi" frpos="ADP" frMUSAS="Z5">parmi</w><w frlemma="nous" frpos="PRON" frMUSAS="Z8">nous</w><w frlemma="et" frpos="CCONJ" frMUSAS="Z5">et</w><w frlemma="il" frpos="PRON" frMUSAS="Z8">ils</w><w frlemma="avoir" frpos="AUX" frMUSAS="A9+">ont</w><w frlemma="pouvoir" frpos="VERB" frMUSAS="Z99">pu</w><w frlemma="concevoir" frpos="VERB" frMUSAS="X2.1">concevoir</w><w frlemma="notre" frpos="DET" frMUSAS="Z8">notre</w><w frlemma="douloureuse" frpos="NOUN" frMUSAS="Z99">douloureuse</w><w frlemma="stupeur" frpos="NOUN" frMUSAS="Z99">stupeur</w><w frlemma="," frpos="PUNCT" frMUSAS="PUNCT">,</w><w frlemma="quand" frpos="SCONJ" frMUSAS="Z5">quand</w><w frlemma="nous" frpos="PRON" frMUSAS="Z8">nous</w><w frlemma="avoir" frpos="AUX" frMUSAS="A9+">avons</w><w frlemma="apprendre" frpos="VERB" frMUSAS="X2.3+">appris</w><w frlemma="que" frpos="SCONJ" frMUSAS="Z5">qu'</w><w frlemma="un" frpos="DET" frMUSAS="Z5">une</w><w frlemma="maladie" frpos="NOUN" frMUSAS="Z99">maladie</w><w frlemma="sournois" frpos="ADJ" frMUSAS="Z99">sournoise</w><w frlemma="et" frpos="CCONJ" frMUSAS="Z5">et</w><w frlemma="cruel" frpos="ADJ" frMUSAS="Z99">cruelle</w><w frlemma="avoir" frpos="AUX" frMUSAS="A9+">avait</w><w frlemma="rendre" frpos="VERB" frMUSAS="Z99">rendu</w><w frlemma="ce" frpos="DET" frMUSAS="Z5">cette</w><w frlemma="place" frpos="NOUN" frMUSAS="Z99">place</w><w frlemma="vide" frpos="ADJ" frMUSAS="N5---">vide</w><w frlemma="." frpos="PUNCT" frMUSAS="PUNCT">.</w><w frlemma="m." frpos="NOUN" frMUSAS="Z99">M.</w><w frlemma="Saint-Paul" frpos="PROPN" frMUSAS="Z99">Saint-Paul</w><w frlemma="Girard" frpos="PROPN" frMUSAS="Z99">Girard</w><w frlemma="être" frpos="AUX" frMUSAS="M6">est</w><w frlemma="mourir" frpos="VERB" frMUSAS="L1-">mort</w><w frlemma="dans" frpos="ADP" frMUSAS="Z5">dans</w><w frlemma="le" frpos="DET" frMUSAS="Z5">l'</w><w frlemma="été" frpos="NOUN" frMUSAS="T1.3">été</w><w frlemma="de" frpos="ADP" frMUSAS="Z5">de</w><w frlemma="1935" frpos="NUM" frMUSAS="N1">1935</w><w frlemma="," frpos="PUNCT" frMUSAS="PUNCT">,</w><w frlemma="à" frpos="ADP" frMUSAS="Z5">à</w><w frlemma="un" frpos="DET" frMUSAS="Z5">un</w><w frlemma="moment" frpos="NOUN" frMUSAS="T1.2">moment</w><w frlemma="où" frpos="PRON" frMUSAS="Z8">où</w><w frlemma="nous" frpos="PRON" frMUSAS="Z8">nous</w><w frlemma="être" frpos="VERB" frMUSAS="Z99">étions</w><w frlemma="tout" frpos="DET" frMUSAS="Z8">tous</w><w frlemma="absent" frpos="NOUN" frMUSAS="S1.1.3-">absents</w><w frlemma=";" frpos="PUNCT" frMUSAS="PUNCT">;</w><w frlemma="il" frpos="PRON" frMUSAS="Z8">il</w><w frlemma="être" frpos="AUX" frMUSAS="M6">est</w><w frlemma="mourir" frpos="VERB" frMUSAS="L1-">mort</w><w frlemma="dans" frpos="ADP" frMUSAS="Z5">dans</w><w frlemma="un" frpos="DET" frMUSAS="Z5">une</w><w frlemma="chambre" frpos="NOUN" frMUSAS="Z99">chambre</w><w frlemma="de" frpos="ADP" frMUSAS="Z5">d'</w><w frlemma="hôpital" frpos="NOUN" frMUSAS="B3/H1c">hôpital</w><w frlemma="," frpos="PUNCT" frMUSAS="PUNCT">,</w><w frlemma="où" frpos="PRON" frMUSAS="Z8">où</w><w frlemma="il" frpos="PRON" frMUSAS="Z8">il</w><w frlemma="avoir" frpos="AUX" frMUSAS="A9+">a</w><w frlemma="être" frpos="AUX" frMUSAS="T1.3">été</w><w frlemma="certer" frpos="VERB" frMUSAS="Z99">certes</w><w frlemma="!" frpos="PUNCT" frMUSAS="PUNCT">!</w><w frlemma="admirablement" frpos="ADV" frMUSAS="Z99">admirablement</w><w frlemma="soigner" frpos="VERB" frMUSAS="Z99">soigné</w><w frlemma="et" frpos="CCONJ" frMUSAS="Z5">et</w><w frlemma="où" frpos="PRON" frMUSAS="Z8">où</w><w frlemma="il" frpos="PRON" frMUSAS="Z8">il</w><w frlemma="avoir" frpos="AUX" frMUSAS="A9+">a</w><w frlemma="pouvoir" frpos="VERB" frMUSAS="Z99">pu</w><w frlemma="recevoir" frpos="VERB" frMUSAS="A9+">recevoir</w><w frlemma="le" frpos="DET" frMUSAS="Z5">les</w><w frlemma="adieu" frpos="NOUN" frMUSAS="Z99">adieux</w><w frlemma="de" frpos="ADP" frMUSAS="Z5">de</w><w frlemma="quelque" frpos="DET" frMUSAS="A13.5">quelques</w><w frlemma="fidèle" frpos="NOUN" frMUSAS="S6+">fidèles</w><w frlemma="," frpos="PUNCT" frMUSAS="PUNCT">,</w><w frlemma="mais" frpos="CCONJ" frMUSAS="Z5">mais</w><w frlemma="séparer" frpos="VERB" frMUSAS="A6.1-">séparé</w><w frlemma="de" frpos="ADP" frMUSAS="Z5">de</w><w frlemma="le" frpos="DET" frMUSAS="Z5">la</w><w frlemma="plupart" frpos="NOUN" frMUSAS="Z99">plupart</w><w frlemma="de" frpos="ADP" frMUSAS="Z5">de</w><w frlemma="celui" frpos="PRON" frMUSAS="Z8">ceux</w><w frlemma="que" frpos="PRON" frMUSAS="Z8">qu'</w><w frlemma="il" frpos="PRON" frMUSAS="Z8">il</w><w frlemma="avoir" frpos="AUX" frMUSAS="A9+">avait</w><w frlemma="favoriser" frpos="VERB" frMUSAS="E2++">favorisés</w><w frlemma="de" frpos="ADP" frMUSAS="Z5">de</w><w frlemma="son" frpos="DET" frMUSAS="Z5">son</w><w frlemma="amitié" frpos="NOUN" frMUSAS="S3.1">amitié</w><w frlemma="loyal" frpos="ADJ" frMUSAS="Z99">loyale</w><w frlemma="," frpos="PUNCT" frMUSAS="PUNCT">,</w><w frlemma="passionné" frpos="NOUN" frMUSAS="Z99">passionnée</w><w frlemma="," frpos="PUNCT" frMUSAS="PUNCT">,</w><w frlemma="fougueux" frpos="ADJ" frMUSAS="Z99">fougueuse</w><w frlemma="," frpos="PUNCT" frMUSAS="PUNCT">,</w><w frlemma="souvent" frpos="ADV" frMUSAS="N6+">souvent</w><w frlemma="ombrageux" frpos="ADJ" frMUSAS="Z99">ombrageuse</w><w frlemma="et" frpos="CCONJ" frMUSAS="Z5">et</w><w frlemma="sévère" frpos="ADJ" frMUSAS="A5.1-">sévère</w><w frlemma="," frpos="PUNCT" frMUSAS="PUNCT">,</w><w frlemma="mais" frpos="CCONJ" frMUSAS="Z5">mais</w><w frlemma="dont" frpos="PRON" frMUSAS="Z8">dont</w><w frlemma="on" frpos="PRON" frMUSAS="Z8">on</w><w frlemma="pouvoir" frpos="VERB" frMUSAS="Z99">pouvait</w><w frlemma="être" frpos="AUX" frMUSAS="Z99">être</w><w frlemma="sûr" frpos="ADJ" frMUSAS="A7+">sûr</w><w frlemma="et" frpos="CCONJ" frMUSAS="Z5">et</w><w frlemma="fier" frpos="NOUN" frMUSAS="Z99">fier</w><w frlemma="un" frpos="DET" frMUSAS="Z5">une</w><w frlemma="fois" frpos="NOUN" frMUSAS="Z99">fois</w><w frlemma="que" frpos="SCONJ" frMUSAS="Z5">qu'</w><w frlemma="on" frpos="PRON" frMUSAS="Z8">on</w><w frlemma="le" frpos="PRON" frMUSAS="Z8">l'</w><w frlemma="avoir" frpos="AUX" frMUSAS="A9+">avait</w><w frlemma="éprouvé" frpos="ADJ" frMUSAS="Z99">éprouvée</w><w frlemma="." frpos="PUNCT" frMUSAS="PUNCT">.</w></p><p><w frlemma="naître" frpos="VERB" frMUSAS="Z99">Né</w><w frlemma="à" frpos="ADP" frMUSAS="Z5">à</w><w frlemma="Dellys" frpos="PROPN" frMUSAS="Z99">Dellys</w><w frlemma="," frpos="PUNCT" frMUSAS="PUNCT">,</w><w frlemma="en" frpos="ADP" frMUSAS="Z5">en</w><w frlemma="Algérie" frpos="PROPN" frMUSAS="Z99">Algérie</w><w frlemma="," frpos="PUNCT" frMUSAS="PUNCT">,</w><w frlemma="Louis" frpos="PROPN" frMUSAS="Z99">Louis</w><w frlemma="Saint-Paul" frpos="PROPN" frMUSAS="Z99">Saint-Paul</w><w frlemma="Girard" frpos="PROPN" frMUSAS="Z99">Girard</w><w frlemma="avoir" frpos="AUX" frMUSAS="A9+">avait</w><w frlemma="être" frpos="AUX" frMUSAS="T1.3">été</w><w frlemma="élever" frpos="VERB" frMUSAS="Z99">élevé</w><w frlemma="au" frpos="ADP" frMUSAS="Z5">au</w><w frlemma="séminaire" frpos="NOUN" frMUSAS="Z99">Séminaire</w><w frlemma="de" frpos="ADP" frMUSAS="Z5">d'</w><w frlemma="Alger" frpos="PROPN" frMUSAS="Z99">Alger</w><w frlemma="et" frpos="CCONJ" frMUSAS="Z5">et</w><w frlemma="il" frpos="PRON" frMUSAS="Z8">il</w><w frlemma="avoir" frpos="AUX" frMUSAS="A9+">a</w><w frlemma="appartenir" frpos="VERB" frMUSAS="A9+">appartenu</w><w frlemma="tout" frpos="ADJ" frMUSAS="Z8">toute</w><w frlemma="son" frpos="DET" frMUSAS="Z5">sa</w><w frlemma="vie" frpos="NOUN" frMUSAS="L1+">vie</w><w frlemma="à" frpos="ADP" frMUSAS="Z5">à</w><w frlemma="le" frpos="DET" frMUSAS="Z5">l'</w><w frlemma="égiise" frpos="NOUN" frMUSAS="Z99">Égiise</w><w frlemma="catholique" frpos="ADJ" frMUSAS="S9">catholique</w><w frlemma="," frpos="PUNCT" frMUSAS="PUNCT">,</w><w frlemma="dont" frpos="PRON" frMUSAS="Z8">dont</w><w frlemma="il" frpos="PRON" frMUSAS="Z8">il</w><w frlemma="avoir" frpos="AUX" frMUSAS="A9+">avait</w><w frlemma="recevoir" frpos="VERB" frMUSAS="A9+">reçu</w><w frlemma="le" frpos="DET" frMUSAS="Z5">les</w><w frlemma="ordre" frpos="NOUN" frMUSAS="S7.1+/Q2.2">ordres</w><w frlemma="mineur" frpos="ADJ" frMUSAS="Z99">mineurs</w><w frlemma="." frpos="PUNCT" frMUSAS="PUNCT">.</w><w frlemma="je" frpos="PRON" frMUSAS="Z8mf">Je</w><w frlemma="être" frpos="AUX" frMUSAS="Z99">suis</w><w frlemma="certain" frpos="ADJ" frMUSAS="Z99">certain</w><w frlemma="que" frpos="SCONJ" frMUSAS="Z5">que</w><w frlemma="ce" frpos="PRON" frMUSAS="Z8">c'</w><w frlemma="être" frpos="AUX" frMUSAS="M6">est</w><w frlemma="là" frpos="ADV" frMUSAS="Z99">là</w><w frlemma="le" frpos="DET" frMUSAS="Z5">le</w><w frlemma="premier" frpos="ADJ" frMUSAS="N4">premier</w><w frlemma="trait" frpos="NOUN" frMUSAS="Z99">trait</w><w frlemma="de" frpos="ADP" frMUSAS="Z5">de</w><w frlemma="son" frpos="DET" frMUSAS="Z5">son</w><w frlemma="caractère" frpos="NOUN" frMUSAS="Z99">caractère</w><w frlemma="que" frpos="SCONJ" frMUSAS="Z5">que</w><w frlemma="," frpos="PUNCT" frMUSAS="PUNCT">,</w><w frlemma="sur" frpos="ADP" frMUSAS="Z5">sur</w><w frlemma="son" frpos="DET" frMUSAS="Z5">son</w><w frlemma="cercueil" frpos="NOUN" frMUSAS="Z99">cercueil</w><w frlemma="," frpos="PUNCT" frMUSAS="PUNCT">,</w><w frlemma="il" frpos="PRON" frMUSAS="Z8">il</w><w frlemma="avoir" frpos="AUX" frMUSAS="A9+">eût</w><w frlemma="vouloir" frpos="VERB" frMUSAS="X7+">voulu</w><w frlemma="tout" frpos="ADV" frMUSAS="Z8">tout</w><w frlemma="de" frpos="ADP" frMUSAS="Z5">d'</w><w frlemma="abord" frpos="ADV" frMUSAS="Z99">abord</w><w frlemma="entendre" frpos="VERB" frMUSAS="X3.2">entendre</w><w frlemma="proclamer" frpos="VERB" frMUSAS="Z99">proclamer</w><w frlemma="." frpos="PUNCT" frMUSAS="PUNCT">.</w><w frlemma="comme" frpos="ADP" frMUSAS="Z5">Comme</w><w frlemma="Mgr" frpos="PROPN" frMUSAS="Z99">Mgr</w><w frlemma="Duchesne" frpos="PROPN" frMUSAS="Z99">Duchesne</w><w frlemma="," frpos="PUNCT" frMUSAS="PUNCT">,</w><w frlemma="qui" frpos="PRON" frMUSAS="Z8">qui</w><w frlemma="être" frpos="AUX" frMUSAS="Z99">fut</w><w frlemma="quelque" frpos="ADV" frMUSAS="A13.5">quelque</w><w frlemma="temps" frpos="NOUN" frMUSAS="T1">temps</w><w frlemma="son" frpos="DET" frMUSAS="Z5">son</w><w frlemma="maître" frpos="NOUN" frMUSAS="S7.1+/S2.2m">maître</w><w frlemma="," frpos="PUNCT" frMUSAS="PUNCT">,</w><w frlemma="ce" frpos="DET" frMUSAS="Z5">cet</w><w frlemma="humble" frpos="NOUN" frMUSAS="Z99">humble</w><w frlemma="et" frpos="CCONJ" frMUSAS="Z5">et</w><w frlemma="docte" frpos="ADJ" frMUSAS="Z99">docte</w><w frlemma="clerc" frpos="VERB" frMUSAS="Z99">clerc</w><w frlemma="avoir" frpos="AUX" frMUSAS="A9+">aurait</w><w frlemma="pouvoir" frpos="VERB" frMUSAS="Z99">pu</w><w frlemma="faire" frpos="AUX" frMUSAS="Z99">faire</w><w frlemma="graver" frpos="VERB" frMUSAS="Z99">graver</w><w frlemma="sur" frpos="ADP" frMUSAS="Z5">sur</w><w frlemma="son" frpos="DET" frMUSAS="Z5">sa</w><w frlemma="tombe" frpos="NOUN" frMUSAS="Z99">tombe</w><w frlemma="le" frpos="DET" frMUSAS="Z5">l'</w><w frlemma="épitaphe" frpos="NOUN" frMUSAS="Z99">épitaphe</w><w frlemma="confiant" frpos="ADJ" frMUSAS="Z99">confiante</w><w frlemma=":" frpos="PUNCT" frMUSAS="PUNCT">:</w><w frlemma="semper" frpos="VERB" frMUSAS="Z99">semper</w><w frlemma="fideli" frpos="ADJ" frMUSAS="Z99">fidelis</w><w frlemma="." frpos="PUNCT" frMUSAS="PUNCT">.</w><w frlemma="son" frpos="DET" frMUSAS="Z5">Sa</w><w frlemma="foi" frpos="NOUN" frMUSAS="E6+">foi</w><w frlemma="," frpos="PUNCT" frMUSAS="PUNCT">,</w><w frlemma="il" frpos="PRON" frMUSAS="Z8">il</w><w frlemma="aimer" frpos="VERB" frMUSAS="Z99">aimait</w><w frlemma="à" frpos="ADP" frMUSAS="Z5">à</w><w frlemma="le" frpos="PRON" frMUSAS="Z8">le</w><w frlemma="répéter" frpos="VERB" frMUSAS="N6+">répéter</w><w frlemma="à" frpos="ADP" frMUSAS="Z5">à</w><w frlemma="son" frpos="DET" frMUSAS="Z5">ses</w><w frlemma="intime" frpos="NOUN" frMUSAS="Z99">intimes</w><w frlemma="," frpos="PUNCT" frMUSAS="PUNCT">,</w><w frlemma="être" frpos="AUX" frMUSAS="Z99">était</w><w frlemma="inébranlable" frpos="ADJ" frMUSAS="Z99">inébranlable</w><w frlemma="," frpos="PUNCT" frMUSAS="PUNCT">,</w><w frlemma="bien" frpos="ADV" frMUSAS="A10+">bien</w><w frlemma="que" frpos="SCONJ" frMUSAS="Z5">qu'</w><w frlemma="lui" frpos="PRON" frMUSAS="Z8">elle</w><w frlemma="ne" frpos="ADV" frMUSAS="Z6">n'</w><w frlemma="ignorer" frpos="VERB" frMUSAS="X5.1-">ignorât</w><w frlemma="rien" frpos="PRON" frMUSAS="A11.1-">rien</w><w frlemma="de" frpos="ADP" frMUSAS="Z5">des</w><w frlemma="difficulté" frpos="NOUN" frMUSAS="A12-">difficultés</w><w frlemma="que" frpos="PRON" frMUSAS="Z8">que</w><w frlemma="pouvoir" frpos="VERB" frMUSAS="Z99">pouvait</w><w frlemma="susciter" frpos="VERB" frMUSAS="Z99">susciter</w><w frlemma="le" frpos="DET" frMUSAS="Z5">la</w><w frlemma="critique" frpos="NOUN" frMUSAS="Z99">critique</w><w frlemma="le" frpos="DET" frMUSAS="Z5">la</w><w frlemma="plus" frpos="ADV" frMUSAS="Z5">plus</w><w frlemma="hardie" frpos="NOUN" frMUSAS="Z99">hardie</w><w frlemma="." frpos="PUNCT" frMUSAS="PUNCT">.</w><w frlemma="lui" frpos="PRON" frMUSAS="Z8">Elle</w><w frlemma="être" frpos="AUX" frMUSAS="Z99">était</w><w frlemma="invincible" frpos="ADJ" frMUSAS="Z99">invincible</w><w frlemma="," frpos="PUNCT" frMUSAS="PUNCT">,</w><w frlemma="se" frpos="PRON" frMUSAS="Z8">se</w><w frlemma="plaire" frpos="VERB" frMUSAS="E4.2+">plaisait</w><w frlemma="il" frpos="PRON" frMUSAS="Z8">-il</w><w frlemma="à" frpos="ADP" frMUSAS="Z5">à</w><w frlemma="dire" frpos="VERB" frMUSAS="Q2.1">dire</w><w frlemma="," frpos="PUNCT" frMUSAS="PUNCT">,</w><w frlemma="parce" frpos="SCONJ" frMUSAS="Z99">parce</w><w frlemma="que" frpos="SCONJ" frMUSAS="Z5">qu'</w><w frlemma="lui" frpos="PRON" frMUSAS="Z8">elle</w><w frlemma="se" frpos="PRON" frMUSAS="Z8">s'</w><w frlemma="appuyer" frpos="VERB" frMUSAS="Z99">appuyait</w><w frlemma="sur" frpos="ADP" frMUSAS="Z5">sur</w><w frlemma="un" frpos="DET" frMUSAS="Z5">une</w><w frlemma="solide" frpos="NOUN" frMUSAS="O1.1">solide</w><w frlemma="théologie" frpos="NOUN" frMUSAS="S9">théologie</w><w frlemma="." frpos="PUNCT" frMUSAS="PUNCT">.</w><w frlemma="quelque" frpos="DET" frMUSAS="A13.5">Quelques</w><w frlemma="esprit" frpos="NOUN" frMUSAS="Z99">esprits</w><w frlemma="superficiel" frpos="ADJ" frMUSAS="Z99">superficiels</w><w frlemma="avoir" frpos="AUX" frMUSAS="A9+">ont</w><w frlemma="pouvoir" frpos="VERB" frMUSAS="Z99">pu</w><w frlemma="se" frpos="PRON" frMUSAS="Z8">s'</w><w frlemma="y" frpos="PRON" frMUSAS="M6">y</w><w frlemma="tromper" frpos="VERB" frMUSAS="A5.2-">tromper</w><w frlemma=":" frpos="PUNCT" frMUSAS="PUNCT">:</w><w frlemma="son" frpos="DET" frMUSAS="Z5">son</w><w frlemma="audace" frpos="NOUN" frMUSAS="Z99">audace</w><w frlemma="à" frpos="ADP" frMUSAS="Z5">à</w><w frlemma="juger" frpos="VERB" frMUSAS="G2.1">juger</w><w frlemma="le" frpos="DET" frMUSAS="Z5">les</w><w frlemma="institution" frpos="NOUN" frMUSAS="S5+c">institutions</w><w frlemma="et" frpos="CCONJ" frMUSAS="Z5">et</w><w frlemma="le" frpos="DET" frMUSAS="Z5">les</w><w frlemma="homme" frpos="NOUN" frMUSAS="I3.1">hommes</w><w frlemma="," frpos="PUNCT" frMUSAS="PUNCT">,</w><w frlemma="un" frpos="DET" frMUSAS="Z5">une</w><w frlemma="certain" frpos="ADJ" frMUSAS="Z99">certaine</w><w frlemma="brutalité" frpos="NOUN" frMUSAS="Z99">brutalité</w><w frlemma="de" frpos="ADP" frMUSAS="Z5">de</w><w frlemma="langage" frpos="NOUN" frMUSAS="Q3">langage</w><w frlemma="avoir" frpos="AUX" frMUSAS="A9+">ont</w><w frlemma="pouvoir" frpos="VERB" frMUSAS="Z99">pu</w><w frlemma="faire" frpos="AUX" frMUSAS="Z99">faire</w><w frlemma="prendre" frpos="VERB" frMUSAS="A9+">prendre</w><w frlemma="parfois" frpos="ADV" frMUSAS="N6">parfois</w><w frlemma="«" frpos="NUM" frMUSAS="N1">«</w><w frlemma="le" frpos="DET" frMUSAS="Z5">l'</w><w frlemma="abbé" frpos="NOUN" frMUSAS="Z99">abbé</w><w frlemma="Saint-Paul" frpos="PROPN" frMUSAS="Z99">Saint-Paul</w><w frlemma="Girard" frpos="PROPN" frMUSAS="Z99">Girard</w><w frlemma="»" frpos="PUNCT" frMUSAS="PUNCT">»</w><w frlemma="pour" frpos="ADP" frMUSAS="Z5">pour</w><w frlemma="un" frpos="DET" frMUSAS="Z5">un</w><w frlemma="révolté" frpos="NOUN" frMUSAS="Z99">révolté</w><w frlemma=";" frpos="PUNCT" frMUSAS="PUNCT">;</w><w frlemma="ce" frpos="PRON" frMUSAS="Z8">c'</w><w frlemma="être" frpos="AUX" frMUSAS="Z99">était</w><w frlemma="un" frpos="DET" frMUSAS="Z5">un</w><w frlemma="chrétien" frpos="NOUN" frMUSAS="Z99">chrétien</w><w frlemma="sincère" frpos="ADJ" frMUSAS="A5.4+">sincère</w><w frlemma="et" frpos="CCONJ" frMUSAS="Z5">et</w><w frlemma="soumettre" frpos="VERB" frMUSAS="A9-">soumis</w><w frlemma="." frpos="PUNCT" frMUSAS="PUNCT">.</w><w frlemma="je" frpos="PRON" frMUSAS="Z8mf">Je</w><w frlemma="ne" frpos="ADV" frMUSAS="Z6">ne</w><w frlemma="le" frpos="PRON" frMUSAS="Z8">l'</w><w frlemma="avoir" frpos="AUX" frMUSAS="A9+">ai</w><w frlemma="jamais" frpos="ADV" frMUSAS="T1/Z6">jamais</w><w frlemma="voir" frpos="VERB" frMUSAS="X3.4">vu</w><w frlemma="prendre" frpos="VERB" frMUSAS="A9+">prendre</w><w frlemma="son" frpos="DET" frMUSAS="Z5">sa</w><w frlemma="bible" frpos="NOUN" frMUSAS="Z99">Bible</w><w frlemma="," frpos="PUNCT" frMUSAS="PUNCT">,</w><w frlemma="que" frpos="PRON" frMUSAS="Z8">qu'</w><w frlemma="lui" frpos="PRON" frMUSAS="Z8">elle</w><w frlemma="fût" frpos="ADJ" frMUSAS="Z99">fût</w><w frlemma="grec" frpos="ADJ" frMUSAS="Z2">grecque</w><w frlemma="," frpos="PUNCT" frMUSAS="PUNCT">,</w><w frlemma="latin" frpos="PROPN" frMUSAS="Z2/Q3">latine</w><w frlemma="," frpos="PUNCT" frMUSAS="PUNCT">,</w><w frlemma="hébraïque" frpos="NOUN" frMUSAS="Z99">hébraïque</w><w frlemma="ou" frpos="CCONJ" frMUSAS="Z5">ou</w><w frlemma="copte" frpos="NOUN" frMUSAS="Z99">copte</w><w frlemma="(" frpos="PUNCT" frMUSAS="PUNCT">(</w><w frlemma="car" frpos="CCONJ" frMUSAS="Z5/A2.2">car</w><w frlemma="il" frpos="PRON" frMUSAS="Z8">il</w><w frlemma="lire" frpos="VERB" frMUSAS="Z99">lisait</w><w frlemma="tout" frpos="ADJ" frMUSAS="Z8">toutes</w><w frlemma="ce" frpos="DET" frMUSAS="Z5">ces</w><w frlemma="langue" frpos="NOUN" frMUSAS="Z99">langues</w><w frlemma=")" frpos="PUNCT" frMUSAS="PUNCT">)</w><w frlemma="," frpos="PUNCT" frMUSAS="PUNCT">,</w><w frlemma="sans" frpos="ADP" frMUSAS="M6">sans</w><w frlemma="manifester" frpos="VERB" frMUSAS="Z99">manifester</w><w frlemma="le" frpos="DET" frMUSAS="Z5">la</w><w frlemma="plus" frpos="ADV" frMUSAS="Z5">plus</w><w frlemma="religieux" frpos="ADJ" frMUSAS="S9">religieuse</w><w frlemma="vénération" frpos="NOUN" frMUSAS="Z99">vénération</w><w frlemma="," frpos="PUNCT" frMUSAS="PUNCT">,</w><w frlemma="et" frpos="CCONJ" frMUSAS="Z5">et</w><w frlemma="un" frpos="PRON" frMUSAS="Z5">un</w><w frlemma="de" frpos="ADP" frMUSAS="Z5">de</w><w frlemma="son" frpos="DET" frMUSAS="Z5">ses</w><w frlemma="projet" frpos="NOUN" frMUSAS="A1.1.1">projets</w><w frlemma="le" frpos="DET" frMUSAS="Z5">les</w><w frlemma="plus" frpos="ADV" frMUSAS="Z5">plus</w><w frlemma="cher" frpos="ADJ" frMUSAS="I1.3+">chers</w><w frlemma="être" frpos="AUX" frMUSAS="Z99">était</w><w frlemma="de" frpos="ADP" frMUSAS="Z5">de</w><w frlemma="publier" frpos="VERB" frMUSAS="Q4">publier</w><w frlemma="le" frpos="DET" frMUSAS="Z5">la</w><w frlemma="série" frpos="NOUN" frMUSAS="N4c">série</w><w frlemma="de" frpos="ADP" frMUSAS="Z5">des</w><w frlemma="remarque" frpos="NOUN" frMUSAS="Q2.2">remarques</w><w frlemma="critique" frpos="ADJ" frMUSAS="Z99">critiques</w><w frlemma="que" frpos="SCONJ" frMUSAS="Z5">qu'</w><w frlemma="un" frpos="DET" frMUSAS="Z5">un</w><w frlemma="esprit" frpos="NOUN" frMUSAS="Z99">esprit</w><w frlemma="historique" frpos="ADJ" frMUSAS="T1.1.1">historique</w><w frlemma="merveilleusement" frpos="NOUN" frMUSAS="Z99">merveilleusement</w><w frlemma="réaliste" frpos="ADJ" frMUSAS="Z99">réaliste</w><w frlemma="," frpos="PUNCT" frMUSAS="PUNCT">,</w><w frlemma="un" frpos="DET" frMUSAS="Z5">une</w><w frlemma="philologie" frpos="NOUN" frMUSAS="Z99">philologie</w><w frlemma="sûre" frpos="NOUN" frMUSAS="Z99">sûre</w><w frlemma="et" frpos="CCONJ" frMUSAS="Z5">et</w><w frlemma="sagace" frpos="VERB" frMUSAS="Z99">sagace</w><w frlemma="luire" frpos="PRON" frMUSAS="Z8">lui</w><w frlemma="avoir" frpos="AUX" frMUSAS="A9+">avaient</w><w frlemma="inspirer" frpos="VERB" frMUSAS="S8+">inspirées</w><w frlemma="pour" frpos="ADP" frMUSAS="Z5">pour</w><w frlemma="le" frpos="DET" frMUSAS="Z5">la</w><w frlemma="défense" frpos="NOUN" frMUSAS="S8+">défense</w><w frlemma="de" frpos="ADP" frMUSAS="Z5">de</w><w frlemma="le" frpos="DET" frMUSAS="Z5">la</w><w frlemma="tradition" frpos="NOUN" frMUSAS="S1.1.1">tradition</w><w frlemma="évangélique" frpos="ADJ" frMUSAS="Z99">évangélique</w><w frlemma="." frpos="PUNCT" frMUSAS="PUNCT">.</w></p><p><pb n="182"/><w frlemma="Hélas" frpos="X" frMUSAS="E4.1-">Hélas</w><w frlemma="!" frpos="PUNCT" frMUSAS="PUNCT">!</w><w frlemma="nous" frpos="PRON" frMUSAS="Z8">nous</w><w frlemma="ne" frpos="ADV" frMUSAS="Z6">ne</w><w frlemma="voir" frpos="VERB" frMUSAS="X3.4">verrons</w><w frlemma="pas" frpos="ADV" frMUSAS="Z99">pas</w><w frlemma="ce" frpos="DET" frMUSAS="Z5">ces</w><w frlemma="note" frpos="NOUN" frMUSAS="Z99">notes</w><w frlemma="et" frpos="CCONJ" frMUSAS="Z5">et</w><w frlemma="," frpos="PUNCT" frMUSAS="PUNCT">,</w><w frlemma="sauf" frpos="ADP" frMUSAS="Z5">sauf</w><w frlemma="quelque" frpos="DET" frMUSAS="A13.5">quelques</w><w frlemma="article" frpos="NOUN" frMUSAS="G2.1/P1">articles</w><w frlemma="où" frpos="PRON" frMUSAS="Z8">où</w><w frlemma="se" frpos="PRON" frMUSAS="Z8">se</w><w frlemma="manifeste" frpos="VERB" frMUSAS="Z99">manifeste</w><w frlemma="son" frpos="DET" frMUSAS="Z5">sa</w><w frlemma="perspicacité" frpos="NOUN" frMUSAS="Z99">perspicacité</w><w frlemma="," frpos="PUNCT" frMUSAS="PUNCT">,</w><w frlemma="nous" frpos="PRON" frMUSAS="Z8">nous</w><w frlemma="ne" frpos="ADV" frMUSAS="Z6">n'</w><w frlemma="avoir" frpos="VERB" frMUSAS="A9+">aurons</w><w frlemma="rien" frpos="PRON" frMUSAS="A11.1-">rien</w><w frlemma="de" frpos="ADP" frMUSAS="Z5">de</w><w frlemma="ce" frpos="DET" frMUSAS="Z5">ces</w><w frlemma="nombreux" frpos="ADJ" frMUSAS="N5+">nombreux</w><w frlemma="travail" frpos="NOUN" frMUSAS="I3.1">travaux</w><w frlemma="que" frpos="PRON" frMUSAS="Z8">qu'</w><w frlemma="il" frpos="PRON" frMUSAS="Z8">il</w><w frlemma="ne" frpos="ADV" frMUSAS="Z6">ne</w><w frlemma="cesser" frpos="VERB" frMUSAS="Z99">cessait</w><w frlemma="de" frpos="ADP" frMUSAS="Z5">de</w><w frlemma="méditer" frpos="VERB" frMUSAS="Z99">méditer</w><w frlemma="," frpos="PUNCT" frMUSAS="PUNCT">,</w><w frlemma="et" frpos="CCONJ" frMUSAS="Z5">et</w><w frlemma="qui" frpos="PRON" frMUSAS="Z8">qui</w><w frlemma="avoir" frpos="AUX" frMUSAS="A9+">auraient</w><w frlemma="former" frpos="VERB" frMUSAS="T2+">formé</w><w frlemma="un" frpos="DET" frMUSAS="Z5">une</w><w frlemma="œuvre" frpos="NOUN" frMUSAS="Z99">œuvre</w><w frlemma="original" frpos="ADJ" frMUSAS="A5.4+">originale</w><w frlemma="," frpos="PUNCT" frMUSAS="PUNCT">,</w><w frlemma="se" frpos="SCONJ" frMUSAS="Z8">s'</w><w frlemma="il" frpos="PRON" frMUSAS="Z8">il</w><w frlemma="ne" frpos="ADV" frMUSAS="Z6">n'</w><w frlemma="avoir" frpos="AUX" frMUSAS="A9+">avait</w><w frlemma="être" frpos="AUX" frMUSAS="T1.3">été</w><w frlemma="tantôt" frpos="CCONJ" frMUSAS="Z99">tantôt</w><w frlemma="arrêter" frpos="VERB" frMUSAS="Z99">arrêté</w><w frlemma="par" frpos="ADP" frMUSAS="M6">par</w><w frlemma="un" frpos="DET" frMUSAS="Z5">des</w><w frlemma="scrupule" frpos="NOUN" frMUSAS="Z99">scrupules</w><w frlemma="de" frpos="ADP" frMUSAS="Z5">de</w><w frlemma="perfection" frpos="NOUN" frMUSAS="Z99">perfection</w><w frlemma="," frpos="PUNCT" frMUSAS="PUNCT">,</w><w frlemma="tantôt" frpos="CCONJ" frMUSAS="Z99">tantôt</w><w frlemma="entraîner" frpos="VERB" frMUSAS="Z99">entraîné</w><w frlemma="par" frpos="ADP" frMUSAS="M6">par</w><w frlemma="son" frpos="DET" frMUSAS="Z5">sa</w><w frlemma="curiosité" frpos="NOUN" frMUSAS="X5.2+">curiosité</w><w frlemma="universel" frpos="ADJ" frMUSAS="W3">universelle</w><w frlemma="." frpos="PUNCT" frMUSAS="PUNCT">.</w><w frlemma="Nul" frpos="PROPN" frMUSAS="Z99">Nul</w><w frlemma="ne" frpos="ADV" frMUSAS="Z6">n'</w><w frlemma="être" frpos="AUX" frMUSAS="Z99">était</w><w frlemma="mieux" frpos="ADV" frMUSAS="A5.1++">mieux</w><w frlemma="préparer" frpos="VERB" frMUSAS="A1.1.1">préparé</w><w frlemma="que" frpos="SCONJ" frMUSAS="Z5">que</w><w frlemma="luire" frpos="PRON" frMUSAS="Z8">lui</w><w frlemma="à" frpos="ADP" frMUSAS="Z5">aux</w><w frlemma="recherche" frpos="NOUN" frMUSAS="Z99">recherches</w><w frlemma="de" frpos="ADP" frMUSAS="Z5">d'</w><w frlemma="histoire" frpos="NOUN" frMUSAS="Z99">histoire</w><w frlemma="religieux" frpos="ADJ" frMUSAS="S9">religieuse</w><w frlemma="." frpos="PUNCT" frMUSAS="PUNCT">.</w><w frlemma="dès" frpos="ADP" frMUSAS="Z5">Dès</w><w frlemma="son" frpos="DET" frMUSAS="Z5">sa</w><w frlemma="jeunesse" frpos="NOUN" frMUSAS="T3-/S2mf">jeunesse</w><w frlemma="," frpos="PUNCT" frMUSAS="PUNCT">,</w><w frlemma="après" frpos="ADP" frMUSAS="Z5">après</w><w frlemma="de" frpos="DET" frMUSAS="Z5">de</w><w frlemma="fort" frpos="NOUN" frMUSAS="S1.2.5+">fortes</w><w frlemma="étude" frpos="NOUN" frMUSAS="P1">études</w><w frlemma="classique" frpos="ADJ" frMUSAS="A4.1">classiques</w><w frlemma="(" frpos="PUNCT" frMUSAS="PUNCT">(</w><w frlemma="à" frpos="ADP" frMUSAS="Z5">à</w><w frlemma="Alger" frpos="PROPN" frMUSAS="Z99">Alger</w><w frlemma="1l" frpos="PROPN" frMUSAS="Z99">1l</w><w frlemma="avoir" frpos="AUX" frMUSAS="A9+">avait</w><w frlemma="être" frpos="AUX" frMUSAS="T1.3">été</w><w frlemma="le" frpos="DET" frMUSAS="Z5">l'</w><w frlemma="élève" frpos="NOUN" frMUSAS="Z99">élève</w><w frlemma="de" frpos="ADP" frMUSAS="Z5">de</w><w frlemma="Stéphane" frpos="PROPN" frMUSAS="Z99">Stéphane</w><w frlemma="Gsell" frpos="PROPN" frMUSAS="Z99">Gsell</w><w frlemma="," frpos="PUNCT" frMUSAS="PUNCT">,</w><w frlemma="à" frpos="ADP" frMUSAS="Z5">à</w><w frlemma="le" frpos="DET" frMUSAS="Z5">l'</w><w frlemma="Institut" frpos="PROPN" frMUSAS="P1/S5+c">Institut</w><w frlemma="catholique" frpos="ADJ" frMUSAS="S9">Catholique</w><w frlemma="de" frpos="ADP" frMUSAS="Z5">de</w><w frlemma="Paris" frpos="PROPN" frMUSAS="Z99">Paris</w><w frlemma="le" frpos="DET" frMUSAS="Z5">le</w><w frlemma="disciple" frpos="NOUN" frMUSAS="Z99">disciple</w><w frlemma="de" frpos="ADP" frMUSAS="Z5">de</w><w frlemma="Paul" frpos="PROPN" frMUSAS="Z99">Paul</w><w frlemma="Lejay" frpos="PROPN" frMUSAS="Z99">Lejay</w><w frlemma=")" frpos="PUNCT" frMUSAS="PUNCT">)</w><w frlemma="," frpos="PUNCT" frMUSAS="PUNCT">,</w><w frlemma="il" frpos="PRON" frMUSAS="Z8">il</w><w frlemma="se" frpos="PRON" frMUSAS="Z8">s'</w><w frlemma="être" frpos="AUX" frMUSAS="Z99">était</w><w frlemma="jeter" frpos="VERB" frMUSAS="M2">jeté</w><w frlemma="dans" frpos="ADP" frMUSAS="Z5">dans</w><w frlemma="le" frpos="DET" frMUSAS="Z5">l'</w><w frlemma="orientalisme" frpos="NOUN" frMUSAS="Z99">orientalisme</w><w frlemma="." frpos="PUNCT" frMUSAS="PUNCT">.</w><w frlemma="à" frpos="ADP" frMUSAS="Z5">À</w><w frlemma="Alger" frpos="PROPN" frMUSAS="Z99">Alger</w><w frlemma="," frpos="PUNCT" frMUSAS="PUNCT">,</w><w frlemma="Lefébure" frpos="PROPN" frMUSAS="Z99">Lefébure</w><w frlemma="le" frpos="PRON" frMUSAS="Z8">l'</w><w frlemma="avoir" frpos="AUX" frMUSAS="A9+">avait</w><w frlemma="initier" frpos="VERB" frMUSAS="Z99">initié</w><w frlemma="à" frpos="ADP" frMUSAS="Z5">à</w><w frlemma="le" frpos="DET" frMUSAS="Z5">l'</w><w frlemma="égyptologie" frpos="NOUN" frMUSAS="Z99">Égyptologie</w><w frlemma=";" frpos="PUNCT" frMUSAS="PUNCT">;</w><w frlemma="à" frpos="ADP" frMUSAS="Z5">à</w><w frlemma="Lyon" frpos="PROPN" frMUSAS="Z99">Lyon</w><w frlemma="," frpos="PUNCT" frMUSAS="PUNCT">,</w><w frlemma="où" frpos="PRON" frMUSAS="Z8">où</w><w frlemma="il" frpos="PRON" frMUSAS="Z8">il</w><w frlemma="avoir" frpos="AUX" frMUSAS="A9+">a</w><w frlemma="passer" frpos="VERB" frMUSAS="M1">passé</w><w frlemma="son" frpos="DET" frMUSAS="Z5">sa</w><w frlemma="licence" frpos="NOUN" frMUSAS="Z99">licence</w><w frlemma="ès" frpos="ADP" frMUSAS="Z99">ès</w><w frlemma="lettre" frpos="NOUN" frMUSAS="Q1.2">lettres</w><w frlemma="," frpos="PUNCT" frMUSAS="PUNCT">,</w><w frlemma="à" frpos="ADP" frMUSAS="Z5">à</w><w frlemma="Paris" frpos="PROPN" frMUSAS="Z99">Paris</w><w frlemma="surtout" frpos="ADV" frMUSAS="Z99">surtout</w><w frlemma="," frpos="PUNCT" frMUSAS="PUNCT">,</w><w frlemma="à" frpos="ADP" frMUSAS="Z5">à</w><w frlemma="le" frpos="DET" frMUSAS="Z5">l'</w><w frlemma="Institut" frpos="PROPN" frMUSAS="P1/S5+c">Institut</w><w frlemma="catholique" frpos="ADJ" frMUSAS="S9">Catholique</w><w frlemma="comme" frpos="ADP" frMUSAS="Z5">comme</w><w frlemma="à" frpos="ADP" frMUSAS="Z5">à</w><w frlemma="le" frpos="DET" frMUSAS="Z5">la</w><w frlemma="sorbonne" frpos="NOUN" frMUSAS="Z99">Sorbonne</w><w frlemma="et" frpos="CCONJ" frMUSAS="Z5">et</w><w frlemma="à" frpos="ADP" frMUSAS="Z5">à</w><w frlemma="le" frpos="DET" frMUSAS="Z5">l'</w><w frlemma="école" frpos="NOUN" frMUSAS="P1">École</w><w frlemma="de" frpos="ADP" frMUSAS="Z5">des</w><w frlemma="haute" frpos="NOUN" frMUSAS="Z99">Hautes</w><w frlemma="étude" frpos="NOUN" frMUSAS="P1">Études</w><w frlemma="," frpos="PUNCT" frMUSAS="PUNCT">,</w><w frlemma="il" frpos="PRON" frMUSAS="Z8">il</w><w frlemma="avoir" frpos="AUX" frMUSAS="A9+">avait</w><w frlemma="suivre" frpos="VERB" frMUSAS="M1">suivi</w><w frlemma="tout" frpos="ADJ" frMUSAS="Z8">tous</w><w frlemma="le" frpos="DET" frMUSAS="Z5">les</w><w frlemma="cours" frpos="NOUN" frMUSAS="M1">cours</w><w frlemma="propre" frpos="ADJ" frMUSAS="Z99">propres</w><w frlemma="à" frpos="ADP" frMUSAS="Z5">à</w><w frlemma="luire" frpos="PRON" frMUSAS="Z8">lui</w><w frlemma="ouvrir" frpos="VERB" frMUSAS="A10+">ouvrir</w><w frlemma="le" frpos="DET" frMUSAS="Z5">l'</w><w frlemma="intelligence" frpos="NOUN" frMUSAS="X9.1+">intelligence</w><w frlemma="de" frpos="ADP" frMUSAS="Z5">du</w><w frlemma="vieux" frpos="NOUN" frMUSAS="T3+">vieil</w><w frlemma="Orient" frpos="PROPN" frMUSAS="Z99">Orient</w><w frlemma="," frpos="PUNCT" frMUSAS="PUNCT">,</w><w frlemma="en" frpos="ADP" frMUSAS="Z5">en</w><w frlemma="se" frpos="PRON" frMUSAS="Z8">se</w><w frlemma="spécialiser" frpos="VERB" frMUSAS="A4.2+">spécialisant</w><w frlemma="," frpos="PUNCT" frMUSAS="PUNCT">,</w><w frlemma="autant" frpos="ADV" frMUSAS="Z99">autant</w><w frlemma="que" frpos="SCONJ" frMUSAS="Z5">qu'</w><w frlemma="un" frpos="DET" frMUSAS="Z5">un</w><w frlemma="homme" frpos="NOUN" frMUSAS="I3.1">homme</w><w frlemma="comme" frpos="ADP" frMUSAS="Z5">comme</w><w frlemma="luire" frpos="PRON" frMUSAS="Z8">lui</w><w frlemma="pouvoir" frpos="VERB" frMUSAS="Z99">pouvait</w><w frlemma="se" frpos="PRON" frMUSAS="Z8">se</w><w frlemma="spécialiser" frpos="VERB" frMUSAS="A4.2+">spécialiser</w><w frlemma="," frpos="PUNCT" frMUSAS="PUNCT">,</w><w frlemma="dans" frpos="ADP" frMUSAS="Z5">dans</w><w frlemma="le" frpos="DET" frMUSAS="Z5">l'</w><w frlemma="étude" frpos="NOUN" frMUSAS="P1">étude</w><w frlemma="de" frpos="ADP" frMUSAS="Z5">de</w><w frlemma="le" frpos="DET" frMUSAS="Z5">la</w><w frlemma="Langue" frpos="PROPN" frMUSAS="Z99">Langue</w><w frlemma="et" frpos="CCONJ" frMUSAS="Z5">et</w><w frlemma="de" frpos="ADP" frMUSAS="Z5">de</w><w frlemma="le" frpos="DET" frMUSAS="Z5">la</w><w frlemma="littérature" frpos="NOUN" frMUSAS="Q4.1">Littérature</w><w frlemma="copte" frpos="NOUN" frMUSAS="Z99">coptes</w><w frlemma="." frpos="PUNCT" frMUSAS="PUNCT">.</w><w frlemma="son" frpos="DET" frMUSAS="Z5">Ses</w><w frlemma="souvenir" frpos="NOUN" frMUSAS="Z99">souvenirs</w><w frlemma="sur" frpos="ADP" frMUSAS="Z5">sur</w><w frlemma="certain" frpos="PRON" frMUSAS="Z99">certains</w><w frlemma="de" frpos="ADP" frMUSAS="Z5">de</w><w frlemma="son" frpos="DET" frMUSAS="Z5">ses</w><w frlemma="maître" frpos="NOUN" frMUSAS="S7.1+/S2.2m">maîtres</w><w frlemma="être" frpos="AUX" frMUSAS="Z99">étaient</w><w frlemma="inépuisabler" frpos="VERB" frMUSAS="Z99">inépuisables</w><w frlemma="," frpos="PUNCT" frMUSAS="PUNCT">,</w><w frlemma="et" frpos="CCONJ" frMUSAS="Z5">et</w><w frlemma="," frpos="PUNCT" frMUSAS="PUNCT">,</w><w frlemma="sou" frpos="ADP" frMUSAS="A13.6">sous</w><w frlemma="le" frpos="DET" frMUSAS="Z5">l'</w><w frlemma="ironie" frpos="NOUN" frMUSAS="Q2.2/S1.2.4-">ironie</w><w frlemma="parfois" frpos="ADV" frMUSAS="N6">parfois</w><w frlemma="mordante" frpos="NOUN" frMUSAS="Z99">mordante</w><w frlemma="de" frpos="ADP" frMUSAS="Z5">du</w><w frlemma="propos" frpos="NOUN" frMUSAS="Q2.2">propos</w><w frlemma="," frpos="PUNCT" frMUSAS="PUNCT">,</w><w frlemma="celui" frpos="PRON" frMUSAS="Z8">ceux</w><w frlemma="qui" frpos="PRON" frMUSAS="Z8">qui</w><w frlemma="savoir" frpos="VERB" frMUSAS="X2.2+">savaient</w><w frlemma="comprendre" frpos="VERB" frMUSAS="X2.5+">comprendre</w><w frlemma="percevoir" frpos="ADV" frMUSAS="X4.1">percevaient</w><w frlemma="clairement" frpos="ADV" frMUSAS="A7+">clairement</w><w frlemma="le" frpos="DET" frMUSAS="Z5">la</w><w frlemma="reconnaissance" frpos="NOUN" frMUSAS="Z99">reconnaissance</w><w frlemma="et" frpos="CCONJ" frMUSAS="Z5">et</w><w frlemma="le" frpos="DET" frMUSAS="Z5">le</w><w frlemma="respect" frpos="NOUN" frMUSAS="S7.2+">respect</w><w frlemma="." frpos="PUNCT" frMUSAS="PUNCT">.</w><w frlemma="à" frpos="ADP" frMUSAS="Z5">Aux</w><w frlemma="jeune" frpos="ADJ" frMUSAS="T3-">jeunes</w><w frlemma="gens" frpos="NOUN" frMUSAS="S2">gens</w><w frlemma="il" frpos="PRON" frMUSAS="Z8">il</w><w frlemma="aimer" frpos="VERB" frMUSAS="Z99">aimait</w><w frlemma="à" frpos="ADP" frMUSAS="Z5">à</w><w frlemma="vanter" frpos="VERB" frMUSAS="Z99">vanter</w><w frlemma="le" frpos="DET" frMUSAS="Z5">les</w><w frlemma="mérite" frpos="NOUN" frMUSAS="A5.1+">mérites</w><w frlemma="de" frpos="ADP" frMUSAS="Z5">des</w><w frlemma="ancien" frpos="ADJ" frMUSAS="Z99">anciennes</w><w frlemma="génération" frpos="NOUN" frMUSAS="T1.3">générations</w><w frlemma="," frpos="PUNCT" frMUSAS="PUNCT">,</w><w frlemma="et" frpos="CCONJ" frMUSAS="Z5">et</w><w frlemma="son" frpos="DET" frMUSAS="Z5">sa</w><w frlemma="louange" frpos="NOUN" frMUSAS="Z99">louange</w><w frlemma="se" frpos="PRON" frMUSAS="Z8">se</w><w frlemma="nuancer" frpos="VERB" frMUSAS="Z99">nuançait</w><w frlemma="de" frpos="ADP" frMUSAS="Z5">d'</w><w frlemma="un" frpos="DET" frMUSAS="Z5">une</w><w frlemma="émotion" frpos="NOUN" frMUSAS="Z99">émotion</w><w frlemma="de" frpos="ADP" frMUSAS="Z5">d'</w><w frlemma="autant" frpos="ADV" frMUSAS="Z99">autant</w><w frlemma="plus" frpos="ADV" frMUSAS="Z5">plus</w><w frlemma="vif" frpos="ADJ" frMUSAS="X5.2+">vive</w><w frlemma="que" frpos="SCONJ" frMUSAS="Z5">qu'</w><w frlemma="lui" frpos="PRON" frMUSAS="Z8">elle</w><w frlemma="remonter" frpos="VERB" frMUSAS="Z99">remontait</w><w frlemma="plus" frpos="ADV" frMUSAS="Z5">plus</w><w frlemma="haut" frpos="ADJ" frMUSAS="Z99">haut</w><w frlemma="dans" frpos="ADP" frMUSAS="Z5">dans</w><w frlemma="le" frpos="DET" frMUSAS="Z5">le</w><w frlemma="passé" frpos="NOUN" frMUSAS="M6">passé</w><w frlemma="." frpos="PUNCT" frMUSAS="PUNCT">.</w><w frlemma="qui" frpos="PRON" frMUSAS="Z8">Qui</w><w frlemma="de" frpos="ADP" frMUSAS="Z5">de</w><w frlemma="nous" frpos="PRON" frMUSAS="Z8">nous</w><w frlemma="ne" frpos="ADV" frMUSAS="Z6">ne</w><w frlemma="le" frpos="PRON" frMUSAS="Z8">l'</w><w frlemma="avoir" frpos="AUX" frMUSAS="A9+">a</w><w frlemma="entendre" frpos="VERB" frMUSAS="X3.2">entendu</w><w frlemma="parler" frpos="VERB" frMUSAS="Q2.1">parler</w><w frlemma="avec" frpos="ADP" frMUSAS="Z5">avec</w><w frlemma="un" frpos="DET" frMUSAS="Z5">une</w><w frlemma="sorte" frpos="NOUN" frMUSAS="Z99">sorte</w><w frlemma="de" frpos="ADP" frMUSAS="Z5">de</w><w frlemma="ferveur" frpos="NOUN" frMUSAS="Z99">ferveur</w><w frlemma="de" frpos="ADP" frMUSAS="Z5">de</w><w frlemma="le" frpos="DET" frMUSAS="Z5">la</w><w frlemma="profondeur" frpos="NOUN" frMUSAS="N3.3+">profondeur</w><w frlemma="de" frpos="ADP" frMUSAS="Z5">des</w><w frlemma="grand" frpos="ADJ" frMUSAS="Z99">grands</w><w frlemma="théologien" frpos="NOUN" frMUSAS="Z99">théologiens</w><w frlemma="de" frpos="ADP" frMUSAS="Z5">du</w><w frlemma="moyen" frpos="NOUN" frMUSAS="Z99">Moyen</w><w frlemma="Age" frpos="PROPN" frMUSAS="Z99">Age</w><w frlemma="et" frpos="CCONJ" frMUSAS="Z5">et</w><w frlemma="de" frpos="ADP" frMUSAS="Z5">de</w><w frlemma="le" frpos="DET" frMUSAS="Z5">la</w><w frlemma="Contre-Réforme" frpos="PROPN" frMUSAS="Z99">Contre-Réforme</w><w frlemma="," frpos="PUNCT" frMUSAS="PUNCT">,</w><w frlemma="de" frpos="ADP" frMUSAS="Z5">de</w><w frlemma="le" frpos="DET" frMUSAS="Z5">la</w><w frlemma="probité" frpos="NOUN" frMUSAS="Z99">probité</w><w frlemma="de" frpos="ADP" frMUSAS="Z5">des</w><w frlemma="grand" frpos="ADJ" frMUSAS="Z99">grands</w><w frlemma="érudit" frpos="NOUN" frMUSAS="Z99">érudits</w><w frlemma="de" frpos="ADP" frMUSAS="Z5">du</w><w frlemma="xvii" frpos="ADJ" frMUSAS="Z99">XVIIe</w><w frlemma="siècle" frpos="NOUN" frMUSAS="T1.3">siècle</w><w frlemma="," frpos="PUNCT" frMUSAS="PUNCT">,</w><w frlemma="comme" frpos="SCONJ" frMUSAS="Z5">comme</w><w frlemma="le" frpos="DET" frMUSAS="Z5">Le</w><w frlemma="Nain" frpos="PROPN" frMUSAS="Z99">Nain</w><w frlemma="de" frpos="ADP" frMUSAS="Z5">de</w><w frlemma="Tillemont" frpos="PROPN" frMUSAS="Z99">Tillemont</w><w frlemma="ou" frpos="CCONJ" frMUSAS="Z5">ou</w><w frlemma="Mabillon" frpos="PROPN" frMUSAS="Z99">Mabillon</w><w frlemma="," frpos="PUNCT" frMUSAS="PUNCT">,</w><w frlemma="de" frpos="ADP" frMUSAS="Z5">de</w><w frlemma="le" frpos="DET" frMUSAS="Z5">la</w><w frlemma="ferme" frpos="ADJ" frMUSAS="Z99">ferme</w><w frlemma="sainteter" frpos="VERB" frMUSAS="Z99">sainteté</w><w frlemma="de" frpos="ADP" frMUSAS="Z5">des</w><w frlemma="grand" frpos="ADJ" frMUSAS="Z99">grands</w><w frlemma="prédicateur" frpos="NOUN" frMUSAS="Z99">prédicateurs</w><w frlemma="," frpos="PUNCT" frMUSAS="PUNCT">,</w><w frlemma="comme" frpos="ADP" frMUSAS="Z5">comme</w><w frlemma="bossuet" frpos="NOUN" frMUSAS="Z99">Bossuet</w><w frlemma="et" frpos="CCONJ" frMUSAS="Z5">et</w><w frlemma="surtout" frpos="ADV" frMUSAS="Z99">surtout</w><w frlemma="Bourdaloue" frpos="PROPN" frMUSAS="Z99">Bourdaloue</w><w frlemma="?" frpos="PUNCT" frMUSAS="PUNCT">?</w><w frlemma="et" frpos="CCONJ" frMUSAS="Z5">Et</w><w frlemma="pourtant" frpos="ADV" frMUSAS="Z99">pourtant</w><w frlemma="par" frpos="ADP" frMUSAS="M6">par</w><w frlemma="le" frpos="DET" frMUSAS="Z5">l'</w><w frlemma="horreur" frpos="NOUN" frMUSAS="E5-">horreur</w><w frlemma="de" frpos="ADP" frMUSAS="Z5">du</w><w frlemma="vague" frpos="NOUN" frMUSAS="Z99">vague</w><w frlemma="," frpos="PUNCT" frMUSAS="PUNCT">,</w><w frlemma="le" frpos="DET" frMUSAS="Z5">la</w><w frlemma="passion" frpos="NOUN" frMUSAS="X5.2+">passion</w><w frlemma="de" frpos="ADP" frMUSAS="Z5">de</w><w frlemma="le" frpos="DET" frMUSAS="Z5">la</w><w frlemma="clarté" frpos="NOUN" frMUSAS="Z99">clarté</w><w frlemma="," frpos="PUNCT" frMUSAS="PUNCT">,</w><w frlemma="un" frpos="DET" frMUSAS="Z5">un</w><w frlemma="certain" frpos="ADJ" frMUSAS="Z99">certain</w><w frlemma="goût" frpos="NOUN" frMUSAS="X3.1">goût</w><w frlemma="de" frpos="ADP" frMUSAS="Z5">de</w><w frlemma="le" frpos="DET" frMUSAS="Z5">la</w><w frlemma="satire" frpos="NOUN" frMUSAS="Z99">satire</w><w frlemma="strident" frpos="ADJ" frMUSAS="Z99">stridente</w><w frlemma="," frpos="PUNCT" frMUSAS="PUNCT">,</w><w frlemma="ce" frpos="DET" frMUSAS="Z5">cet</w><w frlemma="homme" frpos="NOUN" frMUSAS="I3.1">homme</w><w frlemma="de" frpos="ADP" frMUSAS="Z5">d'</w><w frlemma="Église" frpos="PROPN" frMUSAS="S9/H1c">Église</w><w frlemma="être" frpos="AUX" frMUSAS="Z99">était</w><w frlemma="luire" frpos="PRON" frMUSAS="Z8">lui</w><w frlemma="aussi" frpos="ADV" frMUSAS="Z99">aussi</w><w frlemma="fil" frpos="ADJ" frMUSAS="S4m">fils</w><w frlemma="de" frpos="ADP" frMUSAS="Z5">de</w><w frlemma="notre" frpos="DET" frMUSAS="Z8">notre</w><w frlemma="xviii" frpos="ADJ" frMUSAS="Z99">XVIIIe</w><w frlemma="siècle" frpos="NOUN" frMUSAS="T1.3">siècle</w><w frlemma="et" frpos="CCONJ" frMUSAS="Z5">et</w><w frlemma="nul" frpos="NOUN" frMUSAS="Z99">nul</w><w frlemma="ne" frpos="ADV" frMUSAS="Z6">ne</w><w frlemma="parler" frpos="VERB" frMUSAS="Q2.1">parlait</w><w frlemma="avec" frpos="ADP" frMUSAS="Z5">avec</w><w frlemma="plus" frpos="ADV" frMUSAS="Z5">plus</w><w frlemma="de" frpos="ADP" frMUSAS="Z5">d'</w><w frlemma="intelligence" frpos="NOUN" frMUSAS="X9.1+">intelligence</w><w frlemma="de" frpos="ADP" frMUSAS="Z5">de</w><w frlemma="Voltaire" frpos="PROPN" frMUSAS="Z99">Voltaire</w><w frlemma="," frpos="PUNCT" frMUSAS="PUNCT">,</w><w frlemma="que" frpos="PRON" frMUSAS="Z8">qu'</w><w frlemma="il" frpos="PRON" frMUSAS="Z8">il</w><w frlemma="lire" frpos="VERB" frMUSAS="Z99">lisait</w><w frlemma="et" frpos="CCONJ" frMUSAS="Z5">et</w><w frlemma="que" frpos="SCONJ" frMUSAS="Z5">qu'</w><w frlemma="il" frpos="PRON" frMUSAS="Z8">il</w><w frlemma="goûter" frpos="VERB" frMUSAS="Z99">goûtait</w><w frlemma="." frpos="PUNCT" frMUSAS="PUNCT">.</w><w frlemma="Ajoutez" frpos="PROPN" frMUSAS="Z99">Ajoutez</w><w frlemma="," frpos="PUNCT" frMUSAS="PUNCT">,</w><w frlemma="chez" frpos="ADP" frMUSAS="Z5">chez</w><w frlemma="ce" frpos="DET" frMUSAS="Z5">cet</w><w frlemma="aristocrate" frpos="NOUN" frMUSAS="Z99">aristocrate</w><w frlemma="de" frpos="ADP" frMUSAS="Z5">de</w><w frlemma="le" frpos="DET" frMUSAS="Z5">l'</w><w frlemma="esprit" frpos="NOUN" frMUSAS="Z99">esprit</w><w frlemma="," frpos="PUNCT" frMUSAS="PUNCT">,</w><w frlemma="un" frpos="DET" frMUSAS="Z5">une</w><w frlemma="certaine" frpos="NOUN" frMUSAS="Z99">certaine</w><w frlemma="verv" frpos="ADJ" frMUSAS="Z99">verve</w><w frlemma="plébéien" frpos="VERB" frMUSAS="Z99">plébéienne</w><w frlemma="qui" frpos="PRON" frMUSAS="Z8">qui</w><w frlemma="de" frpos="ADP" frMUSAS="Z5">de</w><w frlemma="son" frpos="DET" frMUSAS="Z5">ses</w><w frlemma="parole" frpos="NOUN" frMUSAS="Q3">paroles</w><w frlemma="passer" frpos="VERB" frMUSAS="M1">passait</w><w frlemma="dans" frpos="ADP" frMUSAS="Z5">dans</w><w frlemma="son" frpos="DET" frMUSAS="Z5">ses</w><w frlemma="geste" frpos="NOUN" frMUSAS="Q1.1/B1">gestes</w><w frlemma="et" frpos="CCONJ" frMUSAS="Z5">et</w><w frlemma="dans" frpos="ADP" frMUSAS="Z5">dans</w><w frlemma="son" frpos="DET" frMUSAS="Z5">ses</w><w frlemma="manière" frpos="NOUN" frMUSAS="Z99">manières</w><w frlemma="," frpos="PUNCT" frMUSAS="PUNCT">,</w><w frlemma="et" frpos="CCONJ" frMUSAS="Z5">et</w><w frlemma="vous" frpos="PRON" frMUSAS="Z8mf">vous</w><w frlemma="ne" frpos="ADV" frMUSAS="Z6">ne</w><w frlemma="vous" frpos="PRON" frMUSAS="Z8mf">vous</w><w frlemma="étonner" frpos="VERB" frMUSAS="Z99">étonnerez</w><w frlemma="pas" frpos="ADV" frMUSAS="Z99">pas</w><w frlemma="que" frpos="SCONJ" frMUSAS="Z5">que</w><w frlemma="le" frpos="DET" frMUSAS="Z5">la</w><w frlemma="personne" frpos="NOUN" frMUSAS="Z99">personne</w><w frlemma="de" frpos="ADP" frMUSAS="Z5">de</w><w frlemma="m." frpos="NOUN" frMUSAS="Z99">M.</w><w frlemma="Saint-Paul" frpos="PROPN" frMUSAS="Z99">Saint-Paul</w><w frlemma="Girard" frpos="PROPN" frMUSAS="Z99">Girard</w><w frlemma="fût" frpos="PRON" frMUSAS="Z99">fût</w><w frlemma="vite" frpos="ADV" frMUSAS="Z99">vite</w><w frlemma="devenir" frpos="VERB" frMUSAS="A2.1+">devenue</w><w frlemma="populaire" frpos="ADJ" frMUSAS="E2+">populaire</w><w frlemma="au" frpos="ADP" frMUSAS="Z5">au</w><w frlemma="caire" frpos="NOUN" frMUSAS="Z99">Caire</w><w frlemma="," frpos="PUNCT" frMUSAS="PUNCT">,</w><w frlemma="où" frpos="PRON" frMUSAS="Z8">où</w><w frlemma="tout" frpos="ADJ" frMUSAS="Z8">tout</w><w frlemma="le" frpos="DET" frMUSAS="Z5">le</w><w frlemma="monde" frpos="NOUN" frMUSAS="Z99">monde</w><w frlemma="croire" frpos="VERB" frMUSAS="X2.1">croyait</w><w frlemma="le" frpos="PRON" frMUSAS="Z8">le</w><w frlemma="connaître" frpos="VERB" frMUSAS="X2.2+">connaître</w><w frlemma="." frpos="PUNCT" frMUSAS="PUNCT">.</w></p><p><w frlemma="il" frpos="PRON" frMUSAS="Z8">Il</w><w frlemma="être" frpos="AUX" frMUSAS="Z99">était</w><w frlemma="venir" frpos="VERB" frMUSAS="M1">venu</w><w frlemma="à" frpos="ADP" frMUSAS="Z5">à</w><w frlemma="notre" frpos="DET" frMUSAS="Z8">notre</w><w frlemma="Institut" frpos="PROPN" frMUSAS="P1/S5+c">Institut</w><w frlemma="en" frpos="ADP" frMUSAS="Z5">en</w><w frlemma="1911" frpos="NUM" frMUSAS="N1">1911</w><w frlemma="," frpos="PUNCT" frMUSAS="PUNCT">,</w><w frlemma="et" frpos="CCONJ" frMUSAS="Z5">et</w><w frlemma="il" frpos="PRON" frMUSAS="Z8">il</w><w frlemma="y" frpos="PRON" frMUSAS="M6">y</w><w frlemma="être" frpos="AUX" frMUSAS="M6">est</w><w frlemma="revenir" frpos="VERB" frMUSAS="I1.1">revenu</w><w frlemma="presque" frpos="ADV" frMUSAS="A13.4">presque</w><w frlemma="tout" frpos="ADV" frMUSAS="Z8">tout</w><w frlemma="de" frpos="ADP" frMUSAS="Z5">de</w><w frlemma="suite" frpos="NOUN" frMUSAS="Z99">suite</w><w frlemma="après" frpos="ADP" frMUSAS="Z5">après</w><w frlemma="le" frpos="DET" frMUSAS="Z5">la</w><w frlemma="guerre" frpos="NOUN" frMUSAS="G3">guerre</w><w frlemma="," frpos="PUNCT" frMUSAS="PUNCT">,</w><w frlemma="pendant" frpos="ADP" frMUSAS="Z5">pendant</w><w frlemma="lequel" frpos="PRON" frMUSAS="Z99">laquelle</w><w frlemma="il" frpos="PRON" frMUSAS="Z8">il</w><w frlemma="avoir" frpos="AUX" frMUSAS="A9+">avait</w><w frlemma="être" frpos="AUX" frMUSAS="T1.3">été</w><w frlemma="mobiliser" frpos="VERB" frMUSAS="Z99">mobilisé</w><w frlemma="." frpos="PUNCT" frMUSAS="PUNCT">.</w><w frlemma="II" frpos="NUM" frMUSAS="N1">II</w><w frlemma="avoir" frpos="AUX" frMUSAS="A9+">avait</w><w frlemma="servir" frpos="VERB" frMUSAS="S8+">servi</w><w frlemma="notamment" frpos="ADV" frMUSAS="A14">notamment</w><w frlemma="à" frpos="ADP" frMUSAS="Z5">à</w><w frlemma="Salonique" frpos="PROPN" frMUSAS="Z99">Salonique</w><w frlemma="," frpos="PUNCT" frMUSAS="PUNCT">,</w><w frlemma="où" frpos="PRON" frMUSAS="Z8">où</w><w frlemma="il" frpos="PRON" frMUSAS="Z8">il</w><w frlemma="avoir" frpos="AUX" frMUSAS="A9+">avait</w><w frlemma="prendre" frpos="VERB" frMUSAS="A9+">pris</w><w frlemma="quelque" frpos="DET" frMUSAS="A13.5">quelque</w><w frlemma="inclination" frpos="NOUN" frMUSAS="Z99">inclination</w><w frlemma="pour" frpos="ADP" frMUSAS="Z5">pour</w><w frlemma="le" frpos="DET" frMUSAS="Z5">la</w><w frlemma="langue" frpos="NOUN" frMUSAS="Z99">langue</w><w frlemma="et" frpos="CCONJ" frMUSAS="Z5">et</w><w frlemma="le" frpos="DET" frMUSAS="Z5">la</w><w frlemma="littérature" frpos="NOUN" frMUSAS="Q4.1">littérature</w><w frlemma="de" frpos="ADP" frMUSAS="Z5">de</w><w frlemma="le" frpos="DET" frMUSAS="Z5">la</w><w frlemma="Grèce" frpos="PROPN" frMUSAS="Z99">Grèce</w><w frlemma="moderne" frpos="ADJ" frMUSAS="T3-">moderne</w><w frlemma="," frpos="PUNCT" frMUSAS="PUNCT">,</w><w frlemma="dont" frpos="PRON" frMUSAS="Z8">dont</w><w frlemma="il" frpos="PRON" frMUSAS="Z8">il</w><w frlemma="aimer" frpos="VERB" frMUSAS="Z99">aimait</w><w frlemma="le" frpos="DET" frMUSAS="Z5">les</w><w frlemma="poète" frpos="NOUN" frMUSAS="Q4.1/S2mf">poètes</w><w frlemma="." frpos="PUNCT" frMUSAS="PUNCT">.</w><w frlemma="à" frpos="ADP" frMUSAS="Z5">À</w><w frlemma="Salonique" frpos="PROPN" frMUSAS="Z99">Salonique</w><w frlemma="," frpos="PUNCT" frMUSAS="PUNCT">,</w><pb n="183"/><w frlemma="je" frpos="PRON" frMUSAS="Z8mf">je</w><w frlemma="ne" frpos="ADV" frMUSAS="Z6">ne</w><w frlemma="savoir" frpos="VERB" frMUSAS="X2.2+">sais</w><w frlemma="à" frpos="ADP" frMUSAS="Z5">à</w><w frlemma="le" frpos="DET" frMUSAS="Z5">la</w><w frlemma="suite" frpos="NOUN" frMUSAS="Z99">suite</w><w frlemma="de" frpos="ADP" frMUSAS="Z5">de</w><w frlemma="quel" frpos="DET" frMUSAS="Z5">quelles</w><w frlemma="circonstance" frpos="NOUN" frMUSAS="O4.1">circonstances</w><w frlemma="," frpos="PUNCT" frMUSAS="PUNCT">,</w><w frlemma="il" frpos="PRON" frMUSAS="Z8">il</w><w frlemma="avoir" frpos="AUX" frMUSAS="A9+">avait</w><w frlemma="enseigner" frpos="VERB" frMUSAS="P1">enseigné</w><w frlemma="au" frpos="ADP" frMUSAS="Z5">au</w><w frlemma="Lycée" frpos="PROPN" frMUSAS="Z99">Lycée</w><w frlemma="." frpos="PUNCT" frMUSAS="PUNCT">.</w><w frlemma="il" frpos="PRON" frMUSAS="Z8">Il</w><w frlemma="être" frpos="AUX" frMUSAS="Z99">était</w><w frlemma="faire" frpos="VERB" frMUSAS="Z99">fait</w><w frlemma="pour" frpos="ADP" frMUSAS="Z5">pour</w><w frlemma="le" frpos="DET" frMUSAS="Z5">l'</w><w frlemma="enseignement" frpos="NOUN" frMUSAS="Z99">enseignement</w><w frlemma="," frpos="PUNCT" frMUSAS="PUNCT">,</w><w frlemma="que" frpos="SCONJ" frMUSAS="Z5">qu'</w><w frlemma="il" frpos="PRON" frMUSAS="Z8">il</w><w frlemma="pratiquer" frpos="VERB" frMUSAS="A1.1.1">pratiquait</w><w frlemma="avec" frpos="ADP" frMUSAS="Z5">avec</w><w frlemma="tout" frpos="ADJ" frMUSAS="Z8">toutes</w><w frlemma="le" frpos="DET" frMUSAS="Z5">les</w><w frlemma="ressource" frpos="NOUN" frMUSAS="A9+">ressources</w><w frlemma="de" frpos="ADP" frMUSAS="Z5">de</w><w frlemma="le" frpos="DET" frMUSAS="Z5">l'</w><w frlemma="érudition" frpos="NOUN" frMUSAS="Z99">érudition</w><w frlemma="contemporain" frpos="ADJ" frMUSAS="T1.1.2/S2mf">contemporaine</w><w frlemma="," frpos="PUNCT" frMUSAS="PUNCT">,</w><w frlemma="mais" frpos="CCONJ" frMUSAS="Z5">mais</w><w frlemma="à" frpos="ADP" frMUSAS="Z5">à</w><w frlemma="le" frpos="DET" frMUSAS="Z5">la</w><w frlemma="bon" frpos="ADJ" frMUSAS="A5.1+">bonne</w><w frlemma="manière" frpos="NOUN" frMUSAS="Z99">manière</w><w frlemma="de" frpos="ADP" frMUSAS="Z5">d'</w><w frlemma="autrefoi" frpos="NOUN" frMUSAS="Z99">autrefois</w><w frlemma="," frpos="PUNCT" frMUSAS="PUNCT">,</w><w frlemma="sévère" frpos="ADJ" frMUSAS="A5.1-">sévère</w><w frlemma="sur" frpos="ADP" frMUSAS="Z5">sur</w><w frlemma="le" frpos="DET" frMUSAS="Z5">le</w><w frlemma="rudiment" frpos="NOUN" frMUSAS="Z99">rudiment</w><w frlemma="," frpos="PUNCT" frMUSAS="PUNCT">,</w><w frlemma="et" frpos="CCONJ" frMUSAS="Z5">et</w><w frlemma="pourtant" frpos="ADV" frMUSAS="Z99">pourtant</w><w frlemma="soucieux" frpos="ADJ" frMUSAS="Z99">soucieux</w><w frlemma="de" frpos="ADP" frMUSAS="Z5">de</w><w frlemma="tout" frpos="ADJ" frMUSAS="Z8">toutes</w><w frlemma="le" frpos="DET" frMUSAS="Z5">les</w><w frlemma="méthode" frpos="NOUN" frMUSAS="Z99">méthodes</w><w frlemma="pédagogique" frpos="ADJ" frMUSAS="Z99">pédagogiques</w><w frlemma="le" frpos="DET" frMUSAS="Z5">les</w><w frlemma="plus" frpos="ADV" frMUSAS="Z5">plus</w><w frlemma="récent" frpos="ADJ" frMUSAS="T3-">récentes</w><w frlemma="." frpos="PUNCT" frMUSAS="PUNCT">.</w><w frlemma="de" frpos="ADP" frMUSAS="Z5">De</w><w frlemma="ce" frpos="DET" frMUSAS="Z5">ce</w><w frlemma="professeur" frpos="NOUN" frMUSAS="Z99">professeur</w><w frlemma="-" frpos="ADJ" frMUSAS="Z99">-</w><w frlemma="naître" frpos="VERB" frMUSAS="Z99">né</w><w frlemma="notre" frpos="DET" frMUSAS="Z8">notre</w><w frlemma="Institut" frpos="PROPN" frMUSAS="P1/S5+c">Institut</w><w frlemma="faire" frpos="VERB" frMUSAS="Z99">fit</w><w frlemma="un" frpos="DET" frMUSAS="Z5">un</w><w frlemma="moment" frpos="NOUN" frMUSAS="T1.2">moment</w><w frlemma="un" frpos="DET" frMUSAS="Z5">un</w><w frlemma="fouilleur" frpos="NOUN" frMUSAS="Z99">fouilleur</w><w frlemma="." frpos="PUNCT" frMUSAS="PUNCT">.</w><w frlemma="ce" frpos="PRON" frMUSAS="Z8">Ce</w><w frlemma="ne" frpos="ADV" frMUSAS="Z6">n'</w><w frlemma="être" frpos="AUX" frMUSAS="Z99">était</w><w frlemma="guère" frpos="ADV" frMUSAS="A13.7">guère</w><w frlemma="son" frpos="DET" frMUSAS="Z5">sa</w><w frlemma="vocation" frpos="NOUN" frMUSAS="Z99">vocation</w><w frlemma="." frpos="PUNCT" frMUSAS="PUNCT">.</w><w frlemma="pourtant" frpos="ADV" frMUSAS="Z99">Pourtant</w><w frlemma="il" frpos="PRON" frMUSAS="Z8">il</w><w frlemma="se" frpos="PRON" frMUSAS="Z8">s'</w><w frlemma="être" frpos="AUX" frMUSAS="M6">est</w><w frlemma="adapter" frpos="VERB" frMUSAS="A2.1+">adapté</w><w frlemma="à" frpos="ADP" frMUSAS="Z5">à</w><w frlemma="ce" frpos="DET" frMUSAS="Z5">ce</w><w frlemma="travail" frpos="NOUN" frMUSAS="I3.1">travail</w><w frlemma="," frpos="PUNCT" frMUSAS="PUNCT">,</w><w frlemma="collaborateur" frpos="NOUN" frMUSAS="Z99">collaborateur</w><w frlemma="de" frpos="ADP" frMUSAS="Z5">de</w><w frlemma="Kuentz" frpos="PROPN" frMUSAS="Z99">Kuentz</w><w frlemma="à" frpos="ADP" frMUSAS="Z5">à</w><w frlemma="Deir" frpos="PROPN" frMUSAS="Z99">Deir</w><w frlemma="-" frpos="PROPN" frMUSAS="Z99">-</w><w frlemma="el" frpos="PROPN" frMUSAS="Z99">el</w><w frlemma="-" frpos="PROPN" frMUSAS="Z99">-</w><w frlemma="Médineh" frpos="PROPN" frMUSAS="Z99">Médineh</w><w frlemma="," frpos="PUNCT" frMUSAS="PUNCT">,</w><w frlemma="de" frpos="ADP" frMUSAS="Z5">de</w><w frlemma="Collomp" frpos="PROPN" frMUSAS="Z99">Collomp</w><w frlemma="," frpos="PUNCT" frMUSAS="PUNCT">,</w><w frlemma="plus" frpos="ADV" frMUSAS="Z5">plus</w><w frlemma="tard" frpos="ADV" frMUSAS="T4-">tard</w><w frlemma="de" frpos="ADP" frMUSAS="Z5">de</w><w frlemma="Henne" frpos="PROPN" frMUSAS="Z99">Henne</w><w frlemma="à" frpos="ADP" frMUSAS="Z5">à</w><w frlemma="Edfou" frpos="PROPN" frMUSAS="Z99">Edfou</w><w frlemma="," frpos="PUNCT" frMUSAS="PUNCT">,</w><w frlemma="dans" frpos="ADP" frMUSAS="Z5">dans</w><w frlemma="le" frpos="DET" frMUSAS="Z5">la</w><w frlemma="campagne" frpos="NOUN" frMUSAS="W3">campagne</w><w frlemma="où" frpos="PRON" frMUSAS="Z8">où</w><w frlemma="être" frpos="AUX" frMUSAS="Z99">furent</w><w frlemma="découvrir" frpos="VERB" frMUSAS="A10+">découverts</w><w frlemma="le" frpos="DET" frMUSAS="Z5">le</w><w frlemma="recueil" frpos="NOUN" frMUSAS="Z99">recueil</w><w frlemma="de" frpos="ADP" frMUSAS="Z5">de</w><w frlemma="hadith" frpos="NOUN" frMUSAS="Z99">Hadith</w><w frlemma="sur" frpos="ADP" frMUSAS="Z5">sur</w><w frlemma="papyrus" frpos="NOUN" frMUSAS="Z99">papyrus</w><w frlemma="et" frpos="CCONJ" frMUSAS="Z5">et</w><w frlemma="le" frpos="DET" frMUSAS="Z5">la</w><w frlemma="jarre" frpos="NOUN" frMUSAS="Z99">jarre</w><w frlemma="pleine" frpos="NOUN" frMUSAS="Z99">pleine</w><w frlemma="de" frpos="ADP" frMUSAS="Z5">de</w><w frlemma="papyrus" frpos="NOUN" frMUSAS="Z99">papyrus</w><w frlemma="grec" frpos="NOUN" frMUSAS="Z2">grecs</w><w frlemma="et" frpos="CCONJ" frMUSAS="Z5">et</w><w frlemma="copte" frpos="NOUN" frMUSAS="Z99">coptes</w><w frlemma="de" frpos="ADP" frMUSAS="Z5">d'</w><w frlemma="époque" frpos="NOUN" frMUSAS="Z99">époque</w><w frlemma="arabe" frpos="ADJ" frMUSAS="Z99">arabe</w><w frlemma="." frpos="PUNCT" frMUSAS="PUNCT">.</w><w frlemma="en" frpos="ADP" frMUSAS="Z5">En</w><w frlemma="1922" frpos="NUM" frMUSAS="N1">1922</w><w frlemma="m." frpos="NOUN" frMUSAS="Z99">M.</w><w frlemma="Foucart" frpos="PROPN" frMUSAS="Z99">Foucart</w><w frlemma="le" frpos="DET" frMUSAS="Z5">l'</w><w frlemma="appela" frpos="NOUN" frMUSAS="Z99">appela</w><w frlemma="au" frpos="ADP" frMUSAS="Z5">au</w><w frlemma="poste" frpos="NOUN" frMUSAS="Z99">poste</w><w frlemma="de" frpos="ADP" frMUSAS="Z5">de</w><w frlemma="secrétaire" frpos="NOUN" frMUSAS="I3.2/S2mf">secrétaire</w><w frlemma="-" frpos="NOUN" frMUSAS="Z99">-</w><w frlemma="bibliothécaire" frpos="ADJ" frMUSAS="Z99">bibliothécaire</w><w frlemma="." frpos="PUNCT" frMUSAS="PUNCT">.</w><w frlemma="ce" frpos="PRON" frMUSAS="Z8">C'</w><w frlemma="être" frpos="AUX" frMUSAS="Z99">était</w><w frlemma="là" frpos="ADV" frMUSAS="Z99">là</w><w frlemma="ce" frpos="PRON" frMUSAS="Z8">ce</w><w frlemma="qui" frpos="PRON" frMUSAS="Z8">qui</w><w frlemma="convenir" frpos="VERB" frMUSAS="Z99">convenait</w><w frlemma="à" frpos="ADP" frMUSAS="Z5">à</w><w frlemma="ce" frpos="DET" frMUSAS="Z5">cet</w><w frlemma="homme" frpos="NOUN" frMUSAS="I3.1">homme</w><w frlemma="de" frpos="ADP" frMUSAS="Z5">des</w><w frlemma="livre" frpos="NOUN" frMUSAS="Z99">livres</w><w frlemma="." frpos="PUNCT" frMUSAS="PUNCT">.</w><w frlemma="de" frpos="ADP" frMUSAS="Z5">Du</w><w frlemma="bibliothécaire" frpos="NOUN" frMUSAS="Z99">bibliothécaire</w><w frlemma="il" frpos="PRON" frMUSAS="Z8">il</w><w frlemma="avoir" frpos="VERB" frMUSAS="A9+">eut</w><w frlemma="tout" frpos="ADJ" frMUSAS="Z8">toutes</w><w frlemma="le" frpos="DET" frMUSAS="Z5">les</w><w frlemma="grand" frpos="ADJ" frMUSAS="Z99">grandes</w><w frlemma="qualité" frpos="NOUN" frMUSAS="A5.1">qualités</w><w frlemma="," frpos="PUNCT" frMUSAS="PUNCT">,</w><w frlemma="avec" frpos="ADP" frMUSAS="Z5">avec</w><w frlemma="un" frpos="DET" frMUSAS="Z5">un</w><w frlemma="peu" frpos="ADV" frMUSAS="A13.7">peu</w><w frlemma="de" frpos="ADP" frMUSAS="Z5">de</w><w frlemma="mépris" frpos="NOUN" frMUSAS="Z99">mépris</w><w frlemma="pour" frpos="ADP" frMUSAS="Z5">pour</w><w frlemma="le" frpos="DET" frMUSAS="Z5">les</w><w frlemma="petit" frpos="NOUN" frMUSAS="Z99">petites</w><w frlemma=":" frpos="PUNCT" frMUSAS="PUNCT">:</w><w frlemma="érudition" frpos="NOUN" frMUSAS="Z99">érudition</w><w frlemma="bibliographique" frpos="ADJ" frMUSAS="Z99">bibliographique</w><w frlemma="énorme" frpos="ADJ" frMUSAS="N3.2+++">énorme</w><w frlemma="," frpos="PUNCT" frMUSAS="PUNCT">,</w><w frlemma="avec" frpos="ADP" frMUSAS="Z5">avec</w><w frlemma="le" frpos="DET" frMUSAS="Z5">le</w><w frlemma="dédain" frpos="NOUN" frMUSAS="Z99">dédain</w><w frlemma="de" frpos="ADP" frMUSAS="Z5">de</w><w frlemma="le" frpos="DET" frMUSAS="Z5">la</w><w frlemma="bibliographie" frpos="NOUN" frMUSAS="Z99">bibliographie</w><w frlemma="," frpos="PUNCT" frMUSAS="PUNCT">,</w><w frlemma="sagacité" frpos="NOUN" frMUSAS="Z99">sagacité</w><w frlemma="dans" frpos="ADP" frMUSAS="Z5">dans</w><w frlemma="le" frpos="DET" frMUSAS="Z5">le</w><w frlemma="choix" frpos="NOUN" frMUSAS="A5.1+">choix</w><w frlemma="de" frpos="ADP" frMUSAS="Z5">des</w><w frlemma="livre" frpos="NOUN" frMUSAS="Z99">livres</w><w frlemma="," frpos="PUNCT" frMUSAS="PUNCT">,</w><w frlemma="avec" frpos="ADP" frMUSAS="Z5">avec</w><w frlemma="plus" frpos="ADV" frMUSAS="Z5">plus</w><w frlemma="de" frpos="ADP" frMUSAS="Z5">de</w><w frlemma="faveur" frpos="NOUN" frMUSAS="E2++">faveur</w><w frlemma="pour" frpos="ADP" frMUSAS="Z5">pour</w><w frlemma="le" frpos="DET" frMUSAS="Z5">les</w><w frlemma="texte" frpos="NOUN" frMUSAS="Q1.2">textes</w><w frlemma="original" frpos="ADJ" frMUSAS="A5.4+">originaux</w><w frlemma="que" frpos="SCONJ" frMUSAS="Z5">que</w><w frlemma="pour" frpos="ADP" frMUSAS="Z5">pour</w><w frlemma="le" frpos="DET" frMUSAS="Z5">les</w><w frlemma="commentaire" frpos="NOUN" frMUSAS="Z99">commentaires</w><w frlemma="," frpos="PUNCT" frMUSAS="PUNCT">,</w><w frlemma="zèle" frpos="ADV" frMUSAS="Z99">zèle</w><w frlemma="ardent" frpos="ADJ" frMUSAS="Z99">ardent</w><w frlemma="à" frpos="ADP" frMUSAS="Z5">à</w><w frlemma="aider" frpos="VERB" frMUSAS="Z99">aider</w><w frlemma="le" frpos="DET" frMUSAS="Z5">les</w><w frlemma="travailleur" frpos="NOUN" frMUSAS="I3.1/S2mf">travailleurs</w><w frlemma="," frpos="PUNCT" frMUSAS="PUNCT">,</w><w frlemma="—" frpos="PUNCT" frMUSAS="PUNCT">—</w><w frlemma="qui" frpos="PRON" frMUSAS="Z8">qui</w><w frlemma="ne" frpos="ADV" frMUSAS="Z6">ne</w><w frlemma="luire" frpos="PRON" frMUSAS="Z8">lui</w><w frlemma="avoir" frpos="AUX" frMUSAS="A9+">ont</w><w frlemma="pas" frpos="ADV" frMUSAS="Z99">pas</w><w frlemma="tout" frpos="ADJ" frMUSAS="Z8">tous</w><w frlemma="être" frpos="AUX" frMUSAS="T1.3">été</w><w frlemma="reconnaissant" frpos="NOUN" frMUSAS="S1.2.4+">reconnaissants</w><w frlemma="," frpos="PUNCT" frMUSAS="PUNCT">,</w><w frlemma="—" frpos="NOUN" frMUSAS="Z99">—</w><w frlemma="mais" frpos="CCONJ" frMUSAS="Z5">mais</w><w frlemma="celui" frpos="PRON" frMUSAS="Z8">ceux</w><w frlemma="-là" frpos="PRON" frMUSAS="Z99">-là</w><w frlemma="seul" frpos="ADJ" frMUSAS="Z99">seuls</w><w frlemma="que" frpos="PRON" frMUSAS="Z8">qu'</w><w frlemma="il" frpos="PRON" frMUSAS="Z8">il</w><w frlemma="juger" frpos="VERB" frMUSAS="G2.1">jugeait</w><w frlemma="sérieux" frpos="ADJ" frMUSAS="A11.1+">sérieux</w><w frlemma="," frpos="PUNCT" frMUSAS="PUNCT">,</w><w frlemma="rester" frpos="VERB" frMUSAS="M8">restant</w><w frlemma="impitoyable" frpos="ADJ" frMUSAS="Z99">impitoyable</w><w frlemma="à" frpos="ADP" frMUSAS="Z5">aux</w><w frlemma="autre" frpos="ADJ" frMUSAS="A6.1-">autres</w><w frlemma="," frpos="PUNCT" frMUSAS="PUNCT">,</w><w frlemma="parloi" frpos="NOUN" frMUSAS="Z99">parlois</w><w frlemma="non" frpos="ADV" frMUSAS="Z99">non</w><w frlemma="sans" frpos="ADP" frMUSAS="M6">sans</w><w frlemma="quelque" frpos="DET" frMUSAS="A13.5">quelque</w><w frlemma="excès" frpos="NOUN" frMUSAS="Z99">excès</w><w frlemma="." frpos="PUNCT" frMUSAS="PUNCT">.</w><w frlemma="comme" frpos="ADP" frMUSAS="Z5">Comme</w><w frlemma="beaucoup" frpos="ADV" frMUSAS="Z99">beaucoup</w><w frlemma="de" frpos="ADP" frMUSAS="Z5">de</w><w frlemma="bibliothécaire" frpos="NOUN" frMUSAS="Z99">bibliothécaires</w><w frlemma="aussi" frpos="ADV" frMUSAS="Z99">aussi</w><w frlemma="," frpos="PUNCT" frMUSAS="PUNCT">,</w><w frlemma="il" frpos="PRON" frMUSAS="Z8">il</w><w frlemma="avoir" frpos="VERB" frMUSAS="A9+">avait</w><w frlemma="de" frpos="ADP" frMUSAS="Z5">du</w><w frlemma="penchant" frpos="NOUN" frMUSAS="Z99">penchant</w><w frlemma="pour" frpos="ADP" frMUSAS="Z5">pour</w><w frlemma="le" frpos="DET" frMUSAS="Z5">les</w><w frlemma="propos" frpos="NOUN" frMUSAS="Q2.2">propos</w><w frlemma="critique" frpos="ADJ" frMUSAS="Z99">critiques</w><w frlemma="et" frpos="CCONJ" frMUSAS="Z5">et</w><w frlemma="il" frpos="PRON" frMUSAS="Z8">il</w><w frlemma="aimer" frpos="VERB" frMUSAS="Z99">aimait</w><w frlemma="à" frpos="ADP" frMUSAS="Z5">à</w><w frlemma="interrompre" frpos="VERB" frMUSAS="Q2.2">interrompre</w><w frlemma="le" frpos="DET" frMUSAS="Z5">le</w><w frlemma="travail" frpos="NOUN" frMUSAS="I3.1">travail</w><w frlemma="de" frpos="ADP" frMUSAS="Z5">des</w><w frlemma="lecteur" frpos="NOUN" frMUSAS="Q4.1/S2mf">lecteurs</w><w frlemma="," frpos="PUNCT" frMUSAS="PUNCT">,</w><w frlemma="pour" frpos="ADP" frMUSAS="Z5">pour</w><w frlemma="son" frpos="PRON" frMUSAS="Z5">leur</w><w frlemma="communiquer" frpos="VERB" frMUSAS="Q2.1">communiquer</w><w frlemma="son" frpos="DET" frMUSAS="Z5">ses</w><w frlemma="remarque" frpos="NOUN" frMUSAS="Q2.2">remarques</w><w frlemma="," frpos="PUNCT" frMUSAS="PUNCT">,</w><w frlemma="souvent" frpos="ADV" frMUSAS="N6+">souvent</w><w frlemma="dépourvu" frpos="ADJ" frMUSAS="Z99">dépourvues</w><w frlemma="de" frpos="ADP" frMUSAS="Z5">d'</w><w frlemma="aménité" frpos="NOUN" frMUSAS="Z99">aménité</w><w frlemma="," frpos="PUNCT" frMUSAS="PUNCT">,</w><w frlemma="sur" frpos="ADP" frMUSAS="Z5">sur</w><w frlemma="le" frpos="DET" frMUSAS="Z5">les</w><w frlemma="livre" frpos="NOUN" frMUSAS="Z99">livres</w><w frlemma="que" frpos="PRON" frMUSAS="Z8">qu'</w><w frlemma="il" frpos="PRON" frMUSAS="Z8">il</w><w frlemma="venir" frpos="VERB" frMUSAS="M1">venait</w><w frlemma="de" frpos="ADP" frMUSAS="Z5">de</w><w frlemma="lire" frpos="VERB" frMUSAS="Z99">lire</w><w frlemma="ou" frpos="CCONJ" frMUSAS="Z5">ou</w><w frlemma="sur" frpos="ADP" frMUSAS="Z5">sur</w><w frlemma="le" frpos="DET" frMUSAS="Z5">les</w><w frlemma="homme" frpos="NOUN" frMUSAS="I3.1">hommes</w><w frlemma="que" frpos="PRON" frMUSAS="Z8">qu'</w><w frlemma="il" frpos="PRON" frMUSAS="Z8">il</w><w frlemma="venir" frpos="VERB" frMUSAS="M1">venait</w><w frlemma="de" frpos="ADP" frMUSAS="Z5">de</w><w frlemma="voir" frpos="VERB" frMUSAS="X3.4">voir</w><w frlemma="." frpos="PUNCT" frMUSAS="PUNCT">.</w><w frlemma="il" frpos="PRON" frMUSAS="Z8">Il</w><w frlemma="siéger" frpos="VERB" frMUSAS="M8">siégeait</w><w frlemma="près" frpos="ADV" frMUSAS="Z99">près</w><w frlemma="de" frpos="ADP" frMUSAS="Z5">de</w><w frlemma="le" frpos="DET" frMUSAS="Z5">la</w><w frlemma="fenêtre" frpos="NOUN" frMUSAS="H2">fenêtre</w><w frlemma="de" frpos="ADP" frMUSAS="Z5">de</w><w frlemma="le" frpos="DET" frMUSAS="Z5">la</w><w frlemma="grand" frpos="ADJ" frMUSAS="Z99">grande</w><w frlemma="salle" frpos="NOUN" frMUSAS="H2">salle</w><w frlemma="," frpos="PUNCT" frMUSAS="PUNCT">,</w><w frlemma="devant" frpos="ADP" frMUSAS="Z5">devant</w><w frlemma="un" frpos="DET" frMUSAS="Z5">une</w><w frlemma="table" frpos="NOUN" frMUSAS="H5">table</w><w frlemma="encombrer" frpos="VERB" frMUSAS="Z99">encombrée</w><w frlemma="de" frpos="ADP" frMUSAS="Z5">d'</w><w frlemma="un" frpos="DET" frMUSAS="Z5">un</w><w frlemma="entassement" frpos="NOUN" frMUSAS="Z99">entassement</w><w frlemma="pittoresque" frpos="ADJ" frMUSAS="Z99">pittoresque</w><w frlemma="de" frpos="ADP" frMUSAS="Z5">de</w><w frlemma="bouquin" frpos="NOUN" frMUSAS="Z99">bouquins</w><w frlemma="," frpos="PUNCT" frMUSAS="PUNCT">,</w><w frlemma="que" frpos="PRON" frMUSAS="Z8">qu'</w><w frlemma="il" frpos="PRON" frMUSAS="Z8">il</w><w frlemma="dominer" frpos="VERB" frMUSAS="S7.1+">dominait</w><w frlemma="de" frpos="ADP" frMUSAS="Z5">de</w><w frlemma="son" frpos="DET" frMUSAS="Z5">sa</w><w frlemma="barbe" frpos="NOUN" frMUSAS="Z99">barbe</w><w frlemma="hirsute" frpos="ADJ" frMUSAS="Z99">hirsute</w><w frlemma="et" frpos="CCONJ" frMUSAS="Z5">et</w><w frlemma="de" frpos="ADP" frMUSAS="Z5">de</w><w frlemma="son" frpos="DET" frMUSAS="Z5">ses</w><w frlemma="regard" frpos="NOUN" frMUSAS="Z99">regards</w><w frlemma="vif" frpos="ADJ" frMUSAS="X5.2+">vifs</w><w frlemma="." frpos="PUNCT" frMUSAS="PUNCT">.</w><w frlemma="et" frpos="CCONJ" frMUSAS="Z5">Et</w><w frlemma="ce" frpos="PRON" frMUSAS="Z8">c'</w><w frlemma="être" frpos="AUX" frMUSAS="M6">est</w><w frlemma="de" frpos="ADP" frMUSAS="Z5">de</w><w frlemma="là" frpos="ADV" frMUSAS="Z99">là</w><w frlemma="que" frpos="SCONJ" frMUSAS="Z5">que</w><w frlemma="être" frpos="AUX" frMUSAS="Z99">sont</w><w frlemma="partir" frpos="VERB" frMUSAS="M1">parties</w><w frlemma="tant" frpos="ADV" frMUSAS="Z99">tant</w><w frlemma="de" frpos="ADP" frMUSAS="Z5">de</w><w frlemma="boutade" frpos="NOUN" frMUSAS="Z99">boutades</w><w frlemma="qui" frpos="PRON" frMUSAS="Z8">qui</w><w frlemma="luire" frpos="PRON" frMUSAS="Z8">lui</w><w frlemma="avoir" frpos="AUX" frMUSAS="A9+">ont</w><w frlemma="suscité" frpos="NOUN" frMUSAS="Z99">suscité</w><w frlemma="de" frpos="ADP" frMUSAS="Z5">des</w><w frlemma="inimitié" frpos="ADJ" frMUSAS="Z99">inimitiés</w><w frlemma="assez" frpos="ADV" frMUSAS="A13.3">assez</w><w frlemma="vif" frpos="ADJ" frMUSAS="X5.2+">vives</w><w frlemma="et" frpos="CCONJ" frMUSAS="Z5">et</w><w frlemma="souvent" frpos="ADV" frMUSAS="N6+">souvent</w><w frlemma="faire" frpos="VERB" frMUSAS="Z99">fait</w><w frlemma="de" frpos="ADP" frMUSAS="Z5">du</w><w frlemma="tort" frpos="NOUN" frMUSAS="A5.3-">tort</w><w frlemma="à" frpos="ADP" frMUSAS="Z5">à</w><w frlemma="son" frpos="DET" frMUSAS="Z5">ses</w><w frlemma="meilleur" frpos="NOUN" frMUSAS="Z99">meilleurs</w><w frlemma="ami" frpos="ADJ" frMUSAS="S3.1/S2mf">amis</w><w frlemma="." frpos="PUNCT" frMUSAS="PUNCT">.</w><w frlemma="on" frpos="PRON" frMUSAS="Z8">On</w><w frlemma="avoir" frpos="AUX" frMUSAS="A9+">aurait</w><w frlemma="sans" frpos="ADP" frMUSAS="M6">sans</w><w frlemma="doute" frpos="NOUN" frMUSAS="A7-">doute</w><w frlemma="devoir" frpos="ADJ" frMUSAS="Z99">dû</w><w frlemma="luire" frpos="PRON" frMUSAS="Z8">lui</w><w frlemma="pardonner" frpos="VERB" frMUSAS="Z99">pardonner</w><w frlemma="son" frpos="DET" frMUSAS="Z5">ses</w><w frlemma="épigramme" frpos="NOUN" frMUSAS="Z99">épigrammes</w><w frlemma="," frpos="PUNCT" frMUSAS="PUNCT">,</w><w frlemma="car" frpos="CCONJ" frMUSAS="Z5/A2.2">car</w><w frlemma="lui" frpos="PRON" frMUSAS="Z8">elles</w><w frlemma="se" frpos="PRON" frMUSAS="Z8">s'</w><w frlemma="accompagner" frpos="VERB" frMUSAS="S3.1">accompagnaient</w><w frlemma="de" frpos="ADP" frMUSAS="Z5">de</w><w frlemma="discours" frpos="NOUN" frMUSAS="Z99">discours</w><w frlemma="inspirer" frpos="VERB" frMUSAS="S8+">inspirés</w><w frlemma="par" frpos="ADP" frMUSAS="M6">par</w><w frlemma="un" frpos="DET" frMUSAS="Z5">une</w><w frlemma="noble" frpos="ADJ" frMUSAS="G2.2+">noble</w><w frlemma="haine" frpos="NOUN" frMUSAS="Z99">haine</w><w frlemma="de" frpos="ADP" frMUSAS="Z5">de</w><w frlemma="le" frpos="DET" frMUSAS="Z5">la</w><w frlemma="faux" frpos="ADJ" frMUSAS="Z99">fausse</w><w frlemma="science" frpos="NOUN" frMUSAS="Y1">science</w><w frlemma="et" frpos="CCONJ" frMUSAS="Z5">et</w><w frlemma="un" frpos="DET" frMUSAS="Z5">des</w><w frlemma="réputation" frpos="NOUN" frMUSAS="I3.2">réputations</w><w frlemma="établir" frpos="VERB" frMUSAS="T2+">établies</w><w frlemma="sur" frpos="ADP" frMUSAS="Z5">sur</w><w frlemma="le" frpos="DET" frMUSAS="Z5">le</w><w frlemma="parti" frpos="NOUN" frMUSAS="K1/S1.1.3+">parti</w><w frlemma="prendre" frpos="VERB" frMUSAS="A9+">pris</w><w frlemma="," frpos="PUNCT" frMUSAS="PUNCT">,</w><w frlemma="le" frpos="DET" frMUSAS="Z5">la</w><w frlemma="sottise" frpos="NOUN" frMUSAS="Z99">sottise</w><w frlemma="et" frpos="CCONJ" frMUSAS="Z5">et</w><w frlemma="le" frpos="DET" frMUSAS="Z5">l'</w><w frlemma="ignorance" frpos="NOUN" frMUSAS="X2.2-">ignorance</w><w frlemma="." frpos="PUNCT" frMUSAS="PUNCT">.</w><w frlemma="et" frpos="CCONJ" frMUSAS="Z5">Et</w><w frlemma="sans" frpos="ADP" frMUSAS="M6">sans</w><w frlemma="doute" frpos="NOUN" frMUSAS="A7-">doute</w><w frlemma="il" frpos="PRON" frMUSAS="Z8">il</w><w frlemma="être" frpos="AUX" frMUSAS="Z99">était</w><w frlemma="impossible" frpos="ADJ" frMUSAS="A7-">impossible</w><w frlemma="que" frpos="SCONJ" frMUSAS="Z5">que</w><w frlemma="plusieurs" frpos="DET" frMUSAS="N5">plusieurs</w><w frlemma="de" frpos="ADP" frMUSAS="Z5">des</w><w frlemma="jugement" frpos="NOUN" frMUSAS="X2.1">jugements</w><w frlemma="que" frpos="PRON" frMUSAS="Z8">qu'</w><w frlemma="il" frpos="PRON" frMUSAS="Z8">il</w><w frlemma="porter" frpos="VERB" frMUSAS="Z99">portait</w><w frlemma="," frpos="PUNCT" frMUSAS="PUNCT">,</w><w frlemma="surtout" frpos="ADV" frMUSAS="Z99">surtout</w><w frlemma="sur" frpos="ADP" frMUSAS="Z5">sur</w><w frlemma="le" frpos="DET" frMUSAS="Z5">les</w><w frlemma="vivant" frpos="NOUN" frMUSAS="Z99">vivants</w><w frlemma="," frpos="PUNCT" frMUSAS="PUNCT">,</w><w frlemma="ne" frpos="ADV" frMUSAS="Z6">ne</w><w frlemma="être" frpos="ADV" frMUSAS="Z99">fussent</w><w frlemma="quelquefois" frpos="ADV" frMUSAS="N6">quelquefois</w><w frlemma="injuste" frpos="ADJ" frMUSAS="Z99">injustes</w><w frlemma="," frpos="PUNCT" frMUSAS="PUNCT">,</w><w frlemma="et" frpos="CCONJ" frMUSAS="Z5">et</w><w frlemma="lui-même" frpos="PRON" frMUSAS="Z8m">lui-même</w><w frlemma="," frpos="PUNCT" frMUSAS="PUNCT">,</w><w frlemma="ne" frpos="ADV" frMUSAS="Z6">n'</w><w frlemma="avoir" frpos="AUX" frMUSAS="A9+">ayant</w><w frlemma="nul" frpos="ADJ" frMUSAS="Z99">nulle</w><w frlemma="prétention" frpos="NOUN" frMUSAS="Q2.2">prétention</w><w frlemma="à" frpos="ADP" frMUSAS="Z5">à</w><w frlemma="le" frpos="DET" frMUSAS="Z5">l'</w><w frlemma="infaillibilité" frpos="NOUN" frMUSAS="Z99">infaillibilité</w><w frlemma="," frpos="PUNCT" frMUSAS="PUNCT">,</w><w frlemma="ne" frpos="ADV" frMUSAS="Z6">ne</w><w frlemma="méconnaître" frpos="VERB" frMUSAS="Z99">méconnaissait</w><w frlemma="pas" frpos="ADV" frMUSAS="Z99">pas</w><w frlemma="son" frpos="DET" frMUSAS="Z5">ses</w><w frlemma="propre" frpos="ADJ" frMUSAS="Z99">propres</w><w frlemma="faiblesse" frpos="NOUN" frMUSAS="S1.2.5-">faiblesses</w><w frlemma=";" frpos="PUNCT" frMUSAS="PUNCT">;</w><w frlemma="mais" frpos="CCONJ" frMUSAS="Z5">mais</w><w frlemma="le" frpos="DET" frMUSAS="Z5">le</w><w frlemma="plus" frpos="ADV" frMUSAS="Z5">plus</w><w frlemma="souvent" frpos="ADV" frMUSAS="N6+">souvent</w><w frlemma="ce" frpos="PRON" frMUSAS="Z8">c'</w><w frlemma="être" frpos="AUX" frMUSAS="Z99">était</w><w frlemma="un" frpos="DET" frMUSAS="Z5">une</w><w frlemma="joie" frpos="NOUN" frMUSAS="E4.1+">joie</w><w frlemma="de" frpos="ADP" frMUSAS="Z5">de</w><w frlemma="voir" frpos="VERB" frMUSAS="X3.4">voir</w><w frlemma="le" frpos="DET" frMUSAS="Z5">le</w><w frlemma="vrai" frpos="NUM" frMUSAS="A5.2+">vrai</w><w frlemma="mérite" frpos="NOUN" frMUSAS="A5.1+">mérite</w><w frlemma="ainsi" frpos="ADV" frMUSAS="Z5/A2.2">ainsi</w><w frlemma="venger" frpos="VERB" frMUSAS="Z99">vengé</w><w frlemma="et" frpos="CCONJ" frMUSAS="Z5">et</w><w frlemma="remettre" frpos="VERB" frMUSAS="Z99">remis</w><w frlemma="à" frpos="ADP" frMUSAS="Z5">à</w><w frlemma="son" frpos="DET" frMUSAS="Z5">sa</w><w frlemma="place" frpos="NOUN" frMUSAS="Z99">place</w><w frlemma="légitime" frpos="ADJ" frMUSAS="G2.2+">légitime</w><w frlemma="." frpos="PUNCT" frMUSAS="PUNCT">.</w><w frlemma="on" frpos="PRON" frMUSAS="Z8">On</w><w frlemma="se" frpos="PRON" frMUSAS="Z8">s'</w><w frlemma="attacher" frpos="VERB" frMUSAS="A1.7+">attachait</w><w frlemma="à" frpos="ADP" frMUSAS="Z5">à</w><w frlemma="ce" frpos="DET" frMUSAS="Z5">ces</w><w frlemma="parole" frpos="NOUN" frMUSAS="Q3">paroles</w><w frlemma="fugitif" frpos="ADJ" frMUSAS="Z99">fugitives</w><w frlemma="," frpos="PUNCT" frMUSAS="PUNCT">,</w><w frlemma="organiser" frpos="VERB" frMUSAS="S7.1+">organisées</w><w frlemma="en" frpos="ADP" frMUSAS="Z5">en</w><w frlemma="formule" frpos="NOUN" frMUSAS="Z99">formules</w><w frlemma="piquante" frpos="NOUN" frMUSAS="Z99">piquantes</w><w frlemma="," frpos="PUNCT" frMUSAS="PUNCT">,</w><w frlemma="et" frpos="CCONJ" frMUSAS="Z5">et</w><w frlemma="où" frpos="PRON" frMUSAS="Z8">où</w><w frlemma="se" frpos="PRON" frMUSAS="Z8">se</w><w frlemma="révéler" frpos="VERB" frMUSAS="A10+">révélaient</w><w frlemma="le" frpos="DET" frMUSAS="Z5">les</w><w frlemma="même" frpos="ADJ" frMUSAS="Z99">mêmes</w><w frlemma="don" frpos="NOUN" frMUSAS="A9-">dons</w><w frlemma="de" frpos="ADP" frMUSAS="Z5">d'</w><w frlemma="écrivain" frpos="PROPN" frMUSAS="Q4.1/S2mf">écrivain</w><w frlemma="que" frpos="SCONJ" frMUSAS="Z5">que</w><w frlemma="dans" frpos="ADP" frMUSAS="Z5">dans</w><w frlemma="son" frpos="DET" frMUSAS="Z5">sa</w><w frlemma="correspondance" frpos="NOUN" frMUSAS="Z99">correspondance</w><w frlemma="." frpos="PUNCT" frMUSAS="PUNCT">.</w></p><p><pb n="184"/><w frlemma="en" frpos="ADP" frMUSAS="Z5">En</w><w frlemma="tout" frpos="DET" frMUSAS="Z8">tout</w><w frlemma="cas" frpos="NOUN" frMUSAS="A4.1">cas</w><w frlemma="pour" frpos="ADP" frMUSAS="Z5">pour</w><w frlemma="nous" frpos="PRON" frMUSAS="Z8">nous</w><w frlemma="," frpos="PUNCT" frMUSAS="PUNCT">,</w><w frlemma="aussi" frpos="ADV" frMUSAS="Z99">aussi</w><w frlemma="bien" frpos="ADV" frMUSAS="A10+">bien</w><w frlemma="pour" frpos="ADP" frMUSAS="Z5">pour</w><w frlemma="le" frpos="DET" frMUSAS="Z5">les</w><w frlemma="ancien" frpos="ADJ" frMUSAS="Z99">anciens</w><w frlemma="que" frpos="SCONJ" frMUSAS="Z5">que</w><w frlemma="pour" frpos="ADP" frMUSAS="Z5">pour</w><w frlemma="le" frpos="DET" frMUSAS="Z5">les</w><w frlemma="jeune" frpos="NOUN" frMUSAS="T3-">jeunes</w><w frlemma="," frpos="PUNCT" frMUSAS="PUNCT">,</w><w frlemma="le" frpos="DET" frMUSAS="Z5">le</w><w frlemma="pressant" frpos="ADJ" frMUSAS="Z99">pressant</w><w frlemma="et" frpos="CCONJ" frMUSAS="Z5">et</w><w frlemma="continuel" frpos="VERB" frMUSAS="Z99">continuel</w><w frlemma="appel" frpos="NOUN" frMUSAS="Q2.2">appel</w><w frlemma="à" frpos="ADP" frMUSAS="Z5">à</w><w frlemma="le" frpos="DET" frMUSAS="Z5">la</w><w frlemma="sincérité" frpos="NOUN" frMUSAS="A5.4+">sincérité</w><w frlemma="nous" frpos="PRON" frMUSAS="Z8">nous</w><w frlemma="inspirer" frpos="VERB" frMUSAS="S8+">inspirait</w><w frlemma="un" frpos="DET" frMUSAS="Z5">un</w><w frlemma="salutaire" frpos="ADJ" frMUSAS="Z99">salutaire</w><w frlemma="retour" frpos="NOUN" frMUSAS="M1">retour</w><w frlemma="sur" frpos="ADP" frMUSAS="Z5">sur</w><w frlemma="nous" frpos="PRON" frMUSAS="Z8">nous</w><w frlemma="-" frpos="NOUN" frMUSAS="Z99">-</w><w frlemma="même" frpos="ADJ" frMUSAS="Z99">mêmes</w><w frlemma="et" frpos="CCONJ" frMUSAS="Z5">et</w><w frlemma="un" frpos="DET" frMUSAS="Z5">un</w><w frlemma="nécessaire" frpos="ADJ" frMUSAS="Z99">nécessaire</w><w frlemma="refoulement" frpos="NOUN" frMUSAS="Z99">refoulement</w><w frlemma="de" frpos="ADP" frMUSAS="Z5">de</w><w frlemma="tout" frpos="ADJ" frMUSAS="Z8">tous</w><w frlemma="le" frpos="DET" frMUSAS="Z5">les</w><w frlemma="naturel" frpos="ADJ" frMUSAS="A6.2+">naturels</w><w frlemma="élan" frpos="NOUN" frMUSAS="Z99">élans</w><w frlemma="de" frpos="ADP" frMUSAS="Z5">de</w><w frlemma="le" frpos="DET" frMUSAS="Z5">l'</w><w frlemma="amour" frpos="NOUN" frMUSAS="E2+">amour</w><w frlemma="-" frpos="NOUN" frMUSAS="Z99">-</w><w frlemma="propre" frpos="ADJ" frMUSAS="Z99">propre</w><w frlemma="vers" frpos="ADP" frMUSAS="Z5">vers</w><w frlemma="un" frpos="DET" frMUSAS="Z5">une</w><w frlemma="stérilisant" frpos="ADJ" frMUSAS="Z99">stérilisante</w><w frlemma="vanité" frpos="NOUN" frMUSAS="Z99">vanité</w><w frlemma=":" frpos="PUNCT" frMUSAS="PUNCT">:</w><w frlemma="qui" frpos="PRON" frMUSAS="Z8">qui</w><w frlemma="nier" frpos="VERB" frMUSAS="Q2.2/Z6">niera</w><w frlemma="que" frpos="SCONJ" frMUSAS="Z5">que</w><w frlemma="dans" frpos="ADP" frMUSAS="Z5">dans</w><w frlemma="un" frpos="DET" frMUSAS="Z5">une</w><w frlemma="maison" frpos="NOUN" frMUSAS="H1">maison</w><w frlemma="comme" frpos="ADP" frMUSAS="Z5">comme</w><w frlemma="le" frpos="DET" frMUSAS="Z5">la</w><w frlemma="nôtre" frpos="NOUN" frMUSAS="Z99">nôtre</w><w frlemma="," frpos="PUNCT" frMUSAS="PUNCT">,</w><w frlemma="où" frpos="PRON" frMUSAS="Z8">où</w><w frlemma="le" frpos="DET" frMUSAS="Z5">le</w><w frlemma="travail" frpos="NOUN" frMUSAS="I3.1">travail</w><w frlemma="personnel" frpos="ADJ" frMUSAS="Z99">personnel</w><w frlemma="risque" frpos="VERB" frMUSAS="A15-">risque</w><w frlemma="de" frpos="ADP" frMUSAS="Z5">de</w><w frlemma="produire" frpos="VERB" frMUSAS="Z99">produire</w><w frlemma="chez" frpos="ADP" frMUSAS="Z5">chez</w><w frlemma="chacun" frpos="PRON" frMUSAS="N5.1+">chacun</w><w frlemma="de" frpos="ADP" frMUSAS="Z5">de</w><w frlemma="nous" frpos="PRON" frMUSAS="Z8">nous</w><w frlemma="un" frpos="DET" frMUSAS="Z5">une</w><w frlemma="puérile" frpos="NOUN" frMUSAS="Z99">puérile</w><w frlemma="exaltation" frpos="NOUN" frMUSAS="Z99">exaltation</w><w frlemma="de" frpos="ADP" frMUSAS="Z5">de</w><w frlemma="le" frpos="DET" frMUSAS="Z5">la</w><w frlemma="personnalité" frpos="NOUN" frMUSAS="S1.2">personnalité</w><w frlemma="," frpos="PUNCT" frMUSAS="PUNCT">,</w><w frlemma="le" frpos="DET" frMUSAS="Z5">le</w><w frlemma="service" frpos="NOUN" frMUSAS="A1.1.1">service</w><w frlemma="rendre" frpos="ADJ" frMUSAS="Z99">rendu</w><w frlemma="ainsi" frpos="ADV" frMUSAS="Z5/A2.2">ainsi</w><w frlemma="par" frpos="ADP" frMUSAS="M6">par</w><w frlemma="Louis" frpos="PROPN" frMUSAS="Z99">Louis</w><w frlemma="Saint-Paul" frpos="PROPN" frMUSAS="Z99">Saint-Paul</w><w frlemma="Girard" frpos="PROPN" frMUSAS="Z99">Girard</w><w frlemma="ne" frpos="ADV" frMUSAS="Z6">ne</w><w frlemma="être" frpos="VERB" frMUSAS="Z99">fût</w><w frlemma="un" frpos="DET" frMUSAS="Z5">des</w><w frlemma="plus" frpos="ADV" frMUSAS="Z5">plus</w><w frlemma="précieux" frpos="NOUN" frMUSAS="E2+">précieux</w><w frlemma="?" frpos="PUNCT" frMUSAS="PUNCT">?</w><w frlemma="p." frpos="NOUN" frMUSAS="Z99">P.</w><w frlemma="Jouguet" frpos="PROPN" frMUSAS="Z99">Jouguet</w><w frlemma="." frpos="PUNCT" frMUSAS="PUNCT">.</w><note place="bottom"></note></p></text></TEI>