<?xml version='1.0' encoding='UTF-8'?>
<TEI xmlns="http://www.tei-c.org/ns/1.0"><teiHeader><fileDesc><titleStmt><title>Paul Barguet (1915-2012).</title></titleStmt><publicationStmt>Corpus produit par l'étudiant MA1 Ph. Hennebert (philippe.hennebert@student.uliege.be) du cours de l'Université de Liège Corpus INFO0943: 'Corpus textuels: principes de constitution et d'analyse'</publicationStmt><sourceDesc><p>https://www.ifao.egnet.net/bifao/112/2/ (BIFAO en ligne) processed using python scripts in https://github.com/PhilHen/BIFAOCorpusTools (typographical zones detected using OpenCV, OCR with Tesseract)</p></sourceDesc></fileDesc><encodingDesc><classDecl><taxonomy id="frpos"><bibl><title>pos tagset build from https://spacy.io/</title></bibl></taxonomy><taxonomy id="frlemma"><bibl><title>fr lemma of the model https://spacy.io/</title></bibl></taxonomy><taxonomy id="frMUSAS"><bibl><title>semantic tagging https://ucrel.github.io/pymusas/usage/how_to/tag_text#french</title></bibl></taxonomy></classDecl><editorialDecl><correction>Les erreurs d'orthographe confirmées par examen du PDF source n'ont pas été corrigées. Une vérification et correction manuelle du texte a été réalisée par Ph. Hennebert (philippe.hennebert@student.uliege.be) le 29/12/2023</correction><hyphenation>Les mots coupés en fin de ligne ont été réassemblés automatiquement, pour autant que la forme combinée sans trait d'union soit attestée dans le dictionnaire français https://unitexgramlab.org/fr/language-resources</hyphenation></editorialDecl></encodingDesc></teiHeader><text id="BIFAO112_art_02.pdf" auteur="Dominique Valbelle" annee="2013" titre="Paul Barguet (1915-2012)." textId="12A02" nomDefunt="Barguet" metierDefunt="Archéologue/Textes" categ="Nécrologie"><p><pb n="7"/><w frlemma="1915" frpos="NOUN" frMUSAS="Z99">1915</w><w frlemma="-" frpos="NOUN" frMUSAS="Z99">-</w><w frlemma="2012" frpos="NUM" frMUSAS="N1">2012</w><w frlemma="Homme" frpos="PROPN" frMUSAS="Z99">Homme</w><w frlemma="discret" frpos="NOUN" frMUSAS="Z99">discret</w><w frlemma="et" frpos="CCONJ" frMUSAS="Z5">et</w><w frlemma="modeste" frpos="ADJ" frMUSAS="N3.2-">modeste</w><w frlemma="," frpos="PUNCT" frMUSAS="PUNCT">,</w><w frlemma="Paul" frpos="PROPN" frMUSAS="Z99">Paul</w><w frlemma="Barguet" frpos="PROPN" frMUSAS="Z99">Barguet</w><w frlemma="ne" frpos="ADV" frMUSAS="Z6">n'</w><w frlemma="en" frpos="PRON" frMUSAS="Z8">en</w><w frlemma="avoir" frpos="AUX" frMUSAS="A9+">a</w><w frlemma="pas" frpos="ADV" frMUSAS="Z99">pas</w><w frlemma="moins" frpos="ADV" frMUSAS="A13.6">moins</w><w frlemma="tenir" frpos="VERB" frMUSAS="M2">tenu</w><w frlemma="un" frpos="DET" frMUSAS="Z5">une</w><w frlemma="place" frpos="NOUN" frMUSAS="Z99">place</w><w frlemma="déterminant" frpos="ADJ" frMUSAS="Z99">déterminante</w><w frlemma="dans" frpos="ADP" frMUSAS="Z5">dans</w><w frlemma="le" frpos="DET" frMUSAS="Z5">l'</w><w frlemma="égyptologie" frpos="NOUN" frMUSAS="Z99">égyptologie</w><w frlemma="français" frpos="ADJ" frMUSAS="Z2">française</w><w frlemma="de" frpos="ADP" frMUSAS="Z5">du</w><w frlemma="dernier" frpos="ADJ" frMUSAS="N4">dernier</w><w frlemma="quart" frpos="NOUN" frMUSAS="N1">quart</w><w frlemma="de" frpos="ADP" frMUSAS="Z5">du</w><w frlemma="xx" frpos="ADJ" frMUSAS="Z99">xxe</w><w frlemma="siècle" frpos="NOUN" frMUSAS="T1.3">siècle</w><w frlemma="." frpos="PUNCT" frMUSAS="PUNCT">.</w><w frlemma="son" frpos="DET" frMUSAS="Z5">Ses</w><w frlemma="étudiant" frpos="NOUN" frMUSAS="P1/S2mf">étudiants</w><w frlemma="avoir" frpos="VERB" frMUSAS="A9+">auront</w><w frlemma="sans" frpos="ADP" frMUSAS="M6">sans</w><w frlemma="doute" frpos="NOUN" frMUSAS="A7-">doute</w><w frlemma="un" frpos="DET" frMUSAS="Z5">un</w><w frlemma="peu" frpos="ADV" frMUSAS="A13.7">peu</w><w frlemma="de" frpos="ADP" frMUSAS="Z5">de</w><w frlemma="mal" frpos="NOUN" frMUSAS="A5.1-">mal</w><w frlemma="à" frpos="ADP" frMUSAS="Z5">à</w><w frlemma="se" frpos="PRON" frMUSAS="Z8">se</w><w frlemma="représenter" frpos="VERB" frMUSAS="Q1.1">représenter</w><w frlemma="son" frpos="DET" frMUSAS="Z5">leur</w><w frlemma="professeur" frpos="NOUN" frMUSAS="Z99">professeur</w><w frlemma="faire" frpos="VERB" frMUSAS="Z99">faisant</w><w frlemma="partie" frpos="NOUN" frMUSAS="A10+">partie</w><w frlemma="," frpos="PUNCT" frMUSAS="PUNCT">,</w><w frlemma="à" frpos="ADP" frMUSAS="Z5">à</w><w frlemma="son" frpos="DET" frMUSAS="Z5">leur</w><w frlemma="âge" frpos="NOUN" frMUSAS="T3">âge</w><w frlemma="," frpos="PUNCT" frMUSAS="PUNCT">,</w><w frlemma="de" frpos="ADP" frMUSAS="Z5">d'</w><w frlemma="un" frpos="DET" frMUSAS="Z5">une</w><w frlemma="troupe" frpos="NOUN" frMUSAS="Z99">troupe</w><w frlemma="de" frpos="ADP" frMUSAS="Z5">de</w><w frlemma="théâtre" frpos="NOUN" frMUSAS="K4/H1">théâtre</w><w frlemma="amateur" frpos="NOUN" frMUSAS="I3.2-">amateur</w><w frlemma=":" frpos="PUNCT" frMUSAS="PUNCT">:</w><w frlemma="le" frpos="DET" frMUSAS="Z5">le</w><w frlemma="groupe" frpos="NOUN" frMUSAS="S5+">Groupe</w><w frlemma="de" frpos="ADP" frMUSAS="Z5">de</w><w frlemma="théâtre" frpos="NOUN" frMUSAS="K4/H1">théâtre</w><w frlemma="antique" frpos="ADJ" frMUSAS="Z99">antique</w><w frlemma="de" frpos="ADP" frMUSAS="Z5">de</w><w frlemma="le" frpos="DET" frMUSAS="Z5">la</w><w frlemma="Sorbonne" frpos="PROPN" frMUSAS="Z99">Sorbonne</w><w frlemma="." frpos="PUNCT" frMUSAS="PUNCT">.</w><w frlemma="ce" frpos="PRON" frMUSAS="Z8">C'</w><w frlemma="être" frpos="AUX" frMUSAS="M6">est</w><w frlemma="pourtant" frpos="ADV" frMUSAS="Z99">pourtant</w><w frlemma="avec" frpos="ADP" frMUSAS="Z5">avec</w><w frlemma="un" frpos="DET" frMUSAS="Z5">un</w><w frlemma="plaisir" frpos="NOUN" frMUSAS="E4.2+">plaisir</w><w frlemma="évident" frpos="ADJ" frMUSAS="A11.2+">évident</w><w frlemma="que" frpos="SCONJ" frMUSAS="Z5">qu'</w><w frlemma="il" frpos="PRON" frMUSAS="Z8">il</w><w frlemma="évoquer" frpos="VERB" frMUSAS="Z99">évoquait</w><w frlemma="le" frpos="DET" frMUSAS="Z5">le</w><w frlemma="succès" frpos="NOUN" frMUSAS="X9.2+">succès</w><w frlemma="que" frpos="PRON" frMUSAS="Z8">qu'</w><w frlemma="il" frpos="PRON" frMUSAS="Z8">ils</w><w frlemma="avoir" frpos="AUX" frMUSAS="A9+">avaient</w><w frlemma="recueillir" frpos="VERB" frMUSAS="Z99">recueilli</w><w frlemma="dans" frpos="ADP" frMUSAS="Z5">dans</w><w frlemma="le" frpos="DET" frMUSAS="Z5">Les</w><w frlemma="perse" frpos="NOUN" frMUSAS="Z99">Perses</w><w frlemma="de" frpos="ADP" frMUSAS="Z5">d'</w><w frlemma="Échille" frpos="PROPN" frMUSAS="Z99">Échille</w><w frlemma="," frpos="PUNCT" frMUSAS="PUNCT">,</w><w frlemma="représenter" frpos="VERB" frMUSAS="Q1.1">représenté</w><w frlemma="dans" frpos="ADP" frMUSAS="Z5">dans</w><w frlemma="le" frpos="DET" frMUSAS="Z5">la</w><w frlemma="cour" frpos="NOUN" frMUSAS="Z99">cour</w><w frlemma="de" frpos="ADP" frMUSAS="Z5">de</w><w frlemma="le" frpos="DET" frMUSAS="Z5">l'</w><w frlemma="université" frpos="NOUN" frMUSAS="P1/H1c">université</w><w frlemma="," frpos="PUNCT" frMUSAS="PUNCT">,</w><w frlemma="pouvoir" frpos="CCONJ" frMUSAS="Z99">puis</w><w frlemma="à" frpos="ADP" frMUSAS="Z5">à</w><w frlemma="Athènes" frpos="PROPN" frMUSAS="Z99">Athènes</w><w frlemma="," frpos="PUNCT" frMUSAS="PUNCT">,</w><w frlemma="dans" frpos="ADP" frMUSAS="Z5">dans</w><w frlemma="le" frpos="DET" frMUSAS="Z5">l'</w><w frlemma="odéon" frpos="NOUN" frMUSAS="Z99">odéon</w><w frlemma="de" frpos="ADP" frMUSAS="Z5">d'</w><w frlemma="hérode" frpos="NOUN" frMUSAS="Z99">Hérode</w><w frlemma="Atticus" frpos="PROPN" frMUSAS="Z99">Atticus</w><w frlemma="," frpos="PUNCT" frMUSAS="PUNCT">,</w><w frlemma="et" frpos="CCONJ" frMUSAS="Z5">et</w><w frlemma="dans" frpos="ADP" frMUSAS="Z5">dans</w><w frlemma="le" frpos="DET" frMUSAS="Z5">les</w><w frlemma="ruine" frpos="NOUN" frMUSAS="Z99">ruines</w><w frlemma="de" frpos="ADP" frMUSAS="Z5">d'</w><w frlemma="Épidaure" frpos="PROPN" frMUSAS="Z99">Épidaure</w><w frlemma="." frpos="PUNCT" frMUSAS="PUNCT">.</w><w frlemma="derrière" frpos="ADP" frMUSAS="Z5">Derrière</w><w frlemma="un" frpos="DET" frMUSAS="Z5">une</w><w frlemma="apparence" frpos="NOUN" frMUSAS="A10+">apparence</w><w frlemma="réserver" frpos="VERB" frMUSAS="Z99">réservée</w><w frlemma="," frpos="PUNCT" frMUSAS="PUNCT">,</w><w frlemma="parfois" frpos="ADV" frMUSAS="N6">parfois</w><w frlemma="à" frpos="ADP" frMUSAS="Z5">à</w><w frlemma="le" frpos="DET" frMUSAS="Z5">la</w><w frlemma="limite" frpos="NOUN" frMUSAS="A1.7+">limite</w><w frlemma="de" frpos="ADP" frMUSAS="Z5">de</w><w frlemma="le" frpos="DET" frMUSAS="Z5">l'</w><w frlemma="austérité" frpos="NOUN" frMUSAS="Z99">austérité</w><w frlemma="," frpos="PUNCT" frMUSAS="PUNCT">,</w><w frlemma="il" frpos="PRON" frMUSAS="Z8">il</w><w frlemma="masquer" frpos="VERB" frMUSAS="Z99">masquait</w><w frlemma="un" frpos="DET" frMUSAS="Z5">une</w><w frlemma="grand" frpos="ADJ" frMUSAS="Z99">grande</w><w frlemma="sensibilité" frpos="NOUN" frMUSAS="Z99">sensibilité</w><w frlemma="et" frpos="CCONJ" frMUSAS="Z5">et</w><w frlemma="un" frpos="DET" frMUSAS="Z5">un</w><w frlemma="humour" frpos="NOUN" frMUSAS="E4.1+">humour</w><w frlemma="," frpos="PUNCT" frMUSAS="PUNCT">,</w><w frlemma="tantôt" frpos="CCONJ" frMUSAS="Z99">tantôt</w><w frlemma="révéler" frpos="VERB" frMUSAS="A10+">révélés</w><w frlemma="par" frpos="ADP" frMUSAS="M6">par</w><w frlemma="un" frpos="DET" frMUSAS="Z5">un</w><w frlemma="trait" frpos="NOUN" frMUSAS="Z99">trait</w><w frlemma="de" frpos="ADP" frMUSAS="Z5">d'</w><w frlemma="esprit" frpos="NOUN" frMUSAS="Z99">esprit</w><w frlemma="malicieux" frpos="ADJ" frMUSAS="Z99">malicieux</w><w frlemma="qui" frpos="PRON" frMUSAS="Z8">qui</w><w frlemma="luire" frpos="PRON" frMUSAS="Z8">lui</w><w frlemma="faire" frpos="VERB" frMUSAS="Z99">faisait</w><w frlemma="immanquablement" frpos="NOUN" frMUSAS="Z99">immanquablement</w><w frlemma="piquer" frpos="VERB" frMUSAS="Z99">piquer</w><w frlemma="un" frpos="DET" frMUSAS="Z5">un</w><w frlemma="phare" frpos="NOUN" frMUSAS="Z99">phare</w><w frlemma="pour" frpos="ADP" frMUSAS="Z5">pour</w><w frlemma="avoir" frpos="AUX" frMUSAS="A9+">avoir</w><w frlemma="faire" frpos="VERB" frMUSAS="Z99">fait</w><w frlemma="preuve" frpos="NOUN" frMUSAS="A15+">preuve</w><w frlemma="de" frpos="ADP" frMUSAS="Z5">de</w><w frlemma="tant" frpos="ADV" frMUSAS="Z99">tant</w><w frlemma="de" frpos="ADP" frMUSAS="Z5">d'</w><w frlemma="audace" frpos="NOUN" frMUSAS="Z99">audace</w><w frlemma="." frpos="PUNCT" frMUSAS="PUNCT">.</w><w frlemma="aussi" frpos="ADV" frMUSAS="Z99">Aussi</w><w frlemma="gentil" frpos="ADJ" frMUSAS="Z99">gentil</w><w frlemma="que" frpos="SCONJ" frMUSAS="Z5">que</w><w frlemma="sévère" frpos="ADJ" frMUSAS="A5.1-">sévère</w><w frlemma="avec" frpos="ADP" frMUSAS="Z5">avec</w><w frlemma="son" frpos="DET" frMUSAS="Z5">ses</w><w frlemma="disciple" frpos="NOUN" frMUSAS="Z99">disciples</w><w frlemma="," frpos="PUNCT" frMUSAS="PUNCT">,</w><w frlemma="le" frpos="DET" frMUSAS="Z5">la</w><w frlemma="rigueur" frpos="NOUN" frMUSAS="Z99">rigueur</w><w frlemma="que" frpos="SCONJ" frMUSAS="Z5">qu'</w><w frlemma="il" frpos="PRON" frMUSAS="Z8">il</w><w frlemma="son" frpos="PRON" frMUSAS="Z5">leur</w><w frlemma="imposer" frpos="VERB" frMUSAS="S6+">imposait</w><w frlemma="ne" frpos="ADV" frMUSAS="Z6">n'</w><w frlemma="être" frpos="AUX" frMUSAS="Z99">était</w><w frlemma="," frpos="PUNCT" frMUSAS="PUNCT">,</w><w frlemma="de" frpos="ADP" frMUSAS="Z5">de</w><w frlemma="tout" frpos="DET" frMUSAS="Z8">toute</w><w frlemma="évidence" frpos="NOUN" frMUSAS="A10+">évidence</w><w frlemma="," frpos="PUNCT" frMUSAS="PUNCT">,</w><w frlemma="que" frpos="SCONJ" frMUSAS="Z5">que</w><w frlemma="le" frpos="DET" frMUSAS="Z5">l'</w><w frlemma="expression" frpos="NOUN" frMUSAS="Q3">expression</w><w frlemma="de" frpos="ADP" frMUSAS="Z5">de</w><w frlemma="son" frpos="DET" frMUSAS="Z5">son</w><w frlemma="estime" frpos="NOUN" frMUSAS="Z99">estime</w><w frlemma="et" frpos="CCONJ" frMUSAS="Z5">et</w><w frlemma="de" frpos="ADP" frMUSAS="Z5">de</w><w frlemma="le" frpos="DET" frMUSAS="Z5">l'</w><w frlemma="attente" frpos="NOUN" frMUSAS="T1.3">attente</w><w frlemma="que" frpos="SCONJ" frMUSAS="Z5">qu'</w><w frlemma="il" frpos="PRON" frMUSAS="Z8">il</w><w frlemma="avoir" frpos="VERB" frMUSAS="A9+">avait</w><w frlemma="de" frpos="ADP" frMUSAS="Z5">de</w><w frlemma="leur" frpos="DET" frMUSAS="Z5">leurs</w><w frlemma="capacité" frpos="NOUN" frMUSAS="Z99">capacités</w><w frlemma="." frpos="PUNCT" frMUSAS="PUNCT">.</w><w frlemma="il" frpos="PRON" frMUSAS="Z8">Il</w><w frlemma="avoir" frpos="AUX" frMUSAS="A9+">avait</w><w frlemma="suivre" frpos="VERB" frMUSAS="M1">suivi</w><w frlemma="le" frpos="DET" frMUSAS="Z5">le</w><w frlemma="parcours" frpos="NOUN" frMUSAS="Z99">parcours</w><w frlemma="scolaire" frpos="ADJ" frMUSAS="Z99">scolaire</w><w frlemma="et" frpos="CCONJ" frMUSAS="Z5">et</w><w frlemma="universitaire" frpos="ADJ" frMUSAS="Z99">universitaire</w><w frlemma="traditionnel" frpos="ADJ" frMUSAS="S1.1.1">traditionnel</w><w frlemma="de" frpos="ADP" frMUSAS="Z5">d'</w><w frlemma="un" frpos="DET" frMUSAS="Z5">un</w><w frlemma="jeune" frpos="ADJ" frMUSAS="T3-">jeune</w><w frlemma="parisien" frpos="NOUN" frMUSAS="Z2">parisien</w><w frlemma="," frpos="PUNCT" frMUSAS="PUNCT">,</w><w frlemma="mordre" frpos="VERB" frMUSAS="Z99">mordant</w><w frlemma="peu" frpos="ADV" frMUSAS="A13.7">peu</w><w frlemma="à" frpos="ADP" frMUSAS="Z5">à</w><w frlemma="peu" frpos="ADV" frMUSAS="A13.7">peu</w><w frlemma="à" frpos="ADP" frMUSAS="Z5">à</w><w frlemma="le" frpos="DET" frMUSAS="Z5">l'</w><w frlemma="égyptologie" frpos="NOUN" frMUSAS="Z99">égyptologie</w><w frlemma="," frpos="PUNCT" frMUSAS="PUNCT">,</w><w frlemma="depuis" frpos="ADP" frMUSAS="Z5">depuis</w><w frlemma="le" frpos="DET" frMUSAS="Z5">le</w><w frlemma="Lycée" frpos="PROPN" frMUSAS="Z99">Lycée</w><w frlemma="condorcet" frpos="NOUN" frMUSAS="Z99">Condorcet</w><w frlemma="où" frpos="PRON" frMUSAS="Z8">où</w><w frlemma="il" frpos="PRON" frMUSAS="Z8">il</w><w frlemma="avoir" frpos="AUX" frMUSAS="A9+">avait</w><w frlemma="passer" frpos="VERB" frMUSAS="M1">passé</w><w frlemma="un" frpos="DET" frMUSAS="Z5">un</w><w frlemma="baccalauréat" frpos="NOUN" frMUSAS="Z99">baccalauréat</w><w frlemma="en" frpos="ADP" frMUSAS="Z5">en</w><w frlemma="lettre" frpos="NOUN" frMUSAS="Q1.2">lettres</w><w frlemma="classique" frpos="ADJ" frMUSAS="A4.1">classiques</w><w frlemma="," frpos="PUNCT" frMUSAS="PUNCT">,</w><w frlemma="jusque" frpos="ADP" frMUSAS="Z5">jusqu'</w><w frlemma="à" frpos="ADP" frMUSAS="Z5">à</w><w frlemma="le" frpos="DET" frMUSAS="Z5">la</w><w frlemma="Sorbonne" frpos="PROPN" frMUSAS="Z99">Sorbonne</w><w frlemma="où" frpos="PRON" frMUSAS="Z8">où</w><w frlemma="il" frpos="PRON" frMUSAS="Z8">il</w><w frlemma="avoir" frpos="AUX" frMUSAS="A9+">avait</w><w frlemma="obtenir" frpos="VERB" frMUSAS="Z99">obtenu</w><w frlemma="licence" frpos="NOUN" frMUSAS="Z99">licence</w><w frlemma="et" frpos="CCONJ" frMUSAS="Z5">et</w><w frlemma="diplôme" frpos="NOUN" frMUSAS="Z99">diplôme</w><w frlemma="de" frpos="ADP" frMUSAS="Z5">d'</w><w frlemma="étude" frpos="NOUN" frMUSAS="P1">études</w><w frlemma="supérieur" frpos="ADJ" frMUSAS="A5.1++">supérieure</w><w frlemma="et" frpos="CCONJ" frMUSAS="Z5">et</w><w frlemma="le" frpos="DET" frMUSAS="Z5">la</w><w frlemma="section" frpos="NOUN" frMUSAS="A1.1.1">section</w><w frlemma="de" frpos="ADP" frMUSAS="Z5">des</w><w frlemma="science" frpos="NOUN" frMUSAS="Y1">sciences</w><w frlemma="religieux" frpos="ADJ" frMUSAS="S9">religieuses</w><w frlemma="de" frpos="ADP" frMUSAS="Z5">de</w><w frlemma="le" frpos="DET" frMUSAS="Z5">l'</w><w frlemma="école" frpos="NOUN" frMUSAS="P1">École</w><w frlemma="pratique" frpos="ADJ" frMUSAS="Z99">pratique</w><w frlemma="de" frpos="ADP" frMUSAS="Z5">des</w><w frlemma="haute" frpos="NOUN" frMUSAS="Z99">hautes</w><w frlemma="étude" frpos="ADJ" frMUSAS="P1">études</w><w frlemma="." frpos="PUNCT" frMUSAS="PUNCT">.</w><w frlemma="là" frpos="ADV" frMUSAS="Z99">Là</w><w frlemma="," frpos="PUNCT" frMUSAS="PUNCT">,</w><w frlemma="en" frpos="ADP" frMUSAS="Z5">en</w><w frlemma="compagnie" frpos="NOUN" frMUSAS="I2.1/S5+c">compagnie</w><w frlemma="de" frpos="ADP" frMUSAS="Z5">de</w><w frlemma="Jean" frpos="PROPN" frMUSAS="Z99">Jean</w><w frlemma="Leclant" frpos="PROPN" frMUSAS="Z99">Leclant</w><w frlemma="," frpos="PUNCT" frMUSAS="PUNCT">,</w><w frlemma="Jean" frpos="PROPN" frMUSAS="Z99">Jean</w><w frlemma="Yoyotte" frpos="PROPN" frMUSAS="Z99">Yoyotte</w><w frlemma="," frpos="PUNCT" frMUSAS="PUNCT">,</w><w frlemma="François" frpos="PROPN" frMUSAS="Z99">François</w><w frlemma="Daumas" frpos="PROPN" frMUSAS="Z99">Daumas</w><w frlemma="," frpos="PUNCT" frMUSAS="PUNCT">,</w><w frlemma="pouvoir" frpos="CCONJ" frMUSAS="Z99">puis</w><w frlemma="Serge" frpos="PROPN" frMUSAS="Z99">Serge</w><w frlemma="Sauneron" frpos="PROPN" frMUSAS="Z99">Sauneron</w><w frlemma="et" frpos="CCONJ" frMUSAS="Z5">et</w><w frlemma="Adolphe" frpos="PROPN" frMUSAS="Z99">Adolphe</w><w frlemma="Gutbub" frpos="PROPN" frMUSAS="Z99">Gutbub</w><w frlemma="," frpos="PUNCT" frMUSAS="PUNCT">,</w><w frlemma="il" frpos="PRON" frMUSAS="Z8">il</w><w frlemma="avoir" frpos="AUX" frMUSAS="A9+">avait</w><w frlemma="suivre" frpos="VERB" frMUSAS="M1">suivi</w><w frlemma="le" frpos="DET" frMUSAS="Z5">les</w><w frlemma="cours" frpos="NOUN" frMUSAS="M1">cours</w><w frlemma="de" frpos="ADP" frMUSAS="Z5">de</w><w frlemma="Gustave" frpos="PROPN" frMUSAS="Z99">Gustave</w><w frlemma="Lefebvre" frpos="PROPN" frMUSAS="Z99">Lefebvre</w><w frlemma="que" frpos="PRON" frMUSAS="Z8">qu'</w><w frlemma="il" frpos="PRON" frMUSAS="Z8">il</w><w frlemma="considérer" frpos="VERB" frMUSAS="X2.1">considérait</w><w frlemma="comme" frpos="ADP" frMUSAS="Z5">comme</w><w frlemma="«" frpos="NUM" frMUSAS="N1">«</w><w frlemma="son" frpos="DET" frMUSAS="Z5">son</w><w frlemma="maître" frpos="NOUN" frMUSAS="S7.1+/S2.2m">Maître</w><w frlemma="»" frpos="PUNCT" frMUSAS="PUNCT">»</w><w frlemma="en" frpos="ADP" frMUSAS="Z5">en</w><w frlemma="grammaire" frpos="NOUN" frMUSAS="Z99">grammaire</w><w frlemma="égyptien" frpos="ADJ" frMUSAS="Z2/S2mf">égyptienne</w><w frlemma="," frpos="PUNCT" frMUSAS="PUNCT">,</w><w frlemma="Jean" frpos="PROPN" frMUSAS="Z99">Jean</w><w frlemma="Sainte" frpos="PROPN" frMUSAS="Z99">Sainte</w><w frlemma="Fare" frpos="PROPN" frMUSAS="Z99">Fare</w><w frlemma="Garnot" frpos="PROPN" frMUSAS="Z99">Garnot</w><w frlemma="," frpos="PUNCT" frMUSAS="PUNCT">,</w><w frlemma="Georges" frpos="PROPN" frMUSAS="Z99">Georges</w><w frlemma="Posener" frpos="PROPN" frMUSAS="Z99">Posener</w><w frlemma="," frpos="PUNCT" frMUSAS="PUNCT">,</w><w frlemma="Jacques" frpos="PROPN" frMUSAS="Z99">Jacques</w><w frlemma="Jean" frpos="PROPN" frMUSAS="Z99">Jean</w><w frlemma="Clère" frpos="PROPN" frMUSAS="Z99">Clère</w><w frlemma="et" frpos="CCONJ" frMUSAS="Z5">et</w><w frlemma="Michel" frpos="PROPN" frMUSAS="Z99">Michel</w><w frlemma="Malinine" frpos="PROPN" frMUSAS="Z99">Malinine</w><w frlemma="," frpos="PUNCT" frMUSAS="PUNCT">,</w><w frlemma="acquérir" frpos="VERB" frMUSAS="A9+">acquérant</w><w frlemma="ainsi" frpos="ADV" frMUSAS="Z5/A2.2">ainsi</w><w frlemma="un" frpos="DET" frMUSAS="Z5">une</w><w frlemma="formation" frpos="NOUN" frMUSAS="P1">formation</w><w frlemma="solide" frpos="ADJ" frMUSAS="O1.1">solide</w><w frlemma="et" frpos="CCONJ" frMUSAS="Z5">et</w><w frlemma="complet" frpos="ADJ" frMUSAS="Z99">complète</w><w frlemma="en" frpos="ADP" frMUSAS="Z5">en</w><w frlemma="égyptien" frpos="NOUN" frMUSAS="Z2/S2mf">égyptien</w><w frlemma="ancien" frpos="ADJ" frMUSAS="Z99">ancien</w><w frlemma="de" frpos="ADP" frMUSAS="Z5">de</w><w frlemma="tout" frpos="ADJ" frMUSAS="Z8">toutes</w><w frlemma="le" frpos="DET" frMUSAS="Z5">les</w><w frlemma="période" frpos="NOUN" frMUSAS="T1.3">périodes</w><w frlemma="." frpos="PUNCT" frMUSAS="PUNCT">.</w><w frlemma="cependant" frpos="ADV" frMUSAS="A13.1">Cependant</w><w frlemma="," frpos="PUNCT" frMUSAS="PUNCT">,</w><w frlemma="il" frpos="PRON" frMUSAS="Z8">il</w><w frlemma="avoir" frpos="AUX" frMUSAS="A9+">avait</w><w frlemma="trouver" frpos="VERB" frMUSAS="A10+">trouvé</w><w frlemma="un" frpos="DET" frMUSAS="Z5">un</w><w frlemma="emploi" frpos="NOUN" frMUSAS="Z99">emploi</w><w frlemma="de" frpos="ADP" frMUSAS="Z5">de</w><w frlemma="professeur" frpos="NOUN" frMUSAS="Z99">professeur</w><w frlemma="dans" frpos="ADP" frMUSAS="Z5">dans</w><w frlemma="un" frpos="DET" frMUSAS="Z5">une</w><w frlemma="école" frpos="NOUN" frMUSAS="P1">école</w><w frlemma="priver" frpos="VERB" frMUSAS="A9-">privée</w><w frlemma="où" frpos="PRON" frMUSAS="Z8">où</w><w frlemma="il" frpos="PRON" frMUSAS="Z8">il</w><w frlemma="enseigner" frpos="VERB" frMUSAS="P1">enseigna</w><w frlemma="le" frpos="DET" frMUSAS="Z5">les</w><w frlemma="lettre" frpos="NOUN" frMUSAS="Q1.2">lettres</w><w frlemma="jusque" frpos="ADP" frMUSAS="Z5">jusqu'</w><w frlemma="en" frpos="ADP" frMUSAS="Z5">en</w><w frlemma="1946" frpos="NUM" frMUSAS="N1">1946</w><w frlemma="." frpos="PUNCT" frMUSAS="PUNCT">.</w><w frlemma="il" frpos="PRON" frMUSAS="Z8">Il</w><w frlemma="avoir" frpos="VERB" frMUSAS="A9+">avait</w><w frlemma="32" frpos="NUM" frMUSAS="N1">32</w><w frlemma="an" frpos="NOUN" frMUSAS="T1.3">ans</w><w frlemma="lorsque" frpos="SCONJ" frMUSAS="Z5">lorsque</w><w frlemma="," frpos="PUNCT" frMUSAS="PUNCT">,</w><w frlemma="sur" frpos="ADP" frMUSAS="Z5">sur</w><w frlemma="le" frpos="DET" frMUSAS="Z5">la</w><w frlemma="recommandation" frpos="NOUN" frMUSAS="Q2.2">recommandation</w><w frlemma="de" frpos="ADP" frMUSAS="Z5">de</w><w frlemma="Gustave" frpos="PROPN" frMUSAS="Z99">Gustave</w><w frlemma="Lefebvre" frpos="PROPN" frMUSAS="Z99">Lefebvre</w><w frlemma="," frpos="PUNCT" frMUSAS="PUNCT">,</w><w frlemma="il" frpos="PRON" frMUSAS="Z8">il</w><w frlemma="être" frpos="AUX" frMUSAS="Z99">fut</w><w frlemma="nommer" frpos="VERB" frMUSAS="Z99">nommé</w><w frlemma="membre" frpos="NOUN" frMUSAS="S5+/S2mf">membre</w><w frlemma="scientifique" frpos="ADJ" frMUSAS="Y1">scientifique</w><w frlemma="de" frpos="ADP" frMUSAS="Z5">de</w><w frlemma="le" frpos="DET" frMUSAS="Z5">l'</w><w frlemma="Institut" frpos="PROPN" frMUSAS="P1/S5+c">Institut</w><w frlemma="français" frpos="ADJ" frMUSAS="Z2">français</w><w frlemma="de" frpos="ADP" frMUSAS="Z5">d'</w><w frlemma="archéologie" frpos="NOUN" frMUSAS="Z99">archéologie</w><w frlemma="oriental" frpos="ADJ" frMUSAS="Z99">orientale</w><w frlemma="de" frpos="ADP" frMUSAS="Z5">du</w><w frlemma="caire" frpos="NOUN" frMUSAS="Z99">Caire</w><w frlemma="où" frpos="PRON" frMUSAS="Z8">où</w><w frlemma="il" frpos="PRON" frMUSAS="Z8">il</w><w frlemma="rester" frpos="VERB" frMUSAS="M8">restera</w><w frlemma="jusque" frpos="ADP" frMUSAS="Z5">jusqu'</w><w frlemma="en" frpos="ADP" frMUSAS="Z5">en</w><w frlemma="1952" frpos="NUM" frMUSAS="N1">1952</w><w frlemma="." frpos="PUNCT" frMUSAS="PUNCT">.</w><w frlemma="surtout" frpos="ADV" frMUSAS="Z99">Surtout</w><w frlemma="passionner" frpos="ADJ" frMUSAS="Z99">passionné</w><w frlemma="jusque-là" frpos="ADV" frMUSAS="Z99">jusque-là</w><w frlemma="par" frpos="ADP" frMUSAS="M6">par</w><w frlemma="le" frpos="DET" frMUSAS="Z5">les</w><w frlemma="texte" frpos="NOUN" frMUSAS="Q1.2">textes</w><w frlemma="et" frpos="CCONJ" frMUSAS="Z5">et</w><w frlemma="," frpos="PUNCT" frMUSAS="PUNCT">,</w><w frlemma="plus" frpos="ADV" frMUSAS="Z5">plus</w><w frlemma="particulièrement" frpos="ADV" frMUSAS="A13.3">particulièrement</w><w frlemma="le" frpos="DET" frMUSAS="Z5">les</w><w frlemma="texte" frpos="NOUN" frMUSAS="Q1.2">textes</w><w frlemma="funéraire" frpos="ADJ" frMUSAS="Z99">funéraires</w><w frlemma="," frpos="PUNCT" frMUSAS="PUNCT">,</w><w frlemma="ce" frpos="PRON" frMUSAS="Z8">ce</w><w frlemma="qui" frpos="PRON" frMUSAS="Z8">qui</w><w frlemma="le" frpos="PRON" frMUSAS="Z8">l'</w><w frlemma="avoir" frpos="AUX" frMUSAS="A9+">avait</w><w frlemma="conduire" frpos="VERB" frMUSAS="Z99">conduit</w><w frlemma="à" frpos="ADP" frMUSAS="Z5">à</w><w frlemma="se" frpos="PRON" frMUSAS="Z8">se</w><w frlemma="rendre" frpos="VERB" frMUSAS="Z99">rendre</w><w frlemma="à" frpos="ADP" frMUSAS="Z5">à</w><w frlemma="Leyde" frpos="PROPN" frMUSAS="Z99">Leyde</w><w frlemma="auprès" frpos="ADV" frMUSAS="Z99">auprès</w><w frlemma="de" frpos="ADP" frMUSAS="Z5">d'</w><w frlemma="Adriaan" frpos="PROPN" frMUSAS="Z99">Adriaan</w><w frlemma="de" frpos="ADP" frMUSAS="Z5">De</w><w frlemma="buck" frpos="NOUN" frMUSAS="Z99">Buck</w><w frlemma="au" frpos="ADP" frMUSAS="Z5">au</w><pb n="8"/><w frlemma="moment" frpos="NOUN" frMUSAS="T1.2">moment</w><w frlemma="où" frpos="PRON" frMUSAS="Z8">où</w><w frlemma="ce" frpos="DET" frMUSAS="Z5">ce</w><w frlemma="dernier" frpos="ADJ" frMUSAS="N4">dernier</w><w frlemma="commencer" frpos="VERB" frMUSAS="Z99">commençait</w><w frlemma="à" frpos="ADP" frMUSAS="Z5">à</w><w frlemma="rassembler" frpos="VERB" frMUSAS="Z99">rassembler</w><w frlemma="le" frpos="DET" frMUSAS="Z5">l'</w><w frlemma="ensemble" frpos="NOUN" frMUSAS="Z99">ensemble</w><w frlemma="de" frpos="ADP" frMUSAS="Z5">des</w><w frlemma="Coffin" frpos="PROPN" frMUSAS="Z99">Coffin</w><w frlemma="Texts" frpos="PROPN" frMUSAS="Z99">Texts</w><w frlemma="pour" frpos="ADP" frMUSAS="Z5">pour</w><w frlemma="en" frpos="PRON" frMUSAS="Z8">en</w><w frlemma="faire" frpos="VERB" frMUSAS="Z99">faire</w><w frlemma="un" frpos="DET" frMUSAS="Z5">une</w><w frlemma="publication" frpos="NOUN" frMUSAS="Q4">publication</w><w frlemma="comparatif" frpos="ADJ" frMUSAS="Z99">comparative</w><w frlemma="," frpos="PUNCT" frMUSAS="PUNCT">,</w><w frlemma="son" frpos="DET" frMUSAS="Z5">son</w><w frlemma="départ" frpos="NOUN" frMUSAS="M1">départ</w><w frlemma="pour" frpos="ADP" frMUSAS="Z5">pour</w><w frlemma="le" frpos="DET" frMUSAS="Z5">l'</w><w frlemma="égypte" frpos="NOUN" frMUSAS="Z99">Égypte</w><w frlemma="constituer" frpos="ADV" frMUSAS="A3+">constitua</w><w frlemma="un" frpos="DET" frMUSAS="Z5">un</w><w frlemma="tournant" frpos="NOUN" frMUSAS="Z99">tournant</w><w frlemma="majeur" frpos="ADJ" frMUSAS="A11.1+">majeur</w><w frlemma="de" frpos="ADP" frMUSAS="Z5">de</w><w frlemma="son" frpos="DET" frMUSAS="Z5">sa</w><w frlemma="vie" frpos="NOUN" frMUSAS="L1+">vie</w><w frlemma="." frpos="PUNCT" frMUSAS="PUNCT">.</w><w frlemma="sensible" frpos="NOUN" frMUSAS="X2.5+/E1">Sensible</w><w frlemma="au" frpos="ADP" frMUSAS="Z5">au</w><w frlemma="chant" frpos="NOUN" frMUSAS="K2">chant</w><w frlemma="de" frpos="ADP" frMUSAS="Z5">du</w><w frlemma="muezzin" frpos="NOUN" frMUSAS="Z99">muezzin</w><w frlemma="comme" frpos="ADP" frMUSAS="Z5">comme</w><w frlemma="au" frpos="ADP" frMUSAS="Z5">au</w><w frlemma="charme" frpos="NOUN" frMUSAS="O4.2+">charme</w><w frlemma="de" frpos="ADP" frMUSAS="Z5">des</w><w frlemma="site" frpos="NOUN" frMUSAS="M6">sites</w><w frlemma="archéologique" frpos="ADJ" frMUSAS="Z99">archéologiques</w><w frlemma="où" frpos="PRON" frMUSAS="Z8">où</w><w frlemma="il" frpos="PRON" frMUSAS="Z8">il</w><w frlemma="avoir" frpos="VERB" frMUSAS="A9+">eut</w><w frlemma="le" frpos="DET" frMUSAS="Z5">l'</w><w frlemma="occasion" frpos="NOUN" frMUSAS="Z99">occasion</w><w frlemma="de" frpos="ADP" frMUSAS="Z5">de</w><w frlemma="se" frpos="PRON" frMUSAS="Z8">se</w><w frlemma="rendre" frpos="VERB" frMUSAS="Z99">rendre</w><w frlemma="," frpos="PUNCT" frMUSAS="PUNCT">,</w><w frlemma="il" frpos="PRON" frMUSAS="Z8">il</w><w frlemma="garder" frpos="VERB" frMUSAS="A9+">garda</w><w frlemma="de" frpos="ADP" frMUSAS="Z5">de</w><w frlemma="ce" frpos="DET" frMUSAS="Z5">ces</w><w frlemma="année" frpos="NOUN" frMUSAS="T1.3">années</w><w frlemma="privilégier" frpos="VERB" frMUSAS="E2++">privilégiées</w><w frlemma="un" frpos="DET" frMUSAS="Z5">un</w><w frlemma="souvenir" frpos="NOUN" frMUSAS="Z99">souvenir</w><w frlemma="déterminer" frpos="VERB" frMUSAS="Z99">déterminant</w><w frlemma="." frpos="PUNCT" frMUSAS="PUNCT">.</w><w frlemma="malgré" frpos="ADP" frMUSAS="Z5">Malgré</w><w frlemma="son" frpos="DET" frMUSAS="Z5">sa</w><w frlemma="familiarité" frpos="NOUN" frMUSAS="Z99">familiarité</w><w frlemma="avec" frpos="ADP" frMUSAS="Z5">avec</w><w frlemma="le" frpos="DET" frMUSAS="Z5">les</w><w frlemma="collection" frpos="NOUN" frMUSAS="Z99">collections</w><w frlemma="de" frpos="ADP" frMUSAS="Z5">du</w><w frlemma="département" frpos="NOUN" frMUSAS="H2/S5+c">département</w><w frlemma="de" frpos="ADP" frMUSAS="Z5">des</w><w frlemma="antiquité" frpos="NOUN" frMUSAS="Z99">antiquités</w><w frlemma="égyptien" frpos="ADJ" frMUSAS="Z2/S2mf">égyptiennes</w><w frlemma="de" frpos="ADP" frMUSAS="Z5">du</w><w frlemma="musée" frpos="NOUN" frMUSAS="T1.1.1/H1c">musée</w><w frlemma="de" frpos="ADP" frMUSAS="Z5">du</w><w frlemma="Louvre" frpos="PROPN" frMUSAS="Z99">Louvre</w><w frlemma="," frpos="PUNCT" frMUSAS="PUNCT">,</w><w frlemma="le" frpos="DET" frMUSAS="Z5">la</w><w frlemma="découverte" frpos="NOUN" frMUSAS="A10+">découverte</w><w frlemma="de" frpos="ADP" frMUSAS="Z5">du</w><w frlemma="musée" frpos="NOUN" frMUSAS="T1.1.1/H1c">musée</w><w frlemma="de" frpos="ADP" frMUSAS="Z5">du</w><w frlemma="caire" frpos="NOUN" frMUSAS="Z99">Caire</w><w frlemma="le" frpos="DET" frMUSAS="Z5">le</w><w frlemma="frappa" frpos="NOUN" frMUSAS="Z99">frappa</w><w frlemma="profondément" frpos="ADV" frMUSAS="Z99">profondément</w><w frlemma="." frpos="PUNCT" frMUSAS="PUNCT">.</w><w frlemma="avant" frpos="ADP" frMUSAS="Z5">Avant</w><w frlemma="son" frpos="DET" frMUSAS="Z5">son</w><w frlemma="départ" frpos="NOUN" frMUSAS="M1">départ</w><w frlemma="pour" frpos="ADP" frMUSAS="Z5">pour</w><w frlemma="Louqsor" frpos="PROPN" frMUSAS="Z99">Louqsor</w><w frlemma="qui" frpos="PRON" frMUSAS="Z8">qui</w><w frlemma="aller" frpos="VERB" frMUSAS="M1">allait</w><w frlemma="devenir" frpos="VERB" frMUSAS="A2.1+">devenir</w><w frlemma="pour" frpos="ADP" frMUSAS="Z5">pour</w><w frlemma="luire" frpos="PRON" frMUSAS="Z8">lui</w><w frlemma="un" frpos="DET" frMUSAS="Z5">une</w><w frlemma="terre" frpos="NOUN" frMUSAS="Z99">terre</w><w frlemma="de" frpos="ADP" frMUSAS="Z5">de</w><w frlemma="prédilection" frpos="NOUN" frMUSAS="Z99">prédilection</w><w frlemma="," frpos="PUNCT" frMUSAS="PUNCT">,</w><w frlemma="il" frpos="PRON" frMUSAS="Z8">il</w><w frlemma="retenir" frpos="VERB" frMUSAS="Z99">retint</w><w frlemma="surtout" frpos="ADV" frMUSAS="Z99">surtout</w><w frlemma="le" frpos="DET" frMUSAS="Z5">l'</w><w frlemma="image" frpos="NOUN" frMUSAS="Z99">image</w><w frlemma="de" frpos="ADP" frMUSAS="Z5">de</w><w frlemma="le" frpos="DET" frMUSAS="Z5">la</w><w frlemma="traversée" frpos="NOUN" frMUSAS="M1">traversée</w><w frlemma="de" frpos="ADP" frMUSAS="Z5">de</w><w frlemma="le" frpos="DET" frMUSAS="Z5">la</w><w frlemma="somptueux" frpos="ADJ" frMUSAS="Z99">somptueuse</w><w frlemma="palmeraie" frpos="NOUN" frMUSAS="Z99">palmeraie</w><w frlemma="de" frpos="ADP" frMUSAS="Z5">de</w><w frlemma="memphi" frpos="NOUN" frMUSAS="Z99">Memphis</w><w frlemma="et" frpos="CCONJ" frMUSAS="Z5">et</w><w frlemma="de" frpos="ADP" frMUSAS="Z5">de</w><w frlemma="le" frpos="DET" frMUSAS="Z5">la</w><w frlemma="visite" frpos="NOUN" frMUSAS="S1.1.1">visite</w><w frlemma="passionnant" frpos="ADJ" frMUSAS="Z99">passionnante</w><w frlemma="de" frpos="ADP" frMUSAS="Z5">du</w><w frlemma="complexe" frpos="NOUN" frMUSAS="A12-">complexe</w><w frlemma="de" frpos="ADP" frMUSAS="Z5">de</w><w frlemma="djéser" frpos="VERB" frMUSAS="Z99">Djéser</w><w frlemma="à" frpos="ADP" frMUSAS="Z5">à</w><w frlemma="saqqara" frpos="NOUN" frMUSAS="Z99">Saqqara</w><w frlemma="que" frpos="SCONJ" frMUSAS="Z5">que</w><w frlemma="Jean-Philippe" frpos="PROPN" frMUSAS="Z99">Jean-Philippe</w><w frlemma="Lauer" frpos="PROPN" frMUSAS="Z99">Lauer</w><w frlemma="avoir" frpos="AUX" frMUSAS="A9+">avait</w><w frlemma="réserver" frpos="VERB" frMUSAS="Z99">réservée</w><w frlemma="à" frpos="ADP" frMUSAS="Z5">aux</w><w frlemma="pensionnaire" frpos="NOUN" frMUSAS="Z99">pensionnaires</w><w frlemma="de" frpos="ADP" frMUSAS="Z5">de</w><w frlemma="le" frpos="DET" frMUSAS="Z5">l'</w><w frlemma="ifao" frpos="NOUN" frMUSAS="Z99">Ifao</w><w frlemma="." frpos="PUNCT" frMUSAS="PUNCT">.</w><w frlemma="mais" frpos="CCONJ" frMUSAS="Z5">Mais</w><w frlemma="ce" frpos="PRON" frMUSAS="Z8">c'</w><w frlemma="être" frpos="VERB" frMUSAS="M6">est</w><w frlemma="à" frpos="ADP" frMUSAS="Z5">à</w><w frlemma="karnak" frpos="NOUN" frMUSAS="Z99">Karnak</w><w frlemma="que" frpos="SCONJ" frMUSAS="Z5">que</w><w frlemma="Paul" frpos="PROPN" frMUSAS="Z99">Paul</w><w frlemma="Barguet" frpos="PROPN" frMUSAS="Z99">Barguet</w><w frlemma="aller" frpos="VERB" frMUSAS="M1">va</w><w frlemma="trouver" frpos="VERB" frMUSAS="A10+">trouver</w><w frlemma="son" frpos="DET" frMUSAS="Z5">son</w><w frlemma="terrain" frpos="NOUN" frMUSAS="Z99">terrain</w><w frlemma="de" frpos="ADP" frMUSAS="Z5">d'</w><w frlemma="action" frpos="NOUN" frMUSAS="A1.1.1">action</w><w frlemma="," frpos="PUNCT" frMUSAS="PUNCT">,</w><w frlemma="de" frpos="ADP" frMUSAS="Z5">d'</w><w frlemma="abord" frpos="NOUN" frMUSAS="Z99">abord</w><w frlemma="sur" frpos="ADP" frMUSAS="Z5">sur</w><w frlemma="le" frpos="DET" frMUSAS="Z5">le</w><w frlemma="chantier" frpos="NOUN" frMUSAS="Z99">chantier</w><w frlemma="de" frpos="ADP" frMUSAS="Z5">de</w><w frlemma="le" frpos="DET" frMUSAS="Z5">l'</w><w frlemma="Institut" frpos="PROPN" frMUSAS="P1/S5+c">Institut</w><w frlemma="à" frpos="ADP" frMUSAS="Z5">à</w><w frlemma="Karnak" frpos="PROPN" frMUSAS="Z99">Karnak</w><w frlemma="-" frpos="PROPN" frMUSAS="Z99">-</w><w frlemma="Nord" frpos="PROPN" frMUSAS="M6">Nord</w><w frlemma="," frpos="PUNCT" frMUSAS="PUNCT">,</w><w frlemma="dans" frpos="ADP" frMUSAS="Z5">dans</w><w frlemma="le" frpos="DET" frMUSAS="Z5">le</w><w frlemma="domaine" frpos="NOUN" frMUSAS="Z99">domaine</w><w frlemma="de" frpos="ADP" frMUSAS="Z5">de</w><w frlemma="Montou" frpos="PROPN" frMUSAS="Z99">Montou</w><w frlemma="où" frpos="PRON" frMUSAS="Z8">où</w><w frlemma="il" frpos="PRON" frMUSAS="Z8">il</w><w frlemma="apprendre" frpos="VERB" frMUSAS="X2.3+">apprit</w><w frlemma="auprès" frpos="ADV" frMUSAS="Z99">auprès</w><w frlemma="de" frpos="ADP" frMUSAS="Z5">de</w><w frlemma="clément" frpos="NOUN" frMUSAS="Z99">Clément</w><w frlemma="Robichon" frpos="PROPN" frMUSAS="Z99">Robichon</w><w frlemma="le" frpos="DET" frMUSAS="Z5">les</w><w frlemma="premier" frpos="ADJ" frMUSAS="N4">premiers</w><w frlemma="rudiment" frpos="NOUN" frMUSAS="Z99">rudiments</w><w frlemma="de" frpos="ADP" frMUSAS="Z5">du</w><w frlemma="métier" frpos="NOUN" frMUSAS="Z99">métier</w><w frlemma="de" frpos="ADP" frMUSAS="Z5">d'</w><w frlemma="archéologue" frpos="NOUN" frMUSAS="Z99">archéologue</w><w frlemma="." frpos="PUNCT" frMUSAS="PUNCT">.</w><w frlemma="tout" frpos="ADJ" frMUSAS="Z8">Tous</w><w frlemma="le" frpos="DET" frMUSAS="Z5">les</w><w frlemma="matin" frpos="NOUN" frMUSAS="T1.3">matins</w><w frlemma="," frpos="PUNCT" frMUSAS="PUNCT">,</w><w frlemma="en" frpos="ADP" frMUSAS="Z5">en</w><w frlemma="compagnie" frpos="NOUN" frMUSAS="I2.1/S5+c">compagnie</w><w frlemma="de" frpos="ADP" frMUSAS="Z5">de</w><w frlemma="Jean" frpos="PROPN" frMUSAS="Z99">Jean</w><w frlemma="Leclant" frpos="PROPN" frMUSAS="Z99">Leclant</w><w frlemma="," frpos="PUNCT" frMUSAS="PUNCT">,</w><w frlemma="il" frpos="PRON" frMUSAS="Z8">il</w><w frlemma="inventorier" frpos="VERB" frMUSAS="Z99">inventoriait</w><w frlemma="le" frpos="DET" frMUSAS="Z5">les</w><w frlemma="bloc" frpos="NOUN" frMUSAS="A10-">blocs</w><w frlemma="inscrit" frpos="ADJ" frMUSAS="Z99">inscrits</w><w frlemma="qui" frpos="PRON" frMUSAS="Z8">qui</w><w frlemma="sortir" frpos="VERB" frMUSAS="Z99">sortaient</w><w frlemma="de" frpos="ADP" frMUSAS="Z5">de</w><w frlemma="le" frpos="DET" frMUSAS="Z5">la</w><w frlemma="fouille" frpos="NOUN" frMUSAS="Z99">fouille</w><w frlemma="de" frpos="ADP" frMUSAS="Z5">des</w><w frlemma="fondation" frpos="NOUN" frMUSAS="T2+">fondations</w><w frlemma="de" frpos="ADP" frMUSAS="Z5">du</w><w frlemma="temple" frpos="NOUN" frMUSAS="S9/H1">temple</w><w frlemma="sou" frpos="ADP" frMUSAS="A13.6">sous</w><w frlemma="le" frpos="DET" frMUSAS="Z5">la</w><w frlemma="conduite" frpos="NOUN" frMUSAS="Z99">conduite</w><w frlemma="avertie" frpos="NOUN" frMUSAS="Z99">avertie</w><w frlemma="de" frpos="ADP" frMUSAS="Z5">du</w><w frlemma="raïs" frpos="NOUN" frMUSAS="Z99">raïs</w><w frlemma="Mahmoud" frpos="PROPN" frMUSAS="Z99">Mahmoud</w><w frlemma="." frpos="PUNCT" frMUSAS="PUNCT">.</w><w frlemma="il" frpos="PRON" frMUSAS="Z8">Il</w><w frlemma="avoir" frpos="VERB" frMUSAS="A9+">eut</w><w frlemma="le" frpos="DET" frMUSAS="Z5">l'</w><w frlemma="opportunité" frpos="NOUN" frMUSAS="Z99">opportunité</w><w frlemma="de" frpos="ADP" frMUSAS="Z5">d'</w><w frlemma="assister" frpos="VERB" frMUSAS="Z99">assister</w><w frlemma="à" frpos="ADP" frMUSAS="Z5">à</w><w frlemma="le" frpos="DET" frMUSAS="Z5">la</w><w frlemma="découverte" frpos="NOUN" frMUSAS="A10+">découverte</w><w frlemma="de" frpos="ADP" frMUSAS="Z5">des</w><w frlemma="grand" frpos="ADJ" frMUSAS="Z99">grandes</w><w frlemma="statue" frpos="NOUN" frMUSAS="C1">statues</w><w frlemma="de" frpos="ADP" frMUSAS="Z5">d'</w><w frlemma="Amenhotep" frpos="PROPN" frMUSAS="Z99">Amenhotep</w><w frlemma="iii" frpos="NOUN" frMUSAS="Z99">III</w><w frlemma="dont" frpos="PRON" frMUSAS="Z8">dont</w><w frlemma="le" frpos="DET" frMUSAS="Z5">les</w><w frlemma="quarante" frpos="NUM" frMUSAS="N1">quarante</w><w frlemma="mille" frpos="NUM" frMUSAS="Z5">mille</w><w frlemma="fragment" frpos="NOUN" frMUSAS="Z99">fragments</w><w frlemma="mettre" frpos="VERB" frMUSAS="Z99">mis</w><w frlemma="au" frpos="ADP" frMUSAS="Z5">au</w><w frlemma="jour" frpos="NOUN" frMUSAS="T1.3">jour</w><w frlemma="," frpos="PUNCT" frMUSAS="PUNCT">,</w><w frlemma="remonter" frpos="VERB" frMUSAS="Z99">remontés</w><w frlemma="par" frpos="ADP" frMUSAS="M6">par</w><w frlemma="Clément" frpos="PROPN" frMUSAS="Z99">Clément</w><w frlemma="Robichon" frpos="PROPN" frMUSAS="Z99">Robichon</w><w frlemma="quelque" frpos="DET" frMUSAS="A13.5">quelques</w><w frlemma="année" frpos="NOUN" frMUSAS="T1.3">années</w><w frlemma="plus" frpos="ADV" frMUSAS="Z5">plus</w><w frlemma="tard" frpos="ADV" frMUSAS="T4-">tard</w><w frlemma="," frpos="PUNCT" frMUSAS="PUNCT">,</w><w frlemma="faire" frpos="VERB" frMUSAS="Z99">font</w><w frlemma="aujourd'hui" frpos="ADV" frMUSAS="Z99">aujourd'hui</w><w frlemma="le" frpos="DET" frMUSAS="Z5">l'</w><w frlemma="admiration" frpos="NOUN" frMUSAS="S7.2+">admiration</w><w frlemma="de" frpos="ADP" frMUSAS="Z5">des</w><w frlemma="visiteur" frpos="NOUN" frMUSAS="S1.1.1/S2mf">visiteurs</w><w frlemma="de" frpos="ADP" frMUSAS="Z5">du</w><w frlemma="musée" frpos="NOUN" frMUSAS="T1.1.1/H1c">musée</w><w frlemma="de" frpos="ADP" frMUSAS="Z5">de</w><w frlemma="Louqsor" frpos="PROPN" frMUSAS="Z99">Louqsor</w><w frlemma="." frpos="PUNCT" frMUSAS="PUNCT">.</w><w frlemma="après" frpos="ADP" frMUSAS="Z5">Après</w><w frlemma="le" frpos="DET" frMUSAS="Z5">le</w><w frlemma="déjeuner" frpos="NOUN" frMUSAS="Z99">déjeuner</w><w frlemma="," frpos="PUNCT" frMUSAS="PUNCT">,</w><w frlemma="le" frpos="DET" frMUSAS="Z5">le</w><w frlemma="jeune" frpos="ADJ" frMUSAS="T3-">jeune</w><w frlemma="pensionnaire" frpos="NOUN" frMUSAS="Z99">pensionnaire</w><w frlemma="franchir" frpos="VERB" frMUSAS="Z99">franchissait</w><w frlemma="chaque" frpos="DET" frMUSAS="N5.1+">chaque</w><w frlemma="jour" frpos="NOUN" frMUSAS="T1.3">jour</w><w frlemma="le" frpos="DET" frMUSAS="Z5">la</w><w frlemma="porte" frpos="NOUN" frMUSAS="H2">porte</w><w frlemma="de" frpos="ADP" frMUSAS="Z5">de</w><w frlemma="le" frpos="DET" frMUSAS="Z5">l'</w><w frlemma="enceinte" frpos="NOUN" frMUSAS="Z99">enceinte</w><w frlemma="," frpos="PUNCT" frMUSAS="PUNCT">,</w><w frlemma="voisin" frpos="NOUN" frMUSAS="H3/S2mf">voisine</w><w frlemma="de" frpos="ADP" frMUSAS="Z5">du</w><w frlemma="temple" frpos="NOUN" frMUSAS="S9/H1">temple</w><w frlemma="de" frpos="ADP" frMUSAS="Z5">de</w><w frlemma="Ptah" frpos="PROPN" frMUSAS="Z99">Ptah</w><w frlemma="," frpos="PUNCT" frMUSAS="PUNCT">,</w><w frlemma="pour" frpos="ADP" frMUSAS="Z5">pour</w><w frlemma="pénétrer" frpos="VERB" frMUSAS="M1">pénétrer</w><w frlemma="dans" frpos="ADP" frMUSAS="Z5">dans</w><w frlemma="le" frpos="DET" frMUSAS="Z5">le</w><w frlemma="domaine" frpos="NOUN" frMUSAS="Z99">domaine</w><w frlemma="de" frpos="ADP" frMUSAS="Z5">d'</w><w frlemma="Amon" frpos="PROPN" frMUSAS="Z99">Amon</w><w frlemma="qui" frpos="PRON" frMUSAS="Z8">qui</w><w frlemma="le" frpos="PRON" frMUSAS="Z8">l'</w><w frlemma="attirer" frpos="AUX" frMUSAS="O4.2+">attirait</w><w frlemma="irrésistiblement" frpos="ADV" frMUSAS="Z99">irrésistiblement</w><w frlemma="." frpos="PUNCT" frMUSAS="PUNCT">.</w><w frlemma="le" frpos="DET" frMUSAS="Z5">Le</w><w frlemma="vaste" frpos="NOUN" frMUSAS="Z99">vaste</w><w frlemma="territoir" frpos="ADJ" frMUSAS="M7">territoire</w><w frlemma="dévolu" frpos="ADJ" frMUSAS="Z99">dévolu</w><w frlemma="à" frpos="ADP" frMUSAS="Z5">aux</w><w frlemma="multiple" frpos="ADJ" frMUSAS="N2">multiples</w><w frlemma="monument" frpos="NOUN" frMUSAS="O2">monuments</w><w frlemma="qui" frpos="PRON" frMUSAS="Z8">qui</w><w frlemma="luire" frpos="PRON" frMUSAS="Z8">lui</w><w frlemma="être" frpos="AUX" frMUSAS="Z99">furent</w><w frlemma="dédier" frpos="VERB" frMUSAS="Q2.2">dédiés</w><w frlemma="durer" frpos="ADP" frMUSAS="Z5">durant</w><w frlemma="plus" frpos="ADV" frMUSAS="Z5">plus</w><w frlemma="de" frpos="ADP" frMUSAS="Z5">de</w><w frlemma="deux" frpos="NUM" frMUSAS="N1">deux</w><w frlemma="millénaire" frpos="NOUN" frMUSAS="Z99">millénaires</w><w frlemma="le" frpos="PRON" frMUSAS="Z8">le</w><w frlemma="fascinait" frpos="NOUN" frMUSAS="Z99">fascinait</w><w frlemma="et" frpos="CCONJ" frMUSAS="Z5">et</w><w frlemma="le" frpos="DET" frMUSAS="Z5">le</w><w frlemma="déconcerter" frpos="VERB" frMUSAS="Z99">déconcertait</w><w frlemma="à" frpos="ADP" frMUSAS="Z5">à</w><w frlemma="le" frpos="DET" frMUSAS="Z5">la</w><w frlemma="fois" frpos="NOUN" frMUSAS="Z99">fois</w><w frlemma="." frpos="PUNCT" frMUSAS="PUNCT">.</w><w frlemma="tant" frpos="ADV" frMUSAS="Z99">Tant</w><w frlemma="et" frpos="CCONJ" frMUSAS="Z5">et</w><w frlemma="si" frpos="SCONJ" frMUSAS="Z5">si</w><w frlemma="bien" frpos="ADV" frMUSAS="A10+">bien</w><w frlemma="que" frpos="SCONJ" frMUSAS="Z5">qu'</w><w frlemma="il" frpos="PRON" frMUSAS="Z8">il</w><w frlemma="décider" frpos="VERB" frMUSAS="X6+">décida</w><w frlemma="de" frpos="ADP" frMUSAS="Z5">de</w><w frlemma="consacrer" frpos="VERB" frMUSAS="Z99">consacrer</w><w frlemma="tout" frpos="ADJ" frMUSAS="Z8">tous</w><w frlemma="son" frpos="DET" frMUSAS="Z5">ses</w><w frlemma="effort" frpos="NOUN" frMUSAS="X8+">efforts</w><w frlemma="à" frpos="ADP" frMUSAS="Z5">à</w><w frlemma="comprendre" frpos="VERB" frMUSAS="X2.5+">comprendre</w><w frlemma="le" frpos="DET" frMUSAS="Z5">la</w><w frlemma="fonction" frpos="NOUN" frMUSAS="A1.1.1">fonction</w><w frlemma="et" frpos="CCONJ" frMUSAS="Z5">et</w><w frlemma="le" frpos="DET" frMUSAS="Z5">la</w><w frlemma="chronologie" frpos="NOUN" frMUSAS="Z99">chronologie</w><w frlemma="de" frpos="ADP" frMUSAS="Z5">des</w><w frlemma="temple" frpos="NOUN" frMUSAS="S9/H1">temples</w><w frlemma="qui" frpos="PRON" frMUSAS="Z8">qui</w><w frlemma="le" frpos="DET" frMUSAS="Z5">le</w><w frlemma="composent" frpos="NOUN" frMUSAS="Z99">composent</w><w frlemma="," frpos="PUNCT" frMUSAS="PUNCT">,</w><w frlemma="travail" frpos="NOUN" frMUSAS="I3.1">travail</w><w frlemma="pionnier" frpos="NOUN" frMUSAS="Z99">pionnier</w><w frlemma="exemplaire" frpos="ADJ" frMUSAS="Z99">exemplaire</w><w frlemma="qui" frpos="PRON" frMUSAS="Z8">qui</w><w frlemma="devoir" frpos="VERB" frMUSAS="Z99">devait</w><w frlemma="aboutir" frpos="VERB" frMUSAS="Z99">aboutir</w><w frlemma="à" frpos="ADP" frMUSAS="Z5">à</w><w frlemma="le" frpos="DET" frMUSAS="Z5">la</w><w frlemma="thèse" frpos="NOUN" frMUSAS="Z99">thèse</w><w frlemma="que" frpos="SCONJ" frMUSAS="Z5">qu'</w><w frlemma="il" frpos="PRON" frMUSAS="Z8">il</w><w frlemma="soutenir" frpos="VERB" frMUSAS="Z99">soutiendra</w><w frlemma="le" frpos="DET" frMUSAS="Z5">le</w><w frlemma="25" frpos="NUM" frMUSAS="N1">25</w><w frlemma="mai" frpos="NOUN" frMUSAS="T1.3">mai</w><w frlemma="1963" frpos="NUM" frMUSAS="N1">1963</w><w frlemma="à" frpos="ADP" frMUSAS="Z5">à</w><w frlemma="le" frpos="DET" frMUSAS="Z5">la</w><w frlemma="sorbonne" frpos="NOUN" frMUSAS="Z99">Sorbonne</w><w frlemma="et" frpos="CCONJ" frMUSAS="Z5">et</w><w frlemma="à" frpos="ADP" frMUSAS="Z5">à</w><w frlemma="le" frpos="DET" frMUSAS="Z5">l'</w><w frlemma="excellent" frpos="ADJ" frMUSAS="A5.1+++">excellent</w><w frlemma="ouvrage" frpos="NOUN" frMUSAS="I3.1">ouvrage</w><w frlemma="qui" frpos="PRON" frMUSAS="Z8">qui</w><w frlemma="faire" frpos="AUX" frMUSAS="Z99">fait</w><w frlemma="encore" frpos="ADV" frMUSAS="Z99">encore</w><w frlemma="autorité" frpos="NOUN" frMUSAS="G1.1c">autorité</w><w frlemma="et" frpos="CCONJ" frMUSAS="Z5">et</w><w frlemma="vient" frpos="ADJ" frMUSAS="Z99">vient</w><w frlemma="de" frpos="ADP" frMUSAS="Z5">d'</w><w frlemma="être" frpos="AUX" frMUSAS="Z99">être</w><w frlemma="rééditer" frpos="VERB" frMUSAS="Z99">réédité</w><w frlemma="," frpos="PUNCT" frMUSAS="PUNCT">,</w><w frlemma="le" frpos="DET" frMUSAS="Z5">Le</w><w frlemma="temple" frpos="NOUN" frMUSAS="S9/H1">temple</w><w frlemma="de" frpos="ADP" frMUSAS="Z5">d'</w><w frlemma="Amon" frpos="PROPN" frMUSAS="Z99">Amon</w><w frlemma="-" frpos="PROPN" frMUSAS="Z99">-</w><w frlemma="rê" frpos="ADV" frMUSAS="Z99">Rê</w><w frlemma="à" frpos="ADP" frMUSAS="Z5">à</w><w frlemma="Karnak" frpos="PROPN" frMUSAS="Z99">Karnak</w><w frlemma="." frpos="PUNCT" frMUSAS="PUNCT">.</w><w frlemma="essai" frpos="NOUN" frMUSAS="Z99">Essai</w><w frlemma="de" frpos="ADP" frMUSAS="Z5">d'</w><w frlemma="exégèse" frpos="NOUN" frMUSAS="Z99">exégèse</w><w frlemma="." frpos="PUNCT" frMUSAS="PUNCT">.</w><w frlemma="lorsque" frpos="SCONJ" frMUSAS="Z5">Lorsque</w><w frlemma="Paul" frpos="PROPN" frMUSAS="Z99">Paul</w><w frlemma="Barguet" frpos="PROPN" frMUSAS="Z99">Barguet</w><w frlemma="me" frpos="PRON" frMUSAS="Z8">me</w><w frlemma="le" frpos="DET" frMUSAS="Z5">l'</w><w frlemma="offrir" frpos="VERB" frMUSAS="A9-">offrit</w><w frlemma="quelque" frpos="DET" frMUSAS="A13.5">quelques</w><w frlemma="année" frpos="NOUN" frMUSAS="T1.3">années</w><w frlemma="plus" frpos="ADV" frMUSAS="Z5">plus</w><w frlemma="tard" frpos="ADV" frMUSAS="T4-">tard</w><w frlemma="," frpos="PUNCT" frMUSAS="PUNCT">,</w><w frlemma="il" frpos="PRON" frMUSAS="Z8">il</w><w frlemma="y" frpos="PRON" frMUSAS="M6">y</w><w frlemma="avoir" frpos="AUX" frMUSAS="A9+">avait</w><w frlemma="inscrire" frpos="VERB" frMUSAS="Z99">inscrit</w><w frlemma="un" frpos="DET" frMUSAS="Z5">une</w><w frlemma="dédicace" frpos="NOUN" frMUSAS="Z99">dédicace</w><w frlemma="bien" frpos="ADV" frMUSAS="A10+">bien</w><w frlemma="révélateur" frpos="ADJ" frMUSAS="Z99">révélatrice</w><w frlemma="de" frpos="ADP" frMUSAS="Z5">de</w><w frlemma="son" frpos="DET" frMUSAS="Z5">sa</w><w frlemma="modestie" frpos="NOUN" frMUSAS="Z99">modestie</w><w frlemma=":" frpos="PUNCT" frMUSAS="PUNCT">:</w><w frlemma="«" frpos="NUM" frMUSAS="N1">«</w><w frlemma="…" frpos="VERB" frMUSAS="Z99">…</w><w frlemma="pour" frpos="ADP" frMUSAS="Z5">pour</w><w frlemma="que" frpos="SCONJ" frMUSAS="Z5">que</w><w frlemma="ce" frpos="DET" frMUSAS="Z5">ce</w><w frlemma="guide" frpos="NOUN" frMUSAS="S8+">guide</w><w frlemma="imparfer" frpos="VERB" frMUSAS="Z99">imparfait</w><w frlemma="le" frpos="DET" frMUSAS="Z5">la</w><w frlemma="mène" frpos="NOUN" frMUSAS="Z99">mène</w><w frlemma="sans" frpos="ADP" frMUSAS="M6">sans</w><w frlemma="trop" frpos="ADV" frMUSAS="Z99">trop</w><w frlemma="de" frpos="ADP" frMUSAS="Z5">de</w><w frlemma="mal" frpos="NOUN" frMUSAS="A5.1-">mal</w><w frlemma="dans" frpos="ADP" frMUSAS="Z5">dans</w><w frlemma="Karnak" frpos="PROPN" frMUSAS="Z99">Karnak</w><w frlemma="…" frpos="NOUN" frMUSAS="Z99">…</w><w frlemma="»" frpos="PUNCT" frMUSAS="PUNCT">»</w><w frlemma="." frpos="PUNCT" frMUSAS="PUNCT">.</w><w frlemma="ce" frpos="PRON" frMUSAS="Z8">C'</w><w frlemma="être" frpos="AUX" frMUSAS="Z99">était</w><w frlemma="le" frpos="DET" frMUSAS="Z5">l'</w><w frlemma="époque" frpos="NOUN" frMUSAS="Z99">époque</w><w frlemma="de" frpos="ADP" frMUSAS="Z5">d'</w><w frlemma="Étienne" frpos="PROPN" frMUSAS="Z99">Étienne</w><w frlemma="Drioton" frpos="PROPN" frMUSAS="Z99">Drioton</w><w frlemma="," frpos="PUNCT" frMUSAS="PUNCT">,</w><w frlemma="alors" frpos="ADV" frMUSAS="Z99">alors</w><w frlemma="directeur" frpos="NOUN" frMUSAS="S7.1+/S2mf">directeur</w><w frlemma="de" frpos="ADP" frMUSAS="Z5">du</w><w frlemma="service" frpos="NOUN" frMUSAS="A1.1.1">Services</w><w frlemma="de" frpos="ADP" frMUSAS="Z5">des</w><w frlemma="antiquité" frpos="NOUN" frMUSAS="Z99">antiquités</w><w frlemma="," frpos="PUNCT" frMUSAS="PUNCT">,</w><w frlemma="de" frpos="ADP" frMUSAS="Z5">d'</w><w frlemma="Henri" frpos="PROPN" frMUSAS="Z99">Henri</w><w frlemma="Chevrier" frpos="PROPN" frMUSAS="Z99">Chevrier</w><w frlemma="," frpos="PUNCT" frMUSAS="PUNCT">,</w><w frlemma="directeur" frpos="NOUN" frMUSAS="S7.1+/S2mf">directeur</w><w frlemma="de" frpos="ADP" frMUSAS="Z5">des</w><w frlemma="travail" frpos="NOUN" frMUSAS="I3.1">travaux</w><w frlemma="de" frpos="ADP" frMUSAS="Z5">de</w><w frlemma="Karnak" frpos="PROPN" frMUSAS="Z99">Karnak</w><w frlemma="," frpos="PUNCT" frMUSAS="PUNCT">,</w><w frlemma="et" frpos="CCONJ" frMUSAS="Z5">et</w><w frlemma="de" frpos="ADP" frMUSAS="Z5">de</w><w frlemma="Pierre" frpos="PROPN" frMUSAS="F1">Pierre</w><w frlemma="Lacau" frpos="PROPN" frMUSAS="Z99">Lacau</w><w frlemma="," frpos="PUNCT" frMUSAS="PUNCT">,</w><w frlemma="mais" frpos="CCONJ" frMUSAS="Z5">mais</w><w frlemma="aussi" frpos="ADV" frMUSAS="Z99">aussi</w><w frlemma="de" frpos="ADP" frMUSAS="Z5">d'</w><w frlemma="Alexandre" frpos="PROPN" frMUSAS="Z99">Alexandre</w><w frlemma="Varille" frpos="PROPN" frMUSAS="Z99">Varille</w><w frlemma="et" frpos="CCONJ" frMUSAS="Z5">et</w><w frlemma="de" frpos="ADP" frMUSAS="Z5">de</w><w frlemma="Schwaller" frpos="PROPN" frMUSAS="Z99">Schwaller</w><w frlemma="de" frpos="ADP" frMUSAS="Z5">de</w><w frlemma="Lubicz" frpos="PROPN" frMUSAS="Z99">Lubicz</w><w frlemma="." frpos="PUNCT" frMUSAS="PUNCT">.</w><w frlemma="quand" frpos="SCONJ" frMUSAS="Z5">Quand</w><w frlemma="il" frpos="PRON" frMUSAS="Z8">il</w><w frlemma="ne" frpos="ADV" frMUSAS="Z6">n'</w><w frlemma="être" frpos="AUX" frMUSAS="Z99">était</w><w frlemma="pas" frpos="ADV" frMUSAS="Z99">pas</w><w frlemma="occuper" frpos="VERB" frMUSAS="H4">occupé</w><w frlemma="à" frpos="ADP" frMUSAS="Z5">à</w><w frlemma="arpenter" frpos="VERB" frMUSAS="Z99">arpenter</w><w frlemma="le" frpos="DET" frMUSAS="Z5">le</w><w frlemma="temple" frpos="NOUN" frMUSAS="S9/H1">temple</w><w frlemma="en" frpos="ADP" frMUSAS="Z5">en</w><w frlemma="tout" frpos="DET" frMUSAS="Z8">tous</w><w frlemma="sens" frpos="NOUN" frMUSAS="Z99">sens</w><w frlemma="pour" frpos="ADP" frMUSAS="Z5">pour</w><w frlemma="en" frpos="PRON" frMUSAS="Z8">en</w><w frlemma="acquérir" frpos="VERB" frMUSAS="A9+">acquérir</w><w frlemma="un" frpos="DET" frMUSAS="Z5">une</w><w frlemma="image" frpos="NOUN" frMUSAS="Z99">image</w><w frlemma="clair" frpos="ADJ" frMUSAS="A7+">claire</w><w frlemma="ou" frpos="CCONJ" frMUSAS="Z5">ou</w><w frlemma="à" frpos="ADP" frMUSAS="Z5">à</w><w frlemma="lire" frpos="VERB" frMUSAS="Z99">lire</w><w frlemma="le" frpos="DET" frMUSAS="Z5">les</w><w frlemma="innombrable" frpos="ADJ" frMUSAS="Z99">innombrables</w><w frlemma="inscription" frpos="ADJ" frMUSAS="Z99">inscriptions</w><w frlemma="qui" frpos="PRON" frMUSAS="Z8">qui</w><w frlemma="en" frpos="PRON" frMUSAS="Z8">en</w><w frlemma="couvrir" frpos="VERB" frMUSAS="A10-">couvrent</w><w frlemma="le" frpos="DET" frMUSAS="Z5">les</w><w frlemma="mur" frpos="NOUN" frMUSAS="H2">murs</w><w frlemma="," frpos="PUNCT" frMUSAS="PUNCT">,</w><w frlemma="Paul" frpos="PROPN" frMUSAS="Z99">Paul</w><w frlemma="Barguet" frpos="PROPN" frMUSAS="Z99">Barguet</w><w frlemma="participer" frpos="VERB" frMUSAS="S1.1.3+">participait</w><w frlemma="à" frpos="ADP" frMUSAS="Z5">aux</w><w frlemma="chantier" frpos="NOUN" frMUSAS="Z99">chantiers</w><w frlemma="qui" frpos="PRON" frMUSAS="Z8">qui</w><w frlemma="se" frpos="PRON" frMUSAS="Z8">s'</w><w frlemma="y" frpos="PRON" frMUSAS="M6">y</w><w frlemma="succéder" frpos="VERB" frMUSAS="Z99">succédaient</w><w frlemma="." frpos="PUNCT" frMUSAS="PUNCT">.</w><w frlemma="il" frpos="PRON" frMUSAS="Z8">Il</w><w frlemma="avoir" frpos="VERB" frMUSAS="A9+">eut</w><w frlemma="notamment" frpos="ADV" frMUSAS="A14">notamment</w><w frlemma="le" frpos="DET" frMUSAS="Z5">la</w><w frlemma="charge" frpos="NOUN" frMUSAS="Z99">charge</w><w frlemma="de" frpos="ADP" frMUSAS="Z5">de</w><w frlemma="dégager" frpos="VERB" frMUSAS="Z99">dégager</w><w frlemma="," frpos="PUNCT" frMUSAS="PUNCT">,</w><w frlemma="dans" frpos="ADP" frMUSAS="Z5">dans</w><w frlemma="le" frpos="DET" frMUSAS="Z5">le</w><w frlemma="temple" frpos="NOUN" frMUSAS="S9/H1">temple</w><w frlemma="oriental" frpos="ADJ" frMUSAS="Z99">oriental</w><w frlemma="de" frpos="ADP" frMUSAS="Z5">de</w><w frlemma="Ramsès" frpos="PROPN" frMUSAS="Z99">Ramsès</w><w frlemma="ii" frpos="ADJ" frMUSAS="Z99">II</w><w frlemma="à" frpos="ADP" frMUSAS="Z5">à</w><w frlemma="Amon" frpos="PROPN" frMUSAS="Z99">Amon</w><w frlemma="-" frpos="PROPN" frMUSAS="Z99">-</w><w frlemma="qui" frpos="PRON" frMUSAS="Z8">qui</w><w frlemma="-" frpos="NOUN" frMUSAS="Z99">-</w><w frlemma="écoute" frpos="PROPN" frMUSAS="X3.2">écoute</w><w frlemma="-" frpos="ADV" frMUSAS="Z99">-</w><w frlemma="le" frpos="DET" frMUSAS="Z5">les</w><w frlemma="-" frpos="NOUN" frMUSAS="Z99">-</w><w frlemma="prière" frpos="ADJ" frMUSAS="S9/Q2.2">prières</w><w frlemma="," frpos="PUNCT" frMUSAS="PUNCT">,</w><w frlemma="le" frpos="DET" frMUSAS="Z5">le</w><w frlemma="socle" frpos="NOUN" frMUSAS="Z99">socle</w><w frlemma="de" frpos="ADP" frMUSAS="Z5">de</w><w frlemma="le" frpos="DET" frMUSAS="Z5">l'</w><w frlemma="obélisque" frpos="NOUN" frMUSAS="Z99">obélisque</w><w frlemma="unique" frpos="ADJ" frMUSAS="N5---">unique</w><w frlemma="de" frpos="ADP" frMUSAS="Z5">de</w><w frlemma="thoutmosi" frpos="NOUN" frMUSAS="Z99">Thoutmosis</w><w frlemma="III" frpos="PROPN" frMUSAS="Z99">III</w><w frlemma="," frpos="PUNCT" frMUSAS="PUNCT">,</w><w frlemma="qui" frpos="PRON" frMUSAS="Z8">qui</w><w frlemma="avoir" frpos="AUX" frMUSAS="A9+">avait</w><w frlemma="être" frpos="AUX" frMUSAS="T1.3">été</w><w frlemma="dresser" frpos="VERB" frMUSAS="Z99">dressé</w><w frlemma="à" frpos="ADP" frMUSAS="Z5">à</w><w frlemma="le" frpos="DET" frMUSAS="Z5">l'</w><w frlemma="être" frpos="AUX" frMUSAS="M6">est</w><w frlemma="de" frpos="ADP" frMUSAS="Z5">de</w><w frlemma="le" frpos="DET" frMUSAS="Z5">l'</w><w frlemma="axe" frpos="PROPN" frMUSAS="Z99">axe</w><w frlemma="principal" frpos="ADJ" frMUSAS="A11.1+++">principal</w><w frlemma="avant" frpos="ADP" frMUSAS="Z5">avant</w><w frlemma="de" frpos="ADP" frMUSAS="Z5">d'</w><w frlemma="être" frpos="AUX" frMUSAS="Z99">être</w><w frlemma="transporter" frpos="VERB" frMUSAS="Z99">transporté</w><w frlemma="," frpos="PUNCT" frMUSAS="PUNCT">,</w><w frlemma="sur" frpos="ADP" frMUSAS="Z5">sur</w><w frlemma="ordre" frpos="NOUN" frMUSAS="S7.1+/Q2.2">ordre</w><w frlemma="de" frpos="ADP" frMUSAS="Z5">de</w><w frlemma="le" frpos="DET" frMUSAS="Z5">l'</w><w frlemma="empereur" frpos="NOUN" frMUSAS="S7.1+/S2mf">empereur</w><w frlemma="Constance" frpos="PROPN" frMUSAS="Z99">Constance</w><w frlemma="ii" frpos="ADJ" frMUSAS="Z99">II</w><w frlemma="," frpos="PUNCT" frMUSAS="PUNCT">,</w><w frlemma="à" frpos="ADP" frMUSAS="Z5">à</w><w frlemma="Rome" frpos="PROPN" frMUSAS="Z99">Rome</w><w frlemma="où" frpos="PRON" frMUSAS="Z8">où</w><w frlemma="il" frpos="PRON" frMUSAS="Z8">il</w><w frlemma="occuper" frpos="VERB" frMUSAS="H4">occupe</w><w frlemma="aujourd'hui" frpos="ADV" frMUSAS="Z99">aujourd'hui</w><w frlemma="le" frpos="DET" frMUSAS="Z5">le</w><w frlemma="centre" frpos="NOUN" frMUSAS="M6">centre</w><w frlemma="de" frpos="ADP" frMUSAS="Z5">de</w><w frlemma="le" frpos="DET" frMUSAS="Z5">la</w><w frlemma="place" frpos="NOUN" frMUSAS="Z99">place</w><w frlemma="de" frpos="ADP" frMUSAS="Z5">de</w><w frlemma="Saint-Jean-de-Latran" frpos="PROPN" frMUSAS="Z99">Saint-Jean-de-Latran</w><w frlemma="," frpos="PUNCT" frMUSAS="PUNCT">,</w><w frlemma="identifier" frpos="VERB" frMUSAS="X2.2+">identifiant</w><w frlemma="de" frpos="ADP" frMUSAS="Z5">du</w><w frlemma="même" frpos="ADJ" frMUSAS="Z99">même</w><w frlemma="coup" frpos="NOUN" frMUSAS="Z99">coup</w><w frlemma="le" frpos="DET" frMUSAS="Z5">la</w><w frlemma="provenance" frpos="NOUN" frMUSAS="T2+">provenance</w><w frlemma="de" frpos="ADP" frMUSAS="Z5">de</w><w frlemma="ce" frpos="DET" frMUSAS="Z5">ce</w><w frlemma="célèbre" frpos="NOUN" frMUSAS="X2.2+">célèbre</w><w frlemma="monument" frpos="NOUN" frMUSAS="O2">monument</w><w frlemma="." frpos="PUNCT" frMUSAS="PUNCT">.</w><w frlemma="il" frpos="PRON" frMUSAS="Z8">Il</w><w frlemma="profiter" frpos="VERB" frMUSAS="Z99">profita</w><w frlemma="bien" frpos="ADV" frMUSAS="A10+">bien</w><w frlemma="sûr" frpos="ADJ" frMUSAS="A7+">sûr</w><w frlemma="de" frpos="ADP" frMUSAS="Z5">de</w><w frlemma="ce" frpos="DET" frMUSAS="Z5">ces</w><w frlemma="année" frpos="NOUN" frMUSAS="T1.3">années</w><w frlemma="passer" frpos="VERB" frMUSAS="M1">passées</w><w frlemma="à" frpos="ADP" frMUSAS="Z5">à</w><w frlemma="le" frpos="DET" frMUSAS="Z5">l'</w><w frlemma="ifao" frpos="NOUN" frMUSAS="Z99">Ifao</w><w frlemma="pour" frpos="ADP" frMUSAS="Z5">pour</w><w frlemma="visiter" frpos="VERB" frMUSAS="S1.1.1">visiter</w><w frlemma="le" frpos="DET" frMUSAS="Z5">le</w><w frlemma="pays" frpos="NOUN" frMUSAS="G1.1c">pays</w><w frlemma="et" frpos="CCONJ" frMUSAS="Z5">et</w><w frlemma="y" frpos="PRON" frMUSAS="M6">y</w><w frlemma="découvrir" frpos="VERB" frMUSAS="A10+">découvrir</w><w frlemma="quelque" frpos="DET" frMUSAS="A13.5">quelques</w><w frlemma="sujet" frpos="NOUN" frMUSAS="Z99">sujets</w><w frlemma="de" frpos="ADP" frMUSAS="Z5">d'</w><w frlemma="étude" frpos="NOUN" frMUSAS="P1">étude</w><w frlemma=":" frpos="PUNCT" frMUSAS="PUNCT">:</w><w frlemma="il" frpos="PRON" frMUSAS="Z8">il</w><w frlemma="consacrer" frpos="VERB" frMUSAS="Z99">consacra</w><w frlemma="plusieurs" frpos="DET" frMUSAS="N5">plusieurs</w><w frlemma="excursion" frpos="NOUN" frMUSAS="Z99">excursions</w><w frlemma="à" frpos="ADP" frMUSAS="Z5">à</w><w frlemma="faire" frpos="VERB" frMUSAS="Z99">faire</w><w frlemma="le" frpos="DET" frMUSAS="Z5">le</w><w frlemma="relevé" frpos="NOUN" frMUSAS="Z99">relevé</w><w frlemma="de" frpos="ADP" frMUSAS="Z5">des</w><w frlemma="stèle" frpos="NOUN" frMUSAS="Z99">stèles</w><w frlemma="de" frpos="ADP" frMUSAS="Z5">du</w><w frlemma="Nil" frpos="PROPN" frMUSAS="Z99">Nil</w><w frlemma="au" frpos="ADP" frMUSAS="Z5">au</w><w frlemma="gebel" frpos="NOUN" frMUSAS="Z99">Gebel</w><w frlemma="Silsileh" frpos="PROPN" frMUSAS="Z99">Silsileh</w><w frlemma="," frpos="PUNCT" frMUSAS="PUNCT">,</w><w frlemma="article" frpos="NOUN" frMUSAS="G2.1/P1">article</w><w frlemma="qui" frpos="PRON" frMUSAS="Z8">qui</w><w frlemma="paraître" frpos="VERB" frMUSAS="A8">paraîtra</w><w frlemma="en" frpos="ADP" frMUSAS="Z5">en</w><w frlemma="1952" frpos="NUM" frMUSAS="N1">1952</w><w frlemma="dans" frpos="ADP" frMUSAS="Z5">dans</w><w frlemma="le" frpos="DET" frMUSAS="Z5">le</w><w frlemma="bulletin" frpos="NOUN" frMUSAS="Z99">Bulletin</w><w frlemma="de" frpos="ADP" frMUSAS="Z5">de</w><w frlemma="le" frpos="DET" frMUSAS="Z5">l'</w><w frlemma="Institut" frpos="PROPN" frMUSAS="P1/S5+c">Institut</w><w frlemma="français" frpos="ADJ" frMUSAS="Z2">français</w><w frlemma="de" frpos="ADP" frMUSAS="Z5">d'</w><w frlemma="archéologie" frpos="NOUN" frMUSAS="Z99">archéologie</w><w frlemma="oriental" frpos="ADJ" frMUSAS="Z99">orientale</w><w frlemma="," frpos="PUNCT" frMUSAS="PUNCT">,</w><w frlemma="et" frpos="CCONJ" frMUSAS="Z5">et</w><w frlemma="de" frpos="ADP" frMUSAS="Z5">de</w><w frlemma="le" frpos="DET" frMUSAS="Z5">la</w><w frlemma="Stèle" frpos="PROPN" frMUSAS="Z99">Stèle</w><w frlemma="de" frpos="ADP" frMUSAS="Z5">de</w><w frlemma="le" frpos="DET" frMUSAS="Z5">la</w><w frlemma="Famine" frpos="PROPN" frMUSAS="F1-">Famine</w><w frlemma="sur" frpos="ADP" frMUSAS="Z5">sur</w><w frlemma="le" frpos="DET" frMUSAS="Z5">l'</w><w frlemma="île" frpos="NOUN" frMUSAS="W3">île</w><w frlemma="de" frpos="ADP" frMUSAS="Z5">de</w><w frlemma="Séhel" frpos="PROPN" frMUSAS="Z99">Séhel</w><w frlemma="que" frpos="PRON" frMUSAS="Z8">qu'</w><w frlemma="il" frpos="PRON" frMUSAS="Z8">il</w><w frlemma="publier" frpos="VERB" frMUSAS="Q4">publiera</w><w frlemma="le" frpos="DET" frMUSAS="Z5">l'</w><w frlemma="année" frpos="NOUN" frMUSAS="T1.3">année</w><w frlemma="suivant" frpos="ADJ" frMUSAS="N4">suivante</w><w frlemma="." frpos="PUNCT" frMUSAS="PUNCT">.</w><w frlemma="quelque" frpos="DET" frMUSAS="A13.5">Quelques</w><w frlemma="-" frpos="NOUN" frMUSAS="Z99">-</w><w frlemma="une" frpos="NOUN" frMUSAS="Z5">unes</w><w frlemma="de" frpos="ADP" frMUSAS="Z5">de</w><w frlemma="ce" frpos="DET" frMUSAS="Z5">ces</w><w frlemma="excursion" frpos="NOUN" frMUSAS="Z99">excursions</w><w frlemma="le" frpos="DET" frMUSAS="Z5">le</w><w frlemma="menèrent" frpos="NOUN" frMUSAS="Z99">menèrent</w><w frlemma="plus" frpos="ADV" frMUSAS="Z5">plus</w><w frlemma="loin" frpos="ADV" frMUSAS="A13.3">loin</w><w frlemma="," frpos="PUNCT" frMUSAS="PUNCT">,</w><w frlemma="jusque" frpos="ADP" frMUSAS="Z5">jusqu'</w><w frlemma="à" frpos="ADP" frMUSAS="Z5">à</w><w frlemma="le" frpos="DET" frMUSAS="Z5">l'</w><w frlemma="oasis" frpos="NOUN" frMUSAS="Z99">oasis</w><w frlemma="de" frpos="ADP" frMUSAS="Z5">de</w><w frlemma="kharga" frpos="NOUN" frMUSAS="Z99">Kharga</w><w frlemma="ou" frpos="CCONJ" frMUSAS="Z5">ou</w><w frlemma="jusque" frpos="ADP" frMUSAS="Z5">jusqu'</w><w frlemma="au" frpos="ADP" frMUSAS="Z5">au</w><w frlemma="site" frpos="NOUN" frMUSAS="M6">site</w><w frlemma="de" frpos="ADP" frMUSAS="Z5">de</w><w frlemma="Gebel" frpos="PROPN" frMUSAS="Z99">Gebel</w><w frlemma="Barkal" frpos="PROPN" frMUSAS="Z99">Barkal</w><w frlemma="," frpos="PUNCT" frMUSAS="PUNCT">,</w><w frlemma="au" frpos="ADP" frMUSAS="Z5">au</w><w frlemma="Soudan" frpos="PROPN" frMUSAS="Z99">Soudan</w><w frlemma="." frpos="PUNCT" frMUSAS="PUNCT">.</w><w frlemma="mais" frpos="CCONJ" frMUSAS="Z5">Mais</w><w frlemma="le" frpos="DET" frMUSAS="Z5">la</w><w frlemma="région" frpos="NOUN" frMUSAS="M7">région</w><w frlemma="thébain" frpos="ADJ" frMUSAS="Z99">thébaine</w><w frlemma="garder" frpos="VERB" frMUSAS="A9+">gardait</w><w frlemma="son" frpos="DET" frMUSAS="Z5">sa</w><w frlemma="préférence" frpos="NOUN" frMUSAS="Z99">préférence</w><w frlemma="." frpos="PUNCT" frMUSAS="PUNCT">.</w><w frlemma="il" frpos="PRON" frMUSAS="Z8">Il</w><w frlemma="participer" frpos="VERB" frMUSAS="S1.1.3+">participera</w><w frlemma="notamment" frpos="ADV" frMUSAS="A14">notamment</w><w frlemma="à" frpos="ADP" frMUSAS="Z5">aux</w><w frlemma="chantier" frpos="NOUN" frMUSAS="Z99">chantiers</w><w frlemma="et" frpos="CCONJ" frMUSAS="Z5">et</w><w frlemma="à" frpos="ADP" frMUSAS="Z5">aux</w><w frlemma="publication" frpos="NOUN" frMUSAS="Q4">publications</w><w frlemma="de" frpos="ADP" frMUSAS="Z5">des</w><w frlemma="rapport" frpos="NOUN" frMUSAS="Z99">rapports</w><w frlemma="de" frpos="ADP" frMUSAS="Z5">de</w><w frlemma="fouille" frpos="NOUN" frMUSAS="Z99">fouilles</w><w frlemma="de" frpos="ADP" frMUSAS="Z5">de</w><w frlemma="tôd" frpos="NOUN" frMUSAS="Z99">Tôd</w><w frlemma="et" frpos="CCONJ" frMUSAS="Z5">et</w><w frlemma="Karnak" frpos="PROPN" frMUSAS="Z99">Karnak</w><w frlemma="-" frpos="PROPN" frMUSAS="Z99">-</w><w frlemma="Nord" frpos="PROPN" frMUSAS="M6">Nord</w><w frlemma="." frpos="PUNCT" frMUSAS="PUNCT">.</w></p><p><pb n="9"/><w frlemma="de" frpos="ADP" frMUSAS="Z5">De</w><w frlemma="retour" frpos="NOUN" frMUSAS="M1">retour</w><w frlemma="en" frpos="ADP" frMUSAS="Z5">en</w><w frlemma="France" frpos="PROPN" frMUSAS="Z99">France</w><w frlemma="," frpos="PUNCT" frMUSAS="PUNCT">,</w><w frlemma="il" frpos="PRON" frMUSAS="Z8">il</w><w frlemma="être" frpos="AUX" frMUSAS="Z99">fut</w><w frlemma="nommer" frpos="VERB" frMUSAS="Z99">nommé</w><w frlemma="charger" frpos="VERB" frMUSAS="Z99">chargé</w><w frlemma="de" frpos="ADP" frMUSAS="Z5">de</w><w frlemma="recherche" frpos="NOUN" frMUSAS="Z99">recherche</w><w frlemma="au" frpos="ADP" frMUSAS="Z5">au</w><w frlemma="Cnrs" frpos="PROPN" frMUSAS="Z99">Cnrs</w><w frlemma="en" frpos="ADP" frMUSAS="Z5">en</w><w frlemma="1954" frpos="NUM" frMUSAS="N1">1954</w><w frlemma="et" frpos="CCONJ" frMUSAS="Z5">et</w><w frlemma="recevoir" frpos="VERB" frMUSAS="A9+">reçut</w><w frlemma="le" frpos="DET" frMUSAS="Z5">le</w><w frlemma="prix" frpos="NOUN" frMUSAS="Z99">prix</w><w frlemma="France" frpos="PROPN" frMUSAS="Z99">France</w><w frlemma="-" frpos="PROPN" frMUSAS="Z99">-</w><w frlemma="Égypte" frpos="PROPN" frMUSAS="Z99">Égypte</w><w frlemma="." frpos="PUNCT" frMUSAS="PUNCT">.</w><w frlemma="assistant" frpos="ADV" frMUSAS="S8+">Assistant</w><w frlemma="," frpos="PUNCT" frMUSAS="PUNCT">,</w><w frlemma="pouvoir" frpos="CCONJ" frMUSAS="Z99">puis</w><w frlemma="conservateur" frpos="NOUN" frMUSAS="G1.2">conservateur</w><w frlemma="au" frpos="ADP" frMUSAS="Z5">au</w><w frlemma="département" frpos="NOUN" frMUSAS="H2/S5+c">département</w><w frlemma="de" frpos="ADP" frMUSAS="Z5">des</w><w frlemma="antiquité" frpos="NOUN" frMUSAS="Z99">antiquités</w><w frlemma="égyptien" frpos="ADJ" frMUSAS="Z2/S2mf">égyptiennes</w><w frlemma="de" frpos="ADP" frMUSAS="Z5">du</w><w frlemma="musée" frpos="NOUN" frMUSAS="T1.1.1/H1c">musée</w><w frlemma="de" frpos="ADP" frMUSAS="Z5">du</w><w frlemma="Louvre" frpos="PROPN" frMUSAS="Z99">Louvre</w><w frlemma="à" frpos="ADP" frMUSAS="Z5">à</w><w frlemma="partir" frpos="VERB" frMUSAS="M1">partir</w><w frlemma="de" frpos="ADP" frMUSAS="Z5">de</w><w frlemma="1959" frpos="NUM" frMUSAS="N1">1959</w><w frlemma="," frpos="PUNCT" frMUSAS="PUNCT">,</w><w frlemma="il" frpos="PRON" frMUSAS="Z8">il</w><w frlemma="assurer" frpos="VERB" frMUSAS="Z99">assura</w><w frlemma="," frpos="PUNCT" frMUSAS="PUNCT">,</w><w frlemma="de" frpos="ADP" frMUSAS="Z5">de</w><w frlemma="1956" frpos="NUM" frMUSAS="N1">1956</w><w frlemma="à" frpos="ADP" frMUSAS="Z5">à</w><w frlemma="1979" frpos="NUM" frMUSAS="N1">1979</w><w frlemma="," frpos="PUNCT" frMUSAS="PUNCT">,</w><w frlemma="le" frpos="DET" frMUSAS="Z5">les</w><w frlemma="cours" frpos="NOUN" frMUSAS="M1">cours</w><w frlemma="de" frpos="ADP" frMUSAS="Z5">d'</w><w frlemma="épigraphie" frpos="NOUN" frMUSAS="Z99">épigraphie</w><w frlemma="à" frpos="ADP" frMUSAS="Z5">à</w><w frlemma="le" frpos="DET" frMUSAS="Z5">l'</w><w frlemma="école" frpos="NOUN" frMUSAS="P1">École</w><w frlemma="de" frpos="ADP" frMUSAS="Z5">du</w><w frlemma="Louvre" frpos="PROPN" frMUSAS="Z99">Louvre</w><w frlemma="où" frpos="PRON" frMUSAS="Z8">où</w><w frlemma="je" frpos="PRON" frMUSAS="Z8mf">j'</w><w frlemma="avoir" frpos="VERB" frMUSAS="A9+">eus</w><w frlemma="le" frpos="DET" frMUSAS="Z5">le</w><w frlemma="privilège" frpos="NOUN" frMUSAS="A5.1+">privilège</w><w frlemma="de" frpos="ADP" frMUSAS="Z5">d'</w><w frlemma="apprendre" frpos="VERB" frMUSAS="X2.3+">apprendre</w><w frlemma="le" frpos="DET" frMUSAS="Z5">les</w><w frlemma="rudiment" frpos="NOUN" frMUSAS="Z99">rudiments</w><w frlemma="de" frpos="ADP" frMUSAS="Z5">de</w><w frlemma="le" frpos="DET" frMUSAS="Z5">l'</w><w frlemma="égyptien" frpos="NOUN" frMUSAS="Z2/S2mf">égyptien</w><w frlemma="classique" frpos="ADJ" frMUSAS="A4.1">classique</w><w frlemma="sou" frpos="ADP" frMUSAS="A13.6">sous</w><w frlemma="son" frpos="DET" frMUSAS="Z5">sa</w><w frlemma="direction" frpos="NOUN" frMUSAS="Z99">direction</w><w frlemma="." frpos="PUNCT" frMUSAS="PUNCT">.</w><w frlemma="entre-temps" frpos="ADV" frMUSAS="Z99">Entre-temps</w><w frlemma="," frpos="PUNCT" frMUSAS="PUNCT">,</w><w frlemma="il" frpos="PRON" frMUSAS="Z8">il</w><w frlemma="être" frpos="AUX" frMUSAS="Z99">était</w><w frlemma="devenir" frpos="VERB" frMUSAS="A2.1+">devenu</w><w frlemma="professeur" frpos="NOUN" frMUSAS="Z99">professeur</w><w frlemma="à" frpos="ADP" frMUSAS="Z5">à</w><w frlemma="le" frpos="DET" frMUSAS="Z5">l'</w><w frlemma="université" frpos="NOUN" frMUSAS="P1/H1c">université</w><w frlemma="de" frpos="ADP" frMUSAS="Z5">de</w><w frlemma="Lyon" frpos="PROPN" frMUSAS="Z99">Lyon</w><w frlemma="," frpos="PUNCT" frMUSAS="PUNCT">,</w><w frlemma="en" frpos="ADP" frMUSAS="Z5">en</w><w frlemma="1966" frpos="NUM" frMUSAS="N1">1966</w><w frlemma="," frpos="PUNCT" frMUSAS="PUNCT">,</w><w frlemma="et" frpos="CCONJ" frMUSAS="Z5">et</w><w frlemma="y" frpos="PRON" frMUSAS="M6">y</w><w frlemma="dirigea" frpos="NOUN" frMUSAS="Z99">dirigea</w><w frlemma="le" frpos="DET" frMUSAS="Z5">l'</w><w frlemma="Institut" frpos="PROPN" frMUSAS="P1/S5+c">Institut</w><w frlemma="de" frpos="ADP" frMUSAS="Z5">d'</w><w frlemma="égyptologie" frpos="NOUN" frMUSAS="Z99">égyptologie</w><w frlemma="jusque" frpos="ADP" frMUSAS="Z5">jusqu'</w><w frlemma="à" frpos="ADP" frMUSAS="Z5">à</w><w frlemma="son" frpos="DET" frMUSAS="Z5">sa</w><w frlemma="retraite" frpos="NOUN" frMUSAS="Z99">retraite</w><w frlemma="." frpos="PUNCT" frMUSAS="PUNCT">.</w><w frlemma="pour" frpos="ADP" frMUSAS="Z5">Pour</w><w frlemma="son" frpos="DET" frMUSAS="Z5">son</w><w frlemma="plus" frpos="ADV" frMUSAS="Z5">plus</w><w frlemma="grand" frpos="ADJ" frMUSAS="Z99">grand</w><w frlemma="plaisir" frpos="NOUN" frMUSAS="E4.2+">plaisir</w><w frlemma="," frpos="PUNCT" frMUSAS="PUNCT">,</w><w frlemma="il" frpos="PRON" frMUSAS="Z8">il</w><w frlemma="pouvoir" frpos="VERB" frMUSAS="Z99">put</w><w frlemma="se" frpos="PRON" frMUSAS="Z8">se</w><w frlemma="consacrer" frpos="VERB" frMUSAS="Z99">consacrer</w><w frlemma="presque" frpos="ADV" frMUSAS="A13.4">presque</w><w frlemma="exclusivement" frpos="ADV" frMUSAS="Z99">exclusivement</w><w frlemma="à" frpos="ADP" frMUSAS="Z5">à</w><w frlemma="le" frpos="DET" frMUSAS="Z5">l'</w><w frlemma="enseignement" frpos="NOUN" frMUSAS="Z99">enseignement</w><w frlemma="de" frpos="ADP" frMUSAS="Z5">des</w><w frlemma="texte" frpos="NOUN" frMUSAS="Q1.2">textes</w><w frlemma="religieux" frpos="NOUN" frMUSAS="S9">religieux</w><w frlemma="," frpos="PUNCT" frMUSAS="PUNCT">,</w><w frlemma="de" frpos="ADP" frMUSAS="Z5">des</w><w frlemma="texte" frpos="NOUN" frMUSAS="Q1.2">Textes</w><w frlemma="de" frpos="ADP" frMUSAS="Z5">des</w><w frlemma="sarcophage" frpos="NOUN" frMUSAS="Z99">Sarcophages</w><w frlemma="à" frpos="ADP" frMUSAS="Z5">aux</w><w frlemma="texte" frpos="NOUN" frMUSAS="Q1.2">textes</w><w frlemma="ptolémaïque" frpos="ADJ" frMUSAS="Z99">ptolémaïques</w><w frlemma="." frpos="PUNCT" frMUSAS="PUNCT">.</w><w frlemma="son" frpos="DET" frMUSAS="Z5">Ses</w><w frlemma="étudiant" frpos="NOUN" frMUSAS="P1/S2mf">étudiants</w><w frlemma="témoigner" frpos="VERB" frMUSAS="G2.1">témoignent</w><w frlemma="avec" frpos="ADP" frMUSAS="Z5">avec</w><w frlemma="nostalgie" frpos="NOUN" frMUSAS="Z99">nostalgie</w><w frlemma="de" frpos="ADP" frMUSAS="Z5">de</w><w frlemma="le" frpos="DET" frMUSAS="Z5">la</w><w frlemma="passion" frpos="NOUN" frMUSAS="X5.2+">passion</w><w frlemma="que" frpos="PRON" frMUSAS="Z8">qu'</w><w frlemma="il" frpos="PRON" frMUSAS="Z8">il</w><w frlemma="savoir" frpos="VERB" frMUSAS="X2.2+">savait</w><w frlemma="si" frpos="ADV" frMUSAS="Z5">si</w><w frlemma="bien" frpos="ADV" frMUSAS="A10+">bien</w><w frlemma="son" frpos="DET" frMUSAS="Z5">leur</w><w frlemma="communiquer" frpos="VERB" frMUSAS="Q2.1">communiquer</w><w frlemma="." frpos="PUNCT" frMUSAS="PUNCT">.</w><w frlemma="il" frpos="PRON" frMUSAS="Z8">Il</w><w frlemma="participer" frpos="VERB" frMUSAS="S1.1.3+">participa</w><w frlemma="encore" frpos="ADV" frMUSAS="Z99">encore</w><w frlemma="à" frpos="ADP" frMUSAS="Z5">à</w><w frlemma="le" frpos="DET" frMUSAS="Z5">la</w><w frlemma="campagne" frpos="NOUN" frMUSAS="W3">Campagne</w><w frlemma="de" frpos="ADP" frMUSAS="Z5">de</w><w frlemma="sauvetage" frpos="NOUN" frMUSAS="Z99">sauvetage</w><w frlemma="de" frpos="ADP" frMUSAS="Z5">de</w><w frlemma="Nubie" frpos="PROPN" frMUSAS="Z99">Nubie</w><w frlemma="durer" frpos="ADP" frMUSAS="Z5">durant</w><w frlemma="lequel" frpos="PRON" frMUSAS="Z99">laquelle</w><w frlemma="Christiane" frpos="PROPN" frMUSAS="Z99">Christiane</w><w frlemma="Desroches" frpos="PROPN" frMUSAS="Z99">Desroches</w><w frlemma="-" frpos="PROPN" frMUSAS="Z99">-</w><w frlemma="Noblecourt" frpos="PROPN" frMUSAS="Z99">Noblecourt</w><w frlemma="luire" frpos="PRON" frMUSAS="Z8">lui</w><w frlemma="confier" frpos="VERB" frMUSAS="A9-">confia</w><w frlemma="," frpos="PUNCT" frMUSAS="PUNCT">,</w><w frlemma="en" frpos="ADP" frMUSAS="Z5">en</w><w frlemma="1966" frpos="NUM" frMUSAS="N1">1966</w><w frlemma="," frpos="PUNCT" frMUSAS="PUNCT">,</w><w frlemma="le" frpos="DET" frMUSAS="Z5">la</w><w frlemma="charge" frpos="NOUN" frMUSAS="Z99">charge</w><w frlemma="de" frpos="ADP" frMUSAS="Z5">des</w><w frlemma="relevé" frpos="NOUN" frMUSAS="Z99">relevés</w><w frlemma="épigraphique" frpos="NOUN" frMUSAS="Z99">épigraphiques</w><w frlemma="de" frpos="ADP" frMUSAS="Z5">du</w><w frlemma="temple" frpos="NOUN" frMUSAS="S9/H1">temple</w><w frlemma="de" frpos="ADP" frMUSAS="Z5">d'</w><w frlemma="Amada" frpos="PROPN" frMUSAS="Z99">Amada</w><w frlemma="," frpos="PUNCT" frMUSAS="PUNCT">,</w><w frlemma="en" frpos="ADP" frMUSAS="Z5">en</w><w frlemma="étroite" frpos="NOUN" frMUSAS="Z99">étroite</w><w frlemma="collaboration" frpos="NOUN" frMUSAS="S1.1.3+">collaboration</w><w frlemma="avec" frpos="ADP" frMUSAS="Z5">avec</w><w frlemma="H." frpos="PROPN" frMUSAS="Z99">H.</w><w frlemma="el" frpos="PROPN" frMUSAS="Z99">el</w><w frlemma="-" frpos="PROPN" frMUSAS="Z99">-</w><w frlemma="Achiery" frpos="PROPN" frMUSAS="Z99">Achiery</w><w frlemma="," frpos="PUNCT" frMUSAS="PUNCT">,</w><w frlemma="récemment" frpos="ADV" frMUSAS="T3---">récemment</w><w frlemma="disparaître" frpos="VERB" frMUSAS="Z99">disparu</w><w frlemma="," frpos="PUNCT" frMUSAS="PUNCT">,</w><w frlemma="et" frpos="CCONJ" frMUSAS="Z5">et</w><w frlemma="le" frpos="DET" frMUSAS="Z5">les</w><w frlemma="jeune" frpos="ADJ" frMUSAS="T3-">jeunes</w><w frlemma="égyptologue" frpos="ADJ" frMUSAS="Z99">égyptologues</w><w frlemma="égyptien" frpos="ADJ" frMUSAS="Z2/S2mf">égyptiens</w><w frlemma="de" frpos="ADP" frMUSAS="Z5">du</w><w frlemma="centre" frpos="NOUN" frMUSAS="M6">Centre</w><w frlemma="de" frpos="ADP" frMUSAS="Z5">de</w><w frlemma="documentation" frpos="NOUN" frMUSAS="Z99">documentation</w><w frlemma="sur" frpos="ADP" frMUSAS="Z5">sur</w><w frlemma="le" frpos="DET" frMUSAS="Z5">l'</w><w frlemma="égypte" frpos="NOUN" frMUSAS="Z99">Égypte</w><w frlemma="ancien" frpos="ADJ" frMUSAS="Z99">ancienne</w><w frlemma="." frpos="PUNCT" frMUSAS="PUNCT">.</w><w frlemma="juste" frpos="ADV" frMUSAS="Z99">Juste</w><w frlemma="retour" frpos="NOUN" frMUSAS="M1">retour</w><w frlemma="de" frpos="ADP" frMUSAS="Z5">de</w><w frlemma="son" frpos="DET" frMUSAS="Z5">son</w><w frlemma="attachement" frpos="NOUN" frMUSAS="Z99">attachement</w><w frlemma="pour" frpos="ADP" frMUSAS="Z5">pour</w><w frlemma="le" frpos="DET" frMUSAS="Z5">le</w><w frlemma="temple" frpos="NOUN" frMUSAS="S9/H1">temple</w><w frlemma="de" frpos="ADP" frMUSAS="Z5">d'</w><w frlemma="Amon" frpos="PROPN" frMUSAS="Z99">Amon</w><w frlemma="auquel" frpos="NOUN" frMUSAS="Z99">auquel</w><w frlemma="il" frpos="PRON" frMUSAS="Z8">il</w><w frlemma="avoir" frpos="AUX" frMUSAS="A9+">avait</w><w frlemma="consacrer" frpos="VERB" frMUSAS="Z99">consacré</w><w frlemma="tant" frpos="ADV" frMUSAS="Z99">tant</w><w frlemma="de" frpos="ADP" frMUSAS="Z5">d'</w><w frlemma="année" frpos="NOUN" frMUSAS="T1.3">années</w><w frlemma="," frpos="PUNCT" frMUSAS="PUNCT">,</w><w frlemma="il" frpos="PRON" frMUSAS="Z8">il</w><w frlemma="être" frpos="AUX" frMUSAS="Z99">fut</w><w frlemma="nommer" frpos="VERB" frMUSAS="Z99">nommé</w><w frlemma="directeur" frpos="NOUN" frMUSAS="S7.1+/S2mf">directeur</w><w frlemma="scientifique" frpos="ADJ" frMUSAS="Y1">scientifique</w><w frlemma="de" frpos="ADP" frMUSAS="Z5">du</w><w frlemma="centre" frpos="NOUN" frMUSAS="M6">Centre</w><w frlemma="franco-égyptien" frpos="ADJ" frMUSAS="Z99">franco-égyptien</w><w frlemma="de" frpos="ADP" frMUSAS="Z5">d'</w><w frlemma="étude" frpos="NOUN" frMUSAS="P1">étude</w><w frlemma="de" frpos="ADP" frMUSAS="Z5">des</w><w frlemma="temple" frpos="NOUN" frMUSAS="S9/H1">temples</w><w frlemma="de" frpos="ADP" frMUSAS="Z5">de</w><w frlemma="Karnak" frpos="PROPN" frMUSAS="Z99">Karnak</w><w frlemma="à" frpos="ADP" frMUSAS="Z5">à</w><w frlemma="le" frpos="DET" frMUSAS="Z5">la</w><w frlemma="mort" frpos="NOUN" frMUSAS="Z99">mort</w><w frlemma="de" frpos="ADP" frMUSAS="Z5">de</w><w frlemma="Serge" frpos="PROPN" frMUSAS="Z99">Serge</w><w frlemma="Sauneron" frpos="PROPN" frMUSAS="Z99">Sauneron</w><w frlemma="," frpos="PUNCT" frMUSAS="PUNCT">,</w><w frlemma="en" frpos="ADP" frMUSAS="Z5">en</w><w frlemma="1976" frpos="NUM" frMUSAS="N1">1976</w><w frlemma="," frpos="PUNCT" frMUSAS="PUNCT">,</w><w frlemma="fonction" frpos="NOUN" frMUSAS="A1.1.1">fonction</w><w frlemma="que" frpos="PRON" frMUSAS="Z8">qu'</w><w frlemma="il" frpos="PRON" frMUSAS="Z8">il</w><w frlemma="conserver" frpos="VERB" frMUSAS="Z99">conservera</w><w frlemma="jusque" frpos="ADP" frMUSAS="Z5">jusqu'</w><w frlemma="en" frpos="ADP" frMUSAS="Z5">en</w><w frlemma="1978" frpos="NUM" frMUSAS="N1">1978</w><w frlemma="." frpos="PUNCT" frMUSAS="PUNCT">.</w><w frlemma="auteur" frpos="NOUN" frMUSAS="Q1.2">Auteur</w><w frlemma="de" frpos="ADP" frMUSAS="Z5">d'</w><w frlemma="article" frpos="NOUN" frMUSAS="G2.1/P1">articles</w><w frlemma="de" frpos="ADP" frMUSAS="Z5">de</w><w frlemma="référence" frpos="NOUN" frMUSAS="Q2.2">référence</w><w frlemma="," frpos="PUNCT" frMUSAS="PUNCT">,</w><w frlemma="notamment" frpos="ADV" frMUSAS="A14">notamment</w><w frlemma="sur" frpos="ADP" frMUSAS="Z5">sur</w><w frlemma="le" frpos="DET" frMUSAS="Z5">le</w><w frlemma="ka" frpos="NOUN" frMUSAS="Z99">ka</w><w frlemma="royal" frpos="VERB" frMUSAS="S7.1+/S2mf">royal</w><w frlemma="," frpos="PUNCT" frMUSAS="PUNCT">,</w><w frlemma="le" frpos="DET" frMUSAS="Z5">le</w><w frlemma="contrepoids" frpos="NOUN" frMUSAS="Z99">contrepoids</w><w frlemma="de" frpos="ADP" frMUSAS="Z5">de</w><w frlemma="collier" frpos="NOUN" frMUSAS="Z99">collier</w><w frlemma="ménat" frpos="NOUN" frMUSAS="Z99">ménat</w><w frlemma="et" frpos="CCONJ" frMUSAS="Z5">et</w><w frlemma="le" frpos="DET" frMUSAS="Z5">la</w><w frlemma="fonction" frpos="NOUN" frMUSAS="A1.1.1">fonction</w><w frlemma="de" frpos="ADP" frMUSAS="Z5">d'</w><w frlemma="arpenteur" frpos="NOUN" frMUSAS="Z99">arpenteur</w><w frlemma="de" frpos="ADP" frMUSAS="Z5">du</w><w frlemma="dieu" frpos="PROPN" frMUSAS="Z4">dieu</w><w frlemma="Khnoum" frpos="PROPN" frMUSAS="Z99">Khnoum</w><w frlemma="," frpos="PUNCT" frMUSAS="PUNCT">,</w><w frlemma="il" frpos="PRON" frMUSAS="Z8">il</w><w frlemma="être" frpos="AUX" frMUSAS="M6">est</w><w frlemma="le" frpos="DET" frMUSAS="Z5">l'</w><w frlemma="un" frpos="PRON" frMUSAS="Z5">un</w><w frlemma="de" frpos="ADP" frMUSAS="Z5">des</w><w frlemma="auteur" frpos="NOUN" frMUSAS="Q1.2">auteurs</w><w frlemma="de" frpos="ADP" frMUSAS="Z5">du</w><w frlemma="deuxième" frpos="ADJ" frMUSAS="N4">deuxième</w><w frlemma="tom" frpos="ADJ" frMUSAS="Z99">tome</w><w frlemma="de" frpos="ADP" frMUSAS="Z5">de</w><w frlemma="le" frpos="DET" frMUSAS="Z5">l'</w><w frlemma="univers" frpos="NOUN" frMUSAS="W1">Univers</w><w frlemma="de" frpos="ADP" frMUSAS="Z5">des</w><w frlemma="forme" frpos="NOUN" frMUSAS="A4.1">formes</w><w frlemma="," frpos="PUNCT" frMUSAS="PUNCT">,</w><w frlemma="le" frpos="DET" frMUSAS="Z5">L'</w><w frlemma="égypte" frpos="NOUN" frMUSAS="Z99">Égypte</w><w frlemma="de" frpos="ADP" frMUSAS="Z5">des</w><w frlemma="conquérant" frpos="NOUN" frMUSAS="Z99">conquérants</w><w frlemma="," frpos="PUNCT" frMUSAS="PUNCT">,</w><w frlemma="ouvrage" frpos="NOUN" frMUSAS="I3.1">ouvrage</w><w frlemma="de" frpos="ADP" frMUSAS="Z5">d'</w><w frlemma="art" frpos="PRON" frMUSAS="C1">art</w><w frlemma="réaliser" frpos="VERB" frMUSAS="Z99">réalisé</w><w frlemma="sou" frpos="ADP" frMUSAS="A13.6">sous</w><w frlemma="le" frpos="DET" frMUSAS="Z5">la</w><w frlemma="direction" frpos="NOUN" frMUSAS="Z99">direction</w><w frlemma="de" frpos="ADP" frMUSAS="Z5">de</w><w frlemma="Jean" frpos="PROPN" frMUSAS="Z99">Jean</w><w frlemma="Leclant" frpos="PROPN" frMUSAS="Z99">Leclant</w><w frlemma="." frpos="PUNCT" frMUSAS="PUNCT">.</w><w frlemma="un" frpos="DET" frMUSAS="Z5">Un</w><w frlemma="volume" frpos="NOUN" frMUSAS="N3.4">volume</w><w frlemma="intituler" frpos="VERB" frMUSAS="Z99">intitulé</w><w frlemma="Aspects" frpos="PROPN" frMUSAS="Z99">Aspects</w><w frlemma="de" frpos="ADP" frMUSAS="Z5">de</w><w frlemma="le" frpos="DET" frMUSAS="Z5">la</w><w frlemma="pensée" frpos="NOUN" frMUSAS="X2.1">pensée</w><w frlemma="religieux" frpos="ADJ" frMUSAS="S9">religieuse</w><w frlemma="de" frpos="ADP" frMUSAS="Z5">de</w><w frlemma="le" frpos="DET" frMUSAS="Z5">l'</w><w frlemma="égypte" frpos="NOUN" frMUSAS="Z99">Égypte</w><w frlemma="ancien" frpos="ADJ" frMUSAS="Z99">ancienne</w><w frlemma="réunit" frpos="NOUN" frMUSAS="Z99">réunit</w><w frlemma="quelques-uns" frpos="PROPN" frMUSAS="Z99">quelques-uns</w><w frlemma="de" frpos="ADP" frMUSAS="Z5">de</w><w frlemma="son" frpos="DET" frMUSAS="Z5">ses</w><w frlemma="écrit" frpos="NOUN" frMUSAS="Q1.2">écrits</w><w frlemma="sur" frpos="ADP" frMUSAS="Z5">sur</w><w frlemma="le" frpos="DET" frMUSAS="Z5">le</w><w frlemma="livre" frpos="NOUN" frMUSAS="Z99">Livre</w><w frlemma="de" frpos="ADP" frMUSAS="Z5">des</w><w frlemma="Deux" frpos="NUM" frMUSAS="N1">Deux</w><w frlemma="chemin" frpos="NOUN" frMUSAS="Z99">Chemins</w><w frlemma="," frpos="PUNCT" frMUSAS="PUNCT">,</w><w frlemma="le" frpos="DET" frMUSAS="Z5">le</w><w frlemma="livre" frpos="NOUN" frMUSAS="Z99">Livre</w><w frlemma="de" frpos="ADP" frMUSAS="Z5">des</w><w frlemma="caverne" frpos="NOUN" frMUSAS="Z99">Cavernes</w><w frlemma="," frpos="PUNCT" frMUSAS="PUNCT">,</w><w frlemma="le" frpos="DET" frMUSAS="Z5">le</w><w frlemma="rituel" frpos="NOUN" frMUSAS="Z99">rituel</w><w frlemma="de" frpos="ADP" frMUSAS="Z5">de</w><w frlemma="fondation" frpos="NOUN" frMUSAS="T2+">fondation</w><w frlemma="de" frpos="ADP" frMUSAS="Z5">des</w><w frlemma="temple" frpos="NOUN" frMUSAS="S9/H1">temples</w><w frlemma="de" frpos="ADP" frMUSAS="Z5">de</w><w frlemma="Médinet" frpos="PROPN" frMUSAS="Z99">Médinet</w><w frlemma="Habou" frpos="PROPN" frMUSAS="Z99">Habou</w><w frlemma="et" frpos="CCONJ" frMUSAS="Z5">et</w><w frlemma="de" frpos="ADP" frMUSAS="Z5">de</w><w frlemma="Louqsor" frpos="PROPN" frMUSAS="Z99">Louqsor</w><w frlemma="," frpos="PUNCT" frMUSAS="PUNCT">,</w><w frlemma="etc." frpos="ADV" frMUSAS="Z99">etc.</w><w frlemma="durer" frpos="ADP" frMUSAS="Z5">Durant</w><w frlemma="tout" frpos="ADJ" frMUSAS="Z8">toute</w><w frlemma="son" frpos="DET" frMUSAS="Z5">sa</w><w frlemma="carrière" frpos="NOUN" frMUSAS="I3.1">carrière</w><w frlemma="," frpos="PUNCT" frMUSAS="PUNCT">,</w><w frlemma="Paul" frpos="PROPN" frMUSAS="Z99">Paul</w><w frlemma="Barguet" frpos="PROPN" frMUSAS="Z99">Barguet</w><w frlemma="développer" frpos="VERB" frMUSAS="A2.1+">développa</w><w frlemma="un" frpos="DET" frMUSAS="Z5">un</w><w frlemma="intérêt" frpos="NOUN" frMUSAS="X5.2+">intérêt</w><w frlemma="particulier" frpos="ADJ" frMUSAS="Z99">particulier</w><w frlemma="pour" frpos="ADP" frMUSAS="Z5">pour</w><w frlemma="le" frpos="DET" frMUSAS="Z5">les</w><w frlemma="texte" frpos="NOUN" frMUSAS="Q1.2">textes</w><w frlemma="funéraire" frpos="ADJ" frMUSAS="Z99">funéraires</w><w frlemma="." frpos="PUNCT" frMUSAS="PUNCT">.</w><w frlemma="pensionnaire" frpos="NOUN" frMUSAS="Z99">Pensionnaire</w><w frlemma="de" frpos="ADP" frMUSAS="Z5">de</w><w frlemma="le" frpos="DET" frMUSAS="Z5">l'</w><w frlemma="ifao" frpos="NOUN" frMUSAS="Z99">Ifao</w><w frlemma="," frpos="PUNCT" frMUSAS="PUNCT">,</w><w frlemma="il" frpos="PRON" frMUSAS="Z8">il</w><w frlemma="avoir" frpos="AUX" frMUSAS="A9+">avait</w><w frlemma="entreprendre" frpos="VERB" frMUSAS="Z99">entrepris</w><w frlemma="de" frpos="ADP" frMUSAS="Z5">de</w><w frlemma="copier" frpos="NOUN" frMUSAS="Z99">copier</w><w frlemma="," frpos="PUNCT" frMUSAS="PUNCT">,</w><w frlemma="avec" frpos="ADP" frMUSAS="Z5">avec</w><w frlemma="Jean" frpos="PROPN" frMUSAS="Z99">Jean</w><w frlemma="Leclant" frpos="PROPN" frMUSAS="Z99">Leclant</w><w frlemma="," frpos="PUNCT" frMUSAS="PUNCT">,</w><w frlemma="le" frpos="DET" frMUSAS="Z5">les</w><w frlemma="inscription" frpos="NOUN" frMUSAS="Z99">inscriptions</w><w frlemma="de" frpos="ADP" frMUSAS="Z5">du</w><w frlemma="tombeau" frpos="NOUN" frMUSAS="Z99">tombeau</w><w frlemma="de" frpos="ADP" frMUSAS="Z5">de</w><w frlemma="Montouemhat" frpos="PROPN" frMUSAS="Z99">Montouemhat</w><w frlemma="dans" frpos="ADP" frMUSAS="Z5">dans</w><w frlemma="le" frpos="DET" frMUSAS="Z5">l'</w><w frlemma="Assassif" frpos="PROPN" frMUSAS="Z99">Assassif</w><w frlemma="." frpos="PUNCT" frMUSAS="PUNCT">.</w><w frlemma="dès" frpos="ADP" frMUSAS="Z5">Dès</w><w frlemma="1962" frpos="NUM" frMUSAS="N1">1962</w><w frlemma="," frpos="PUNCT" frMUSAS="PUNCT">,</w><w frlemma="il" frpos="PRON" frMUSAS="Z8">il</w><w frlemma="choisir" frpos="VERB" frMUSAS="X7+">choisit</w><w frlemma="," frpos="PUNCT" frMUSAS="PUNCT">,</w><w frlemma="comme" frpos="ADP" frMUSAS="Z5">comme</w><w frlemma="thèse" frpos="NOUN" frMUSAS="Z99">thèse</w><w frlemma="complémentaire" frpos="ADJ" frMUSAS="Z99">complémentaire</w><w frlemma="de" frpos="ADP" frMUSAS="Z5">de</w><w frlemma="doctorat" frpos="NOUN" frMUSAS="Z99">doctorat</w><w frlemma="," frpos="PUNCT" frMUSAS="PUNCT">,</w><w frlemma="et" frpos="CCONJ" frMUSAS="Z5">et</w><w frlemma="éditer" frpos="VERB" frMUSAS="Z99">édita</w><w frlemma="le" frpos="DET" frMUSAS="Z5">le</w><w frlemma="papyrus" frpos="NOUN" frMUSAS="Z99">papyrus</w><w frlemma="1376" frpos="NUM" frMUSAS="N1">1376</w><w frlemma="de" frpos="ADP" frMUSAS="Z5">du</w><w frlemma="musée" frpos="NOUN" frMUSAS="T1.1.1/H1c">musée</w><w frlemma="de" frpos="ADP" frMUSAS="Z5">du</w><w frlemma="Louvre" frpos="PROPN" frMUSAS="Z99">Louvre</w><w frlemma="." frpos="PUNCT" frMUSAS="PUNCT">.</w><w frlemma="il" frpos="PRON" frMUSAS="Z8">Il</w><w frlemma="publier" frpos="X" frMUSAS="Q4">publia</w><w frlemma="," frpos="PUNCT" frMUSAS="PUNCT">,</w><w frlemma="à" frpos="ADP" frMUSAS="Z5">aux</w><w frlemma="édition" frpos="NOUN" frMUSAS="Z99">éditions</w><w frlemma="de" frpos="ADP" frMUSAS="Z5">du</w><w frlemma="Cerf" frpos="PROPN" frMUSAS="Z99">Cerf</w><w frlemma="," frpos="PUNCT" frMUSAS="PUNCT">,</w><w frlemma="un" frpos="DET" frMUSAS="Z5">une</w><w frlemma="traduction" frpos="NOUN" frMUSAS="Q3">traduction</w><w frlemma="en" frpos="ADP" frMUSAS="Z5">en</w><w frlemma="français" frpos="ADJ" frMUSAS="Z2">français</w><w frlemma="de" frpos="ADP" frMUSAS="Z5">du</w><w frlemma="livre" frpos="NOUN" frMUSAS="Z99">Livre</w><w frlemma="de" frpos="ADP" frMUSAS="Z5">des</w><w frlemma="mort" frpos="NOUN" frMUSAS="Z99">Morts</w><w frlemma="en" frpos="ADP" frMUSAS="Z5">en</w><w frlemma="1967" frpos="NUM" frMUSAS="N1">1967</w><w frlemma="et" frpos="CCONJ" frMUSAS="Z5">et</w><w frlemma="de" frpos="ADP" frMUSAS="Z5">des</w><w frlemma="texte" frpos="NOUN" frMUSAS="Q1.2">Textes</w><w frlemma="de" frpos="ADP" frMUSAS="Z5">des</w><w frlemma="sarcophage" frpos="NOUN" frMUSAS="Z99">Sarcophages</w><w frlemma="en" frpos="ADP" frMUSAS="Z5">en</w><w frlemma="1986" frpos="NUM" frMUSAS="N1">1986</w><w frlemma="," frpos="PUNCT" frMUSAS="PUNCT">,</w><w frlemma="mettre" frpos="VERB" frMUSAS="Z99">mettant</w><w frlemma="ainsi" frpos="ADV" frMUSAS="Z5/A2.2">ainsi</w><w frlemma="un" frpos="DET" frMUSAS="Z5">une</w><w frlemma="littérature" frpos="NOUN" frMUSAS="Q4.1">littérature</w><w frlemma="de" frpos="ADP" frMUSAS="Z5">d'</w><w frlemma="un" frpos="DET" frMUSAS="Z5">un</w><w frlemma="abord" frpos="NOUN" frMUSAS="Z99">abord</w><w frlemma="difficile" frpos="NOUN" frMUSAS="A12-">difficile</w><w frlemma="à" frpos="ADP" frMUSAS="Z5">à</w><w frlemma="le" frpos="DET" frMUSAS="Z5">la</w><w frlemma="disposition" frpos="NOUN" frMUSAS="Z99">disposition</w><w frlemma="de" frpos="ADP" frMUSAS="Z5">d'</w><w frlemma="un" frpos="DET" frMUSAS="Z5">un</w><w frlemma="large" frpos="NOUN" frMUSAS="Z99">large</w><w frlemma="public" frpos="ADJ" frMUSAS="Z99">public</w><w frlemma="de" frpos="ADP" frMUSAS="Z5">de</w><w frlemma="spécialiste" frpos="NOUN" frMUSAS="X2.2+">spécialistes</w><w frlemma="," frpos="PUNCT" frMUSAS="PUNCT">,</w><w frlemma="de" frpos="ADP" frMUSAS="Z5">d'</w><w frlemma="étudiant" frpos="NOUN" frMUSAS="P1/S2mf">étudiants</w><w frlemma="," frpos="PUNCT" frMUSAS="PUNCT">,</w><w frlemma="mais" frpos="CCONJ" frMUSAS="Z5">mais</w><w frlemma="aussi" frpos="ADV" frMUSAS="Z99">aussi</w><w frlemma="de" frpos="ADP" frMUSAS="Z5">d'</w><w frlemma="amateur" frpos="NOUN" frMUSAS="I3.2-">amateurs</w><w frlemma="." frpos="PUNCT" frMUSAS="PUNCT">.</w><w frlemma="Paul" frpos="PROPN" frMUSAS="Z99">Paul</w><w frlemma="Barguet" frpos="PROPN" frMUSAS="Z99">Barguet</w><w frlemma="nous" frpos="PRON" frMUSAS="Z8">nous</w><w frlemma="avoir" frpos="AUX" frMUSAS="A9+">a</w><w frlemma="quitter" frpos="VERB" frMUSAS="M1">quittés</w><w frlemma="le" frpos="DET" frMUSAS="Z5">le</w><w frlemma="premier" frpos="ADJ" frMUSAS="N4">1er</w><w frlemma="février" frpos="NOUN" frMUSAS="T1.3">février</w><w frlemma="2012" frpos="NUM" frMUSAS="N1">2012</w><w frlemma="." frpos="PUNCT" frMUSAS="PUNCT">.</w><w frlemma="aussi" frpos="ADV" frMUSAS="Z99">Aussi</w><w frlemma="réserver" frpos="VERB" frMUSAS="Z99">réservé</w><w frlemma="que" frpos="SCONJ" frMUSAS="Z5">que</w><w frlemma="son" frpos="DET" frMUSAS="Z5">sa</w><w frlemma="nature" frpos="NOUN" frMUSAS="W5">nature</w><w frlemma="le" frpos="PRON" frMUSAS="Z8">l'</w><w frlemma="avoir" frpos="AUX" frMUSAS="A9+">ait</w><w frlemma="porter" frpos="VERB" frMUSAS="Z99">porté</w><w frlemma="à" frpos="ADP" frMUSAS="Z5">à</w><w frlemma="être" frpos="AUX" frMUSAS="Z99">être</w><w frlemma="," frpos="PUNCT" frMUSAS="PUNCT">,</w><w frlemma="il" frpos="PRON" frMUSAS="Z8">il</w><w frlemma="ne" frpos="ADV" frMUSAS="Z6">n'</w><w frlemma="en" frpos="PRON" frMUSAS="Z8">en</w><w frlemma="avoir" frpos="AUX" frMUSAS="A9+">a</w><w frlemma="pas" frpos="ADV" frMUSAS="Z99">pas</w><w frlemma="moins" frpos="ADV" frMUSAS="A13.6">moins</w><w frlemma="savoir" frpos="VERB" frMUSAS="X2.2+">su</w><w frlemma="jouer" frpos="VERB" frMUSAS="K1">jouer</w><w frlemma="un" frpos="DET" frMUSAS="Z5">un</w><w frlemma="rôle" frpos="NOUN" frMUSAS="I3.1">rôle</w><w frlemma="dynamique" frpos="ADJ" frMUSAS="A2.1+">dynamique</w><w frlemma="dans" frpos="ADP" frMUSAS="Z5">dans</w><w frlemma="le" frpos="DET" frMUSAS="Z5">l'</w><w frlemma="histoire" frpos="NOUN" frMUSAS="Z99">histoire</w><w frlemma="de" frpos="ADP" frMUSAS="Z5">de</w><w frlemma="notre" frpos="DET" frMUSAS="Z8">notre</w><w frlemma="discipline" frpos="NOUN" frMUSAS="G2.1">discipline</w><w frlemma="et" frpos="CCONJ" frMUSAS="Z5">et</w><w frlemma="apporter" frpos="VERB" frMUSAS="M2">apporter</w><w frlemma="un" frpos="DET" frMUSAS="Z5">une</w><w frlemma="contribution" frpos="NOUN" frMUSAS="A9-">contribution</w><w frlemma="de" frpos="ADP" frMUSAS="Z5">de</w><w frlemma="grand" frpos="ADJ" frMUSAS="Z99">grande</w><w frlemma="qualité" frpos="NOUN" frMUSAS="A5.1">qualité</w><w frlemma="à" frpos="ADP" frMUSAS="Z5">à</w><w frlemma="le" frpos="DET" frMUSAS="Z5">l'</w><w frlemma="élaboration" frpos="NOUN" frMUSAS="Z99">élaboration</w><w frlemma="de" frpos="ADP" frMUSAS="Z5">de</w><w frlemma="notre" frpos="DET" frMUSAS="Z5">nos</w><w frlemma="connaissance" frpos="NOUN" frMUSAS="X2.2+">connaissances</w><w frlemma="sur" frpos="ADP" frMUSAS="Z5">sur</w><w frlemma="ce" frpos="DET" frMUSAS="Z5">cette</w><w frlemma="culture" frpos="NOUN" frMUSAS="C1">culture</w><w frlemma="qui" frpos="PRON" frMUSAS="Z8">qui</w><w frlemma="avoir" frpos="AUX" frMUSAS="A9+">avait</w><w frlemma="savoir" frpos="VERB" frMUSAS="X2.2+">su</w><w frlemma="le" frpos="PRON" frMUSAS="Z8">le</w><w frlemma="charmer" frpos="VERB" frMUSAS="Z99">charmer</w><w frlemma="." frpos="PUNCT" frMUSAS="PUNCT">.</w><w frlemma="il" frpos="PRON" frMUSAS="Z8">Il</w><w frlemma="laisse" frpos="VERB" frMUSAS="Z99">laisse</w><w frlemma="le" frpos="DET" frMUSAS="Z5">le</w><w frlemma="souvenir" frpos="NOUN" frMUSAS="Z99">souvenir</w><w frlemma="plaire" frpos="VERB" frMUSAS="E4.2+">plaisant</w><w frlemma="de" frpos="ADP" frMUSAS="Z5">d'</w><w frlemma="un" frpos="DET" frMUSAS="Z5">un</w><w frlemma="homme" frpos="NOUN" frMUSAS="I3.1">homme</w><w frlemma="authentique" frpos="ADJ" frMUSAS="Z99">authentique</w><w frlemma="," frpos="PUNCT" frMUSAS="PUNCT">,</w><w frlemma="à" frpos="ADP" frMUSAS="Z5">à</w><w frlemma="le" frpos="DET" frMUSAS="Z5">l'</w><w frlemma="humour" frpos="NOUN" frMUSAS="E4.1+">humour</w><w frlemma="raffiné" frpos="ADJ" frMUSAS="Z99">raffiné</w><w frlemma="." frpos="PUNCT" frMUSAS="PUNCT">.</w><w frlemma="Dominique" frpos="PROPN" frMUSAS="Z99">Dominique</w><w frlemma="Valbelle" frpos="PROPN" frMUSAS="Z99">Valbelle</w><pb n="10"/><note place="bottom"></note></p></text></TEI>