<?xml version='1.0' encoding='UTF-8'?>
<TEI xmlns="http://www.tei-c.org/ns/1.0"><teiHeader><fileDesc><titleStmt><title>[Nécrologie.] L’abbé Jules Leroy (1903-1979).</title></titleStmt><publicationStmt>Corpus produit par l'étudiant MA1 Ph. Hennebert (philippe.hennebert@student.uliege.be) du cours de l'Université de Liège Corpus INFO0943: 'Corpus textuels: principes de constitution et d'analyse'</publicationStmt><sourceDesc><p>https://www.ifao.egnet.net/bifao/80/1/ (BIFAO en ligne) processed using python scripts in https://github.com/PhilHen/BIFAOCorpusTools (typographical zones detected using OpenCV, OCR with Tesseract)</p></sourceDesc></fileDesc><encodingDesc><classDecl><taxonomy id="frpos"><bibl><title>pos tagset build from https://spacy.io/</title></bibl></taxonomy><taxonomy id="frlemma"><bibl><title>fr lemma of the model https://spacy.io/</title></bibl></taxonomy><taxonomy id="frMUSAS"><bibl><title>semantic tagging https://ucrel.github.io/pymusas/usage/how_to/tag_text#french</title></bibl></taxonomy></classDecl><editorialDecl><correction>Les erreurs d'orthographe confirmées par examen du PDF source n'ont pas été corrigées. Une vérification et correction manuelle du texte a été réalisée par Ph. Hennebert (philippe.hennebert@student.uliege.be) le 29/12/2023</correction><hyphenation>Les mots coupés en fin de ligne ont été réassemblés automatiquement, pour autant que la forme combinée sans trait d'union soit attestée dans le dictionnaire français https://unitexgramlab.org/fr/language-resources</hyphenation></editorialDecl></encodingDesc></teiHeader><text id="BIFAO080_art_01.pdf" auteur="René-Georges Coquin" annee="1980" titre="[Nécrologie.] L’abbé Jules Leroy (1903-1979)." textId="80A01" nomDefunt="Leroy" metierDefunt="historienReligion" categ="Nécrologie"><p><pb n="5"/><w frlemma="le" frpos="DET" frMUSAS="Z5">L'</w><w frlemma="abbé" frpos="NOUN" frMUSAS="Z99">ABBÉ</w><w frlemma="JULES" frpos="PROPN" frMUSAS="Z99">JULES</w><w frlemma="leroy" frpos="ADJ" frMUSAS="Z99">LEROY</w><w frlemma="(" frpos="PUNCT" frMUSAS="PUNCT">(</w><w frlemma="1903" frpos="NOUN" frMUSAS="Z99">1903</w><w frlemma="-" frpos="NOUN" frMUSAS="Z99">-</w><w frlemma="1979" frpos="NOUN" frMUSAS="Z99">1979</w><w frlemma=")" frpos="PUNCT" frMUSAS="PUNCT">)</w><w frlemma="René" frpos="PROPN" frMUSAS="Z99">René</w><w frlemma="-" frpos="PROPN" frMUSAS="Z99">-</w><w frlemma="Georges" frpos="PROPN" frMUSAS="Z99">Georges</w><w frlemma="COQUIN" frpos="PROPN" frMUSAS="Z99">COQUIN</w><w frlemma="au" frpos="ADP" frMUSAS="Z5">Au</w><w frlemma="printemps" frpos="NOUN" frMUSAS="M1">printemps</w><w frlemma="de" frpos="ADP" frMUSAS="Z5">de</w><w frlemma="1979" frpos="NUM" frMUSAS="N1">1979</w><w frlemma="," frpos="PUNCT" frMUSAS="PUNCT">,</w><w frlemma="à" frpos="ADP" frMUSAS="Z5">à</w><w frlemma="le" frpos="DET" frMUSAS="Z5">l'</w><w frlemma="époque" frpos="NOUN" frMUSAS="Z99">époque</w><w frlemma="même" frpos="ADV" frMUSAS="Z99">même</w><w frlemma="où" frpos="PRON" frMUSAS="Z8">où</w><w frlemma="," frpos="PUNCT" frMUSAS="PUNCT">,</w><w frlemma="depuis" frpos="ADP" frMUSAS="Z5">depuis</w><w frlemma="plus" frpos="ADV" frMUSAS="Z5">plus</w><w frlemma="de" frpos="ADP" frMUSAS="Z5">de</w><w frlemma="dix" frpos="NUM" frMUSAS="N1">dix</w><w frlemma="an" frpos="NOUN" frMUSAS="T1.3">ans</w><w frlemma="," frpos="PUNCT" frMUSAS="PUNCT">,</w><w frlemma="le" frpos="DET" frMUSAS="Z5">l'</w><w frlemma="Institut" frpos="PROPN" frMUSAS="P1/S5+c">Institut</w><w frlemma="accueillir" frpos="VERB" frMUSAS="Z99">accueillait</w><w frlemma="," frpos="PUNCT" frMUSAS="PUNCT">,</w><w frlemma="chaque" frpos="DET" frMUSAS="N5.1+">chaque</w><w frlemma="année" frpos="NOUN" frMUSAS="T1.3">année</w><w frlemma="," frpos="PUNCT" frMUSAS="PUNCT">,</w><w frlemma="le" frpos="DET" frMUSAS="Z5">l'</w><w frlemma="abbé" frpos="NOUN" frMUSAS="Z99">abbé</w><w frlemma="J." frpos="PROPN" frMUSAS="Z99">J.</w><w frlemma="Leroy" frpos="PROPN" frMUSAS="Z99">Leroy</w><w frlemma="venir" frpos="VERB" frMUSAS="M1">venant</w><w frlemma="à" frpos="ADP" frMUSAS="Z5">à</w><w frlemma="son" frpos="DET" frMUSAS="Z5">ses</w><w frlemma="relevé" frpos="NOUN" frMUSAS="Z99">relevés</w><w frlemma="de" frpos="ADP" frMUSAS="Z5">des</w><w frlemma="peinture" frpos="NOUN" frMUSAS="Z99">Peintures</w><w frlemma="murale" frpos="NOUN" frMUSAS="Z99">murales</w><w frlemma="copte" frpos="NOUN" frMUSAS="Z99">coptes</w><w frlemma="," frpos="PUNCT" frMUSAS="PUNCT">,</w><w frlemma="nous" frpos="PRON" frMUSAS="Z8">nous</w><w frlemma="apprendre" frpos="VERB" frMUSAS="X2.3+">apprenions</w><w frlemma="par" frpos="ADP" frMUSAS="M6">par</w><w frlemma="le" frpos="DET" frMUSAS="Z5">la</w><w frlemma="presse" frpos="NOUN" frMUSAS="A1.1.1">presse</w><w frlemma="son" frpos="DET" frMUSAS="Z5">son</w><w frlemma="décès" frpos="NOUN" frMUSAS="L1-">décès</w><w frlemma="à" frpos="ADP" frMUSAS="Z5">à</w><w frlemma="Chaptelat" frpos="PROPN" frMUSAS="Z99">Chaptelat</w><w frlemma="," frpos="PUNCT" frMUSAS="PUNCT">,</w><w frlemma="près" frpos="ADV" frMUSAS="Z99">près</w><w frlemma="de" frpos="ADP" frMUSAS="Z5">de</w><w frlemma="Limoges" frpos="PROPN" frMUSAS="Z99">Limoges</w><w frlemma="," frpos="PUNCT" frMUSAS="PUNCT">,</w><w frlemma="le" frpos="DET" frMUSAS="Z5">le</w><w frlemma="8" frpos="NUM" frMUSAS="N1">8</w><w frlemma="avril" frpos="NOUN" frMUSAS="T1.3">avril</w><w frlemma="." frpos="PUNCT" frMUSAS="PUNCT">.</w><w frlemma="ce" frpos="DET" frMUSAS="Z5">Cette</w><w frlemma="nouveau" frpos="PROPN" frMUSAS="T3-">nouvelle</w><w frlemma="," frpos="PUNCT" frMUSAS="PUNCT">,</w><w frlemma="quoique" frpos="SCONJ" frMUSAS="Z5">quoiqu'</w><w frlemma="lui" frpos="PRON" frMUSAS="Z8">elle</w><w frlemma="ne" frpos="ADV" frMUSAS="Z6">ne</w><w frlemma="surprendre" frpos="VERB" frMUSAS="X2.6-">surprît</w><w frlemma="pas" frpos="ADV" frMUSAS="Z99">pas</w><w frlemma="outre" frpos="ADP" frMUSAS="Z5">outre</w><w frlemma="mesure" frpos="NOUN" frMUSAS="N3.1">mesure</w><w frlemma="celui" frpos="PRON" frMUSAS="Z8">ceux</w><w frlemma="qui" frpos="PRON" frMUSAS="Z8">qui</w><w frlemma="le" frpos="PRON" frMUSAS="Z8">l'</w><w frlemma="avoir" frpos="AUX" frMUSAS="A9+">avaient</w><w frlemma="rencontrer" frpos="VERB" frMUSAS="S3.1">rencontré</w><w frlemma="au" frpos="ADP" frMUSAS="Z5">au</w><w frlemma="cours" frpos="NOUN" frMUSAS="M1">cours</w><w frlemma="de" frpos="ADP" frMUSAS="Z5">des</w><w frlemma="dernier" frpos="ADJ" frMUSAS="N4">derniers</w><w frlemma="mois" frpos="NOUN" frMUSAS="T1.3">mois</w><w frlemma="," frpos="PUNCT" frMUSAS="PUNCT">,</w><w frlemma="attrister" frpos="PROPN" frMUSAS="Z99">attrista</w><w frlemma="cependant" frpos="ADV" frMUSAS="A13.1">cependant</w><w frlemma="tout" frpos="ADJ" frMUSAS="Z8">tous</w><w frlemma="celui" frpos="PRON" frMUSAS="Z8">ceux</w><w frlemma="qui" frpos="PRON" frMUSAS="Z8">qui</w><w frlemma="avoir" frpos="AUX" frMUSAS="A9+">avaient</w><w frlemma="avoir" frpos="VERB" frMUSAS="A9+">eu</w><w frlemma="le" frpos="DET" frMUSAS="Z5">l'</w><w frlemma="occasion" frpos="NOUN" frMUSAS="Z99">occasion</w><w frlemma="de" frpos="ADP" frMUSAS="Z5">de</w><w frlemma="le" frpos="PRON" frMUSAS="Z8">le</w><w frlemma="connaître" frpos="VERB" frMUSAS="X2.2+">connaître</w><w frlemma="." frpos="PUNCT" frMUSAS="PUNCT">.</w></p><p><w frlemma="il" frpos="PRON" frMUSAS="Z8">Il</w><w frlemma="être" frpos="AUX" frMUSAS="Z99">était</w><w frlemma="naître" frpos="VERB" frMUSAS="Z99">né</w><w frlemma="à" frpos="ADP" frMUSAS="Z5">à</w><w frlemma="Ablis" frpos="PROPN" frMUSAS="Z99">Ablis</w><w frlemma="(" frpos="PUNCT" frMUSAS="PUNCT">(</w><w frlemma="Yvelines" frpos="PROPN" frMUSAS="Z99">Yvelines</w><w frlemma=")" frpos="PUNCT" frMUSAS="PUNCT">)</w><w frlemma="," frpos="PUNCT" frMUSAS="PUNCT">,</w><w frlemma="le" frpos="DET" frMUSAS="Z5">le</w><w frlemma="10" frpos="NUM" frMUSAS="N1">10</w><w frlemma="avril" frpos="NOUN" frMUSAS="T1.3">avril</w><w frlemma="1903" frpos="NUM" frMUSAS="N1">1903</w><w frlemma="." frpos="PUNCT" frMUSAS="PUNCT">.</w><w frlemma="très" frpos="ADV" frMUSAS="A13.3">Très</w><w frlemma="jeune" frpos="ADJ" frMUSAS="T3-">jeune</w><w frlemma="," frpos="PUNCT" frMUSAS="PUNCT">,</w><w frlemma="il" frpos="PRON" frMUSAS="Z8">il</w><w frlemma="avoir" frpos="VERB" frMUSAS="A9+">avait</w><w frlemma="dix-sept" frpos="NUM" frMUSAS="N1">dix-sept</w><w frlemma="an" frpos="NOUN" frMUSAS="T1.3">ans</w><w frlemma="," frpos="PUNCT" frMUSAS="PUNCT">,</w><w frlemma="il" frpos="PRON" frMUSAS="Z8">il</w><w frlemma="entrer" frpos="ADP" frMUSAS="M6">entre</w><w frlemma="chez" frpos="ADP" frMUSAS="Z5">chez</w><w frlemma="le" frpos="DET" frMUSAS="Z5">les</w><w frlemma="Bénédictins" frpos="PROPN" frMUSAS="Z99">Bénédictins</w><w frlemma="de" frpos="ADP" frMUSAS="Z5">de</w><w frlemma="le" frpos="DET" frMUSAS="Z5">l'</w><w frlemma="abbaye" frpos="PRON" frMUSAS="Z99">abbaye</w><w frlemma="de" frpos="ADP" frMUSAS="Z5">de</w><w frlemma="Solesmes" frpos="PROPN" frMUSAS="Z99">Solesmes</w><w frlemma="," frpos="PUNCT" frMUSAS="PUNCT">,</w><w frlemma="alors" frpos="ADV" frMUSAS="Z99">alors</w><w frlemma="exiler" frpos="VERB" frMUSAS="M2/G1.2">exilés</w><w frlemma="dans" frpos="ADP" frMUSAS="Z5">dans</w><w frlemma="le" frpos="DET" frMUSAS="Z5">l'</w><w frlemma="Ile-de-Wight" frpos="PROPN" frMUSAS="Z99">Ile-de-Wight</w><w frlemma="(" frpos="PUNCT" frMUSAS="PUNCT">(</w><w frlemma="Grande-Bretagne" frpos="PROPN" frMUSAS="Z99">Grande-Bretagne</w><w frlemma=")" frpos="PUNCT" frMUSAS="PUNCT">)</w><w frlemma="et" frpos="CCONJ" frMUSAS="Z5">et</w><w frlemma="en" frpos="ADP" frMUSAS="Z5">en</w><w frlemma="1922" frpos="NUM" frMUSAS="N1">1922</w><w frlemma="revenir" frpos="VERB" frMUSAS="Z99">revient</w><w frlemma="à" frpos="ADP" frMUSAS="Z5">à</w><w frlemma="Solesmes" frpos="PROPN" frMUSAS="Z99">Solesmes</w><w frlemma="(" frpos="PUNCT" frMUSAS="PUNCT">(</w><w frlemma="Sarthe" frpos="PROPN" frMUSAS="Z99">Sarthe</w><w frlemma=")" frpos="PUNCT" frMUSAS="PUNCT">)</w><w frlemma="," frpos="PUNCT" frMUSAS="PUNCT">,</w><w frlemma="le" frpos="DET" frMUSAS="Z5">les</w><w frlemma="religieux" frpos="NOUN" frMUSAS="S9">religieux</w><w frlemma="avoir" frpos="AUX" frMUSAS="A9+">ayant</w><w frlemma="de" frpos="ADP" frMUSAS="Z5">de</w><w frlemma="nouveau" frpos="ADJ" frMUSAS="T3-">nouveau</w><w frlemma="être" frpos="AUX" frMUSAS="T1.3">été</w><w frlemma="autoriser" frpos="VERB" frMUSAS="S7.4+">autorisés</w><w frlemma="à" frpos="ADP" frMUSAS="Z5">à</w><w frlemma="vivre" frpos="VERB" frMUSAS="H4">vivre</w><w frlemma="en" frpos="ADP" frMUSAS="Z5">en</w><w frlemma="France" frpos="PROPN" frMUSAS="Z99">France</w><w frlemma="." frpos="PUNCT" frMUSAS="PUNCT">.</w><w frlemma="envoyer" frpos="VERB" frMUSAS="M2">Envoyé</w><w frlemma="à" frpos="ADP" frMUSAS="Z5">à</w><w frlemma="Rome" frpos="PROPN" frMUSAS="Z99">Rome</w><w frlemma="de" frpos="ADP" frMUSAS="Z5">de</w><w frlemma="1930" frpos="NUM" frMUSAS="N1">1930</w><w frlemma="à" frpos="ADP" frMUSAS="Z5">à</w><w frlemma="1933" frpos="NUM" frMUSAS="N1">1933</w><w frlemma="," frpos="PUNCT" frMUSAS="PUNCT">,</w><w frlemma="il" frpos="PRON" frMUSAS="Z8">il</w><w frlemma="y" frpos="PRON" frMUSAS="M6">y</w><w frlemma="obtenir" frpos="VERB" frMUSAS="Z99">obtient</w><w frlemma="le" frpos="DET" frMUSAS="Z5">le</w><w frlemma="grand" frpos="NOUN" frMUSAS="Z99">grande</w><w frlemma="de" frpos="ADP" frMUSAS="Z5">de</w><w frlemma="licencè" frpos="NOUN" frMUSAS="Z99">licencès</w><w frlemma="è" frpos="NOUN" frMUSAS="Z99">ès</w><w frlemma="science" frpos="NOUN" frMUSAS="Y1">sciences</w><w frlemma="biblique" frpos="ADJ" frMUSAS="Z99">bibliques</w><w frlemma="à" frpos="ADP" frMUSAS="Z5">à</w><w frlemma="le" frpos="DET" frMUSAS="Z5">l'</w><w frlemma="instituto" frpos="NOUN" frMUSAS="Z99">Instituto</w><w frlemma="Pontificio" frpos="PROPN" frMUSAS="Z99">Pontificio</w><w frlemma="Biblico" frpos="PROPN" frMUSAS="Z99">Biblico</w><w frlemma="." frpos="PUNCT" frMUSAS="PUNCT">.</w><w frlemma="de" frpos="ADP" frMUSAS="Z5">De</w><w frlemma="ce" frpos="DET" frMUSAS="Z5">cette</w><w frlemma="premier" frpos="ADJ" frMUSAS="N4">première</w><w frlemma="orientation" frpos="NOUN" frMUSAS="Z99">orientation</w><w frlemma="scientifique" frpos="ADJ" frMUSAS="Y1">scientifique</w><w frlemma="témoigner" frpos="VERB" frMUSAS="G2.1">témoigne</w><w frlemma="son" frpos="DET" frMUSAS="Z5">son</w><w frlemma="petit" frpos="ADJ" frMUSAS="Z99">petit</w><w frlemma="livre" frpos="NOUN" frMUSAS="Z99">livre</w><w frlemma="sur" frpos="ADP" frMUSAS="Z5">sur</w><w frlemma="le" frpos="DET" frMUSAS="Z5">les</w><w frlemma="ancien" frpos="NOUN" frMUSAS="Z99">Anciens</w><w frlemma="Codes" frpos="PROPN" frMUSAS="Z99">Codes</w><w frlemma="Orientaux" frpos="PROPN" frMUSAS="Z99">Orientaux</w><w frlemma="," frpos="PUNCT" frMUSAS="PUNCT">,</w><w frlemma="paraître" frpos="VERB" frMUSAS="A8">paru</w><w frlemma="en" frpos="ADP" frMUSAS="Z5">en</w><w frlemma="1944" frpos="NUM" frMUSAS="N1">1944</w><w frlemma="." frpos="PUNCT" frMUSAS="PUNCT">.</w><w frlemma="il" frpos="PRON" frMUSAS="Z8">Il</w><w frlemma="quitte" frpos="VERB" frMUSAS="Z99">quitte</w><w frlemma="solesme" frpos="NOUN" frMUSAS="Z99">Solesmes</w><w frlemma="en" frpos="ADP" frMUSAS="Z5">en</w><w frlemma="1934" frpos="NUM" frMUSAS="N1">1934</w><w frlemma="et" frpos="CCONJ" frMUSAS="Z5">et</w><w frlemma="se" frpos="PRON" frMUSAS="Z8">s'</w><w frlemma="installer" frpos="VERB" frMUSAS="A1.1.1">installe</w><w frlemma="à" frpos="ADP" frMUSAS="Z5">à</w><w frlemma="Paris" frpos="PROPN" frMUSAS="Z99">Paris</w><w frlemma="où" frpos="PRON" frMUSAS="Z8">où</w><w frlemma="il" frpos="PRON" frMUSAS="Z8">il</w><w frlemma="enseigner" frpos="VERB" frMUSAS="P1">enseignera</w><w frlemma="jusque" frpos="ADP" frMUSAS="Z5">jusqu'</w><w frlemma="en" frpos="ADP" frMUSAS="Z5">en</w><w frlemma="1954" frpos="NUM" frMUSAS="N1">1954</w><w frlemma="," frpos="PUNCT" frMUSAS="PUNCT">,</w><w frlemma="de" frpos="ADP" frMUSAS="Z5">d'</w><w frlemma="abord" frpos="ADV" frMUSAS="Z99">abord</w><w frlemma="au" frpos="ADP" frMUSAS="Z5">au</w><w frlemma="collège" frpos="NOUN" frMUSAS="Z99">Collège</w><w frlemma="de" frpos="ADP" frMUSAS="Z5">des</w><w frlemma="jésuite" frpos="NOUN" frMUSAS="Z99">Jésuites</w><w frlemma="de" frpos="ADP" frMUSAS="Z5">du</w><w frlemma="5" frpos="NUM" frMUSAS="N1">5</w><w frlemma="de" frpos="ADP" frMUSAS="Z5">de</w><w frlemma="le" frpos="DET" frMUSAS="Z5">la</w><w frlemma="rue" frpos="NOUN" frMUSAS="M3/H3">rue</w><w frlemma="de" frpos="ADP" frMUSAS="Z5">de</w><w frlemma="Madrid" frpos="PROPN" frMUSAS="Z99">Madrid</w><w frlemma="(" frpos="PUNCT" frMUSAS="PUNCT">(</w><w frlemma="viiie" frpos="PRON" frMUSAS="Z99">VIIIe</w><w frlemma=")" frpos="PUNCT" frMUSAS="PUNCT">)</w><w frlemma="," frpos="PUNCT" frMUSAS="PUNCT">,</w><w frlemma="pouvoir" frpos="CCONJ" frMUSAS="Z99">puis</w><w frlemma="à" frpos="ADP" frMUSAS="Z5">à</w><w frlemma="s." frpos="NOUN" frMUSAS="Z99">S.</w><w frlemma="Jean" frpos="PROPN" frMUSAS="Z99">Jean</w><w frlemma="de" frpos="ADP" frMUSAS="Z5">de</w><w frlemma="passy" frpos="NOUN" frMUSAS="Z99">Passy</w><w frlemma="(" frpos="PUNCT" frMUSAS="PUNCT">(</w><w frlemma="xvie" frpos="NOUN" frMUSAS="Z99">XVIe</w><w frlemma=")" frpos="PUNCT" frMUSAS="PUNCT">)</w><w frlemma="et" frpos="CCONJ" frMUSAS="Z5">et</w><w frlemma="enfin" frpos="ADV" frMUSAS="Z99">enfin</w><w frlemma="à" frpos="ADP" frMUSAS="Z5">à</w><w frlemma="le" frpos="DET" frMUSAS="Z5">l'</w><w frlemma="Ecole" frpos="PROPN" frMUSAS="Z99">Ecole</w><w frlemma="Gerson" frpos="PROPN" frMUSAS="Z99">Gerson</w><w frlemma="," frpos="PUNCT" frMUSAS="PUNCT">,</w><w frlemma="31" frpos="NUM" frMUSAS="N1">31</w><w frlemma="," frpos="PUNCT" frMUSAS="PUNCT">,</w><w frlemma="rue" frpos="NOUN" frMUSAS="M3/H3">rue</w><w frlemma="de" frpos="ADP" frMUSAS="Z5">de</w><w frlemma="le" frpos="DET" frMUSAS="Z5">la</w><w frlemma="Pompe" frpos="PROPN" frMUSAS="M2">Pompe</w><w frlemma="(" frpos="PUNCT" frMUSAS="PUNCT">(</w><w frlemma="xvie" frpos="NOUN" frMUSAS="Z99">XVIe</w><w frlemma=")" frpos="PUNCT" frMUSAS="PUNCT">)</w><w frlemma="." frpos="PUNCT" frMUSAS="PUNCT">.</w></p><p><w frlemma="mais" frpos="CCONJ" frMUSAS="Z5">Mais</w><w frlemma="," frpos="PUNCT" frMUSAS="PUNCT">,</w><w frlemma="dès" frpos="ADP" frMUSAS="Z5">dès</w><w frlemma="1939" frpos="NUM" frMUSAS="N1">1939</w><w frlemma="," frpos="PUNCT" frMUSAS="PUNCT">,</w><w frlemma="il" frpos="PRON" frMUSAS="Z8">il</w><w frlemma="mettre" frpos="VERB" frMUSAS="Z99">met</w><w frlemma="à" frpos="ADP" frMUSAS="Z5">à</w><w frlemma="profit" frpos="NOUN" frMUSAS="Z99">profit</w><w frlemma="le" frpos="DET" frMUSAS="Z5">le</w><w frlemma="temps" frpos="NOUN" frMUSAS="T1">temps</w><w frlemma="que" frpos="SCONJ" frMUSAS="Z5">que</w><w frlemma="luire" frpos="PRON" frMUSAS="Z8">lui</w><w frlemma="laisse" frpos="VERB" frMUSAS="Z99">laisse</w><w frlemma="le" frpos="DET" frMUSAS="Z5">le</w><w frlemma="professorat" frpos="NOUN" frMUSAS="Z99">professorat</w><w frlemma="pour" frpos="ADP" frMUSAS="Z5">pour</w><w frlemma="étudier" frpos="VERB" frMUSAS="P1">étudier</w><w frlemma="le" frpos="DET" frMUSAS="Z5">les</w><w frlemma="manuscrit" frpos="NOUN" frMUSAS="Z99">manuscrits</w><w frlemma="syriaque" frpos="ADJ" frMUSAS="Z99">syriaques</w><w frlemma="à" frpos="ADP" frMUSAS="Z5">à</w><w frlemma="peinture" frpos="NOUN" frMUSAS="Z99">peintures</w><w frlemma="de" frpos="ADP" frMUSAS="Z5">d'</w><w frlemma="abord" frpos="NOUN" frMUSAS="Z99">abord</w><w frlemma="à" frpos="ADP" frMUSAS="Z5">à</w><w frlemma="Paris" frpos="PROPN" frMUSAS="Z99">Paris</w><w frlemma="," frpos="PUNCT" frMUSAS="PUNCT">,</w><w frlemma="pouvoir" frpos="CCONJ" frMUSAS="Z99">puis</w><w frlemma="en" frpos="ADP" frMUSAS="Z5">en</w><w frlemma="Italie" frpos="PROPN" frMUSAS="Z99">Italie</w><w frlemma="et" frpos="CCONJ" frMUSAS="Z5">et</w><w frlemma="en" frpos="ADP" frMUSAS="Z5">en</w><w frlemma="Grande-Bretagne" frpos="PROPN" frMUSAS="Z99">Grande-Bretagne</w><w frlemma="." frpos="PUNCT" frMUSAS="PUNCT">.</w><w frlemma="celui" frpos="PRON" frMUSAS="Z8">Ceux</w><w frlemma="de" frpos="ADP" frMUSAS="Z5">de</w><w frlemma="Berlin" frpos="PROPN" frMUSAS="Z99">Berlin</w><w frlemma="être" frpos="AUX" frMUSAS="Z99">furent</w><w frlemma="transférer" frpos="VERB" frMUSAS="M6/A2.1+">transférés</w><w frlemma="quelque" frpos="DET" frMUSAS="A13.5">quelque</w><w frlemma="temps" frpos="NOUN" frMUSAS="T1">temps</w><w frlemma="pour" frpos="ADP" frMUSAS="Z5">pour</w><w frlemma="luire" frpos="PRON" frMUSAS="Z8">lui</w><w frlemma="à" frpos="ADP" frMUSAS="Z5">à</w><w frlemma="le" frpos="DET" frMUSAS="Z5">la</w><w frlemma="b.n." frpos="NOUN" frMUSAS="Z99">B.N.</w><w frlemma="par" frpos="ADP" frMUSAS="M6">par</w><w frlemma="le" frpos="DET" frMUSAS="Z5">les</w><w frlemma="soin" frpos="NOUN" frMUSAS="E6-">soins</w><w frlemma="de" frpos="ADP" frMUSAS="Z5">de</w><w frlemma="m." frpos="NOUN" frMUSAS="Z99">M.</w><w frlemma="Jean" frpos="PROPN" frMUSAS="Z99">Jean</w><w frlemma="Porcher" frpos="PROPN" frMUSAS="Z99">Porcher</w><w frlemma="," frpos="PUNCT" frMUSAS="PUNCT">,</w><w frlemma="après" frpos="ADP" frMUSAS="Z5">après</w><w frlemma="le" frpos="DET" frMUSAS="Z5">la</w><w frlemma="guerre" frpos="NOUN" frMUSAS="G3">guerre</w><w frlemma="." frpos="PUNCT" frMUSAS="PUNCT">.</w><w frlemma="disciple" frpos="DET" frMUSAS="Z99">Disciple</w><w frlemma="assidu" frpos="NOUN" frMUSAS="Z99">assidu</w><w frlemma="de" frpos="ADP" frMUSAS="Z5">de</w><w frlemma="m.a." frpos="NOUN" frMUSAS="Z99">M.A.</w><w frlemma="Grabar" frpos="PROPN" frMUSAS="Z99">Grabar</w><w frlemma="," frpos="PUNCT" frMUSAS="PUNCT">,</w><w frlemma="il" frpos="PRON" frMUSAS="Z8">il</w><w frlemma="devenir" frpos="VERB" frMUSAS="A2.1+">devient</w><w frlemma="élèv" frpos="ADJ" frMUSAS="Z99">élève</w><w frlemma="diplômé" frpos="ADJ" frMUSAS="Z99">diplômé</w><w frlemma="de" frpos="ADP" frMUSAS="Z5">de</w><w frlemma="le" frpos="DET" frMUSAS="Z5">la</w><w frlemma="S" frpos="PROPN" frMUSAS="Z99">S</w><w frlemma="degré" frpos="NOUN" frMUSAS="A13.1">°</w><w frlemma="section" frpos="NOUN" frMUSAS="A1.1.1">section</w><w frlemma="de" frpos="ADP" frMUSAS="Z5">de</w><w frlemma="le" frpos="DET" frMUSAS="Z5">l'</w><w frlemma="Ecole" frpos="PROPN" frMUSAS="Z99">Ecole</w><w frlemma="Pratique" frpos="PROPN" frMUSAS="Z99">Pratique</w><w frlemma="de" frpos="ADP" frMUSAS="Z5">des</w><w frlemma="hautes-etude" frpos="NOUN" frMUSAS="Z99">Hautes-Etudes</w><w frlemma="avec" frpos="ADP" frMUSAS="Z5">avec</w><w frlemma="un" frpos="DET" frMUSAS="Z5">un</w><w frlemma="mémoire" frpos="NOUN" frMUSAS="X2">mémoire</w><w frlemma="intituler" frpos="VERB" frMUSAS="Z99">intitulé</w><w frlemma=":" frpos="PUNCT" frMUSAS="PUNCT">:</w><w frlemma="le" frpos="DET" frMUSAS="Z5">L'</w><w frlemma="illustration" frpos="NOUN" frMUSAS="A4.1">illustration</w><w frlemma="de" frpos="ADP" frMUSAS="Z5">du</w><w frlemma="manuscrit" frpos="NOUN" frMUSAS="Z99">manuscrit</w><w frlemma="syriaque" frpos="ADJ" frMUSAS="Z99">syriaque</w><w frlemma="Plut" frpos="PROPN" frMUSAS="Z99">Plut</w><w frlemma="." frpos="PUNCT" frMUSAS="PUNCT">.</w><w frlemma="t" frpos="ADV" frMUSAS="Z99">T</w><w frlemma="," frpos="PUNCT" frMUSAS="PUNCT">,</w><w frlemma="56" frpos="NUM" frMUSAS="N1">56</w><w frlemma="de" frpos="ADP" frMUSAS="Z5">de</w><w frlemma="le" frpos="DET" frMUSAS="Z5">la</w><w frlemma="Laurentienne" frpos="PROPN" frMUSAS="Z99">Laurentienne</w><w frlemma="." frpos="PUNCT" frMUSAS="PUNCT">.</w></p><p><w frlemma="d''octobre" frpos="NOUN" frMUSAS="Z99">D''octobre</w><w frlemma="1954" frpos="NUM" frMUSAS="N1">1954</w><w frlemma="à" frpos="ADP" frMUSAS="Z5">à</w><w frlemma="septembre" frpos="NOUN" frMUSAS="T1.3">septembre</w><w frlemma="1956" frpos="NUM" frMUSAS="N1">1956</w><w frlemma="," frpos="PUNCT" frMUSAS="PUNCT">,</w><w frlemma="il" frpos="PRON" frMUSAS="Z8">il</w><w frlemma="séjourner" frpos="VERB" frMUSAS="Z99">séjourne</w><w frlemma="à" frpos="ADP" frMUSAS="Z5">à</w><w frlemma="le" frpos="DET" frMUSAS="Z5">l'</w><w frlemma="Institut" frpos="PROPN" frMUSAS="P1/S5+c">Institut</w><w frlemma="français" frpos="NOUN" frMUSAS="Z2">Français</w><w frlemma="de" frpos="ADP" frMUSAS="Z5">d'</w><w frlemma="archéologie" frpos="NOUN" frMUSAS="Z99">Archéologie</w><w frlemma="de" frpos="ADP" frMUSAS="Z5">de</w><w frlemma="Beyrouth" frpos="PROPN" frMUSAS="Z99">Beyrouth</w><w frlemma="," frpos="PUNCT" frMUSAS="PUNCT">,</w><w frlemma="avec" frpos="ADP" frMUSAS="Z5">avec</w><w frlemma="un" frpos="DET" frMUSAS="Z5">une</w><w frlemma="convention" frpos="NOUN" frMUSAS="Z99">convention</w><w frlemma="de" frpos="ADP" frMUSAS="Z5">de</w><w frlemma="travail" frpos="NOUN" frMUSAS="I3.1">travail</w><w frlemma="qui" frpos="PRON" frMUSAS="Z8">qui</w><w frlemma="luire" frpos="PRON" frMUSAS="Z8">lui</w><w frlemma="avoir" frpos="AUX" frMUSAS="A9+">avait</w><w frlemma="être" frpos="AUX" frMUSAS="T1.3">été</w><w frlemma="accorder" frpos="VERB" frMUSAS="A9-">accordée</w><w frlemma="par" frpos="ADP" frMUSAS="M6">par</w><w frlemma="le" frpos="DET" frMUSAS="Z5">le</w><w frlemma="cnrs" frpos="NOUN" frMUSAS="Z99">CNRS</w><w frlemma="grâce" frpos="NOUN" frMUSAS="Z99">grâce</w><w frlemma="à" frpos="ADP" frMUSAS="Z5">à</w><w frlemma="le" frpos="DET" frMUSAS="Z5">l'</w><w frlemma="appui" frpos="NOUN" frMUSAS="S8+">appui</w><w frlemma="de" frpos="ADP" frMUSAS="Z5">de</w><w frlemma="mm." frpos="NOUN" frMUSAS="Z99">MM.</w><w frlemma="H." frpos="PROPN" frMUSAS="Z99">H.</w><w frlemma="Seyrig" frpos="PROPN" frMUSAS="Z99">Seyrig</w><w frlemma="et" frpos="CCONJ" frMUSAS="Z5">et</w><w frlemma="A." frpos="PROPN" frMUSAS="Z99">A.</w><w frlemma="Grabar" frpos="PROPN" frMUSAS="Z99">Grabar</w><w frlemma=":" frpos="PUNCT" frMUSAS="PUNCT">:</w><w frlemma="il" frpos="PRON" frMUSAS="Z8">il</w><w frlemma="recherche" frpos="VERB" frMUSAS="Z99">recherche</w><w frlemma="," frpos="PUNCT" frMUSAS="PUNCT">,</w><w frlemma="photographie" frpos="NOUN" frMUSAS="C1">photographie</w><w frlemma="et" frpos="CCONJ" frMUSAS="Z5">et</w><w frlemma="étudier" frpos="VERB" frMUSAS="P1">étudie</w><w frlemma="le" frpos="DET" frMUSAS="Z5">les</w><w frlemma="manuscrit" frpos="NOUN" frMUSAS="Z99">manuscrits</w><w frlemma="syriaque" frpos="ADJ" frMUSAS="Z99">syriaques</w><w frlemma="enluminer" frpos="VERB" frMUSAS="Z99">enluminés</w><w frlemma="au" frpos="ADP" frMUSAS="Z5">au</w><w frlemma="Liban" frpos="PROPN" frMUSAS="Z99">Liban</w><w frlemma="," frpos="PUNCT" frMUSAS="PUNCT">,</w><w frlemma="en" frpos="ADP" frMUSAS="Z5">en</w><w frlemma="Syrie" frpos="PROPN" frMUSAS="Z99">Syrie</w><w frlemma="," frpos="PUNCT" frMUSAS="PUNCT">,</w><w frlemma="en" frpos="ADP" frMUSAS="Z5">en</w><w frlemma="Iraq" frpos="PROPN" frMUSAS="Z99">Iraq</w><pb n="6"/><w frlemma="et" frpos="CCONJ" frMUSAS="Z5">et</w><w frlemma="en" frpos="ADP" frMUSAS="Z5">en</w><w frlemma="Turquie" frpos="PROPN" frMUSAS="Z99">Turquie</w><w frlemma="." frpos="PUNCT" frMUSAS="PUNCT">.</w><w frlemma="le" frpos="DET" frMUSAS="Z5">Les</w><w frlemma="résultat" frpos="NOUN" frMUSAS="Z99">résultats</w><w frlemma="en" frpos="PRON" frMUSAS="Z8">en</w><w frlemma="être" frpos="AUX" frMUSAS="Z99">seront</w><w frlemma="consigner" frpos="VERB" frMUSAS="Z99">consignés</w><w frlemma="dans" frpos="ADP" frMUSAS="Z5">dans</w><w frlemma="son" frpos="DET" frMUSAS="Z5">son</w><w frlemma="ouvrage" frpos="NOUN" frMUSAS="I3.1">ouvrage</w><w frlemma=":" frpos="PUNCT" frMUSAS="PUNCT">:</w><w frlemma="le" frpos="DET" frMUSAS="Z5">Les</w><w frlemma="manuscrit" frpos="NOUN" frMUSAS="Z99">Manuscrits</w><w frlemma="syriaque" frpos="ADJ" frMUSAS="Z99">syriaques</w><w frlemma="à" frpos="ADP" frMUSAS="Z5">à</w><w frlemma="peinture" frpos="NOUN" frMUSAS="Z99">peintures</w><w frlemma="," frpos="PUNCT" frMUSAS="PUNCT">,</w><w frlemma="paraître" frpos="VERB" frMUSAS="A8">paru</w><w frlemma="en" frpos="ADP" frMUSAS="Z5">en</w><w frlemma="1964" frpos="NUM" frMUSAS="N1">1964</w><w frlemma="et" frpos="CCONJ" frMUSAS="Z5">et</w><w frlemma="couronner" frpos="VERB" frMUSAS="Z99">couronné</w><w frlemma="par" frpos="ADP" frMUSAS="M6">par</w><w frlemma="le" frpos="DET" frMUSAS="Z5">l'</w><w frlemma="académie" frpos="NOUN" frMUSAS="Z99">Académie</w><w frlemma="de" frpos="ADP" frMUSAS="Z5">des</w><w frlemma="inscription" frpos="NOUN" frMUSAS="Z99">Inscriptions</w><w frlemma="et" frpos="CCONJ" frMUSAS="Z5">et</w><w frlemma="Belles-Lettres" frpos="PROPN" frMUSAS="Z99">Belles-Lettres</w><w frlemma="en" frpos="ADP" frMUSAS="Z5">en</w><w frlemma="1969" frpos="NUM" frMUSAS="N1">1969</w><w frlemma="," frpos="PUNCT" frMUSAS="PUNCT">,</w><w frlemma="mars" frpos="NOUN" frMUSAS="Z99">mars</w><w frlemma="à" frpos="ADP" frMUSAS="Z5">à</w><w frlemma="novembre" frpos="NOUN" frMUSAS="T1.3">novembre</w><w frlemma="1959" frpos="NUM" frMUSAS="N1">1959</w><w frlemma="," frpos="PUNCT" frMUSAS="PUNCT">,</w><w frlemma="il" frpos="PRON" frMUSAS="Z8">il</w><w frlemma="faire" frpos="VERB" frMUSAS="Z99">fera</w><w frlemma="fonction" frpos="NOUN" frMUSAS="A1.1.1">fonction</w><w frlemma="de" frpos="ADP" frMUSAS="Z5">de</w><w frlemma="directeur" frpos="NOUN" frMUSAS="S7.1+/S2mf">directeur</w><w frlemma="de" frpos="ADP" frMUSAS="Z5">de</w><w frlemma="le" frpos="DET" frMUSAS="Z5">la</w><w frlemma="section" frpos="NOUN" frMUSAS="A1.1.1">section</w><w frlemma="archéologique" frpos="ADJ" frMUSAS="Z99">archéologique</w><w frlemma="de" frpos="ADP" frMUSAS="Z5">de</w><w frlemma="le" frpos="DET" frMUSAS="Z5">l'</w><w frlemma="Institut" frpos="PROPN" frMUSAS="P1/S5+c">Institut</w><w frlemma="de" frpos="ADP" frMUSAS="Z5">d'</w><w frlemma="Etudes" frpos="PROPN" frMUSAS="Z99">Etudes</w><w frlemma="et" frpos="CCONJ" frMUSAS="Z5">et</w><w frlemma="de" frpos="ADP" frMUSAS="Z5">de</w><w frlemma="Recherches" frpos="PROPN" frMUSAS="Z99">Recherches</w><w frlemma="de" frpos="ADP" frMUSAS="Z5">d'</w><w frlemma="ethiopie" frpos="NOUN" frMUSAS="Z99">Ethiopie</w><w frlemma="à" frpos="ADP" frMUSAS="Z5">à</w><w frlemma="Addis" frpos="PROPN" frMUSAS="Z99">Addis</w><w frlemma="-" frpos="PROPN" frMUSAS="Z99">-</w><w frlemma="Abeba" frpos="PROPN" frMUSAS="Z99">Abeba</w><w frlemma="." frpos="PUNCT" frMUSAS="PUNCT">.</w><w frlemma="il" frpos="PRON" frMUSAS="Z8">Il</w><w frlemma="être" frpos="AUX" frMUSAS="Z99">sera</w><w frlemma="promouvoir" frpos="ADJ" frMUSAS="S8+">promu</w><w frlemma="charger" frpos="VERB" frMUSAS="Z99">chargé</w><w frlemma="de" frpos="ADP" frMUSAS="Z5">de</w><w frlemma="recherche" frpos="NOUN" frMUSAS="Z99">recherche</w><w frlemma="en" frpos="ADP" frMUSAS="Z5">en</w><w frlemma="mai" frpos="NOUN" frMUSAS="T1.3">mai</w><w frlemma="1961" frpos="NUM" frMUSAS="N1">1961</w><w frlemma="et" frpos="CCONJ" frMUSAS="Z5">et</w><w frlemma="maître" frpos="NOUN" frMUSAS="S7.1+/S2.2m">maître</w><w frlemma="de" frpos="ADP" frMUSAS="Z5">de</w><w frlemma="recherche" frpos="NOUN" frMUSAS="Z99">recherche</w><w frlemma="en" frpos="ADP" frMUSAS="Z5">en</w><w frlemma="janvier" frpos="NOUN" frMUSAS="T1.3">janvier</w><w frlemma="1968" frpos="NUM" frMUSAS="N1">1968</w><w frlemma="." frpos="PUNCT" frMUSAS="PUNCT">.</w></p><p><w frlemma="le" frpos="DET" frMUSAS="Z5">Les</w><w frlemma="quelque" frpos="DET" frMUSAS="A13.5">quelques</w><w frlemma="mois" frpos="NOUN" frMUSAS="T1.3">mois</w><w frlemma="passer" frpos="VERB" frMUSAS="M1">passés</w><w frlemma="en" frpos="ADP" frMUSAS="Z5">en</w><w frlemma="ethiopie" frpos="NOUN" frMUSAS="Z99">Ethiopie</w><w frlemma="," frpos="PUNCT" frMUSAS="PUNCT">,</w><w frlemma="il" frpos="PRON" frMUSAS="Z8">il</w><w frlemma="y" frpos="PRON" frMUSAS="M6">y</w><w frlemma="revenir" frpos="VERB" frMUSAS="Z99">reviendra</w><w frlemma="par" frpos="ADP" frMUSAS="M6">par</w><w frlemma="le" frpos="DET" frMUSAS="Z5">la</w><w frlemma="suite" frpos="NOUN" frMUSAS="Z99">suite</w><w frlemma="," frpos="PUNCT" frMUSAS="PUNCT">,</w><w frlemma="luire" frpos="PRON" frMUSAS="Z8">lui</w><w frlemma="avoir" frpos="AUX" frMUSAS="A9+">avaient</w><w frlemma="ouvrir" frpos="VERB" frMUSAS="A10+">ouvert</w><w frlemma="un" frpos="DET" frMUSAS="Z5">un</w><w frlemma="nouveau" frpos="ADJ" frMUSAS="T3-">nouveau</w><w frlemma="champ" frpos="ADJ" frMUSAS="Z99">champ</w><w frlemma="de" frpos="ADP" frMUSAS="Z5">de</w><w frlemma="recherche" frpos="NOUN" frMUSAS="Z99">recherche</w><w frlemma="," frpos="PUNCT" frMUSAS="PUNCT">,</w><w frlemma="comme" frpos="ADP" frMUSAS="Z5">comme</w><w frlemma="le" frpos="DET" frMUSAS="Z5">l'</w><w frlemma="attester" frpos="VERB" frMUSAS="Z99">attestent</w><w frlemma="deux" frpos="NUM" frMUSAS="N1">deux</w><w frlemma="livre" frpos="NOUN" frMUSAS="Z99">livres</w><w frlemma="et" frpos="CCONJ" frMUSAS="Z5">et</w><w frlemma="plusieurs" frpos="DET" frMUSAS="N5">plusieurs</w><w frlemma="article" frpos="NOUN" frMUSAS="G2.1/P1">articles</w><w frlemma="." frpos="PUNCT" frMUSAS="PUNCT">.</w><w frlemma="mais" frpos="CCONJ" frMUSAS="Z5">Mais</w><w frlemma="," frpos="PUNCT" frMUSAS="PUNCT">,</w><w frlemma="de" frpos="ADP" frMUSAS="Z5">de</w><w frlemma="même" frpos="ADV" frMUSAS="Z99">même</w><w frlemma="que" frpos="SCONJ" frMUSAS="Z5">que</w><w frlemma="le" frpos="DET" frMUSAS="Z5">l'</w><w frlemma="amitié" frpos="NOUN" frMUSAS="S3.1">amitié</w><w frlemma="de" frpos="ADP" frMUSAS="Z5">d'</w><w frlemma="Henri" frpos="PROPN" frMUSAS="Z99">Henri</w><w frlemma="Seyrig" frpos="PROPN" frMUSAS="Z99">Seyrig</w><w frlemma="le" frpos="PRON" frMUSAS="Z8">l'</w><w frlemma="avoir" frpos="AUX" frMUSAS="A9+">avait</w><w frlemma="soutenir" frpos="VERB" frMUSAS="Z99">soutenu</w><w frlemma="dans" frpos="ADP" frMUSAS="Z5">dans</w><w frlemma="son" frpos="DET" frMUSAS="Z5">sa</w><w frlemma="quête" frpos="NOUN" frMUSAS="Z99">quête</w><w frlemma="patient" frpos="ADJ" frMUSAS="B2-/S2mf">patiente</w><w frlemma="," frpos="PUNCT" frMUSAS="PUNCT">,</w><w frlemma="à" frpos="ADP" frMUSAS="Z5">à</w><w frlemma="travers" frpos="NOUN" frMUSAS="Z99">travers</w><w frlemma="tout" frpos="ADJ" frMUSAS="Z8">tout</w><w frlemma="le" frpos="DET" frMUSAS="Z5">le</w><w frlemma="proche" frpos="NOUN" frMUSAS="Z99">Proche</w><w frlemma="-" frpos="PROPN" frMUSAS="Z99">-</w><w frlemma="Orient" frpos="PROPN" frMUSAS="Z99">Orient</w><w frlemma="," frpos="PUNCT" frMUSAS="PUNCT">,</w><w frlemma="un" frpos="DET" frMUSAS="Z5">des</w><w frlemma="témoin" frpos="NOUN" frMUSAS="G2.1/S2mf">témoins</w><w frlemma="survivant" frpos="ADJ" frMUSAS="Z99">survivants</w><w frlemma="de" frpos="ADP" frMUSAS="Z5">des</w><w frlemma="livre" frpos="NOUN" frMUSAS="Z99">livres</w><w frlemma="peint" frpos="NOUN" frMUSAS="Z99">peints</w><w frlemma="syriaque" frpos="ADJ" frMUSAS="Z99">syriaques</w><w frlemma="," frpos="PUNCT" frMUSAS="PUNCT">,</w><w frlemma="de" frpos="DET" frMUSAS="Z5">d'</w><w frlemma="autre" frpos="ADJ" frMUSAS="A6.1-">autres</w><w frlemma="lien" frpos="NOUN" frMUSAS="Z99">liens</w><w frlemma="personnel" frpos="ADJ" frMUSAS="Z99">personnels</w><w frlemma="aller" frpos="VERB" frMUSAS="M1">allaient</w><w frlemma="être" frpos="AUX" frMUSAS="Z99">être</w><w frlemma="à" frpos="ADP" frMUSAS="Z5">à</w><w frlemma="le" frpos="DET" frMUSAS="Z5">l'</w><w frlemma="origine" frpos="NOUN" frMUSAS="Z99">origine</w><w frlemma="de" frpos="ADP" frMUSAS="Z5">de</w><w frlemma="son" frpos="DET" frMUSAS="Z5">sa</w><w frlemma="vocation" frpos="NOUN" frMUSAS="Z99">vocation</w><w frlemma="«" frpos="ADJ" frMUSAS="Z99">«</w><w frlemma="égyptienne" frpos="VERB" frMUSAS="Z99">égyptienne</w><w frlemma="»" frpos="PUNCT" frMUSAS="PUNCT">»</w><w frlemma="." frpos="PUNCT" frMUSAS="PUNCT">.</w><w frlemma="pendant" frpos="ADP" frMUSAS="Z5">Pendant</w><w frlemma="le" frpos="DET" frMUSAS="Z5">l'</w><w frlemma="été" frpos="NOUN" frMUSAS="T1.3">été</w><w frlemma="de" frpos="ADP" frMUSAS="Z5">de</w><w frlemma="1958" frpos="NUM" frMUSAS="N1">1958</w><w frlemma="," frpos="PUNCT" frMUSAS="PUNCT">,</w><w frlemma="il" frpos="PRON" frMUSAS="Z8">il</w><w frlemma="rencontre" frpos="VERB" frMUSAS="S1.1.3+">rencontre</w><w frlemma="à" frpos="ADP" frMUSAS="Z5">à</w><w frlemma="Beyrouth" frpos="PROPN" frMUSAS="Z99">Beyrouth</w><w frlemma="Serge" frpos="PROPN" frMUSAS="Z99">Serge</w><w frlemma="Sauneron" frpos="PROPN" frMUSAS="Z99">Sauneron</w><w frlemma="," frpos="PUNCT" frMUSAS="PUNCT">,</w><w frlemma="alors" frpos="ADV" frMUSAS="Z99">alors</w><w frlemma="pensionnaire" frpos="VERB" frMUSAS="Z99">pensionnaire</w><w frlemma="en" frpos="ADP" frMUSAS="Z5">en</w><w frlemma="exil" frpos="NOUN" frMUSAS="M2/G1.2">exil</w><w frlemma="de" frpos="ADP" frMUSAS="Z5">de</w><w frlemma="le" frpos="DET" frMUSAS="Z5">l'</w><w frlemma="ifao" frpos="NOUN" frMUSAS="Z99">IFAO</w><w frlemma="," frpos="PUNCT" frMUSAS="PUNCT">,</w><w frlemma="et" frpos="CCONJ" frMUSAS="Z5">et</w><w frlemma="dès" frpos="ADP" frMUSAS="Z5">dès</w><w frlemma="1964" frpos="NUM" frMUSAS="N1">1964</w><w frlemma="," frpos="PUNCT" frMUSAS="PUNCT">,</w><w frlemma="il" frpos="PRON" frMUSAS="Z8">ils</w><w frlemma="projeter" frpos="VERB" frMUSAS="Z99">projettent</w><w frlemma="tout" frpos="ADJ" frMUSAS="Z8">tous</w><w frlemma="deux" frpos="NUM" frMUSAS="N1">deux</w><w frlemma="ce" frpos="PRON" frMUSAS="Z8">ce</w><w frlemma="qui" frpos="PRON" frMUSAS="Z8">qui</w><w frlemma="devenir" frpos="VERB" frMUSAS="A2.1+">deviendra</w><w frlemma="le" frpos="DET" frMUSAS="Z5">la</w><w frlemma="mission" frpos="NOUN" frMUSAS="X7+">Mission</w><w frlemma="de" frpos="ADP" frMUSAS="Z5">de</w><w frlemma="copie" frpos="NOUN" frMUSAS="Z99">Copie</w><w frlemma="de" frpos="ADP" frMUSAS="Z5">des</w><w frlemma="peinture" frpos="NOUN" frMUSAS="Z99">Peintures</w><w frlemma="murale" frpos="NOUN" frMUSAS="Z99">Murales</w><w frlemma="copte" frpos="NOUN" frMUSAS="Z99">Coptes</w><w frlemma="." frpos="PUNCT" frMUSAS="PUNCT">.</w><w frlemma="à" frpos="ADP" frMUSAS="Z5">À</w><w frlemma="partir" frpos="VERB" frMUSAS="M1">partir</w><w frlemma="de" frpos="ADP" frMUSAS="Z5">de</w><w frlemma="1968" frpos="NUM" frMUSAS="N1">1968</w><w frlemma="," frpos="PUNCT" frMUSAS="PUNCT">,</w><w frlemma="il" frpos="PRON" frMUSAS="Z8">il</w><w frlemma="passer" frpos="VERB" frMUSAS="M1">passera</w><w frlemma="," frpos="PUNCT" frMUSAS="PUNCT">,</w><w frlemma="chaque" frpos="DET" frMUSAS="N5.1+">chaque</w><w frlemma="année" frpos="NOUN" frMUSAS="T1.3">année</w><w frlemma="," frpos="PUNCT" frMUSAS="PUNCT">,</w><w frlemma="plusieurs" frpos="DET" frMUSAS="N5">plusieurs</w><w frlemma="mois" frpos="NOUN" frMUSAS="T1.3">mois</w><w frlemma="en" frpos="ADP" frMUSAS="Z5">en</w><w frlemma="egypte" frpos="NOUN" frMUSAS="Z99">Egypte</w><w frlemma="," frpos="PUNCT" frMUSAS="PUNCT">,</w><w frlemma="même" frpos="ADV" frMUSAS="Z99">même</w><w frlemma="après" frpos="ADP" frMUSAS="Z5">après</w><w frlemma="son" frpos="DET" frMUSAS="Z5">sa</w><w frlemma="mise" frpos="NOUN" frMUSAS="Z99">mise</w><w frlemma="à" frpos="ADP" frMUSAS="Z5">à</w><w frlemma="le" frpos="DET" frMUSAS="Z5">la</w><w frlemma="retraite" frpos="NOUN" frMUSAS="Z99">retraite</w><w frlemma="en" frpos="ADP" frMUSAS="Z5">en</w><w frlemma="mai" frpos="NOUN" frMUSAS="T1.3">mai</w><w frlemma="1970" frpos="NUM" frMUSAS="N1">1970</w><w frlemma="." frpos="PUNCT" frMUSAS="PUNCT">.</w><w frlemma="le" frpos="DET" frMUSAS="Z5">La</w><w frlemma="disparition" frpos="NOUN" frMUSAS="A10-">disparition</w><w frlemma="brutal" frpos="ADJ" frMUSAS="E3-">brutale</w><w frlemma="de" frpos="ADP" frMUSAS="Z5">de</w><w frlemma="Serge" frpos="PROPN" frMUSAS="Z99">Serge</w><w frlemma="Sauneron" frpos="PROPN" frMUSAS="Z99">Sauneron</w><w frlemma="," frpos="PUNCT" frMUSAS="PUNCT">,</w><w frlemma="le" frpos="DET" frMUSAS="Z5">le</w><w frlemma="3" frpos="NUM" frMUSAS="N1">3</w><w frlemma="juin" frpos="NOUN" frMUSAS="T1.3">juin</w><w frlemma="1976" frpos="NUM" frMUSAS="N1">1976</w><w frlemma="," frpos="PUNCT" frMUSAS="PUNCT">,</w><w frlemma="le" frpos="DET" frMUSAS="Z5">l'</w><w frlemma="affecta" frpos="NOUN" frMUSAS="Z99">affecta</w><w frlemma="profondément" frpos="ADV" frMUSAS="Z99">profondément</w><w frlemma="et" frpos="CCONJ" frMUSAS="Z5">et</w><w frlemma="sembler" frpos="VERB" frMUSAS="A8">semble</w><w frlemma="même" frpos="ADV" frMUSAS="Z99">même</w><w frlemma="luire" frpos="PRON" frMUSAS="Z8">lui</w><w frlemma="avoir" frpos="AUX" frMUSAS="A9+">avoir</w><w frlemma="enlever" frpos="VERB" frMUSAS="M2">enlevé</w><w frlemma="le" frpos="DET" frMUSAS="Z5">l'</w><w frlemma="ardeur" frpos="NOUN" frMUSAS="Z99">ardeur</w><w frlemma="que" frpos="PRON" frMUSAS="Z8">qu'</w><w frlemma="il" frpos="PRON" frMUSAS="Z8">il</w><w frlemma="manifester" frpos="VERB" frMUSAS="Z99">manifestait</w><w frlemma="auparavant" frpos="ADV" frMUSAS="N4">auparavant</w><w frlemma="dans" frpos="ADP" frMUSAS="Z5">dans</w><w frlemma="le" frpos="DET" frMUSAS="Z5">la</w><w frlemma="réalisation" frpos="NOUN" frMUSAS="Z99">réalisation</w><w frlemma="de" frpos="ADP" frMUSAS="Z5">de</w><w frlemma="ce" frpos="DET" frMUSAS="Z5">ce</w><w frlemma="projet" frpos="NOUN" frMUSAS="A1.1.1">projet</w><w frlemma="," frpos="PUNCT" frMUSAS="PUNCT">,</w><w frlemma="dont" frpos="PRON" frMUSAS="Z8">dont</w><w frlemma="il" frpos="PRON" frMUSAS="Z8">il</w><w frlemma="ne" frpos="ADV" frMUSAS="Z6">n'</w><w frlemma="avoir" frpos="AUX" frMUSAS="A9+">a</w><w frlemma="pouvoir" frpos="VERB" frMUSAS="Z99">pu</w><w frlemma="voir" frpos="VERB" frMUSAS="X3.4">voir</w><w frlemma="paraîtr" frpos="ADJ" frMUSAS="A8">paraître</w><w frlemma="que" frpos="SCONJ" frMUSAS="Z5">que</w><w frlemma="le" frpos="DET" frMUSAS="Z5">le</w><w frlemma="premier" frpos="ADJ" frMUSAS="N4">premier</w><w frlemma="volume" frpos="NOUN" frMUSAS="N3.4">volume</w><w frlemma="." frpos="PUNCT" frMUSAS="PUNCT">.</w><w frlemma="le" frpos="DET" frMUSAS="Z5">La</w><w frlemma="composition" frpos="NOUN" frMUSAS="Z99">composition</w><w frlemma="de" frpos="ADP" frMUSAS="Z5">des</w><w frlemma="suivant" frpos="ADJ" frMUSAS="N4">suivants</w><w frlemma="être" frpos="AUX" frMUSAS="M6">est</w><w frlemma="cependant" frpos="ADV" frMUSAS="A13.1">cependant</w><w frlemma="assez" frpos="ADV" frMUSAS="A13.3">assez</w><w frlemma="avancer" frpos="VERB" frMUSAS="Z99">avancée</w><w frlemma="pour" frpos="ADP" frMUSAS="Z5">pour</w><w frlemma="que" frpos="SCONJ" frMUSAS="Z5">qu'</w><w frlemma="il" frpos="PRON" frMUSAS="Z8">il</w><w frlemma="être" frpos="AUX" frMUSAS="Z99">soit</w><w frlemma="permettre" frpos="VERB" frMUSAS="S7.4+">permis</w><w frlemma="de" frpos="ADP" frMUSAS="Z5">d'</w><w frlemma="espérer" frpos="VERB" frMUSAS="X2.6+">espérer</w><w frlemma="son" frpos="DET" frMUSAS="Z5">leur</w><w frlemma="parution" frpos="NOUN" frMUSAS="Z99">parution</w><w frlemma="dans" frpos="ADP" frMUSAS="Z5">dans</w><w frlemma="le" frpos="DET" frMUSAS="Z5">les</w><w frlemma="année" frpos="NOUN" frMUSAS="T1.3">années</w><w frlemma="qui" frpos="PRON" frMUSAS="Z8">qui</w><w frlemma="venir" frpos="VERB" frMUSAS="M1">viennent</w><w frlemma="." frpos="PUNCT" frMUSAS="PUNCT">.</w><w frlemma="au" frpos="ADP" frMUSAS="Z5">Au</w><w frlemma="moment" frpos="NOUN" frMUSAS="T1.2">moment</w><w frlemma="où" frpos="PRON" frMUSAS="Z8">où</w><w frlemma="tant" frpos="ADV" frMUSAS="Z99">tant</w><w frlemma="de" frpos="ADP" frMUSAS="Z5">de</w><w frlemma="vestige" frpos="NOUN" frMUSAS="Z99">vestiges</w><w frlemma="archéologique" frpos="ADJ" frMUSAS="Z99">archéologiques</w><w frlemma="risquer" frpos="VERB" frMUSAS="A15-">risquent</w><w frlemma="disparaîtr" frpos="ADJ" frMUSAS="Z99">disparaître</w><w frlemma="à" frpos="ADP" frMUSAS="Z5">à</w><w frlemma="tout" frpos="DET" frMUSAS="Z8">tout</w><w frlemma="jamais" frpos="ADV" frMUSAS="T1/Z6">jamais</w><w frlemma="," frpos="PUNCT" frMUSAS="PUNCT">,</w><w frlemma="on" frpos="PRON" frMUSAS="Z8">on</w><w frlemma="mesure" frpos="NOUN" frMUSAS="N3.1">mesure</w><w frlemma="mieux" frpos="ADV" frMUSAS="A5.1++">mieux</w><w frlemma="le" frpos="DET" frMUSAS="Z5">le</w><w frlemma="bien-fondé" frpos="NOUN" frMUSAS="Z99">bien-fondé</w><w frlemma="de" frpos="ADP" frMUSAS="Z5">de</w><w frlemma="ce" frpos="DET" frMUSAS="Z5">ce</w><w frlemma="programme" frpos="NOUN" frMUSAS="Y2">programme</w><w frlemma="," frpos="PUNCT" frMUSAS="PUNCT">,</w><w frlemma="commun" frpos="ADJ" frMUSAS="A6.2+">commun</w><w frlemma="à" frpos="ADP" frMUSAS="Z5">à</w><w frlemma="Serge" frpos="PROPN" frMUSAS="Z99">Serge</w><w frlemma="Sauneron" frpos="PROPN" frMUSAS="Z99">Sauneron</w><w frlemma="et" frpos="CCONJ" frMUSAS="Z5">et</w><w frlemma="le" frpos="DET" frMUSAS="Z5">l'</w><w frlemma="abbé" frpos="NOUN" frMUSAS="Z99">abbé</w><w frlemma="J." frpos="PROPN" frMUSAS="Z99">J.</w><w frlemma="Leroy" frpos="PROPN" frMUSAS="Z99">Leroy</w><w frlemma="," frpos="PUNCT" frMUSAS="PUNCT">,</w><w frlemma="et" frpos="CCONJ" frMUSAS="Z5">et</w><w frlemma="le" frpos="DET" frMUSAS="Z5">le</w><w frlemma="prix" frpos="NOUN" frMUSAS="Z99">prix</w><w frlemma="de" frpos="ADP" frMUSAS="Z5">du</w><w frlemma="travail" frpos="NOUN" frMUSAS="I3.1">travail</w><w frlemma="que" frpos="PRON" frMUSAS="Z8">qu'</w><w frlemma="il" frpos="PRON" frMUSAS="Z8">ils</w><w frlemma="avoir" frpos="AUX" frMUSAS="A9+">ont</w><w frlemma="accomplir" frpos="VERB" frMUSAS="X9.2+">accompli</w><w frlemma="ensembl" frpos="ADJ" frMUSAS="Z99">ensemble</w><w frlemma="." frpos="PUNCT" frMUSAS="PUNCT">.</w></p><p><w frlemma="le" frpos="DET" frMUSAS="Z5">L'</w><w frlemma="abbé" frpos="NOUN" frMUSAS="Z99">abbé</w><w frlemma="Leroy" frpos="PROPN" frMUSAS="Z99">Leroy</w><w frlemma="aimer" frpos="VERB" frMUSAS="Z99">aimait</w><w frlemma="écrir" frpos="ADJ" frMUSAS="Q1.2">écrire</w><w frlemma="et" frpos="CCONJ" frMUSAS="Z5">et</w><w frlemma="ne" frpos="ADV" frMUSAS="Z6">ne</w><w frlemma="se" frpos="PRON" frMUSAS="Z8">s'</w><w frlemma="en" frpos="PRON" frMUSAS="Z8">en</w><w frlemma="être" frpos="AUX" frMUSAS="M6">est</w><w frlemma="pas" frpos="ADV" frMUSAS="Z99">pas</w><w frlemma="priver" frpos="VERB" frMUSAS="A9-">privé</w><w frlemma="," frpos="PUNCT" frMUSAS="PUNCT">,</w><w frlemma="comme" frpos="ADP" frMUSAS="Z5">comme</w><w frlemma="en" frpos="PRON" frMUSAS="Z8">en</w><w frlemma="fait" frpos="NOUN" frMUSAS="Z99">fait</w><w frlemma="foi" frpos="NOUN" frMUSAS="E6+">foi</w><w frlemma="le" frpos="DET" frMUSAS="Z5">la</w><w frlemma="liste" frpos="NOUN" frMUSAS="Q1.2">liste</w><w frlemma="de" frpos="ADP" frMUSAS="Z5">des</w><w frlemma="article" frpos="NOUN" frMUSAS="G2.1/P1">articles</w><w frlemma="," frpos="PUNCT" frMUSAS="PUNCT">,</w><w frlemma="paraître" frpos="VERB" frMUSAS="A8">parus</w><w frlemma="dans" frpos="ADP" frMUSAS="Z5">dans</w><w frlemma="divers" frpos="DET" frMUSAS="Z99">divers</w><w frlemma="journal" frpos="NOUN" frMUSAS="Z99">journaux</w><w frlemma="ou" frpos="CCONJ" frMUSAS="Z5">ou</w><w frlemma="revoir" frpos="ADJ" frMUSAS="Z99">revues</w><w frlemma="," frpos="PUNCT" frMUSAS="PUNCT">,</w><w frlemma="destiner" frpos="VERB" frMUSAS="Z99">destinés</w><w frlemma="au" frpos="ADP" frMUSAS="Z5">au</w><w frlemma="grand" frpos="ADJ" frMUSAS="Z99">grand</w><w frlemma="public" frpos="NOUN" frMUSAS="Z99">public</w><w frlemma="en" frpos="ADP" frMUSAS="Z5">en</w><w frlemma="France" frpos="PROPN" frMUSAS="Z99">France</w><w frlemma="ou" frpos="CCONJ" frMUSAS="Z5">ou</w><w frlemma="à" frpos="ADP" frMUSAS="Z5">à</w><w frlemma="le" frpos="DET" frMUSAS="Z5">l'</w><w frlemma="étranger" frpos="VERB" frMUSAS="Z99">étranger</w><w frlemma="," frpos="PUNCT" frMUSAS="PUNCT">,</w><w frlemma="à" frpos="ADP" frMUSAS="Z5">à</w><w frlemma="Beyrouth" frpos="PROPN" frMUSAS="Z99">Beyrouth</w><w frlemma="en" frpos="ADP" frMUSAS="Z5">en</w><w frlemma="particulier" frpos="ADJ" frMUSAS="Z99">particulier</w><w frlemma="." frpos="PUNCT" frMUSAS="PUNCT">.</w><w frlemma="je" frpos="PRON" frMUSAS="Z8mf">Je</w><w frlemma="ne" frpos="ADV" frMUSAS="Z6">n'</w><w frlemma="avoir" frpos="AUX" frMUSAS="A9+">ai</w><w frlemma="naturellement" frpos="ADV" frMUSAS="A6.2+">naturellement</w><w frlemma="retenir" frpos="VERB" frMUSAS="Z99">retenu</w><w frlemma="ici" frpos="ADV" frMUSAS="M6">ici</w><w frlemma="que" frpos="SCONJ" frMUSAS="Z5">que</w><w frlemma="le" frpos="DET" frMUSAS="Z5">les</w><w frlemma="titre" frpos="NOUN" frMUSAS="Q2.2">titres</w><w frlemma="présenter" frpos="VERB" frMUSAS="A9-">présentant</w><w frlemma="un" frpos="DET" frMUSAS="Z5">un</w><w frlemma="intérêt" frpos="NOUN" frMUSAS="X5.2+">intérêt</w><w frlemma="scientifique" frpos="ADJ" frMUSAS="Y1">scientifique</w><w frlemma="et" frpos="CCONJ" frMUSAS="Z5">et</w><w frlemma="facilement" frpos="ADV" frMUSAS="A12+">facilement</w><w frlemma="accessible" frpos="ADJ" frMUSAS="Z99">accessibles</w><w frlemma="dans" frpos="ADP" frMUSAS="Z5">dans</w><w frlemma="le" frpos="DET" frMUSAS="Z5">les</w><w frlemma="bibliothèque" frpos="NOUN" frMUSAS="Q4.1/H1c">bibliothèques</w><w frlemma="." frpos="PUNCT" frMUSAS="PUNCT">.</w><w frlemma="il" frpos="PRON" frMUSAS="Z8">Il</w><w frlemma="être" frpos="AUX" frMUSAS="M6">est</w><w frlemma="cependant" frpos="ADV" frMUSAS="A13.1">cependant</w><w frlemma="possible" frpos="ADJ" frMUSAS="A7+">possible</w><w frlemma="," frpos="PUNCT" frMUSAS="PUNCT">,</w><w frlemma="par" frpos="ADP" frMUSAS="M6">par</w><w frlemma="ailleurs" frpos="ADV" frMUSAS="Z99">ailleurs</w><w frlemma="," frpos="PUNCT" frMUSAS="PUNCT">,</w><w frlemma="que" frpos="SCONJ" frMUSAS="Z5">que</w><w frlemma="le" frpos="DET" frMUSAS="Z5">l'</w><w frlemma="un" frpos="DET" frMUSAS="Z5">une</w><w frlemma="ou" frpos="CCONJ" frMUSAS="Z5">ou</w><w frlemma="le" frpos="DET" frMUSAS="Z5">l'</w><w frlemma="autre" frpos="NOUN" frMUSAS="A6.1-">autre</w><w frlemma="de" frpos="ADP" frMUSAS="Z5">de</w><w frlemma="son" frpos="DET" frMUSAS="Z5">ses</w><w frlemma="publication" frpos="NOUN" frMUSAS="Q4">publications</w><w frlemma="me" frpos="PRON" frMUSAS="Z8">m'</w><w frlemma="avoir" frpos="AUX" frMUSAS="A9+">ait</w><w frlemma="échappé" frpos="NOUN" frMUSAS="Z99">échappé</w><w frlemma="." frpos="PUNCT" frMUSAS="PUNCT">.</w><note place="bottom">
(U Je remercie ici particulièrement M. J.| |travaux que l'abbé Leroy avait établie lui-
Pouilloux, directeur scientifique au CNRS, même en 1967 (semble-t-il, car elle n'est pas
qui m'a autorisé à consulter la liste de ses | |datée). D'importantes indications, biographi-

BIBLIOGRAPHIE DE L'ABBÉ JULES LEROY “) — « Un texte peu remarqué sur la fête de la Nativité de la Vierge », dans RSR 28 (1938), — Introduction à l'étude des anciens codes orientaux, Paris, Adrien-Maisonneuve, 130 pp. 1945 — « Le ms. syriaque 356 de la Bibliothèque Nationale, sa date et son lieu de composition », dans Syr. 24 (1944-45), pp. 194-205 et 2 pl. pp. 282-289. ques ou bibliographiques, m'ont été communiquées par le R.P. B. Outtier et M. l'abbé J. Starcky, MM. Guillaumont et Nautin : qu'ils veuillent bien trouver ici l'expression de ma gratitude. ( J'indique les titres des livres en italique. Pour les revues ou collections, j'adopte les sigles suivants : = Art [and | Archacology AARP Papers. = Annales d'Ethiopie. =— Bibliothèque des Cahiers Archéologiques. BIFAO | = Bulletin de l'Institut d'Archéologie Orientale. = Bulletin of the John Rylands Library. BTS = Bible et Terre Sainte. CA = Cahiers Archéologiques. CCM —— Cahiers de Civilisation Médiévale. CMar =— Cahiers de Mariemont (Belgique). CourUn =— Le Courrier de l'Unesco. CRAIB =— Comptes Rendus de l'Académie des Inscriptions et Belles-Lettres. Cs = Cahiers Sioniens (Paris). JEthSt JSemSt =— Journal of Semitic Studies. MIFAO = Mémoires publiés par les Membres = Journal of Ethiopian Studies. de l'Institut Français d'Archéologie Orientale du Caire, MUSJ | — Mélanges de l'Université Saint-Joseph (Beyrouth). =— Orientalia Christiana (Rome). = L'Orient Syrien (Paris). =— Reallexikon | für Kunst. = Revue d'Histoire des Religions. = Recherches de Science religieuse (Paris). — Rassegna di Studi Etiopici (Rome). =— Syria (Paris). =— Vivante Afrique |(Paris-Namur). byzantinische — Mont-Cassin, cité d'humanisme occidental, Bruges, Beyaert, 83 pp. — « L'iconographie des églises de langue syriaque », dans Actes du XXI° Congrès des Orientalistes, Paris, 1949, pp. 340-341. — « L'illustration de la Bible chez les Juifs », dans RHR, tome 138 (1950), pp. 160-175. — « L'iconographie des églises de langue syriaque », dans Miscellanea G. Galbiati, tome 3 (Fontes Ambrosiani, XXVIT), Milan, pp. 175-184. — « Le cycle iconographique de la Buchanan Bible, manuscrit syriaque de la bibliothèque de l'Université de Cambridge », dans CA 6 (1952), pp. 103-124 et pl. XXXIT-XXXIV. — Saint Germain-des-Prés, capitale des lettres, Paris, Bonne (couronné par l'Académie Française, fonds Bordin), 303 pp. — « L'auteur des miniatures du manuserit syriaque de Florence, Plut. I. 56, Codex Rabulensis », dans CRAJB, 1954, pp. 278-283. — « Sur quelques images de Moïse dans la tradition juive et chrétienne », dans CS 8 (1954), pp. 355-369. — « L'illustration du manuscrit syriaque Plut. I. 56 de la Laurentienne » (diplôme de 1'EPHE, 5° section) : résumé dans Annuaire de la Section, 1956-57, pp. 102-107. — « Un nouveau ms. arabe-chrétien illustré du roman de Barlaam et Joasaph », dans Syr. 32 (1955), pp. 100-122 et pl. VII-XIL. — « Une nouvelle province de l'art byzantin révélée par les manuscrits syriaques du Tûr ‘Abdîn », dans CRAIB 1955, pp. 409-419. — « Objectifs des recherches sur la peinture éthiopienne », dans AEth 1 (1955), pp. 127-135 et pl. XXII-XXITT. — Histoire, prophétie et sagesse biblique, Paris, Odilis. — « Art hellénistique, art juif, art chrétien », dans CS 9 (1955), pp. 157-162 (recension sous forme d'article de E.R. Goodenough, Jewish Symbolism in the Greek-Roman Period, vols I-IV). — « Manuscrits illustrés de la Bibliothèque de l'Université Saint-Soseph », dans MUSJ 33 (1956), pp. 205-222 et 8 pl. — « Le décor de l'église de Qartämin, d'après un texte syriaque », dans CA 8 (1956), pp. 75-81. — « Nouveaux témoins des Canons d'Eusèbe illustrés selon la tradition syriaque », dans CA 9 (1957), pp. 117-140. — « Mosaïques funéraires d'Edesse », dans Syr. 34 (1957), pp. 306-342. — Moines et monastères du Proche-Orient, Paris, Horizons de France, 277 pp. — « Une reliure arménienne du XIII° siècle du Catholicosat d'Antélias », dans L'Orient (Beyrouth), 15 juillet 1958. — « L'illustration du manuscrit syriaque 5/14 de Deir Charfet », dans OS 4 (1959), pp. 43-64 et 3 pl. — « L'évangéliaire éthiopien du couvent d'Abba Gärimä et ses attaches avec l'ancien art chrétien de Syrie », dans CA 11 (1960), pp. 131-143. 1961 — « L'évangéliaire éthiopien illustré du British Museum, Or. 510 et ses sources iconographiques », dans AEth 4 (1961), pp. 155-168 et pl. XLIV-LII. — « Nouvelles découvertes archéologiques relatives à Edesse », dans Syr 38 (1961), pp. 159-169. Recension de S. Der Nersessian, A Catalogue of the Armenian Manuscripts of the Chester Beatty Library, Dublin, 1958, dans Syr 38 (1961), pp. 211-215. Recension de E. Ullendorff, The Ethiopians, Oxford, 1960, dans AFrh 3 (1961), pp. 323-324. Ethiopie. Manuscrits à peintures. (Coll. Unesco de l'Art mondial) : Introduction et explication des planches, bibliographie. [en collaboration avec O. Jäger et S. Wright], Paris - New-York. « Ethiopie, terre de civilisation », dans CourUn 14, déc. 1961, pp. 30-32. « L'apport des monastères à la pensée universelle, dans VA n° 220 (mai-juin 1962), p. 58. « Recherches sur la tradition iconographique des Canons d'Eusèbe en Ethiopie », dans CA 12 (1962), pp. 173-204. « L'icône des stylites de Deir Balamend (Liban) et ses sources d'inspiration », dans MUSJ 38 (Mél. Mouterde, tome 2 : 1962), pp. 332-358. « Deux scribes syriaques nommés Bäkôs », dans OS 7 (1962), pp. 103-120. « Une ‘Madone italienne' conservée dans un manuscrit éthiopien du British Mu-seum », dans RS#Et 18 (1962), pp. 77-82. « Miniatures anciennes d'Ethiopie » (Catalogue de l'Exposition de peintures éthiopiennes organisée par la Commission de la République Française pour l'Unesco), Paris. « Les ‘éthiopiens' de Persépolis », dans AEth 5 (1963), pp. 293-295 et pl. CLXII-CLXIII. « Geschichte Aethiopiens in christlicher Zeit », dans Koptische Kunst, Christentum am Nil (Exposition Villa Hügel), Essen, pp. 183-187. « Aethiopische Malerei », Ibid., pp. 188-192. Monks and Monasteries of the Near East, transl. by Peter Collin, Londres, Harrap (traduction anglaise de l'ouvrage paru en 1958). « Les étapes de la peinture éthiopienne, révélée par les manuscrits illustrés et les églises peintes », dans JSemSt 9 (1964), pp. 245-246. — « L'art figuratif chez les Juifs au début de notre ère », dans BTS n° 65 (mai 1964), pp. 5-10; 15-19 et illustr. — « La peinture chrétienne d'Ethiopie antérieure à l'influence occidentale », dans Christentum am Nil — Bericht über den Koptologen-Kongress an Essen, Reckling-hausen, pp. 61-76 et fig. 22-32. — La pittura etiopica, durante il Medioevo e sotto la Dinastia di Gondar, Milan, 59 pp. et 60 pl. Les Manuscrits syriaques à peintures, conservés dans les bibliothèques d'Europe et d'Orient (Bibl. Archéol. et Histor. — Inst. Franç. d'Archéol. de Beyrouth, tome 77), Paris, Geuthner, 494 pp. et 160 pl. « Notes sur trois manuscrits syriaques de la John Rylands Library », dans BJRL 47 (1964), pp. 151-164 et 1 pl. «'Trois catalogues relatifs aux études syriaques » (recension de C. Moss, Catalogue of Syriac Printed Books and Related Literature in the British Museum, Londres, 1962; H.B. Pigoulevskaia, Catalogue des manuscrits syriaques de Léningrad (en russe), Moscou-Léningrad, 1960; J. Assfalg, Syrische Handschriften, Wiesbaden, 1963), dans Syr 41 (1964), pp. 378-383. « Un portrait du Christ à Palmyre au VI° siècle », dans CA 15 (1965), pp. 17-20. Recension de S. Der Nersessian, Armenian Manuscripts in the Freer Gallery of Art, s.l.n.d., dans Syr 42 (1965), pp. 187-191. « Notes d'archéologie et d'iconographie éthiopiennes : I. Une icône éthiopienne de la Vierge au Musée Copte du Vieux-Caire; I. Un prétendu bois ‘copte' représentant Salomon et la reine de Saba; IIT. Le mobilier liturgique de l'église de Sabatha au Musée d'Addis-Abeba; IV. La cathédrale d'Axoum et l'architecture portugaise », dans AÆth 6 (1965), pp. 229-244 et pl. LXXXVI-XCV. Recension de H.J. Drijvers, Bardaisan of Edessa, Assen, 1966, dans Syr 43 (1966), pp. 322-325. « Bosra (Bostra) », dans RBK, tome 1 (1966), cols. 731-737. « À propos de l'inscription syriaque du reliquaire d'Istanbul », dans CA 16 (1966), pp. 17-22. « Un témoignage inédit sur l'état du monastère des Syriens au Wadi 'n-Natrün, au début du XVI° siècle », dans BIFAO 65 (1967), pp. 1-23. « Recherches archéologiques sur les églises du Tür ‘Abdin », dans CRAIB, |1967, pp. 324-333. — « Les fresques de Doura-Europos », dans BTS, n° 88 (1967), pp. 6-15. — « Un évangéliaire arabe de la bibliothèque de Topqapi Sarayi à décor byzantin et islamique », dans Syr 44 (1967), pp. 119-130 et pl. IX-XII. « Syrien », dans W.F. Volbach et J. Lafontaine-Desogne, Byzanz und der christlicher Osten (Propylaen Kunstgeschichte, 3), Berlin, pp. 348-353 (11 planches commentées). « Nubien » (en collab. avec J. Leclant), dans W.J. Volbach et J. Lafontaine-Desogne, Ibid., pp. 361-362. « Aethiopien », Ibid., pp. 366-372. « La peinture éthiopienne au Moyen-Age », dans G. Gerster, L'art éthiopien. Eglises rupestres, La Pierre-qui-Vire, pp. 61-68 (éd. franç. de l'original allemand : Kirchen im Fels. Entdeckungen in Aethiopien, Stuttgart, 1968). « L'état présent des monuments chrétiens du sud-est de la Turquie (Tür “Abdin et ses environs) », dans CRAIB, 1968, pp. 478-493, « Un nouvel évangéliaire éthiopien illustré du monastère d'Abba Garima », dans Synthronoh (BCA 2), Paris, pp. 75-87. Ethiopian Painting, Londres, Merlin Press, 189 pp. (trad. anglaise de l'ouvrage paru en italien en 1964). « Grammaire des icônes », dans Icônes melkites, exposition organisée par le Musée Nicolas Sursock, du 16 mai au 15 juin 1969, Beyrouth, pp. 47-66. « Une prétendue scène d'enfer à Baouît », dans Kémi 19 (1969), pp. 79-91 et 7 illustr. « Edesse, gloire et déclin d'une église d'Orient », dans BTS, n° 119 (1970), pp. 12-20. « Une copie syriaque du Missale Romanum de Paul IIT et son arrière-plan historique », dans MUSJ 46 (1970), pp. 355-382. « La renaissance de l'Eglise syriaque aux XII°-XITI° siècles », dans CCM 14 (1971), pp. 131-148; 239-255 et 4 pl. — « Signatures vraies ou supposées de peintres à Doura-Europos » dans CA 21 (1971), pp. 25-30. — « Compléments à l'histoire des couvents du Ouadi Natroun d'Evelyn White », dans BIFAO 70 (1971), pp. 225-233. « L'icône ex-voto du Negus Lebna Dengel au monastère de Saint Antoine du Désert (Egypte) », dans JErhSt 9 (1971), pp. 35-46 et 4 pl. « Antioche », dans BTS, n° 128 (1971); pp. 9-18. « Peinture copte et peinture romane », dans Actas del VIII Congreso Internacional de Arqueologia cristiana, Barcelona, 1969, Rome, pp. 352-359 et pl. CLIX. « Les églises orientales non orthodoxes », dans Histoire des Religions, tome 2 (Encyclopédie de la Pléiade), la direction de H.-Ch. Puceh, Paris, Gallimard, pp. 869-910. Recension de S. Der Nersessian, The Armenians, Londres, 1969, dans Syr 49 (1972), pp. 480-481. « Le château de Siméon ... Qal‘at Sem‘an », dans BTS, n° 147 (janv. 1973), pp. 6-17. Saint-Germain-des-Prés, capitale des lettres, Paris, Nouvelles Editions Latines [édition refondue de l'ouvrage publié en 1952], 251 pp. — Ethiopie, archéologie et culture, [Paris-Bruges], Desclée-de-Brouwer, 276 pp. « Un feuillet du manuscrit copte 13 de la Bibliothèque Nationale égaré à Washington », dans Mélanges offerts à H.-Ch. Puech, Paris, Presses Univ. de France, pp. 437-446 et 2 pl. — Les manuscrits coptes et coptes-arabes illustrés (Bibl. Archéol. et Hist. — Inst. Franç. d'Archéol. de Beyrouth, tome 96), Paris, Geuthner, 279 pp. et 119 pl. « Moise de Nisibe », dans Symmposium Syriacum (OCA 197), Rome, pp. 457-470. « Le décor de l'église du couvent des Syriens au Ouady Natroun (Egypte) », dans CA 23 (1974), pp. 151-167. « Nourriture et breuvage dans l'art chrétien d'Orient : réflexions sur quelques peintures orientales », dans AARP 5 (1974), pp. 5-11 et 8 fig. dans le texte. « Un flabellum syriaque daté du Deir Souriani (Egypte) », dans CMar, 5-6 (1974-75), pp. 31-39 et 4 pl. « Les étapes de la peinture éthiopienne », dans Ethiopie millénaire — Exposition du Petit Palais, Paris, 1974-75, 5 pages sans numérotation. — Les peintures des couvents du désert d'Esna (La peinture murale chez les Coptes, I) [avec la coll. de B. Psiroukis et B. Lenthéric)] (MIFAO 94, Le Caire, IFAO, 85 pp. et 78 pl. hors-texte. « Le monachisme oriental aux X°-XIII° siècles », dans Le monachisme. Congrès de l'Assoc. Nat. des Médiévistes de l'Enseignement Supérieur. Saint-Etienne, pp. 195-223 [+ Cahiers d'Histoire — Lyon, 20 (1975), pp. 303-3311. « Découvertes de peintures chrétiennes en Syrie », dans Ann. archéol. arabes syriennes, — Rev, d'Archéol. et d'Hist., Damas 25 (1975), pp. 95-113 et 13 fig. « La soghita du chérubin et du larron, source d'une miniature du manuscrit syriaque Brit. Mus. Add. 7169 », dans PO 6-7 (Mél. F. Graffin, 1975-76), pp. 413-420. « Deux baptistères paléochrétiens d'Orient méconnus », dans CA 25 (1976), pp. 1-6 et 4 fis. « Dix années de recherche sur les peintures murales des monastères coptes de Haute et Basse Egypte », dans CRAZB, 1976, pp. 570-586. « Le programme décoratif de l'église de Saint Antoine du désert de la Mer Rouge », dans BIFAO 76 (1976), pp. 347-379. « L'encensoir ‘syrien' du couvent de Saint Antoine dans le désert de la Mer Rouge », dans BIFAO 76 (1976), pp. 381-390 et pl. LX-LXIII. « Une source négligée de la peinture copte : les poteries coptes décorées », dans AARP 12 (1977), pp. 79-84, « Les fresques coptes médiévales », dans Le Monde Copte, n° 4, pp. 19-28 (avec les reprod. des copies de Ph. Akermann, P. Laferrière et ‘Abd el-Fattah Nosseir). — «Le Deir Ez-Zapharan et le ‘siège d'Antioche'», dans À Tribute to Arthur Vôäbus, Chicago [1978], pp. 319-328 et 2 fis. — « Le programme décoratif de l'église de Saint Paul du désert de la Mer Rouge », dans BIFAO 78 (1978), pp. 323-337. — « Les églises orientales », dans J. Delumeau, Histoire vêcue du peuple chrétien, Tou-louse, Privat, tome 1 (1979), pp. 161-194, — « L'illustre cohorte des savants [les Mavristes] », dans Le palais abbatial [de Saint-Germain-des-Prés] — Nouvelles Rive Gauche, Paris, s.d., pp. 8-13. — « Reliures coptes illustrées », dans Hommages à Serge Sauneron, Le Caire, IFAO, tome 2, pp. 175-186 et 1 pl. Sous presse — Les peintures des Couvents du Ouadi Natroun (La peinture murale chez les Coptes, II) [avec la collab. de B. Lenthéric, P.-H. Laferrière, H. Studer, E. Revault, B. Psi-roukis et J.-F. Gout] (MIFAO 101), Le Caire, IFAO.</note></p></text></TEI>