<?xml version='1.0' encoding='UTF-8'?>
<TEI xmlns="http://www.tei-c.org/ns/1.0"><teiHeader><fileDesc><titleStmt><title>[Nécrologie.] Georges Parcq (1874-1939).</title></titleStmt><publicationStmt>Corpus produit par l'étudiant MA1 Ph. Hennebert (philippe.hennebert@student.uliege.be) du cours de l'Université de Liège Corpus INFO0943: 'Corpus textuels: principes de constitution et d'analyse'</publicationStmt><sourceDesc><p>https://www.ifao.egnet.net/bifao/39/2/ (BIFAO en ligne) processed using python scripts in https://github.com/PhilHen/BIFAOCorpusTools (typographical zones detected using OpenCV, OCR with Tesseract)</p></sourceDesc></fileDesc><encodingDesc><classDecl><taxonomy id="frpos"><bibl><title>pos tagset build from https://spacy.io/</title></bibl></taxonomy><taxonomy id="frlemma"><bibl><title>fr lemma of the model https://spacy.io/</title></bibl></taxonomy><taxonomy id="frMUSAS"><bibl><title>semantic tagging https://ucrel.github.io/pymusas/usage/how_to/tag_text#french</title></bibl></taxonomy></classDecl><editorialDecl><correction>Les erreurs d'orthographe confirmées par examen du PDF source n'ont pas été corrigées. Une vérification et correction manuelle du texte a été réalisée par Ph. Hennebert (philippe.hennebert@student.uliege.be) le 29/12/2023</correction><hyphenation>Les mots coupés en fin de ligne ont été réassemblés automatiquement, pour autant que la forme combinée sans trait d'union soit attestée dans le dictionnaire français https://unitexgramlab.org/fr/language-resources</hyphenation></editorialDecl></encodingDesc></teiHeader><text id="BIFAO039_art_02.pdf" auteur="Pierre Jouguet" annee="1940" titre="[Nécrologie.] Georges Parcq (1874-1939)." textId="39A02" nomDefunt="Parcq" metierDefunt="architecte" categ="Nécrologie"><p><pb n="137"/><w frlemma="GEORGES" frpos="PROPN" frMUSAS="Z99">GEORGES</w><w frlemma="parcq" frpos="NOUN" frMUSAS="Z99">PARCQ</w><w frlemma="(" frpos="PUNCT" frMUSAS="PUNCT">(</w><w frlemma="1874" frpos="NOUN" frMUSAS="Z99">1874</w><w frlemma="-" frpos="NOUN" frMUSAS="Z99">-</w><w frlemma="1939" frpos="NOUN" frMUSAS="Z99">1939</w><w frlemma=")" frpos="PUNCT" frMUSAS="PUNCT">)</w></p><p><w frlemma="nous" frpos="PRON" frMUSAS="Z8">Nous</w><w frlemma="ne" frpos="ADV" frMUSAS="Z6">ne</w><w frlemma="laisser" frpos="VERB" frMUSAS="M1">laisserons</w><w frlemma="pas" frpos="ADV" frMUSAS="Z99">pas</w><w frlemma="Georges" frpos="PROPN" frMUSAS="Z99">Georges</w><w frlemma="parcq" frpos="NOUN" frMUSAS="Z99">Parcq</w><w frlemma="à" frpos="ADP" frMUSAS="Z5">à</w><w frlemma="jamais" frpos="ADV" frMUSAS="T1/Z6">jamais</w><w frlemma="exiler" frpos="VERB" frMUSAS="M2/G1.2">exilé</w><w frlemma="au" frpos="ADP" frMUSAS="Z5">au</w><w frlemma="pays" frpos="NOUN" frMUSAS="G1.1c">pays</w><w frlemma="dont" frpos="PRON" frMUSAS="Z8">dont</w><w frlemma="on" frpos="PRON" frMUSAS="Z8">on</w><w frlemma="ne" frpos="ADV" frMUSAS="Z6">ne</w><w frlemma="revenir" frpos="VERB" frMUSAS="Z99">revient</w><w frlemma="pas" frpos="ADV" frMUSAS="Z99">pas</w><w frlemma="," frpos="PUNCT" frMUSAS="PUNCT">,</w><w frlemma="sans" frpos="ADP" frMUSAS="M6">sans</w><w frlemma="inscrire" frpos="VERB" frMUSAS="Z99">inscrire</w><w frlemma="son" frpos="DET" frMUSAS="Z5">son</w><w frlemma="souvenir" frpos="NOUN" frMUSAS="Z99">souvenir</w><w frlemma="à" frpos="ADP" frMUSAS="Z5">aux</w><w frlemma="page" frpos="NOUN" frMUSAS="Q1.2">pages</w><w frlemma="de" frpos="ADP" frMUSAS="Z5">de</w><w frlemma="ce" frpos="DET" frMUSAS="Z5">ce</w><w frlemma="Bulletin" frpos="PROPN" frMUSAS="Z99">Bulletin</w><w frlemma="." frpos="PUNCT" frMUSAS="PUNCT">.</w><w frlemma="pendant" frpos="ADP" frMUSAS="Z5">Pendant</w><w frlemma="de" frpos="DET" frMUSAS="Z5">de</w><w frlemma="long" frpos="ADJ" frMUSAS="Z99">longues</w><w frlemma="année" frpos="NOUN" frMUSAS="T1.3">années</w><w frlemma="," frpos="PUNCT" frMUSAS="PUNCT">,</w><w frlemma="être" frpos="CCONJ" frMUSAS="Z99">soit</w><w frlemma="seul" frpos="ADJ" frMUSAS="Z99">seul</w><w frlemma="," frpos="PUNCT" frMUSAS="PUNCT">,</w><w frlemma="être" frpos="CCONJ" frMUSAS="Z99">soit</w><w frlemma="avec" frpos="ADP" frMUSAS="Z5">avec</w><w frlemma="Jacques" frpos="PROPN" frMUSAS="Z99">Jacques</w><w frlemma="Hardy" frpos="PROPN" frMUSAS="Z99">Hardy</w><w frlemma="," frpos="PUNCT" frMUSAS="PUNCT">,</w><w frlemma="il" frpos="PRON" frMUSAS="Z8">il</w><w frlemma="être" frpos="AUX" frMUSAS="Z99">fut</w><w frlemma="le" frpos="DET" frMUSAS="Z5">l'</w><w frlemma="architecte" frpos="NOUN" frMUSAS="H1/I3.2/S2mf">architecte</w><w frlemma="de" frpos="ADP" frMUSAS="Z5">de</w><w frlemma="notre" frpos="DET" frMUSAS="Z8">notre</w><w frlemma="maison" frpos="NOUN" frMUSAS="H1">maison</w><w frlemma=":" frpos="PUNCT" frMUSAS="PUNCT">:</w><w frlemma="il" frpos="PRON" frMUSAS="Z8">il</w><w frlemma="le" frpos="PRON" frMUSAS="Z8">l'</w><w frlemma="avoir" frpos="AUX" frMUSAS="A9+">a</w><w frlemma="soutenir" frpos="VERB" frMUSAS="Z99">soutenue</w><w frlemma="," frpos="PUNCT" frMUSAS="PUNCT">,</w><w frlemma="transformée" frpos="NOUN" frMUSAS="Z99">transformée</w><w frlemma="," frpos="PUNCT" frMUSAS="PUNCT">,</w><w frlemma="restaurer" frpos="VERB" frMUSAS="Z99">restaurée</w><w frlemma="," frpos="PUNCT" frMUSAS="PUNCT">,</w><w frlemma="au" frpos="ADP" frMUSAS="Z5">au</w><w frlemma="point" frpos="NOUN" frMUSAS="A10+">point</w><w frlemma="de" frpos="ADP" frMUSAS="Z5">de</w><w frlemma="luire" frpos="PRON" frMUSAS="Z8">lui</w><w frlemma="faire" frpos="VERB" frMUSAS="Z99">faire</w><w frlemma="un" frpos="DET" frMUSAS="Z5">un</w><w frlemma="visage" frpos="NOUN" frMUSAS="B1">visage</w><w frlemma="neuf" frpos="ADJ" frMUSAS="Z5">neuf</w><w frlemma="qui" frpos="PRON" frMUSAS="Z8">qui</w><w frlemma="refléter" frpos="VERB" frMUSAS="A10+">reflétait</w><w frlemma="mieux" frpos="ADV" frMUSAS="A5.1++">mieux</w><w frlemma="que" frpos="SCONJ" frMUSAS="Z5">que</w><w frlemma="le" frpos="DET" frMUSAS="Z5">l'</w><w frlemma="ancien" frpos="ADJ" frMUSAS="Z99">ancien</w><w frlemma="son" frpos="DET" frMUSAS="Z5">son</w><w frlemma="âme" frpos="NOUN" frMUSAS="K2">âme</w><w frlemma="traditionnel" frpos="ADJ" frMUSAS="S1.1.1">traditionnelle</w><w frlemma="." frpos="PUNCT" frMUSAS="PUNCT">.</w><w frlemma="créer" frpos="VERB" frMUSAS="A1.1.1">Créer</w><w frlemma="sans" frpos="ADP" frMUSAS="M6">sans</w><w frlemma="détruire" frpos="NOUN" frMUSAS="A1.1.2">détruire</w><w frlemma="," frpos="PUNCT" frMUSAS="PUNCT">,</w><w frlemma="ce" frpos="PRON" frMUSAS="Z8">c'</w><w frlemma="être" frpos="AUX" frMUSAS="Z99">était</w><w frlemma="là" frpos="ADV" frMUSAS="Z99">là</w><w frlemma="si" frpos="SCONJ" frMUSAS="Z5">si</w><w frlemma="je" frpos="PRON" frMUSAS="Z8mf">je</w><w frlemma="ne" frpos="ADV" frMUSAS="Z6">ne</w><w frlemma="me" frpos="PRON" frMUSAS="Z8">me</w><w frlemma="trompe" frpos="VERB" frMUSAS="Z99">trompe</w><w frlemma="un" frpos="DET" frMUSAS="Z5">une</w><w frlemma="de" frpos="ADP" frMUSAS="Z5">des</w><w frlemma="tendance" frpos="NOUN" frMUSAS="Z99">tendances</w><w frlemma="le" frpos="DET" frMUSAS="Z5">les</w><w frlemma="plus" frpos="ADV" frMUSAS="Z5">plus</w><w frlemma="essentiel" frpos="ADJ" frMUSAS="S6+">essentielles</w><w frlemma="de" frpos="ADP" frMUSAS="Z5">de</w><w frlemma="son" frpos="DET" frMUSAS="Z5">son</w><w frlemma="talent" frpos="NOUN" frMUSAS="X9.1+">talent</w><w frlemma="." frpos="PUNCT" frMUSAS="PUNCT">.</w><w frlemma="ce" frpos="PRON" frMUSAS="Z8">C'</w><w frlemma="être" frpos="VERB" frMUSAS="M6">est</w><w frlemma="que" frpos="SCONJ" frMUSAS="Z5">qu'</w><w frlemma="il" frpos="PRON" frMUSAS="Z8">il</w><w frlemma="nous" frpos="PRON" frMUSAS="Z8">nous</w><w frlemma="être" frpos="AUX" frMUSAS="Z99">était</w><w frlemma="venir" frpos="VERB" frMUSAS="M1">venu</w><w frlemma="de" frpos="ADP" frMUSAS="Z5">de</w><w frlemma="ce" frpos="DET" frMUSAS="Z5">cette</w><w frlemma="touraine" frpos="NOUN" frMUSAS="Z99">Touraine</w><w frlemma="où" frpos="PRON" frMUSAS="Z8">où</w><w frlemma="le" frpos="DET" frMUSAS="Z5">le</w><w frlemma="génie" frpos="NOUN" frMUSAS="X9.1+/S2mf">génie</w><w frlemma="de" frpos="ADP" frMUSAS="Z5">de</w><w frlemma="son" frpos="DET" frMUSAS="Z5">sa</w><w frlemma="race" frpos="NOUN" frMUSAS="Z99">race</w><w frlemma="avoir" frpos="AUX" frMUSAS="A9+">a</w><w frlemma="produire" frpos="VERB" frMUSAS="O2">produit</w><w frlemma="tant" frpos="ADV" frMUSAS="Z99">tant</w><w frlemma="de" frpos="ADP" frMUSAS="Z5">de</w><w frlemma="chef" frpos="NOUN" frMUSAS="Z99">chefs</w><w frlemma="-" frpos="PROPN" frMUSAS="Z99">-</w><w frlemma="de" frpos="ADP" frMUSAS="Z5">d'</w><w frlemma="œuvre" frpos="NOUN" frMUSAS="Z99">œuvre</w><w frlemma="original" frpos="ADJ" frMUSAS="A5.4+">originaux</w><w frlemma="avec" frpos="ADP" frMUSAS="Z5">avec</w><w frlemma="un" frpos="DET" frMUSAS="Z5">des</w><w frlemma="élément" frpos="NOUN" frMUSAS="A4.1">éléments</w><w frlemma="hérité" frpos="NOUN" frMUSAS="Z99">hérités</w><w frlemma="de" frpos="ADP" frMUSAS="Z5">d'</w><w frlemma="un" frpos="DET" frMUSAS="Z5">un</w><w frlemma="double" frpos="NOUN" frMUSAS="F2">double</w><w frlemma="passer" frpos="VERB" frMUSAS="M1">passé</w><w frlemma="." frpos="PUNCT" frMUSAS="PUNCT">.</w><w frlemma="il" frpos="PRON" frMUSAS="Z8">Il</w><w frlemma="savoir" frpos="VERB" frMUSAS="X2.2+">savait</w><w frlemma="que" frpos="ADV" frMUSAS="Z8">que</w><w frlemma="dans" frpos="ADP" frMUSAS="Z5">dans</w><w frlemma="le" frpos="DET" frMUSAS="Z5">l'</w><w frlemma="art" frpos="NOUN" frMUSAS="C1">art</w><w frlemma="de" frpos="ADP" frMUSAS="Z5">de</w><w frlemma="bâtir" frpos="VERB" frMUSAS="H1">bâtir</w><w frlemma="," frpos="PUNCT" frMUSAS="PUNCT">,</w><w frlemma="comme" frpos="ADP" frMUSAS="Z5">comme</w><w frlemma="en" frpos="ADP" frMUSAS="Z5">en</w><w frlemma="tout" frpos="DET" frMUSAS="Z8">toute</w><w frlemma="chose" frpos="NOUN" frMUSAS="O2">chose</w><w frlemma="," frpos="PUNCT" frMUSAS="PUNCT">,</w><w frlemma="le" frpos="DET" frMUSAS="Z5">les</w><w frlemma="révolution" frpos="NOUN" frMUSAS="G1.2">révolutions</w><w frlemma="durable" frpos="ADJ" frMUSAS="Z99">durables</w><w frlemma="ne" frpos="ADV" frMUSAS="Z6">ne</w><w frlemma="briser" frpos="VERB" frMUSAS="A1.1.2">brisent</w><w frlemma="pas" frpos="ADV" frMUSAS="Z99">pas</w><w frlemma="le" frpos="DET" frMUSAS="Z5">la</w><w frlemma="continuité" frpos="NOUN" frMUSAS="Z99">continuité</w><w frlemma="de" frpos="ADP" frMUSAS="Z5">de</w><w frlemma="le" frpos="DET" frMUSAS="Z5">l'</w><w frlemma="histoire" frpos="NOUN" frMUSAS="Z99">histoire</w><w frlemma="." frpos="PUNCT" frMUSAS="PUNCT">.</w><w frlemma="de" frpos="ADP" frMUSAS="Z5">De</w><w frlemma="le" frpos="DET" frMUSAS="Z5">la</w><w frlemma="noblesse" frpos="NOUN" frMUSAS="Z99">noblesse</w><w frlemma="de" frpos="ADP" frMUSAS="Z5">de</w><w frlemma="ce" frpos="DET" frMUSAS="Z5">cette</w><w frlemma="continuité" frpos="NOUN" frMUSAS="Z99">continuité</w><w frlemma="," frpos="PUNCT" frMUSAS="PUNCT">,</w><w frlemma="il" frpos="PRON" frMUSAS="Z8">il</w><w frlemma="être" frpos="AUX" frMUSAS="Z99">était</w><w frlemma="lui-même" frpos="PRON" frMUSAS="Z8m">lui-même</w><w frlemma="un" frpos="DET" frMUSAS="Z5">un</w><w frlemma="exemple" frpos="NOUN" frMUSAS="A4.1">exemple</w><w frlemma="." frpos="PUNCT" frMUSAS="PUNCT">.</w><w frlemma="il" frpos="PRON" frMUSAS="Z8">Il</w><w frlemma="être" frpos="AUX" frMUSAS="Z99">était</w><w frlemma="fils" frpos="VERB" frMUSAS="S4m">fils</w><w frlemma="de" frpos="ADP" frMUSAS="Z5">d'</w><w frlemma="un" frpos="DET" frMUSAS="Z5">un</w><w frlemma="architecte" frpos="NOUN" frMUSAS="H1/I3.2/S2mf">architecte</w><w frlemma="," frpos="PUNCT" frMUSAS="PUNCT">,</w><w frlemma="et" frpos="CCONJ" frMUSAS="Z5">et</w><w frlemma="de" frpos="ADP" frMUSAS="Z5">d'</w><w frlemma="un" frpos="DET" frMUSAS="Z5">un</w><w frlemma="architecte" frpos="NOUN" frMUSAS="H1/I3.2/S2mf">architecte</w><w frlemma="qui" frpos="PRON" frMUSAS="Z8">qui</w><w frlemma="avoir" frpos="AUX" frMUSAS="A9+">avait</w><w frlemma="propager" frpos="VERB" frMUSAS="Z99">propagé</w><w frlemma="à" frpos="ADP" frMUSAS="Z5">à</w><w frlemma="le" frpos="DET" frMUSAS="Z5">l'</w><w frlemma="étranger" frpos="VERB" frMUSAS="Z99">étranger</w><w frlemma="le" frpos="DET" frMUSAS="Z5">le</w><w frlemma="rayonnement" frpos="NOUN" frMUSAS="O4.2+">rayonnement</w><w frlemma="de" frpos="ADP" frMUSAS="Z5">de</w><w frlemma="le" frpos="DET" frMUSAS="Z5">la</w><w frlemma="France" frpos="PROPN" frMUSAS="Z99">France</w><w frlemma="," frpos="PUNCT" frMUSAS="PUNCT">,</w><w frlemma="car" frpos="CCONJ" frMUSAS="Z5/A2.2">car</w><w frlemma="le" frpos="DET" frMUSAS="Z5">le</w><w frlemma="gouvernement" frpos="NOUN" frMUSAS="G1.1c">Gouvernement</w><w frlemma="péruvien" frpos="ADJ" frMUSAS="Z99">péruvien</w><w frlemma="le" frpos="PRON" frMUSAS="Z8">l'</w><w frlemma="avoir" frpos="AUX" frMUSAS="A9+">avait</w><w frlemma="appeler" frpos="VERB" frMUSAS="Q2.2">appelé</w><w frlemma="à" frpos="ADP" frMUSAS="Z5">à</w><w frlemma="un" frpos="DET" frMUSAS="Z5">une</w><w frlemma="sorte" frpos="NOUN" frMUSAS="Z99">sorte</w><w frlemma="de" frpos="ADP" frMUSAS="Z5">de</w><w frlemma="surintendance" frpos="NOUN" frMUSAS="Z99">surintendance</w><w frlemma="de" frpos="ADP" frMUSAS="Z5">des</w><w frlemma="bâtiment" frpos="NOUN" frMUSAS="H1">bâtiments</w><w frlemma="de" frpos="ADP" frMUSAS="Z5">de</w><w frlemma="son" frpos="DET" frMUSAS="Z5">sa</w><w frlemma="capitale" frpos="NOUN" frMUSAS="I1.1">capitale</w><w frlemma="." frpos="PUNCT" frMUSAS="PUNCT">.</w><w frlemma="Georges" frpos="PROPN" frMUSAS="Z99">Georges</w><w frlemma="Pareq" frpos="PROPN" frMUSAS="Z99">Pareq</w><w frlemma="être" frpos="AUX" frMUSAS="Z99">était</w><w frlemma="naître" frpos="VERB" frMUSAS="Z99">né</w><w frlemma="le" frpos="DET" frMUSAS="Z5">le</w><w frlemma="27" frpos="NUM" frMUSAS="N1">27</w><w frlemma="mars" frpos="NOUN" frMUSAS="Z99">mars</w><w frlemma="1874" frpos="NUM" frMUSAS="N1">1874</w><w frlemma="à" frpos="ADP" frMUSAS="Z5">à</w><w frlemma="Pont-Levoy" frpos="PROPN" frMUSAS="Z99">Pont-Levoy</w><w frlemma="." frpos="PUNCT" frMUSAS="PUNCT">.</w><w frlemma="après" frpos="ADP" frMUSAS="Z5">Après</w><w frlemma="de" frpos="DET" frMUSAS="Z5">de</w><w frlemma="brillante" frpos="NOUN" frMUSAS="Z99">brillantes</w><w frlemma="étude" frpos="NOUN" frMUSAS="P1">études</w><w frlemma="dans" frpos="ADP" frMUSAS="Z5">dans</w><w frlemma="le" frpos="DET" frMUSAS="Z5">le</w><w frlemma="célèbre" frpos="ADJ" frMUSAS="X2.2+">célèbre</w><w frlemma="collège" frpos="NOUN" frMUSAS="Z99">collège</w><w frlemma="de" frpos="ADP" frMUSAS="Z5">de</w><w frlemma="ce" frpos="DET" frMUSAS="Z5">cette</w><w frlemma="ville" frpos="NOUN" frMUSAS="M7c">ville</w><w frlemma="pouvoir" frpos="CCONJ" frMUSAS="Z99">puis</w><w frlemma="à" frpos="ADP" frMUSAS="Z5">à</w><w frlemma="Paris" frpos="PROPN" frMUSAS="Z99">Paris</w><w frlemma="," frpos="PUNCT" frMUSAS="PUNCT">,</w><w frlemma="au" frpos="ADP" frMUSAS="Z5">au</w><w frlemma="Lycée" frpos="PROPN" frMUSAS="Z99">Lycée</w><w frlemma="Lakanal" frpos="PROPN" frMUSAS="Z99">Lakanal</w><w frlemma="," frpos="PUNCT" frMUSAS="PUNCT">,</w><w frlemma="il" frpos="PRON" frMUSAS="Z8">il</w><w frlemma="être" frpos="AUX" frMUSAS="Z99">était</w><w frlemma="naturellement" frpos="ADV" frMUSAS="A6.2+">naturellement</w><w frlemma="entrer" frpos="VERB" frMUSAS="Z99">entré</w><w frlemma="en" frpos="ADP" frMUSAS="Z5">en</w><w frlemma="1903" frpos="NUM" frMUSAS="N1">1903</w><w frlemma="à" frpos="ADP" frMUSAS="Z5">à</w><w frlemma="le" frpos="DET" frMUSAS="Z5">l'</w><w frlemma="école" frpos="NOUN" frMUSAS="P1">École</w><w frlemma="de" frpos="ADP" frMUSAS="Z5">des</w><w frlemma="beau" frpos="NOUN" frMUSAS="Z99">Beaux</w><w frlemma="-" frpos="NOUN" frMUSAS="Z99">-</w><w frlemma="Arts" frpos="PROPN" frMUSAS="Z99">Arts</w><w frlemma="et" frpos="CCONJ" frMUSAS="Z5">et</w><w frlemma="se" frpos="PRON" frMUSAS="Z8">s'</w><w frlemma="être" frpos="AUX" frMUSAS="Z99">était</w><w frlemma="inscrire" frpos="VERB" frMUSAS="Z99">inscrit</w><w frlemma="à" frpos="ADP" frMUSAS="Z5">à</w><w frlemma="le" frpos="DET" frMUSAS="Z5">l'</w><w frlemma="atelier" frpos="NOUN" frMUSAS="Z99">atelier</w><w frlemma="de" frpos="ADP" frMUSAS="Z5">de</w><w frlemma="Laloux" frpos="PROPN" frMUSAS="Z99">Laloux</w><w frlemma="," frpos="PUNCT" frMUSAS="PUNCT">,</w><w frlemma="qui" frpos="PRON" frMUSAS="Z8">qui</w><w frlemma="donner" frpos="VERB" frMUSAS="A9-">donna</w><w frlemma="tant" frpos="ADV" frMUSAS="Z99">tant</w><w frlemma="de" frpos="ADP" frMUSAS="Z5">d'</w><w frlemma="illustre" frpos="NOUN" frMUSAS="Z99">illustres</w><w frlemma="bâtisseur" frpos="ADJ" frMUSAS="Z99">bâtisseurs</w><w frlemma="à" frpos="ADP" frMUSAS="Z5">à</w><w frlemma="notre" frpos="DET" frMUSAS="Z5">nos</w><w frlemma="génération" frpos="NOUN" frMUSAS="T1.3">générations</w><w frlemma="de" frpos="ADP" frMUSAS="Z5">de</w><w frlemma="le" frpos="DET" frMUSAS="Z5">la</w><w frlemma="fin" frpos="NOUN" frMUSAS="Z99">fin</w><w frlemma="de" frpos="ADP" frMUSAS="Z5">du</w><w frlemma="xix" frpos="ADJ" frMUSAS="Z99">XIXe</w><w frlemma="et" frpos="CCONJ" frMUSAS="Z5">et</w><w frlemma="de" frpos="ADP" frMUSAS="Z5">du</w><w frlemma="commencement" frpos="NOUN" frMUSAS="Z99">commencement</w><w frlemma="de" frpos="ADP" frMUSAS="Z5">du</w><w frlemma="xx" frpos="ADJ" frMUSAS="Z99">XXe</w><w frlemma="siècle" frpos="NOUN" frMUSAS="T1.3">siècle</w><w frlemma="." frpos="PUNCT" frMUSAS="PUNCT">.</w><w frlemma="il" frpos="PRON" frMUSAS="Z8">Il</w><w frlemma="se" frpos="PRON" frMUSAS="Z8">s'</w><w frlemma="y" frpos="PRON" frMUSAS="M6">y</w><w frlemma="trouver" frpos="VERB" frMUSAS="A10+">trouvait</w><w frlemma="et" frpos="CCONJ" frMUSAS="Z5">et</w><w frlemma="se" frpos="PRON" frMUSAS="Z8">s'</w><w frlemma="y" frpos="PRON" frMUSAS="M6">y</w><w frlemma="lier" frpos="VERB" frMUSAS="Z99">liait</w><w frlemma="avec" frpos="ADP" frMUSAS="Z5">avec</w><w frlemma="Georges" frpos="PROPN" frMUSAS="Z99">Georges</w><w frlemma="Chédanne" frpos="PROPN" frMUSAS="Z99">Chédanne</w><w frlemma="," frpos="PUNCT" frMUSAS="PUNCT">,</w><w frlemma="de" frpos="ADP" frMUSAS="Z5">d'</w><w frlemma="un" frpos="DET" frMUSAS="Z5">une</w><w frlemma="promotion" frpos="NOUN" frMUSAS="Z99">promotion</w><w frlemma="sensiblement" frpos="ADV" frMUSAS="Z99">sensiblement</w><w frlemma="plus" frpos="ADV" frMUSAS="Z5">plus</w><w frlemma="ancien" frpos="ADJ" frMUSAS="Z99">ancienne</w><w frlemma="," frpos="PUNCT" frMUSAS="PUNCT">,</w><w frlemma="avec" frpos="ADP" frMUSAS="Z5">avec</w><w frlemma="Emmanuel" frpos="PROPN" frMUSAS="Z99">Emmanuel</w><w frlemma="Pontremoli" frpos="PROPN" frMUSAS="Z99">Pontremoli</w><w frlemma="," frpos="PUNCT" frMUSAS="PUNCT">,</w><w frlemma="Paul" frpos="PROPN" frMUSAS="Z99">Paul</w><w frlemma="Bigot" frpos="PROPN" frMUSAS="Z99">Bigot</w><w frlemma="," frpos="PUNCT" frMUSAS="PUNCT">,</w><w frlemma="René" frpos="PROPN" frMUSAS="Z99">René</w><w frlemma="Binet" frpos="PROPN" frMUSAS="Z99">Binet</w><w frlemma="," frpos="PUNCT" frMUSAS="PUNCT">,</w><w frlemma="trop" frpos="ADV" frMUSAS="Z99">trop</w><w frlemma="tôt" frpos="ADV" frMUSAS="T4+">tôt</w><w frlemma="disparaître" frpos="VERB" frMUSAS="Z99">disparu</w><w frlemma="," frpos="PUNCT" frMUSAS="PUNCT">,</w><w frlemma="et" frpos="CCONJ" frMUSAS="Z5">et</w><w frlemma="qui" frpos="PRON" frMUSAS="Z8">qui</w><w frlemma="devoir" frpos="VERB" frMUSAS="Z99">devait</w><w frlemma="le" frpos="PRON" frMUSAS="Z8">le</w><w frlemma="faire" frpos="AUX" frMUSAS="Z99">faire</w><w frlemma="travailler" frpos="VERB" frMUSAS="I3.1">travailler</w><w frlemma="," frpos="PUNCT" frMUSAS="PUNCT">,</w><w frlemma="avec" frpos="ADP" frMUSAS="Z5">avec</w><w frlemma="luire" frpos="PRON" frMUSAS="Z8">lui</w><w frlemma="," frpos="PUNCT" frMUSAS="PUNCT">,</w><w frlemma="au" frpos="ADP" frMUSAS="Z5">au</w><w frlemma="printemps" frpos="NOUN" frMUSAS="M1">Printemps</w><w frlemma="et" frpos="CCONJ" frMUSAS="Z5">et</w><w frlemma="à" frpos="ADP" frMUSAS="Z5">à</w><w frlemma="le" frpos="DET" frMUSAS="Z5">la</w><w frlemma="maison" frpos="NOUN" frMUSAS="H1">maison</w><w frlemma="de" frpos="ADP" frMUSAS="Z5">des</w><w frlemma="artiste" frpos="NOUN" frMUSAS="C1/S2mf">artistes</w><w frlemma="dramatique" frpos="ADJ" frMUSAS="Z99">dramatiques</w><w frlemma="de" frpos="ADP" frMUSAS="Z5">de</w><w frlemma="pont-aux-dame" frpos="NOUN" frMUSAS="Z99">Pont-aux-Dames</w><w frlemma="." frpos="PUNCT" frMUSAS="PUNCT">.</w><w frlemma="il" frpos="PRON" frMUSAS="Z8">Il</w><w frlemma="être" frpos="AUX" frMUSAS="Z99">était</w><w frlemma="le" frpos="DET" frMUSAS="Z5">le</w><w frlemma="camarade" frpos="NOUN" frMUSAS="Z99">camarade</w><w frlemma="et" frpos="CCONJ" frMUSAS="Z5">et</w><w frlemma="le" frpos="DET" frMUSAS="Z5">l'</w><w frlemma="ami" frpos="NOUN" frMUSAS="S3.1/S2mf">ami</w><w frlemma="de" frpos="ADP" frMUSAS="Z5">d'</w><w frlemma="un" frpos="DET" frMUSAS="Z5">un</w><w frlemma="artiste" frpos="NOUN" frMUSAS="C1/S2mf">artiste</w><w frlemma="que" frpos="SCONJ" frMUSAS="Z5">que</w><w frlemma="le" frpos="DET" frMUSAS="Z5">l'</w><w frlemma="Égypte" frpos="PROPN" frMUSAS="Z99">Égypte</w><w frlemma="connaître" frpos="VERB" frMUSAS="X2.2+">connaît</w><w frlemma="bien" frpos="ADV" frMUSAS="A10+">bien</w><w frlemma="," frpos="PUNCT" frMUSAS="PUNCT">,</w><w frlemma="Henri" frpos="PROPN" frMUSAS="Z99">Henri</w><w frlemma="Mazet" frpos="PROPN" frMUSAS="Z99">Mazet</w><w frlemma="qui" frpos="PRON" frMUSAS="Z8">qui</w><w frlemma="avoir" frpos="AUX" frMUSAS="A9+">a</w><w frlemma="établir" frpos="VERB" frMUSAS="T2+">établi</w><w frlemma="pour" frpos="ADP" frMUSAS="Z5">pour</w><w frlemma="le" frpos="DET" frMUSAS="Z5">le</w><w frlemma="pavillon" frpos="NOUN" frMUSAS="Z99">pavillon</w><w frlemma="de" frpos="ADP" frMUSAS="Z5">de</w><w frlemma="le" frpos="DET" frMUSAS="Z5">l'</w><w frlemma="exposition" frpos="NOUN" frMUSAS="Z99">Exposition</w><w frlemma="de" frpos="ADP" frMUSAS="Z5">de</w><w frlemma="1937" frpos="NUM" frMUSAS="N1">1937</w><w frlemma="le" frpos="DET" frMUSAS="Z5">la</w><w frlemma="maquette" frpos="NOUN" frMUSAS="Z99">maquette</w><w frlemma="de" frpos="ADP" frMUSAS="Z5">de</w><w frlemma="Philae" frpos="PROPN" frMUSAS="Z99">Philae</w><w frlemma="." frpos="PUNCT" frMUSAS="PUNCT">.</w><w frlemma="en" frpos="ADP" frMUSAS="Z5">En</w><w frlemma="1903" frpos="NUM" frMUSAS="N1">1903</w><w frlemma="," frpos="PUNCT" frMUSAS="PUNCT">,</w><w frlemma="notre" frpos="DET" frMUSAS="Z8">notre</w><w frlemma="ministère" frpos="NOUN" frMUSAS="G1.1c">Ministère</w><w frlemma="de" frpos="ADP" frMUSAS="Z5">des</w><w frlemma="affaire" frpos="NOUN" frMUSAS="Z99">Affaires</w><w frlemma="Étrangeres" frpos="PROPN" frMUSAS="Z99">Étrangeres</w><w frlemma="charger" frpos="VERB" frMUSAS="Z99">chargeait</w><w frlemma="parcq" frpos="NOUN" frMUSAS="Z99">Parcq</w><w frlemma="de" frpos="ADP" frMUSAS="Z5">de</w><w frlemma="le" frpos="DET" frMUSAS="Z5">la</w><w frlemma="construction" frpos="NOUN" frMUSAS="Z99">construction</w><w frlemma="de" frpos="ADP" frMUSAS="Z5">du</w><w frlemma="consulat" frpos="NOUN" frMUSAS="Z99">consulat</w><w frlemma="général" frpos="ADJ" frMUSAS="G3/S7.1+/S2mf">général</w><w frlemma="de" frpos="ADP" frMUSAS="Z5">de</w><w frlemma="France" frpos="PROPN" frMUSAS="Z99">France</w><w frlemma="à" frpos="ADP" frMUSAS="Z5">à</w><w frlemma="Smyrne" frpos="PROPN" frMUSAS="Z99">Smyrne</w><w frlemma="." frpos="PUNCT" frMUSAS="PUNCT">.</w><w frlemma="parcq" frpos="NOUN" frMUSAS="Z99">Parcq</w><w frlemma="avoir" frpos="AUX" frMUSAS="A9+">avait</w><w frlemma="déjà" frpos="ADV" frMUSAS="T1.1.1">déjà</w><w frlemma="voyager" frpos="VERB" frMUSAS="M1">voyagé</w><w frlemma=":" frpos="PUNCT" frMUSAS="PUNCT">:</w><w frlemma="ce" frpos="PRON" frMUSAS="Z8">ce</w><w frlemma="ne" frpos="ADV" frMUSAS="Z6">ne</w><w frlemma="être" frpos="AUX" frMUSAS="Z99">fut</w><w frlemma="pas" frpos="ADV" frMUSAS="Z99">pas</w><w frlemma="son" frpos="DET" frMUSAS="Z5">son</w><w frlemma="premier" frpos="ADJ" frMUSAS="N4">premier</w><w frlemma="contact" frpos="NOUN" frMUSAS="Q2.2">contact</w><w frlemma="avec" frpos="ADP" frMUSAS="Z5">avec</w><w frlemma="le" frpos="DET" frMUSAS="Z5">le</w><w frlemma="monde" frpos="NOUN" frMUSAS="Z99">monde</w><w frlemma="méditerranéen" frpos="ADJ" frMUSAS="Z99">méditerranéen</w><w frlemma="," frpos="PUNCT" frMUSAS="PUNCT">,</w><w frlemma="mais" frpos="CCONJ" frMUSAS="Z5">mais</w><w frlemma="le" frpos="DET" frMUSAS="Z5">l'</w><w frlemma="occasion" frpos="NOUN" frMUSAS="Z99">occasion</w><w frlemma="qui" frpos="PRON" frMUSAS="Z8">qui</w><w frlemma="le" frpos="PRON" frMUSAS="Z8">l'</w><w frlemma="attacher" frpos="VERB" frMUSAS="A1.7+">attachait</w><w frlemma="au" frpos="ADP" frMUSAS="Z5">au</w><w frlemma="proche" frpos="NOUN" frMUSAS="Z99">Proche</w><w frlemma="-" frpos="PROPN" frMUSAS="Z99">-</w><w frlemma="Orient" frpos="PROPN" frMUSAS="Z99">Orient</w><w frlemma="familier" frpos="ADJ" frMUSAS="Z99">familier</w><w frlemma="à" frpos="ADP" frMUSAS="Z5">à</w><w frlemma="son" frpos="DET" frMUSAS="Z5">ses</w><w frlemma="méditation" frpos="NOUN" frMUSAS="Z99">méditations</w><pb n="138"/><w frlemma="de" frpos="ADP" frMUSAS="Z5">d'</w><w frlemma="artiste" frpos="NOUN" frMUSAS="C1/S2mf">artiste</w><w frlemma="," frpos="PUNCT" frMUSAS="PUNCT">,</w><w frlemma="et" frpos="CCONJ" frMUSAS="Z5">et</w><w frlemma="que" frpos="SCONJ" frMUSAS="Z5">qu'</w><w frlemma="il" frpos="PRON" frMUSAS="Z8">il</w><w frlemma="ne" frpos="ADV" frMUSAS="Z6">ne</w><w frlemma="devoir" frpos="VERB" frMUSAS="Z99">devait</w><w frlemma="presque" frpos="ADV" frMUSAS="A13.4">presque</w><w frlemma="plus" frpos="ADV" frMUSAS="Z5">plus</w><w frlemma="quitter" frpos="VERB" frMUSAS="M1">quitter</w><w frlemma="." frpos="PUNCT" frMUSAS="PUNCT">.</w><w frlemma="en" frpos="ADP" frMUSAS="Z5">En</w><w frlemma="1909" frpos="NUM" frMUSAS="N1">1909</w><w frlemma="," frpos="PUNCT" frMUSAS="PUNCT">,</w><w frlemma="il" frpos="PRON" frMUSAS="Z8">il</w><w frlemma="arriver" frpos="VERB" frMUSAS="Z99">arrivait</w><w frlemma="en" frpos="ADP" frMUSAS="Z5">en</w><w frlemma="Égypte" frpos="PROPN" frMUSAS="Z99">Égypte</w><w frlemma="où" frpos="PRON" frMUSAS="Z8">où</w><w frlemma="il" frpos="PRON" frMUSAS="Z8">il</w><w frlemma="aller" frpos="VERB" frMUSAS="M1">allait</w><w frlemma="demeurer" frpos="VERB" frMUSAS="Z99">demeurer</w><w frlemma="et" frpos="CCONJ" frMUSAS="Z5">et</w><w frlemma="construire" frpos="VERB" frMUSAS="Z99">construire</w><w frlemma="pendant" frpos="ADP" frMUSAS="Z5">pendant</w><w frlemma="plus" frpos="ADV" frMUSAS="Z5">plus</w><w frlemma="de" frpos="ADP" frMUSAS="Z5">de</w><w frlemma="trente" frpos="NUM" frMUSAS="N1">trente</w><w frlemma="an" frpos="NOUN" frMUSAS="T1.3">ans</w><w frlemma="." frpos="PUNCT" frMUSAS="PUNCT">.</w></p><p><w frlemma="laisson" frpos="NOUN" frMUSAS="Z99">Laissons</w><w frlemma="à" frpos="ADP" frMUSAS="Z5">à</w><w frlemma="son" frpos="DET" frMUSAS="Z5">ses</w><w frlemma="confrère" frpos="NOUN" frMUSAS="I3.2/S2mf">confrères</w><w frlemma="architecte" frpos="ADJ" frMUSAS="H1/I3.2/S2mf">architectes</w><w frlemma="le" frpos="DET" frMUSAS="Z5">le</w><w frlemma="soin" frpos="NOUN" frMUSAS="E6-">soin</w><w frlemma="de" frpos="ADP" frMUSAS="Z5">d'</w><w frlemma="énumérer" frpos="VERB" frMUSAS="N1/N4">énumérer</w><w frlemma="et" frpos="CCONJ" frMUSAS="Z5">et</w><w frlemma="de" frpos="ADP" frMUSAS="Z5">d'</w><w frlemma="apprécier" frpos="VERB" frMUSAS="E2+">apprécier</w><w frlemma="en" frpos="ADP" frMUSAS="Z5">en</w><w frlemma="technicien" frpos="ADJ" frMUSAS="Y1/S2mf">techniciens</w><w frlemma="le" frpos="DET" frMUSAS="Z5">les</w><w frlemma="édifice" frpos="NOUN" frMUSAS="H1">édifices</w><w frlemma="qui" frpos="PRON" frMUSAS="Z8">qui</w><w frlemma="se" frpos="PRON" frMUSAS="Z8">se</w><w frlemma="être" frpos="AUX" frMUSAS="Z99">sont</w><w frlemma="élever" frpos="VERB" frMUSAS="Z99">élevés</w><w frlemma="au" frpos="ADP" frMUSAS="Z5">au</w><w frlemma="caire" frpos="NOUN" frMUSAS="Z99">Caire</w><w frlemma="," frpos="PUNCT" frMUSAS="PUNCT">,</w><w frlemma="à" frpos="ADP" frMUSAS="Z5">à</w><w frlemma="Alexandrie" frpos="PROPN" frMUSAS="Z99">Alexandrie</w><w frlemma="," frpos="PUNCT" frMUSAS="PUNCT">,</w><w frlemma="à" frpos="ADP" frMUSAS="Z5">à</w><w frlemma="Mansoura" frpos="PROPN" frMUSAS="Z99">Mansoura</w><w frlemma="sou" frpos="ADP" frMUSAS="A13.6">sous</w><w frlemma="son" frpos="DET" frMUSAS="Z5">sa</w><w frlemma="direction" frpos="NOUN" frMUSAS="Z99">direction</w><w frlemma="et" frpos="CCONJ" frMUSAS="Z5">et</w><w frlemma="sur" frpos="ADP" frMUSAS="Z5">sur</w><w frlemma="son" frpos="DET" frMUSAS="Z5">ses</w><w frlemma="dessin" frpos="NOUN" frMUSAS="Z99">dessins</w><w frlemma="." frpos="PUNCT" frMUSAS="PUNCT">.</w><w frlemma="parcq" frpos="NOUN" frMUSAS="Z99">Parcq</w><w frlemma="ne" frpos="ADV" frMUSAS="Z6">n'</w><w frlemma="avoir" frpos="AUX" frMUSAS="A9+">a</w><w frlemma="pas" frpos="ADV" frMUSAS="Z99">pas</w><w frlemma="avoir" frpos="VERB" frMUSAS="A9+">eu</w><w frlemma="seulement" frpos="ADV" frMUSAS="A14">seulement</w><w frlemma="le" frpos="DET" frMUSAS="Z5">la</w><w frlemma="confiance" frpos="NOUN" frMUSAS="Z99">confiance</w><w frlemma="de" frpos="ADP" frMUSAS="Z5">des</w><w frlemma="particulier" frpos="NOUN" frMUSAS="Z99">particuliers</w><w frlemma="le" frpos="DET" frMUSAS="Z5">les</w><w frlemma="plus" frpos="ADV" frMUSAS="Z5">plus</w><w frlemma="éclairer" frpos="VERB" frMUSAS="Z99">éclairés</w><w frlemma="," frpos="PUNCT" frMUSAS="PUNCT">,</w><w frlemma="il" frpos="PRON" frMUSAS="Z8">il</w><w frlemma="être" frpos="AUX" frMUSAS="Z99">fut</w><w frlemma="aussi" frpos="ADV" frMUSAS="Z99">aussi</w><w frlemma="le" frpos="DET" frMUSAS="Z5">l'</w><w frlemma="architecte" frpos="NOUN" frMUSAS="H1/I3.2/S2mf">architecte</w><w frlemma="de" frpos="ADP" frMUSAS="Z5">des</w><w frlemma="société" frpos="NOUN" frMUSAS="S5+c">Sociétés</w><w frlemma="le" frpos="DET" frMUSAS="Z5">les</w><w frlemma="plus" frpos="ADV" frMUSAS="Z5">plus</w><w frlemma="important" frpos="ADJ" frMUSAS="A11.1+">importantes</w><w frlemma="," frpos="PUNCT" frMUSAS="PUNCT">,</w><w frlemma="Crédit" frpos="PROPN" frMUSAS="I1.1">Crédit</w><w frlemma="Foncier" frpos="PROPN" frMUSAS="Z99">Foncier</w><w frlemma="," frpos="PUNCT" frMUSAS="PUNCT">,</w><w frlemma="Crédit" frpos="PROPN" frMUSAS="I1.1">Crédit</w><w frlemma="Lyonnais" frpos="PROPN" frMUSAS="Z99">Lyonnais</w><w frlemma="," frpos="PUNCT" frMUSAS="PUNCT">,</w><w frlemma="comptoir" frpos="NOUN" frMUSAS="Z99">Comptoir</w><w frlemma="national" frpos="ADJ" frMUSAS="M7/N5.1+">national</w><w frlemma="de" frpos="ADP" frMUSAS="Z5">d'</w><w frlemma="escompte" frpos="NOUN" frMUSAS="Z99">Escompte</w><w frlemma="," frpos="PUNCT" frMUSAS="PUNCT">,</w><w frlemma="sucrerie" frpos="NOUN" frMUSAS="Z99">Sucreries</w><w frlemma="de" frpos="ADP" frMUSAS="Z5">d'</w><w frlemma="égypte" frpos="NOUN" frMUSAS="Z99">Égypte</w><w frlemma="etc." frpos="ADV" frMUSAS="Z99">etc.</w><w frlemma=";" frpos="PUNCT" frMUSAS="PUNCT">;</w><w frlemma="il" frpos="PRON" frMUSAS="Z8">il</w><w frlemma="avoir" frpos="AUX" frMUSAS="A9+">a</w><w frlemma="travailler" frpos="VERB" frMUSAS="I3.1">travaillé</w><w frlemma="pour" frpos="ADP" frMUSAS="Z5">pour</w><w frlemma="le" frpos="DET" frMUSAS="Z5">les</w><w frlemma="prince" frpos="NOUN" frMUSAS="S7.1+/S2.2m">princes</w><w frlemma="de" frpos="ADP" frMUSAS="Z5">de</w><w frlemma="le" frpos="DET" frMUSAS="Z5">la</w><w frlemma="famille" frpos="NOUN" frMUSAS="S4c">famille</w><w frlemma="royal" frpos="ADJ" frMUSAS="S7.1+/S2mf">royale</w><w frlemma="," frpos="PUNCT" frMUSAS="PUNCT">,</w><w frlemma="comme" frpos="ADP" frMUSAS="Z5">comme</w><w frlemma="pour" frpos="ADP" frMUSAS="Z5">pour</w><w frlemma="le" frpos="DET" frMUSAS="Z5">le</w><w frlemma="gouvernement" frpos="NOUN" frMUSAS="G1.1c">Gouvernement</w><w frlemma="égyptien" frpos="ADJ" frMUSAS="Z2/S2mf">égyptien</w><w frlemma="," frpos="PUNCT" frMUSAS="PUNCT">,</w><w frlemma="pour" frpos="ADP" frMUSAS="Z5">pour</w><w frlemma="le" frpos="DET" frMUSAS="Z5">la</w><w frlemma="légation" frpos="NOUN" frMUSAS="Z99">Légation</w><w frlemma="de" frpos="ADP" frMUSAS="Z5">de</w><w frlemma="France" frpos="PROPN" frMUSAS="Z99">France</w><w frlemma="et" frpos="CCONJ" frMUSAS="Z5">et</w><w frlemma="le" frpos="DET" frMUSAS="Z5">la</w><w frlemma="légation" frpos="NOUN" frMUSAS="Z99">Légation</w><w frlemma="de" frpos="ADP" frMUSAS="Z5">de</w><w frlemma="Belgique" frpos="PROPN" frMUSAS="Z99">Belgique</w><w frlemma="," frpos="PUNCT" frMUSAS="PUNCT">,</w><w frlemma="pour" frpos="ADP" frMUSAS="Z5">pour</w><w frlemma="le" frpos="DET" frMUSAS="Z5">les</w><w frlemma="congrégation" frpos="NOUN" frMUSAS="Z99">congrégations</w><w frlemma="enseignant" frpos="ADJ" frMUSAS="P1/I3.2/S2mf">enseignantes</w><w frlemma="et" frpos="CCONJ" frMUSAS="Z5">et</w><w frlemma="pour" frpos="ADP" frMUSAS="Z5">pour</w><w frlemma="le" frpos="DET" frMUSAS="Z5">la</w><w frlemma="mission" frpos="NOUN" frMUSAS="X7+">Mission</w><w frlemma="Laïque" frpos="PROPN" frMUSAS="Z99">Laïque</w><w frlemma="." frpos="PUNCT" frMUSAS="PUNCT">.</w><w frlemma="dans" frpos="ADP" frMUSAS="Z5">Dans</w><w frlemma="tout" frpos="ADJ" frMUSAS="Z8">tout</w><w frlemma="ce" frpos="PRON" frMUSAS="Z8">ce</w><w frlemma="que" frpos="PRON" frMUSAS="Z8">qu'</w><w frlemma="il" frpos="PRON" frMUSAS="Z8">il</w><w frlemma="avoir" frpos="AUX" frMUSAS="A9+">a</w><w frlemma="construire" frpos="VERB" frMUSAS="Z99">construit</w><w frlemma="," frpos="PUNCT" frMUSAS="PUNCT">,</w><w frlemma="que" frpos="SCONJ" frMUSAS="Z5">que</w><w frlemma="ce" frpos="PRON" frMUSAS="Z8">ce</w><w frlemma="être" frpos="AUX" frMUSAS="Z99">soit</w><w frlemma="un" frpos="DET" frMUSAS="Z5">un</w><w frlemma="palais" frpos="NOUN" frMUSAS="Z99">palais</w><w frlemma="comme" frpos="ADP" frMUSAS="Z5">comme</w><w frlemma="celui" frpos="PRON" frMUSAS="Z8">celui</w><w frlemma="de" frpos="ADP" frMUSAS="Z5">de</w><w frlemma="S.A.S." frpos="PROPN" frMUSAS="Z99">S.A.S.</w><w frlemma="le" frpos="DET" frMUSAS="Z5">le</w><w frlemma="prince" frpos="PROPN" frMUSAS="S7.1+/S2.2m">prince</w><w frlemma="Kemal" frpos="PROPN" frMUSAS="Z99">Kemal</w><w frlemma="el" frpos="PROPN" frMUSAS="Z99">el</w><w frlemma="-" frpos="PROPN" frMUSAS="Z99">-</w><w frlemma="Din" frpos="PROPN" frMUSAS="Z99">Din</w><w frlemma="," frpos="PUNCT" frMUSAS="PUNCT">,</w><w frlemma="un" frpos="DET" frMUSAS="Z5">une</w><w frlemma="banque" frpos="NOUN" frMUSAS="I1.1">banque</w><w frlemma="," frpos="PUNCT" frMUSAS="PUNCT">,</w><w frlemma="comme" frpos="ADP" frMUSAS="Z5">comme</w><w frlemma="le" frpos="DET" frMUSAS="Z5">la</w><w frlemma="banque" frpos="NOUN" frMUSAS="I1.1">Banque</w><w frlemma="de" frpos="ADP" frMUSAS="Z5">d'</w><w frlemma="Orient" frpos="PROPN" frMUSAS="Z99">Orient</w><w frlemma="," frpos="PUNCT" frMUSAS="PUNCT">,</w><w frlemma="un" frpos="DET" frMUSAS="Z5">un</w><w frlemma="théâtre" frpos="NOUN" frMUSAS="K4/H1">théâtre</w><w frlemma="," frpos="PUNCT" frMUSAS="PUNCT">,</w><w frlemma="comme" frpos="SCONJ" frMUSAS="Z5">comme</w><w frlemma="le" frpos="DET" frMUSAS="Z5">le</w><w frlemma="Théâtre" frpos="PROPN" frMUSAS="K4/H1">Théâtre</w><w frlemma="mohammed" frpos="NOUN" frMUSAS="Z99">Mohammed</w><w frlemma="aly" frpos="NOUN" frMUSAS="Z99">Aly</w><w frlemma="de" frpos="ADP" frMUSAS="Z5">d'</w><w frlemma="Alexandrie" frpos="PROPN" frMUSAS="Z99">Alexandrie</w><w frlemma="," frpos="PUNCT" frMUSAS="PUNCT">,</w><w frlemma="un" frpos="DET" frMUSAS="Z5">une</w><w frlemma="villa" frpos="NOUN" frMUSAS="Z99">villa</w><w frlemma="," frpos="PUNCT" frMUSAS="PUNCT">,</w><w frlemma="ou" frpos="CCONJ" frMUSAS="Z5">ou</w><w frlemma="même" frpos="ADV" frMUSAS="Z99">même</w><w frlemma="un" frpos="DET" frMUSAS="Z5">un</w><w frlemma="magasin" frpos="NOUN" frMUSAS="A9+">magasin</w><w frlemma="de" frpos="ADP" frMUSAS="Z5">de</w><w frlemma="nouveauté" frpos="ADJ" frMUSAS="Z99">nouveauté</w><w frlemma="," frpos="PUNCT" frMUSAS="PUNCT">,</w><w frlemma="on" frpos="PRON" frMUSAS="Z8">on</w><w frlemma="retrouver" frpos="VERB" frMUSAS="Z99">retrouvera</w><w frlemma="toujours" frpos="ADV" frMUSAS="N6+++">toujours</w><w frlemma="ce" frpos="DET" frMUSAS="Z5">ce</w><w frlemma="probe" frpos="NOUN" frMUSAS="Z99">probe</w><w frlemma="souci" frpos="NOUN" frMUSAS="Z99">souci</w><w frlemma="de" frpos="ADP" frMUSAS="Z5">de</w><w frlemma="le" frpos="DET" frMUSAS="Z5">l'</w><w frlemma="adaptation" frpos="NOUN" frMUSAS="A2.1+">adaptation</w><w frlemma="à" frpos="ADP" frMUSAS="Z5">aux</w><w frlemma="usage" frpos="NOUN" frMUSAS="Z99">usages</w><w frlemma="de" frpos="ADP" frMUSAS="Z5">de</w><w frlemma="le" frpos="DET" frMUSAS="Z5">l'</w><w frlemma="édifice" frpos="NOUN" frMUSAS="H1">édifice</w><w frlemma="," frpos="PUNCT" frMUSAS="PUNCT">,</w><w frlemma="ce" frpos="DET" frMUSAS="Z5">cette</w><w frlemma="même" frpos="ADJ" frMUSAS="Z99">même</w><w frlemma="recherche" frpos="NOUN" frMUSAS="Z99">recherche</w><w frlemma="de" frpos="ADP" frMUSAS="Z5">d'</w><w frlemma="un" frpos="DET" frMUSAS="Z5">une</w><w frlemma="forme" frpos="NOUN" frMUSAS="A4.1">forme</w><w frlemma="élégant" frpos="ADJ" frMUSAS="Z99">élégante</w><w frlemma="et" frpos="CCONJ" frMUSAS="Z5">et</w><w frlemma="sans" frpos="ADP" frMUSAS="M6">sans</w><w frlemma="emphase" frpos="NOUN" frMUSAS="Z99">emphase</w><w frlemma="," frpos="PUNCT" frMUSAS="PUNCT">,</w><w frlemma="de" frpos="ADP" frMUSAS="Z5">de</w><w frlemma="le" frpos="DET" frMUSAS="Z5">l'</w><w frlemma="agencement" frpos="NOUN" frMUSAS="Z99">agencement</w><w frlemma="ingénieux" frpos="ADJ" frMUSAS="Z99">ingénieux</w><w frlemma="et" frpos="CCONJ" frMUSAS="Z5">et</w><w frlemma="de" frpos="ADP" frMUSAS="Z5">des</w><w frlemma="perspective" frpos="NOUN" frMUSAS="Z99">perspectives</w><w frlemma="simple" frpos="ADJ" frMUSAS="A12+">simples</w><w frlemma="et" frpos="CCONJ" frMUSAS="Z5">et</w><w frlemma="noble" frpos="ADJ" frMUSAS="G2.2+">nobles</w><w frlemma="," frpos="PUNCT" frMUSAS="PUNCT">,</w><w frlemma="de" frpos="ADP" frMUSAS="Z5">du</w><w frlemma="raffinement" frpos="NOUN" frMUSAS="Z99">raffinement</w><w frlemma="et" frpos="CCONJ" frMUSAS="Z5">et</w><w frlemma="de" frpos="ADP" frMUSAS="Z5">de</w><w frlemma="le" frpos="DET" frMUSAS="Z5">la</w><w frlemma="discrétion" frpos="NOUN" frMUSAS="A1.3+">discrétion</w><w frlemma="dans" frpos="ADP" frMUSAS="Z5">dans</w><w frlemma="le" frpos="DET" frMUSAS="Z5">la</w><w frlemma="parure" frpos="NOUN" frMUSAS="Z99">parure</w><w frlemma="," frpos="PUNCT" frMUSAS="PUNCT">,</w><w frlemma="le" frpos="DET" frMUSAS="Z5">le</w><w frlemma="goût" frpos="NOUN" frMUSAS="X3.1">goût</w><w frlemma="enfin" frpos="ADV" frMUSAS="Z99">enfin</w><w frlemma="de" frpos="ADP" frMUSAS="Z5">d'</w><w frlemma="un" frpos="DET" frMUSAS="Z5">un</w><w frlemma="artiste" frpos="NOUN" frMUSAS="C1/S2mf">artiste</w><w frlemma="cultivé" frpos="NOUN" frMUSAS="Z99">cultivé</w><w frlemma="," frpos="PUNCT" frMUSAS="PUNCT">,</w><w frlemma="fidèle" frpos="ADV" frMUSAS="S6+">fidèle</w><w frlemma="à" frpos="ADP" frMUSAS="Z5">aux</w><w frlemma="leçon" frpos="NOUN" frMUSAS="P1">leçons</w><w frlemma="de" frpos="ADP" frMUSAS="Z5">du</w><w frlemma="passé" frpos="NOUN" frMUSAS="M6">passé</w><w frlemma="," frpos="PUNCT" frMUSAS="PUNCT">,</w><w frlemma="mais" frpos="CCONJ" frMUSAS="Z5">mais</w><w frlemma="dédaigneux" frpos="ADJ" frMUSAS="Z99">dédaigneux</w><w frlemma="de" frpos="ADP" frMUSAS="Z5">du</w><w frlemma="pastiche" frpos="NOUN" frMUSAS="Z99">pastiche</w><w frlemma="," frpos="PUNCT" frMUSAS="PUNCT">,</w><w frlemma="et" frpos="CCONJ" frMUSAS="Z5">et</w><w frlemma="plein" frpos="ADJ" frMUSAS="N5.1+">plein</w><w frlemma="de" frpos="ADP" frMUSAS="Z5">de</w><w frlemma="mépris" frpos="NOUN" frMUSAS="Z99">mépris</w><w frlemma="pour" frpos="ADP" frMUSAS="Z5">pour</w><w frlemma="le" frpos="DET" frMUSAS="Z5">la</w><w frlemma="vulgarité" frpos="NOUN" frMUSAS="Z99">vulgarité</w><w frlemma="." frpos="PUNCT" frMUSAS="PUNCT">.</w><w frlemma="parcq" frpos="NOUN" frMUSAS="Z99">Parcq</w><w frlemma="avoir" frpos="VERB" frMUSAS="A9+">avait</w><w frlemma="trop" frpos="ADV" frMUSAS="Z99">trop</w><w frlemma="le" frpos="DET" frMUSAS="Z5">le</w><w frlemma="culte" frpos="NOUN" frMUSAS="Z99">culte</w><w frlemma="de" frpos="ADP" frMUSAS="Z5">de</w><w frlemma="son" frpos="DET" frMUSAS="Z5">son</w><w frlemma="art" frpos="NOUN" frMUSAS="C1">art</w><w frlemma="pour" frpos="ADP" frMUSAS="Z5">pour</w><w frlemma="ne" frpos="ADV" frMUSAS="Z6">n'</w><w frlemma="en" frpos="PRON" frMUSAS="Z8">en</w><w frlemma="avoir" frpos="AUX" frMUSAS="A9+">avoir</w><w frlemma="pas" frpos="ADV" frMUSAS="Z99">pas</w><w frlemma="suivre" frpos="VERB" frMUSAS="M1">suivi</w><w frlemma="le" frpos="DET" frMUSAS="Z5">l'</w><w frlemma="histoire" frpos="NOUN" frMUSAS="Z99">histoire</w><w frlemma="et" frpos="CCONJ" frMUSAS="Z5">et</w><w frlemma="son" frpos="DET" frMUSAS="Z5">sa</w><w frlemma="curiosité" frpos="NOUN" frMUSAS="X5.2+">curiosité</w><w frlemma="infatigable" frpos="ADJ" frMUSAS="Z99">infatigable</w><w frlemma="le" frpos="PRON" frMUSAS="Z8">l'</w><w frlemma="avoir" frpos="VERB" frMUSAS="A9+">avait</w><w frlemma="même" frpos="ADV" frMUSAS="Z99">même</w><w frlemma="un" frpos="DET" frMUSAS="Z5">une</w><w frlemma="fois" frpos="NOUN" frMUSAS="Z99">fois</w><w frlemma="entraîner" frpos="VERB" frMUSAS="Z99">entraîné</w><w frlemma="jusqu" frpos="ADJ" frMUSAS="Z99">jusque</w><w frlemma="dans" frpos="ADP" frMUSAS="Z5">dans</w><w frlemma="le" frpos="DET" frMUSAS="Z5">l'</w><w frlemma="Inde" frpos="PROPN" frMUSAS="Z99">Inde</w><w frlemma="," frpos="PUNCT" frMUSAS="PUNCT">,</w><w frlemma="de" frpos="ADP" frMUSAS="Z5">d'</w><w frlemma="où" frpos="PRON" frMUSAS="Z8">où</w><w frlemma="il" frpos="PRON" frMUSAS="Z8">il</w><w frlemma="être" frpos="AUX" frMUSAS="Z99">était</w><w frlemma="revenir" frpos="VERB" frMUSAS="I1.1">revenu</w><w frlemma="ravir" frpos="VERB" frMUSAS="Z99">ravi</w><w frlemma=":" frpos="PUNCT" frMUSAS="PUNCT">:</w><w frlemma="ce" frpos="PRON" frMUSAS="Z8">ce</w><w frlemma="ne" frpos="ADV" frMUSAS="Z6">n'</w><w frlemma="être" frpos="AUX" frMUSAS="Z99">était</w><w frlemma="pourtant" frpos="ADV" frMUSAS="Z99">pourtant</w><w frlemma="pas" frpos="ADV" frMUSAS="Z99">pas</w><w frlemma="un" frpos="DET" frMUSAS="Z5">un</w><w frlemma="archéologue" frpos="NOUN" frMUSAS="Z99">archéologue</w><w frlemma="et" frpos="CCONJ" frMUSAS="Z5">et</w><w frlemma="il" frpos="PRON" frMUSAS="Z8">il</w><w frlemma="ne" frpos="ADV" frMUSAS="Z6">ne</w><w frlemma="se" frpos="PRON" frMUSAS="Z8">se</w><w frlemma="donner" frpos="VERB" frMUSAS="A9-">donnait</w><w frlemma="pas" frpos="ADV" frMUSAS="Z99">pas</w><w frlemma="pour" frpos="ADP" frMUSAS="Z5">pour</w><w frlemma="tel" frpos="ADJ" frMUSAS="Z5">tel</w><w frlemma=":" frpos="PUNCT" frMUSAS="PUNCT">:</w><w frlemma="mais" frpos="CCONJ" frMUSAS="Z5">mais</w><w frlemma="que" frpos="SCONJ" frMUSAS="Z5">que</w><w frlemma="de" frpos="ADP" frMUSAS="Z5">de</w><w frlemma="fois" frpos="NOUN" frMUSAS="Z99">fois</w><w frlemma="," frpos="PUNCT" frMUSAS="PUNCT">,</w><w frlemma="dans" frpos="ADP" frMUSAS="Z5">dans</w><w frlemma="notre" frpos="DET" frMUSAS="Z5">nos</w><w frlemma="entretien" frpos="NOUN" frMUSAS="Z99">entretiens</w><w frlemma="avec" frpos="ADP" frMUSAS="Z5">avec</w><w frlemma="luire" frpos="PRON" frMUSAS="Z8">lui</w><w frlemma="," frpos="PUNCT" frMUSAS="PUNCT">,</w><w frlemma="avoir" frpos="AUX" frMUSAS="A9+">avons</w><w frlemma="nous" frpos="PRON" frMUSAS="Z8">-nous</w><w frlemma="avoir" frpos="VERB" frMUSAS="A9+">eu</w><w frlemma="le" frpos="DET" frMUSAS="Z5">le</w><w frlemma="sentiment" frpos="NOUN" frMUSAS="E1">sentiment</w><w frlemma="que" frpos="SCONJ" frMUSAS="Z5">que</w><w frlemma="," frpos="PUNCT" frMUSAS="PUNCT">,</w><w frlemma="pour" frpos="ADP" frMUSAS="Z5">pour</w><w frlemma="le" frpos="DET" frMUSAS="Z5">la</w><w frlemma="restauration" frpos="NOUN" frMUSAS="Z99">restauration</w><w frlemma="de" frpos="ADP" frMUSAS="Z5">des</w><w frlemma="monument" frpos="NOUN" frMUSAS="O2">monuments</w><w frlemma="antique" frpos="ADJ" frMUSAS="Z99">antiques</w><w frlemma="," frpos="PUNCT" frMUSAS="PUNCT">,</w><w frlemma="on" frpos="PRON" frMUSAS="Z8">on</w><w frlemma="avoir" frpos="PRON" frMUSAS="A9+">eût</w><w frlemma="être" frpos="AUX" frMUSAS="T1.3">été</w><w frlemma="bien" frpos="ADV" frMUSAS="A10+">bien</w><w frlemma="inspirer" frpos="VERB" frMUSAS="S8+">inspiré</w><w frlemma="de" frpos="ADP" frMUSAS="Z5">de</w><w frlemma="suivre" frpos="VERB" frMUSAS="M1">suivre</w><w frlemma="son" frpos="DET" frMUSAS="Z5">ses</w><w frlemma="conseil" frpos="NOUN" frMUSAS="Z99">conseils</w><w frlemma="!" frpos="PUNCT" frMUSAS="PUNCT">!</w><w frlemma="pour" frpos="ADP" frMUSAS="Z5">Pour</w><w frlemma="luire" frpos="PRON" frMUSAS="Z8">lui</w><w frlemma="un" frpos="DET" frMUSAS="Z5">un</w><w frlemma="monument" frpos="NOUN" frMUSAS="O2">monument</w><w frlemma="ancien" frpos="ADJ" frMUSAS="Z99">ancien</w><w frlemma="être" frpos="AUX" frMUSAS="Z99">était</w><w frlemma="chose" frpos="NOUN" frMUSAS="O2">chose</w><w frlemma="encore" frpos="ADV" frMUSAS="Z99">encore</w><w frlemma="vivant" frpos="ADJ" frMUSAS="Z99">vivante</w><w frlemma="bien" frpos="ADV" frMUSAS="A10+">bien</w><w frlemma="plutôt" frpos="ADV" frMUSAS="A13.5">plutôt</w><w frlemma="que" frpos="SCONJ" frMUSAS="Z5">qu'</w><w frlemma="un" frpos="DET" frMUSAS="Z5">un</w><w frlemma="document" frpos="NOUN" frMUSAS="Q1.2">document</w><w frlemma="mutiler" frpos="ADJ" frMUSAS="Z99">mutilé</w><w frlemma=";" frpos="PUNCT" frMUSAS="PUNCT">;</w><w frlemma="il" frpos="PRON" frMUSAS="Z8">il</w><w frlemma="vouloir" frpos="VERB" frMUSAS="X7+">voulait</w><w frlemma="que" frpos="SCONJ" frMUSAS="Z5">qu'</w><w frlemma="on" frpos="PRON" frMUSAS="Z8">on</w><w frlemma="en" frpos="PRON" frMUSAS="Z8">en</w><w frlemma="respecter" frpos="VERB" frMUSAS="S7.2+">respectât</w><w frlemma="le" frpos="DET" frMUSAS="Z5">l'</w><w frlemma="âme" frpos="NOUN" frMUSAS="K2">âme</w><w frlemma="et" frpos="CCONJ" frMUSAS="Z5">et</w><w frlemma="ce" frpos="PRON" frMUSAS="Z8">c'</w><w frlemma="être" frpos="VERB" frMUSAS="M6">est</w><w frlemma="pourquoi" frpos="ADV" frMUSAS="A2.2">pourquoi</w><w frlemma="il" frpos="PRON" frMUSAS="Z8">il</w><w frlemma="être" frpos="AUX" frMUSAS="Z99">était</w><w frlemma="aussi" frpos="ADV" frMUSAS="Z99">aussi</w><w frlemma="prêt" frpos="ADJ" frMUSAS="A1.1.1">prêt</w><w frlemma="à" frpos="ADP" frMUSAS="Z5">à</w><w frlemma="sympathiser" frpos="VERB" frMUSAS="Z99">sympathiser</w><w frlemma="avec" frpos="ADP" frMUSAS="Z5">avec</w><w frlemma="le" frpos="DET" frMUSAS="Z5">l'</w><w frlemma="avenir" frpos="NOUN" frMUSAS="T1.1.3">avenir</w><w frlemma="que" frpos="SCONJ" frMUSAS="Z5">qu'</w><w frlemma="à" frpos="ADP" frMUSAS="Z5">à</w><w frlemma="comprendre" frpos="VERB" frMUSAS="X2.5+">comprendre</w><w frlemma="le" frpos="DET" frMUSAS="Z5">le</w><w frlemma="passé" frpos="NOUN" frMUSAS="M6">passé</w><w frlemma="." frpos="PUNCT" frMUSAS="PUNCT">.</w></p><p><w frlemma="le" frpos="DET" frMUSAS="Z5">L'</w><w frlemma="Égypte" frpos="PROPN" frMUSAS="Z99">Égypte</w><w frlemma="le" frpos="PRON" frMUSAS="Z8">l'</w><w frlemma="avoir" frpos="AUX" frMUSAS="A9+">avait</w><w frlemma="conquis" frpos="ADJ" frMUSAS="Z99">conquis</w><w frlemma=";" frpos="PUNCT" frMUSAS="PUNCT">;</w><w frlemma="il" frpos="PRON" frMUSAS="Z8">il</w><w frlemma="en" frpos="PRON" frMUSAS="Z8">en</w><w frlemma="aimer" frpos="VERB" frMUSAS="Z99">aimait</w><w frlemma="le" frpos="DET" frMUSAS="Z5">la</w><w frlemma="lumière" frpos="NOUN" frMUSAS="N3.5-">lumière</w><w frlemma="," frpos="PUNCT" frMUSAS="PUNCT">,</w><w frlemma="le" frpos="DET" frMUSAS="Z5">la</w><w frlemma="couleur" frpos="NOUN" frMUSAS="O4.3">couleur</w><w frlemma="et" frpos="CCONJ" frMUSAS="Z5">et</w><w frlemma="le" frpos="DET" frMUSAS="Z5">les</w><w frlemma="ligne" frpos="NOUN" frMUSAS="A1.1.1">lignes</w><w frlemma=";" frpos="PUNCT" frMUSAS="PUNCT">;</w><w frlemma="mais" frpos="CCONJ" frMUSAS="Z5">mais</w><w frlemma="en" frpos="ADP" frMUSAS="Z5">en</w><w frlemma="se" frpos="PRON" frMUSAS="Z8">se</w><w frlemma="laisser" frpos="VERB" frMUSAS="M1">laissant</w><w frlemma="séduir" frpos="ADJ" frMUSAS="Z99">séduire</w><w frlemma="il" frpos="PRON" frMUSAS="Z8">il</w><w frlemma="ne" frpos="ADV" frMUSAS="Z6">n'</w><w frlemma="avoir" frpos="AUX" frMUSAS="A9+">avait</w><w frlemma="pas" frpos="ADV" frMUSAS="Z99">pas</w><w frlemma="perdre" frpos="VERB" frMUSAS="X9.2-">perdu</w><w frlemma="son" frpos="DET" frMUSAS="Z5">sa</w><w frlemma="personnalité" frpos="NOUN" frMUSAS="S1.2">personnalité</w><w frlemma="." frpos="PUNCT" frMUSAS="PUNCT">.</w><w frlemma="en" frpos="ADP" frMUSAS="Z5">En</w><w frlemma="être" frpos="AUX" frMUSAS="T1.3">été</w><w frlemma="," frpos="PUNCT" frMUSAS="PUNCT">,</w><w frlemma="il" frpos="PRON" frMUSAS="Z8">il</w><w frlemma="retrouver" frpos="VERB" frMUSAS="Z99">retrouvait</w><w frlemma="le" frpos="DET" frMUSAS="Z5">les</w><w frlemma="inspiration" frpos="NOUN" frMUSAS="S8+">inspirations</w><w frlemma="de" frpos="ADP" frMUSAS="Z5">du</w><w frlemma="terroir" frpos="VERB" frMUSAS="Z99">terroir</w><w frlemma="natal" frpos="ADJ" frMUSAS="Z99">natal</w><w frlemma="," frpos="PUNCT" frMUSAS="PUNCT">,</w><w frlemma="non" frpos="ADV" frMUSAS="Z99">non</w><w frlemma="pas" frpos="ADV" frMUSAS="Z99">pas</w><w frlemma="seulement" frpos="ADV" frMUSAS="A14">seulement</w><w frlemma="dans" frpos="ADP" frMUSAS="Z5">dans</w><w frlemma="son" frpos="DET" frMUSAS="Z5">sa</w><w frlemma="chère" frpos="NOUN" frMUSAS="Z99">chère</w><w frlemma="Touraine" frpos="PROPN" frMUSAS="Z99">Touraine</w><w frlemma="," frpos="PUNCT" frMUSAS="PUNCT">,</w><w frlemma="où" frpos="PRON" frMUSAS="Z8">où</w><w frlemma="il" frpos="PRON" frMUSAS="Z8">il</w><w frlemma="se" frpos="PRON" frMUSAS="Z8">s'</w><w frlemma="être" frpos="AUX" frMUSAS="Z99">était</w><w frlemma="ménager" frpos="VERB" frMUSAS="Z99">ménagé</w><w frlemma="pour" frpos="ADP" frMUSAS="Z5">pour</w><w frlemma="son" frpos="DET" frMUSAS="Z5">son</w><w frlemma="repos" frpos="NOUN" frMUSAS="E3+">repos</w><w frlemma="un" frpos="DET" frMUSAS="Z5">une</w><w frlemma="aimable" frpos="NOUN" frMUSAS="Z99">aimable</w><w frlemma="demeure" frpos="NOUN" frMUSAS="Z99">demeure</w><w frlemma="," frpos="PUNCT" frMUSAS="PUNCT">,</w><w frlemma="mais" frpos="CCONJ" frMUSAS="Z5">mais</w><w frlemma="dans" frpos="ADP" frMUSAS="Z5">dans</w><w frlemma="le" frpos="DET" frMUSAS="Z5">la</w><w frlemma="France" frpos="PROPN" frMUSAS="Z99">France</w><w frlemma="tout" frpos="ADJ" frMUSAS="Z8">toute</w><w frlemma="entier" frpos="ADJ" frMUSAS="Z99">entière</w><w frlemma="," frpos="PUNCT" frMUSAS="PUNCT">,</w><w frlemma="et" frpos="CCONJ" frMUSAS="Z5">et</w><w frlemma="que" frpos="SCONJ" frMUSAS="Z5">que</w><w frlemma="de" frpos="ADP" frMUSAS="Z5">de</w><w frlemma="fois" frpos="NOUN" frMUSAS="Z99">fois</w><w frlemma="le" frpos="PRON" frMUSAS="Z8">l'</w><w frlemma="avoir" frpos="AUX" frMUSAS="A9+">avons</w><w frlemma="nous" frpos="PRON" frMUSAS="Z8">-nous</w><w frlemma="voir" frpos="VERB" frMUSAS="X3.4">vu</w><w frlemma="," frpos="PUNCT" frMUSAS="PUNCT">,</w><w frlemma="chez" frpos="ADP" frMUSAS="Z5">chez</w><w frlemma="notre" frpos="DET" frMUSAS="Z5">nos</w><w frlemma="ami" frpos="NOUN" frMUSAS="S3.1/S2mf">amis</w><w frlemma="Saint" frpos="PROPN" frMUSAS="Z99">Saint</w><w frlemma="Plancat" frpos="PROPN" frMUSAS="Z99">Plancat</w><w frlemma="," frpos="PUNCT" frMUSAS="PUNCT">,</w><w frlemma="parcourir" frpos="VERB" frMUSAS="Z99">parcourir</w><w frlemma="de" frpos="ADP" frMUSAS="Z5">d'</w><w frlemma="un" frpos="DET" frMUSAS="Z5">un</w><w frlemma="regard" frpos="NOUN" frMUSAS="Z99">regard</w><w frlemma="enchanter" frpos="VERB" frMUSAS="Z99">enchanté</w><w frlemma="le" frpos="DET" frMUSAS="Z5">la</w><w frlemma="masse" frpos="NOUN" frMUSAS="N5+">masse</w><w frlemma="léger" frpos="ADJ" frMUSAS="N3.5-">légère</w><w frlemma="et" frpos="CCONJ" frMUSAS="Z5">et</w><w frlemma="frémissant" frpos="ADJ" frMUSAS="Z99">frémissante</w><w frlemma="de" frpos="ADP" frMUSAS="Z5">des</w><w frlemma="bois" frpos="NOUN" frMUSAS="O1.1">bois</w><w frlemma="," frpos="PUNCT" frMUSAS="PUNCT">,</w><w frlemma="et" frpos="CCONJ" frMUSAS="Z5">et</w><w frlemma="le" frpos="DET" frMUSAS="Z5">les</w><w frlemma="fin" frpos="ADJ" frMUSAS="Z99">fines</w><w frlemma="colline" frpos="NOUN" frMUSAS="W3">collines</w><w frlemma="qui" frpos="PRON" frMUSAS="Z8">qui</w><w frlemma="borner" frpos="VERB" frMUSAS="Z99">bornent</w><w frlemma="le" frpos="DET" frMUSAS="Z5">la</w><w frlemma="plaine" frpos="NOUN" frMUSAS="Z99">plaine</w><w frlemma="onduler" frpos="VERB" frMUSAS="Z99">ondulée</w><w frlemma="de" frpos="ADP" frMUSAS="Z5">du</w><w frlemma="vignoble" frpos="NOUN" frMUSAS="Z99">vignoble</w><w frlemma="toulousain" frpos="ADJ" frMUSAS="Z99">toulousain</w><w frlemma="!" frpos="PUNCT" frMUSAS="PUNCT">!</w><pb n="139"/><w frlemma="ce" frpos="DET" frMUSAS="Z5">Ces</w><w frlemma="beauté" frpos="NOUN" frMUSAS="O4.2+">beautés</w><w frlemma="de" frpos="ADP" frMUSAS="Z5">de</w><w frlemma="le" frpos="DET" frMUSAS="Z5">la</w><w frlemma="nature" frpos="NOUN" frMUSAS="W5">nature</w><w frlemma="1l" frpos="NUM" frMUSAS="N1">1l</w><w frlemma="savoir" frpos="VERB" frMUSAS="X2.2+">savait</w><w frlemma="le" frpos="PRON" frMUSAS="Z8">les</w><w frlemma="fixer" frpos="NOUN" frMUSAS="Z99">fixer</w><w frlemma="sur" frpos="ADP" frMUSAS="Z5">sur</w><w frlemma="le" frpos="DET" frMUSAS="Z5">le</w><w frlemma="bloc" frpos="NOUN" frMUSAS="A10-">bloc</w><w frlemma="de" frpos="ADP" frMUSAS="Z5">de</w><w frlemma="le" frpos="DET" frMUSAS="Z5">l'</w><w frlemma="aquarelliste" frpos="NOUN" frMUSAS="Z99">aquarelliste</w><w frlemma="ou" frpos="CCONJ" frMUSAS="Z5">ou</w><w frlemma="même" frpos="ADV" frMUSAS="Z99">même</w><w frlemma="le" frpos="DET" frMUSAS="Z5">les</w><w frlemma="panneau" frpos="NOUN" frMUSAS="Z99">panneaux</w><w frlemma="de" frpos="ADP" frMUSAS="Z5">du</w><w frlemma="peintre" frpos="NOUN" frMUSAS="C1/S2mf">peintre</w><w frlemma=";" frpos="PUNCT" frMUSAS="PUNCT">;</w><w frlemma="mais" frpos="CCONJ" frMUSAS="Z5">mais</w><w frlemma="celui" frpos="PRON" frMUSAS="Z8">celles</w><w frlemma="que" frpos="PRON" frMUSAS="Z8">qu'</w><w frlemma="il" frpos="PRON" frMUSAS="Z8">il</w><w frlemma="préférer" frpos="VERB" frMUSAS="E2++">préférait</w><w frlemma="," frpos="PUNCT" frMUSAS="PUNCT">,</w><w frlemma="celui" frpos="PRON" frMUSAS="Z8">celles</w><w frlemma="que" frpos="PRON" frMUSAS="Z8">qu'</w><w frlemma="il" frpos="PRON" frMUSAS="Z8">il</w><w frlemma="avoir" frpos="VERB" frMUSAS="A9+">avait</w><w frlemma="le" frpos="DET" frMUSAS="Z5">le</w><w frlemma="plus" frpos="ADV" frMUSAS="Z5">plus</w><w frlemma="étudiée" frpos="NOUN" frMUSAS="Z99">étudiées</w><w frlemma="," frpos="PUNCT" frMUSAS="PUNCT">,</w><w frlemma="ce" frpos="PRON" frMUSAS="Z8">c'</w><w frlemma="être" frpos="AUX" frMUSAS="Z99">étaient</w><w frlemma="celler" frpos="VERB" frMUSAS="Z8">celles</w><w frlemma="de" frpos="ADP" frMUSAS="Z5">de</w><w frlemma="haute—égypte" frpos="NOUN" frMUSAS="Z99">Haute—Égypte</w><w frlemma="." frpos="PUNCT" frMUSAS="PUNCT">.</w><w frlemma="on" frpos="PRON" frMUSAS="Z8">On</w><w frlemma="le" frpos="PRON" frMUSAS="Z8">le</w><w frlemma="voir" frpos="VERB" frMUSAS="X3.4">voyait</w><w frlemma="tout" frpos="ADJ" frMUSAS="Z8">tous</w><w frlemma="le" frpos="DET" frMUSAS="Z5">les</w><w frlemma="an" frpos="NOUN" frMUSAS="T1.3">ans</w><w frlemma="," frpos="PUNCT" frMUSAS="PUNCT">,</w><w frlemma="accompagner" frpos="VERB" frMUSAS="S3.1">accompagné</w><w frlemma="de" frpos="ADP" frMUSAS="Z5">de</w><w frlemma="monsieur" frpos="NOUN" frMUSAS="Z99">Madame</w><w frlemma="Parcq" frpos="PROPN" frMUSAS="Z99">Parcq</w><w frlemma="," frpos="PUNCT" frMUSAS="PUNCT">,</w><w frlemma="à" frpos="ADP" frMUSAS="Z5">à</w><w frlemma="Louxor" frpos="PROPN" frMUSAS="Z99">Louxor</w><w frlemma="," frpos="PUNCT" frMUSAS="PUNCT">,</w><w frlemma="à" frpos="ADP" frMUSAS="Z5">à</w><w frlemma="Assouan" frpos="PROPN" frMUSAS="Z99">Assouan</w><w frlemma="," frpos="PUNCT" frMUSAS="PUNCT">,</w><w frlemma="en" frpos="ADP" frMUSAS="Z5">en</w><w frlemma="nubie" frpos="NOUN" frMUSAS="Z99">Nubie</w><w frlemma="même" frpos="ADV" frMUSAS="Z99">même</w><w frlemma="," frpos="PUNCT" frMUSAS="PUNCT">,</w><w frlemma="où" frpos="PRON" frMUSAS="Z8">où</w><w frlemma="il" frpos="PRON" frMUSAS="Z8">il</w><w frlemma="aimer" frpos="VERB" frMUSAS="Z99">aimait</w><w frlemma="camper" frpos="VERB" frMUSAS="Z99">camper</w><w frlemma="sur" frpos="ADP" frMUSAS="Z5">sur</w><w frlemma="le" frpos="DET" frMUSAS="Z5">la</w><w frlemma="rive" frpos="NOUN" frMUSAS="Z99">rive</w><w frlemma="de" frpos="ADP" frMUSAS="Z5">d'</w><w frlemma="Abou" frpos="PROPN" frMUSAS="Z99">Abou</w><w frlemma="-" frpos="PROPN" frMUSAS="Z99">-</w><w frlemma="Simbel" frpos="PROPN" frMUSAS="Z99">Simbel</w><w frlemma="," frpos="PUNCT" frMUSAS="PUNCT">,</w><w frlemma="devant" frpos="ADP" frMUSAS="Z5">devant</w><w frlemma="le" frpos="DET" frMUSAS="Z5">les</w><w frlemma="colosse" frpos="NOUN" frMUSAS="Z99">colosses</w><w frlemma="de" frpos="ADP" frMUSAS="Z5">de</w><w frlemma="Ramsès" frpos="PROPN" frMUSAS="Z99">Ramsès</w><w frlemma="et" frpos="CCONJ" frMUSAS="Z5">et</w><w frlemma="ce" frpos="DET" frMUSAS="Z5">cette</w><w frlemma="coulée" frpos="NOUN" frMUSAS="Z99">coulée</w><w frlemma="de" frpos="ADP" frMUSAS="Z5">de</w><w frlemma="sable" frpos="ADJ" frMUSAS="A1.1.1">sable</w><w frlemma="de" frpos="ADP" frMUSAS="Z5">d'</w><w frlemma="or" frpos="NOUN" frMUSAS="Z5">or</w><w frlemma="qui" frpos="PRON" frMUSAS="Z8">qui</w><w frlemma="séparer" frpos="VERB" frMUSAS="A6.1-">séparait</w><w frlemma="autrefois" frpos="PRON" frMUSAS="Z99">autrefois</w><w frlemma="le" frpos="DET" frMUSAS="Z5">le</w><w frlemma="temple" frpos="NOUN" frMUSAS="S9/H1">temple</w><w frlemma="rupestre" frpos="ADJ" frMUSAS="Z99">rupestre</w><w frlemma="de" frpos="ADP" frMUSAS="Z5">d'</w><w frlemma="Amon" frpos="PROPN" frMUSAS="Z99">Amon</w><w frlemma="et" frpos="CCONJ" frMUSAS="Z5">et</w><w frlemma="celui" frpos="PRON" frMUSAS="Z8">celui</w><w frlemma="de" frpos="ADP" frMUSAS="Z5">de</w><w frlemma="Mout" frpos="PROPN" frMUSAS="Z99">Mout</w><w frlemma="." frpos="PUNCT" frMUSAS="PUNCT">.</w><w frlemma="à" frpos="ADP" frMUSAS="Z5">À</w><w frlemma="Louxor" frpos="PROPN" frMUSAS="Z99">Louxor</w><w frlemma="," frpos="PUNCT" frMUSAS="PUNCT">,</w><w frlemma="ce" frpos="PRON" frMUSAS="Z8">c'</w><w frlemma="être" frpos="AUX" frMUSAS="Z99">était</w><w frlemma="le" frpos="DET" frMUSAS="Z5">la</w><w frlemma="rive" frpos="NOUN" frMUSAS="Z99">rive</w><w frlemma="gauche" frpos="ADJ" frMUSAS="M1">gauche</w><w frlemma="qui" frpos="PRON" frMUSAS="Z8">qui</w><w frlemma="le" frpos="PRON" frMUSAS="Z8">l'</w><w frlemma="attirer" frpos="VERB" frMUSAS="O4.2+">attirait</w><w frlemma=":" frpos="PUNCT" frMUSAS="PUNCT">:</w><w frlemma="Deir" frpos="PROPN" frMUSAS="Z99">Deir</w><w frlemma="el" frpos="PROPN" frMUSAS="Z99">el</w><w frlemma="-" frpos="PROPN" frMUSAS="Z99">-</w><w frlemma="Bahari" frpos="PROPN" frMUSAS="Z99">Bahari</w><w frlemma="," frpos="PUNCT" frMUSAS="PUNCT">,</w><w frlemma="le" frpos="DET" frMUSAS="Z5">le</w><w frlemma="Ramesseum" frpos="PROPN" frMUSAS="Z99">Ramesseum</w><w frlemma="être" frpos="AUX" frMUSAS="Z99">étaient</w><w frlemma="son" frpos="DET" frMUSAS="Z5">ses</w><w frlemma="séjour" frpos="NOUN" frMUSAS="M8">séjours</w><w frlemma="de" frpos="ADP" frMUSAS="Z5">de</w><w frlemma="prédilection" frpos="NOUN" frMUSAS="Z99">prédilection</w><w frlemma="." frpos="PUNCT" frMUSAS="PUNCT">.</w><w frlemma="il" frpos="PRON" frMUSAS="Z8">Il</w><w frlemma="exceller" frpos="VERB" frMUSAS="Z99">excellait</w><w frlemma="à" frpos="ADP" frMUSAS="Z5">à</w><w frlemma="faire" frpos="VERB" frMUSAS="Z99">faire</w><w frlemma="paraître" frpos="VERB" frMUSAS="A8">paraître</w><w frlemma="entrer" frpos="ADP" frMUSAS="M6">entre</w><w frlemma="le" frpos="DET" frMUSAS="Z5">les</w><w frlemma="colonne" frpos="NOUN" frMUSAS="O2">colonnes</w><w frlemma="de" frpos="ADP" frMUSAS="Z5">d'</w><w frlemma="un" frpos="DET" frMUSAS="Z5">un</w><w frlemma="portique" frpos="NOUN" frMUSAS="Z99">portique</w><w frlemma="," frpos="PUNCT" frMUSAS="PUNCT">,</w><w frlemma="glorifier" frpos="VERB" frMUSAS="Z99">glorifié</w><w frlemma="par" frpos="ADP" frMUSAS="M6">par</w><w frlemma="le" frpos="DET" frMUSAS="Z5">l'</w><w frlemma="incomparable" frpos="ADJ" frMUSAS="Z99">incomparable</w><w frlemma="lumière" frpos="NOUN" frMUSAS="N3.5-">lumière</w><w frlemma="de" frpos="ADP" frMUSAS="Z5">de</w><w frlemma="tout" frpos="ADJ" frMUSAS="Z8">toutes</w><w frlemma="le" frpos="DET" frMUSAS="Z5">les</w><w frlemma="heure" frpos="NOUN" frMUSAS="T1.3">heures</w><w frlemma="de" frpos="ADP" frMUSAS="Z5">du</w><w frlemma="jour" frpos="NOUN" frMUSAS="T1.3">jour</w><w frlemma="," frpos="PUNCT" frMUSAS="PUNCT">,</w><w frlemma="un" frpos="DET" frMUSAS="Z5">un</w><w frlemma="large" frpos="NOUN" frMUSAS="Z99">large</w><w frlemma="espac" frpos="ADJ" frMUSAS="N3.6">espace</w><w frlemma="de" frpos="ADP" frMUSAS="Z5">de</w><w frlemma="le" frpos="DET" frMUSAS="Z5">la</w><w frlemma="vallée" frpos="NOUN" frMUSAS="W3">vallée</w><w frlemma="." frpos="PUNCT" frMUSAS="PUNCT">.</w><w frlemma="II" frpos="NUM" frMUSAS="N1">II</w><w frlemma="noter" frpos="VERB" frMUSAS="Z99">notait</w><w frlemma="le" frpos="DET" frMUSAS="Z5">les</w><w frlemma="délicat" frpos="ADJ" frMUSAS="Z99">délicates</w><w frlemma="nuance" frpos="NOUN" frMUSAS="Z99">nuances</w><w frlemma="de" frpos="ADP" frMUSAS="Z5">de</w><w frlemma="le" frpos="DET" frMUSAS="Z5">la</w><w frlemma="montagn" frpos="ADJ" frMUSAS="W3">montagne</w><w frlemma="thébaine" frpos="NOUN" frMUSAS="Z99">thébaine</w><w frlemma="," frpos="PUNCT" frMUSAS="PUNCT">,</w><w frlemma="leur" frpos="DET" frMUSAS="Z5">leurs</w><w frlemma="somptueuse" frpos="NOUN" frMUSAS="Z99">somptueuses</w><w frlemma="et" frpos="CCONJ" frMUSAS="Z5">et</w><w frlemma="discret" frpos="ADJ" frMUSAS="Z99">discrètes</w><w frlemma="richesse" frpos="NOUN" frMUSAS="Z99">richesses</w><w frlemma="." frpos="PUNCT" frMUSAS="PUNCT">.</w><w frlemma="à" frpos="ADP" frMUSAS="Z5">À</w><w frlemma="Deir" frpos="PROPN" frMUSAS="Z99">Deir</w><w frlemma="el" frpos="PROPN" frMUSAS="Z99">el</w><w frlemma="-" frpos="PROPN" frMUSAS="Z99">-</w><w frlemma="Médineh" frpos="PROPN" frMUSAS="Z99">Médineh</w><w frlemma="," frpos="PUNCT" frMUSAS="PUNCT">,</w><w frlemma="il" frpos="PRON" frMUSAS="Z8">il</w><w frlemma="avoir" frpos="VERB" frMUSAS="A9+">avait</w><w frlemma="sur" frpos="ADP" frMUSAS="Z5">sur</w><w frlemma="le" frpos="DET" frMUSAS="Z5">les</w><w frlemma="ton" frpos="NOUN" frMUSAS="Z5">tons</w><w frlemma="ivoirin" frpos="ADJ" frMUSAS="Z99">ivoirins</w><w frlemma="de" frpos="ADP" frMUSAS="Z5">de</w><w frlemma="le" frpos="DET" frMUSAS="Z5">la</w><w frlemma="falaise" frpos="NOUN" frMUSAS="Z99">falaise</w><w frlemma="de" frpos="ADP" frMUSAS="Z5">de</w><w frlemma="gournah" frpos="NOUN" frMUSAS="Z99">Gournah</w><w frlemma="de" frpos="ADP" frMUSAS="Z5">des</w><w frlemma="mot" frpos="NOUN" frMUSAS="Q3">mots</w><w frlemma="sobre" frpos="ADJ" frMUSAS="Z99">sobres</w><w frlemma="qui" frpos="PRON" frMUSAS="Z8">qui</w><w frlemma="nous" frpos="PRON" frMUSAS="Z8">nous</w><w frlemma="enchanter" frpos="VERB" frMUSAS="Z99">enchantaient</w><w frlemma="," frpos="PUNCT" frMUSAS="PUNCT">,</w><w frlemma="mais" frpos="CCONJ" frMUSAS="Z5">mais</w><w frlemma="il" frpos="PRON" frMUSAS="Z8">il</w><w frlemma="éviter" frpos="VERB" frMUSAS="A1.9">évitait</w><w frlemma="le" frpos="DET" frMUSAS="Z5">les</w><w frlemma="dissertation" frpos="NOUN" frMUSAS="Z99">dissertations</w><w frlemma="prétentieux" frpos="ADJ" frMUSAS="Z99">prétentieuses</w><w frlemma="," frpos="PUNCT" frMUSAS="PUNCT">,</w><w frlemma="qui" frpos="PRON" frMUSAS="Z8">qui</w><w frlemma="empoisonner" frpos="ADV" frMUSAS="Z99">empoisonnent</w><w frlemma="le" frpos="DET" frMUSAS="Z5">les</w><w frlemma="faux" frpos="ADJ" frMUSAS="Z99">faux</w><w frlemma="artiste" frpos="NOUN" frMUSAS="C1/S2mf">artistes</w><w frlemma="," frpos="PUNCT" frMUSAS="PUNCT">,</w><w frlemma="ce" frpos="DET" frMUSAS="Z5">ces</w><w frlemma="doctrine" frpos="NOUN" frMUSAS="S9">doctrines</w><w frlemma="fumeuse" frpos="NOUN" frMUSAS="Z99">fumeuses</w><w frlemma="sur" frpos="ADP" frMUSAS="Z5">sur</w><w frlemma="le" frpos="DET" frMUSAS="Z5">l'</w><w frlemma="Art" frpos="PROPN" frMUSAS="C1">Art</w><w frlemma="," frpos="PUNCT" frMUSAS="PUNCT">,</w><w frlemma="que" frpos="PRON" frMUSAS="Z8">qu'</w><w frlemma="il" frpos="PRON" frMUSAS="Z8">il</w><w frlemma="se" frpos="PRON" frMUSAS="Z8">se</w><w frlemma="refuser" frpos="VERB" frMUSAS="Q2.2/Z6">refusait</w><w frlemma="à" frpos="ADP" frMUSAS="Z5">à</w><w frlemma="chercher" frpos="VERB" frMUSAS="Z99">chercher</w><w frlemma="ailleurs" frpos="ADV" frMUSAS="Z99">ailleurs</w><w frlemma="que" frpos="SCONJ" frMUSAS="Z5">que</w><w frlemma="dans" frpos="ADP" frMUSAS="Z5">dans</w><w frlemma="son" frpos="DET" frMUSAS="Z5">ses</w><w frlemma="source" frpos="NOUN" frMUSAS="Z99">sources</w><w frlemma="naturel" frpos="ADJ" frMUSAS="A6.2+">naturelles</w><w frlemma="." frpos="PUNCT" frMUSAS="PUNCT">.</w></p><p><w frlemma="et" frpos="CCONJ" frMUSAS="Z5">Et</w><w frlemma="cependant" frpos="ADV" frMUSAS="A13.1">cependant</w><w frlemma="se" frpos="SCONJ" frMUSAS="Z8">s'</w><w frlemma="il" frpos="PRON" frMUSAS="Z8">il</w><w frlemma="être" frpos="AUX" frMUSAS="Z99">était</w><w frlemma="ainsi" frpos="ADV" frMUSAS="Z5/A2.2">ainsi</w><w frlemma="ardemment" frpos="ADV" frMUSAS="Z99">ardemment</w><w frlemma="attacher" frpos="VERB" frMUSAS="A1.7+">attaché</w><w frlemma="au" frpos="ADP" frMUSAS="Z5">au</w><w frlemma="pays" frpos="NOUN" frMUSAS="G1.1c">pays</w><w frlemma="égyptien" frpos="ADJ" frMUSAS="Z2/S2mf">égyptien</w><w frlemma="," frpos="PUNCT" frMUSAS="PUNCT">,</w><w frlemma="se" frpos="SCONJ" frMUSAS="Z8">s'</w><w frlemma="il" frpos="PRON" frMUSAS="Z8">il</w><w frlemma="aimer" frpos="VERB" frMUSAS="Z99">aimait</w><w frlemma="," frpos="PUNCT" frMUSAS="PUNCT">,</w><w frlemma="dans" frpos="ADP" frMUSAS="Z5">dans</w><w frlemma="le" frpos="DET" frMUSAS="Z5">la</w><w frlemma="transparence" frpos="NOUN" frMUSAS="Q1.2">transparence</w><w frlemma="fluide" frpos="ADJ" frMUSAS="Z99">fluide</w><w frlemma="de" frpos="ADP" frMUSAS="Z5">de</w><w frlemma="le" frpos="DET" frMUSAS="Z5">l'</w><w frlemma="air" frpos="NOUN" frMUSAS="Z99">air</w><w frlemma="," frpos="PUNCT" frMUSAS="PUNCT">,</w><w frlemma="voir" frpos="VERB" frMUSAS="X3.4">voir</w><w frlemma="se" frpos="PRON" frMUSAS="Z8">s'</w><w frlemma="élever" frpos="VERB" frMUSAS="Z99">élever</w><w frlemma="le" frpos="DET" frMUSAS="Z5">la</w><w frlemma="masse" frpos="NOUN" frMUSAS="N5+">masse</w><w frlemma="imposant" frpos="ADJ" frMUSAS="Z99">imposante</w><w frlemma="de" frpos="ADP" frMUSAS="Z5">des</w><w frlemma="édifice" frpos="NOUN" frMUSAS="H1">édifices</w><w frlemma="," frpos="PUNCT" frMUSAS="PUNCT">,</w><w frlemma="ce" frpos="PRON" frMUSAS="Z8">ce</w><w frlemma="ne" frpos="ADV" frMUSAS="Z6">n'</w><w frlemma="être" frpos="AUX" frMUSAS="Z99">était</w><w frlemma="ni" frpos="CCONJ" frMUSAS="Z6">ni</w><w frlemma="le" frpos="DET" frMUSAS="Z5">la</w><w frlemma="seul" frpos="ADJ" frMUSAS="Z99">seule</w><w frlemma="ni" frpos="CCONJ" frMUSAS="Z6">ni</w><w frlemma="le" frpos="DET" frMUSAS="Z5">la</w><w frlemma="vraie" frpos="NOUN" frMUSAS="Z99">vraie</w><w frlemma="patri" frpos="ADJ" frMUSAS="Z99">patrie</w><w frlemma="de" frpos="ADP" frMUSAS="Z5">de</w><w frlemma="son" frpos="DET" frMUSAS="Z5">son</w><w frlemma="talent" frpos="NOUN" frMUSAS="X9.1+">talent</w><w frlemma="de" frpos="ADP" frMUSAS="Z5">d'</w><w frlemma="architecte" frpos="NOUN" frMUSAS="H1/I3.2/S2mf">architecte</w><w frlemma="." frpos="PUNCT" frMUSAS="PUNCT">.</w><w frlemma="pour" frpos="ADP" frMUSAS="Z5">Pour</w><w frlemma="avoir" frpos="AUX" frMUSAS="A9+">avoir</w><w frlemma="voyager" frpos="VERB" frMUSAS="M1">voyagé</w><w frlemma="avec" frpos="ADP" frMUSAS="Z5">avec</w><w frlemma="luire" frpos="PRON" frMUSAS="Z8">lui</w><w frlemma="en" frpos="ADP" frMUSAS="Z5">en</w><w frlemma="Grèce" frpos="PROPN" frMUSAS="Z99">Grèce</w><w frlemma="," frpos="PUNCT" frMUSAS="PUNCT">,</w><w frlemma="il" frpos="PRON" frMUSAS="Z8">il</w><w frlemma="me" frpos="PRON" frMUSAS="Z8">me</w><w frlemma="sembler" frpos="VERB" frMUSAS="A8">semble</w><w frlemma="que" frpos="SCONJ" frMUSAS="Z5">que</w><w frlemma="le" frpos="DET" frMUSAS="Z5">les</w><w frlemma="ruine" frpos="NOUN" frMUSAS="Z99">ruines</w><w frlemma="hellénique" frpos="ADJ" frMUSAS="Z99">helléniques</w><w frlemma="," frpos="PUNCT" frMUSAS="PUNCT">,</w><w frlemma="sur" frpos="ADP" frMUSAS="Z5">sur</w><w frlemma="son" frpos="DET" frMUSAS="Z5">leur</w><w frlemma="âpre" frpos="NOUN" frMUSAS="Z99">âpre</w><w frlemma="rocher" frpos="PROPN" frMUSAS="Z99">rocher</w><w frlemma="," frpos="PUNCT" frMUSAS="PUNCT">,</w><w frlemma="luire" frpos="PRON" frMUSAS="Z8">lui</w><w frlemma="parler" frpos="ADV" frMUSAS="Q2.1">parlaient</w><w frlemma="peut-être" frpos="ADV" frMUSAS="Z99">peut-être</w><w frlemma="un" frpos="DET" frMUSAS="Z5">un</w><w frlemma="langage" frpos="NOUN" frMUSAS="Q3">langage</w><w frlemma="plus" frpos="ADV" frMUSAS="Z5">plus</w><w frlemma="intime" frpos="ADJ" frMUSAS="Z99">intime</w><w frlemma="." frpos="PUNCT" frMUSAS="PUNCT">.</w><w frlemma="de" frpos="ADP" frMUSAS="Z5">De</w><w frlemma="ce" frpos="DET" frMUSAS="Z5">ce</w><w frlemma="langage" frpos="NOUN" frMUSAS="Q3">langage</w><w frlemma="," frpos="PUNCT" frMUSAS="PUNCT">,</w><w frlemma="parcq" frpos="NOUN" frMUSAS="Z99">Parcq</w><w frlemma="," frpos="PUNCT" frMUSAS="PUNCT">,</w><w frlemma="habituer" frpos="VERB" frMUSAS="Z99">habitué</w><w frlemma="à" frpos="ADP" frMUSAS="Z5">à</w><w frlemma="saisir" frpos="VERB" frMUSAS="Z99">saisir</w><w frlemma="le" frpos="DET" frMUSAS="Z5">les</w><w frlemma="plus" frpos="ADV" frMUSAS="Z5">plus</w><w frlemma="subtile" frpos="NOUN" frMUSAS="Z99">subtiles</w><w frlemma="nuance" frpos="ADJ" frMUSAS="Z99">nuances</w><w frlemma="dans" frpos="ADP" frMUSAS="Z5">dans</w><w frlemma="le" frpos="DET" frMUSAS="Z5">le</w><w frlemma="galbe" frpos="VERB" frMUSAS="Z99">galbe</w><w frlemma="de" frpos="ADP" frMUSAS="Z5">d'</w><w frlemma="un" frpos="DET" frMUSAS="Z5">une</w><w frlemma="colonne" frpos="NOUN" frMUSAS="O2">colonne</w><w frlemma="ou" frpos="CCONJ" frMUSAS="Z5">ou</w><w frlemma="le" frpos="DET" frMUSAS="Z5">l'</w><w frlemma="inflexion" frpos="NOUN" frMUSAS="Z99">inflexion</w><w frlemma="de" frpos="ADP" frMUSAS="Z5">d'</w><w frlemma="un" frpos="DET" frMUSAS="Z5">une</w><w frlemma="moulure" frpos="NOUN" frMUSAS="Z99">moulure</w><w frlemma="," frpos="PUNCT" frMUSAS="PUNCT">,</w><w frlemma="pénétrer" frpos="VERB" frMUSAS="M1">pénétrait</w><w frlemma="profondément" frpos="ADV" frMUSAS="Z99">profondément</w><w frlemma="le" frpos="DET" frMUSAS="Z5">le</w><w frlemma="sens" frpos="NOUN" frMUSAS="Z99">sens</w><w frlemma="." frpos="PUNCT" frMUSAS="PUNCT">.</w><w frlemma="il" frpos="PRON" frMUSAS="Z8">Il</w><w frlemma="falloir" frpos="VERB" frMUSAS="Z99">fallait</w><w frlemma="le" frpos="PRON" frMUSAS="Z8">le</w><w frlemma="voir" frpos="VERB" frMUSAS="X3.4">voir</w><w frlemma="devant" frpos="ADP" frMUSAS="Z5">devant</w><w frlemma="un" frpos="DET" frMUSAS="Z5">une</w><w frlemma="colonne" frpos="NOUN" frMUSAS="O2">colonne</w><w frlemma="de" frpos="ADP" frMUSAS="Z5">du</w><w frlemma="parthénon" frpos="NOUN" frMUSAS="Z99">Parthénon</w><w frlemma="ou" frpos="CCONJ" frMUSAS="Z5">ou</w><w frlemma="de" frpos="ADP" frMUSAS="Z5">du</w><w frlemma="sounion" frpos="NOUN" frMUSAS="Z99">Sounion</w><w frlemma="," frpos="PUNCT" frMUSAS="PUNCT">,</w><w frlemma="ou" frpos="CCONJ" frMUSAS="Z5">ou</w><w frlemma="même" frpos="ADV" frMUSAS="Z99">même</w><w frlemma="à" frpos="ADP" frMUSAS="Z5">à</w><w frlemma="Délos" frpos="PROPN" frMUSAS="Z99">Délos</w><w frlemma="," frpos="PUNCT" frMUSAS="PUNCT">,</w><w frlemma="en" frpos="ADP" frMUSAS="Z5">en</w><w frlemma="face" frpos="NOUN" frMUSAS="Z99">face</w><w frlemma="de" frpos="ADP" frMUSAS="Z5">d'</w><w frlemma="un" frpos="DET" frMUSAS="Z5">un</w><w frlemma="bien" frpos="ADV" frMUSAS="A10+">bien</w><w frlemma="moindre" frpos="ADJ" frMUSAS="Z99">moindre</w><w frlemma="chef" frpos="NOUN" frMUSAS="Z99">chef</w><w frlemma="-" frpos="PROPN" frMUSAS="Z99">-</w><w frlemma="de" frpos="ADP" frMUSAS="Z5">d'</w><w frlemma="œuvre" frpos="NOUN" frMUSAS="Z99">œuvre</w><w frlemma="," frpos="PUNCT" frMUSAS="PUNCT">,</w><w frlemma="le" frpos="DET" frMUSAS="Z5">le</w><w frlemma="fût" frpos="NOUN" frMUSAS="Z99">fût</w><w frlemma="de" frpos="ADP" frMUSAS="Z5">d'</w><w frlemma="un" frpos="DET" frMUSAS="Z5">un</w><w frlemma="portique" frpos="NOUN" frMUSAS="Z99">portique</w><w frlemma="dévaster" frpos="VERB" frMUSAS="Z99">dévasté</w><w frlemma="dans" frpos="ADP" frMUSAS="Z5">dans</w><w frlemma="un" frpos="DET" frMUSAS="Z5">une</w><w frlemma="maison" frpos="NOUN" frMUSAS="H1">maison</w><w frlemma="antique" frpos="ADJ" frMUSAS="Z99">antique</w><w frlemma="," frpos="PUNCT" frMUSAS="PUNCT">,</w><w frlemma="sou" frpos="ADP" frMUSAS="A13.6">sous</w><w frlemma="le" frpos="DET" frMUSAS="Z5">le</w><w frlemma="ciel" frpos="NOUN" frMUSAS="W1">ciel</w><w frlemma="apollinien" frpos="ADJ" frMUSAS="Z99">apollinien</w><w frlemma="de" frpos="ADP" frMUSAS="Z5">de</w><w frlemma="le" frpos="DET" frMUSAS="Z5">l'</w><w frlemma="île" frpos="NOUN" frMUSAS="W3">île</w><w frlemma="mort" frpos="ADV" frMUSAS="Z99">morte</w><w frlemma="," frpos="PUNCT" frMUSAS="PUNCT">,</w><w frlemma="à" frpos="ADP" frMUSAS="Z5">à</w><w frlemma="quelque" frpos="DET" frMUSAS="A13.5">quelques</w><w frlemma="stade" frpos="NOUN" frMUSAS="Z99">stades</w><w frlemma="de" frpos="ADP" frMUSAS="Z5">de</w><w frlemma="le" frpos="DET" frMUSAS="Z5">l'</w><w frlemma="azur" frpos="NOUN" frMUSAS="Z99">azur</w><w frlemma="marin" frpos="ADJ" frMUSAS="Z99">marin</w><w frlemma="," frpos="PUNCT" frMUSAS="PUNCT">,</w><w frlemma="de" frpos="ADP" frMUSAS="Z5">de</w><w frlemma="le" frpos="DET" frMUSAS="Z5">l'</w><w frlemma="écume" frpos="NOUN" frMUSAS="Z99">écume</w><w frlemma="de" frpos="ADP" frMUSAS="Z5">d'</w><w frlemma="argent" frpos="NOUN" frMUSAS="Z99">argent</w><w frlemma="et" frpos="CCONJ" frMUSAS="Z5">et</w><w frlemma="de" frpos="ADP" frMUSAS="Z5">de</w><w frlemma="le" frpos="DET" frMUSAS="Z5">la</w><w frlemma="vague" frpos="NOUN" frMUSAS="Z99">vague</w><w frlemma="murmurant" frpos="ADJ" frMUSAS="Z99">murmurante</w><w frlemma="!" frpos="PUNCT" frMUSAS="PUNCT">!</w><w frlemma="..." frpos="PUNCT" frMUSAS="PUNCT">...</w><w frlemma="nous" frpos="PRON" frMUSAS="Z8">Nous</w><w frlemma="ne" frpos="ADV" frMUSAS="Z6">n'</w><w frlemma="avoir" frpos="VERB" frMUSAS="A9+">aurons</w><w frlemma="plus" frpos="ADV" frMUSAS="Z5">plus</w><w frlemma="ce" frpos="DET" frMUSAS="Z5">ces</w><w frlemma="douce" frpos="NOUN" frMUSAS="Z99">douces</w><w frlemma="joie" frpos="ADJ" frMUSAS="E4.1+">joies</w><w frlemma="de" frpos="ADP" frMUSAS="Z5">de</w><w frlemma="le" frpos="DET" frMUSAS="Z5">l'</w><w frlemma="amitié" frpos="NOUN" frMUSAS="S3.1">amitié</w><w frlemma="." frpos="PUNCT" frMUSAS="PUNCT">.</w><w frlemma="le" frpos="DET" frMUSAS="Z5">La</w><w frlemma="mort" frpos="NOUN" frMUSAS="Z99">mort</w><w frlemma="avoir" frpos="AUX" frMUSAS="A9+">a</w><w frlemma="pour" frpos="ADP" frMUSAS="Z5">pour</w><w frlemma="jamais" frpos="ADV" frMUSAS="T1/Z6">jamais</w><w frlemma="fermer" frpos="VERB" frMUSAS="Z99">fermé</w><w frlemma="ce" frpos="DET" frMUSAS="Z5">ces</w><w frlemma="oeil" frpos="NOUN" frMUSAS="Z99">yeux</w><w frlemma="qui" frpos="PRON" frMUSAS="Z8">qui</w><w frlemma="savoir" frpos="VERB" frMUSAS="X2.2+">savaient</w><w frlemma="si" frpos="SCONJ" frMUSAS="Z5">si</w><w frlemma="bien" frpos="ADV" frMUSAS="A10+">bien</w><w frlemma="se" frpos="PRON" frMUSAS="Z8">s'</w><w frlemma="enivrer" frpos="VERB" frMUSAS="Z99">enivrer</w><w frlemma="«" frpos="PUNCT" frMUSAS="PUNCT">«</w><w frlemma="à" frpos="ADP" frMUSAS="Z5">aux</w><w frlemma="fête" frpos="NOUN" frMUSAS="Z99">fêtes</w><w frlemma="toujours" frpos="ADV" frMUSAS="N6+++">toujours</w><w frlemma="neuf" frpos="ADJ" frMUSAS="Z5">neuves</w><w frlemma="de" frpos="ADP" frMUSAS="Z5">du</w><w frlemma="regard" frpos="NOUN" frMUSAS="Z99">regard</w><w frlemma="»" frpos="PUNCT" frMUSAS="PUNCT">»</w><w frlemma="." frpos="PUNCT" frMUSAS="PUNCT">.</w></p><p><w frlemma="Pierre" frpos="PROPN" frMUSAS="F1">Pierre</w><w frlemma="Jouguet" frpos="PROPN" frMUSAS="Z99">Jouguet</w><w frlemma="." frpos="PUNCT" frMUSAS="PUNCT">.</w><note place="bottom"></note></p></text></TEI>