<?xml version='1.0' encoding='UTF-8'?>
<TEI xmlns="http://www.tei-c.org/ns/1.0"><teiHeader><fileDesc><titleStmt><title>[Nécrologie.] Claude Prost.</title></titleStmt><publicationStmt>Corpus produit par l'étudiant MA1 Ph. Hennebert (philippe.hennebert@student.uliege.be) du cours de l'Université de Liège Corpus INFO0943: 'Corpus textuels: principes de constitution et d'analyse'</publicationStmt><sourceDesc><p>https://www.ifao.egnet.net/bifao/36/7/ (BIFAO en ligne) processed using python scripts in https://github.com/PhilHen/BIFAOCorpusTools (typographical zones detected using OpenCV, OCR with Tesseract)</p></sourceDesc></fileDesc><encodingDesc><classDecl><taxonomy id="frpos"><bibl><title>pos tagset build from https://spacy.io/</title></bibl></taxonomy><taxonomy id="frlemma"><bibl><title>fr lemma of the model https://spacy.io/</title></bibl></taxonomy><taxonomy id="frMUSAS"><bibl><title>semantic tagging https://ucrel.github.io/pymusas/usage/how_to/tag_text#french</title></bibl></taxonomy></classDecl><editorialDecl><correction>Les erreurs d'orthographe confirmées par examen du PDF source n'ont pas été corrigées. Une vérification et correction manuelle du texte a été réalisée par Ph. Hennebert (philippe.hennebert@student.uliege.be) le 29/12/2023</correction><hyphenation>Les mots coupés en fin de ligne ont été réassemblés automatiquement, pour autant que la forme combinée sans trait d'union soit attestée dans le dictionnaire français https://unitexgramlab.org/fr/language-resources</hyphenation></editorialDecl></encodingDesc></teiHeader><text id="BIFAO036_art_07.pdf" auteur="Pierre Jouguet" annee="1936" titre="[Nécrologie.] Claude Prost." textId="36A07" nomDefunt="Prost" metierDefunt="archéologue" categ="Nécrologie"><p><pb n="125"/><w frlemma="CLAUDE" frpos="PROPN" frMUSAS="Z99">CLAUDE</w><w frlemma="prost" frpos="NOUN" frMUSAS="Z99">PROST</w></p><p><w frlemma="Claude" frpos="PROPN" frMUSAS="Z99">Claude</w><w frlemma="Prost" frpos="PROPN" frMUSAS="Z99">Prost</w><w frlemma="avoir" frpos="AUX" frMUSAS="A9+">a</w><w frlemma="appartenir" frpos="VERB" frMUSAS="A9+">appartenu</w><w frlemma="à" frpos="ADP" frMUSAS="Z5">à</w><w frlemma="le" frpos="DET" frMUSAS="Z5">l'</w><w frlemma="Institut" frpos="PROPN" frMUSAS="P1/S5+c">Institut</w><w frlemma="français" frpos="ADJ" frMUSAS="Z2">français</w><w frlemma="de" frpos="ADP" frMUSAS="Z5">d'</w><w frlemma="abord" frpos="ADV" frMUSAS="Z99">abord</w><w frlemma="comme" frpos="ADP" frMUSAS="Z5">comme</w><w frlemma="attaché" frpos="NOUN" frMUSAS="Z99">attaché</w><w frlemma="libre" frpos="ADJ" frMUSAS="S6-">libre</w><w frlemma="de" frpos="ADP" frMUSAS="Z5">de</w><w frlemma="1913" frpos="NUM" frMUSAS="N1">1913</w><w frlemma="à" frpos="ADP" frMUSAS="Z5">à</w><w frlemma="1916" frpos="NUM" frMUSAS="N1">1916</w><w frlemma="," frpos="PUNCT" frMUSAS="PUNCT">,</w><w frlemma="pouvoir" frpos="CCONJ" frMUSAS="Z99">puis</w><w frlemma="comme" frpos="ADP" frMUSAS="Z5">comme</w><w frlemma="pensionnaire" frpos="NOUN" frMUSAS="Z99">pensionnaire</w><w frlemma="de" frpos="ADP" frMUSAS="Z5">de</w><w frlemma="1916" frpos="NUM" frMUSAS="N1">1916</w><w frlemma="à" frpos="ADP" frMUSAS="Z5">à</w><w frlemma="1920" frpos="NUM" frMUSAS="N1">1920</w><w frlemma=";" frpos="PUNCT" frMUSAS="PUNCT">;</w><w frlemma="mais" frpos="CCONJ" frMUSAS="Z5">mais</w><w frlemma="il" frpos="PRON" frMUSAS="Z8">il</w><w frlemma="avoir" frpos="AUX" frMUSAS="A9+">a</w><w frlemma="passer" frpos="VERB" frMUSAS="M1">passé</w><w frlemma="à" frpos="ADP" frMUSAS="Z5">à</w><w frlemma="le" frpos="DET" frMUSAS="Z5">l'</w><w frlemma="armée" frpos="NOUN" frMUSAS="G3c">armée</w><w frlemma="presque" frpos="ADV" frMUSAS="A13.4">presque</w><w frlemma="tout" frpos="ADJ" frMUSAS="Z8">tout</w><w frlemma="le" frpos="DET" frMUSAS="Z5">le</w><w frlemma="temps" frpos="NOUN" frMUSAS="T1">temps</w><w frlemma="de" frpos="ADP" frMUSAS="Z5">de</w><w frlemma="son" frpos="DET" frMUSAS="Z5">sa</w><w frlemma="pension" frpos="NOUN" frMUSAS="Z99">pension</w><w frlemma="." frpos="PUNCT" frMUSAS="PUNCT">.</w><w frlemma="ce" frpos="PRON" frMUSAS="Z8">C'</w><w frlemma="être" frpos="AUX" frMUSAS="M6">est</w><w frlemma="au" frpos="ADP" frMUSAS="Z5">au</w><w frlemma="hedjaz" frpos="NOUN" frMUSAS="Z99">Hedjaz</w><w frlemma="que" frpos="PRON" frMUSAS="Z8">qu'</w><w frlemma="il" frpos="PRON" frMUSAS="Z8">il</w><w frlemma="faire" frpos="VERB" frMUSAS="Z99">fit</w><w frlemma="le" frpos="DET" frMUSAS="Z5">la</w><w frlemma="guerre" frpos="NOUN" frMUSAS="G3">guerre</w><w frlemma="," frpos="PUNCT" frMUSAS="PUNCT">,</w><w frlemma="et" frpos="CCONJ" frMUSAS="Z5">et</w><w frlemma="il" frpos="PRON" frMUSAS="Z8">il</w><w frlemma="le" frpos="DET" frMUSAS="Z5">la</w><w frlemma="termina" frpos="NOUN" frMUSAS="Z99">termina</w><w frlemma="comme" frpos="ADP" frMUSAS="Z5">comme</w><w frlemma="sous-lieutener" frpos="VERB" frMUSAS="Z99">sous-lieutenant</w><w frlemma="de" frpos="ADP" frMUSAS="Z5">d'</w><w frlemma="artillerie" frpos="NOUN" frMUSAS="Z99">artillerie</w><w frlemma="," frpos="PUNCT" frMUSAS="PUNCT">,</w><w frlemma="sou" frpos="ADP" frMUSAS="A13.6">sous</w><w frlemma="le" frpos="DET" frMUSAS="Z5">les</w><w frlemma="ordre" frpos="NOUN" frMUSAS="S7.1+/Q2.2">ordres</w><w frlemma="de" frpos="ADP" frMUSAS="Z5">du</w><w frlemma="capitaine" frpos="NOUN" frMUSAS="G3/S7.1+/S2mf">capitaine</w><w frlemma="Raho" frpos="PROPN" frMUSAS="Z99">Raho</w><w frlemma="," frpos="PUNCT" frMUSAS="PUNCT">,</w><w frlemma="dans" frpos="ADP" frMUSAS="Z5">dans</w><w frlemma="le" frpos="DET" frMUSAS="Z5">la</w><w frlemma="colonne" frpos="NOUN" frMUSAS="O2">colonne</w><w frlemma="de" frpos="ADP" frMUSAS="Z5">de</w><w frlemma="le" frpos="DET" frMUSAS="Z5">l'</w><w frlemma="émir" frpos="NOUN" frMUSAS="Z99">émir</w><w frlemma="Abdullah" frpos="PROPN" frMUSAS="Z99">Abdullah</w><w frlemma="." frpos="PUNCT" frMUSAS="PUNCT">.</w><w frlemma="si" frpos="SCONJ" frMUSAS="Z5">Si</w><w frlemma="le" frpos="PRON" frMUSAS="Z8">l'</w><w frlemma="on" frpos="PRON" frMUSAS="Z8">on</w><w frlemma="en" frpos="PRON" frMUSAS="Z8">en</w><w frlemma="croit" frpos="NOUN" frMUSAS="Z99">croit</w><w frlemma="le" frpos="DET" frMUSAS="Z5">les</w><w frlemma="Sept" frpos="PROPN" frMUSAS="N1">Sept</w><w frlemma="pilier" frpos="NOUN" frMUSAS="H2">Piliers</w><w frlemma="de" frpos="ADP" frMUSAS="Z5">de</w><w frlemma="le" frpos="DET" frMUSAS="Z5">la</w><w frlemma="Sagesse" frpos="PROPN" frMUSAS="Z99">Sagesse</w><w frlemma="," frpos="PUNCT" frMUSAS="PUNCT">,</w><w frlemma="le" frpos="DET" frMUSAS="Z5">le</w><w frlemma="célèbre" frpos="NOUN" frMUSAS="X2.2+">célèbre</w><w frlemma="écrire" frpos="VERB" frMUSAS="Q1.2">écrit</w><w frlemma="de" frpos="ADP" frMUSAS="Z5">de</w><w frlemma="t." frpos="DET" frMUSAS="Z99">T.</w><w frlemma="e." frpos="NOUN" frMUSAS="Z99">E.</w><w frlemma="Lawrence" frpos="PROPN" frMUSAS="Z99">Lawrence</w><w frlemma="," frpos="PUNCT" frMUSAS="PUNCT">,</w><w frlemma="qui" frpos="PRON" frMUSAS="Z8">qui</w><w frlemma="parler" frpos="VERB" frMUSAS="Q2.1">parle</w><w frlemma="de" frpos="ADP" frMUSAS="Z5">du</w><w frlemma="capitaine" frpos="NOUN" frMUSAS="G3/S7.1+/S2mf">capitaine</w><w frlemma="raho" frpos="NOUN" frMUSAS="Z99">Raho</w><w frlemma="et" frpos="CCONJ" frMUSAS="Z5">et</w><w frlemma="qui" frpos="PRON" frMUSAS="Z8">qui</w><w frlemma="avoir" frpos="AUX" frMUSAS="A9+">a</w><w frlemma="rencontrer" frpos="VERB" frMUSAS="S3.1">rencontré</w><w frlemma="auprès" frpos="ADV" frMUSAS="Z99">auprès</w><w frlemma="de" frpos="ADP" frMUSAS="Z5">d'</w><w frlemma="Abdullah" frpos="PROPN" frMUSAS="Z99">Abdullah</w><w frlemma="le" frpos="DET" frMUSAS="Z5">le</w><w frlemma="«" frpos="NOUN" frMUSAS="Z99">«</w><w frlemma="sergent" frpos="ADV" frMUSAS="Z99">sergent</w><w frlemma="»" frpos="PUNCT" frMUSAS="PUNCT">»</w><w frlemma="Prost" frpos="PROPN" frMUSAS="Z99">Prost</w><w frlemma="porteur" frpos="ADJ" frMUSAS="Z99">porteur</w><w frlemma="de" frpos="ADP" frMUSAS="Z5">d'</w><w frlemma="un" frpos="DET" frMUSAS="Z5">un</w><w frlemma="message" frpos="NOUN" frMUSAS="Q1.1">message</w><w frlemma="de" frpos="ADP" frMUSAS="Z5">du</w><w frlemma="lieutenant" frpos="NOUN" frMUSAS="G3/S7.1+/S2mf">lieutenant</w><w frlemma="-" frpos="NOUN" frMUSAS="Z99">-</w><w frlemma="colonel" frpos="NOUN" frMUSAS="G3/S7.1+/S2mf">colonel</w><w frlemma="Brémond" frpos="PROPN" frMUSAS="Z99">Brémond</w><w frlemma="," frpos="PUNCT" frMUSAS="PUNCT">,</w><w frlemma="chef" frpos="NOUN" frMUSAS="Z99">chef</w><w frlemma="de" frpos="ADP" frMUSAS="Z5">de</w><w frlemma="le" frpos="DET" frMUSAS="Z5">la</w><w frlemma="mission" frpos="NOUN" frMUSAS="X7+">mission</w><w frlemma="français" frpos="ADJ" frMUSAS="Z2">française</w><w frlemma="," frpos="PUNCT" frMUSAS="PUNCT">,</w><w frlemma="Prost" frpos="PROPN" frMUSAS="Z99">Prost</w><w frlemma="avoir" frpos="AUX" frMUSAS="A9+">aurait</w><w frlemma="être" frpos="AUX" frMUSAS="T1.3">été</w><w frlemma="le" frpos="DET" frMUSAS="Z5">le</w><w frlemma="précepteur" frpos="NOUN" frMUSAS="Z99">précepteur</w><w frlemma="de" frpos="ADP" frMUSAS="Z5">de</w><w frlemma="le" frpos="DET" frMUSAS="Z5">l'</w><w frlemma="émir" frpos="NOUN" frMUSAS="Z99">émir</w><w frlemma="." frpos="PUNCT" frMUSAS="PUNCT">.</w><w frlemma="quoi" frpos="PRON" frMUSAS="Z8">Quoi</w><w frlemma="que" frpos="SCONJ" frMUSAS="Z5">qu'</w><w frlemma="il" frpos="PRON" frMUSAS="Z8">il</w><w frlemma="en" frpos="PRON" frMUSAS="Z8">en</w><w frlemma="être" frpos="AUX" frMUSAS="Z99">soit</w><w frlemma="," frpos="PUNCT" frMUSAS="PUNCT">,</w><w frlemma="tout" frpos="ADJ" frMUSAS="Z8">tout</w><w frlemma="ce" frpos="PRON" frMUSAS="Z8">ce</w><w frlemma="que" frpos="PRON" frMUSAS="Z8">que</w><w frlemma="nous" frpos="PRON" frMUSAS="Z8">nous</w><w frlemma="pouvoir" frpos="VERB" frMUSAS="Z99">pouvons</w><w frlemma="savoir" frpos="VERB" frMUSAS="X2.2+">savoir</w><w frlemma="de" frpos="ADP" frMUSAS="Z5">de</w><w frlemma="notre" frpos="DET" frMUSAS="Z8">notre</w><w frlemma="camarade" frpos="NOUN" frMUSAS="Z99">camarade</w><w frlemma="nous" frpos="PRON" frMUSAS="Z8">nous</w><w frlemma="assurer" frpos="VERB" frMUSAS="Z99">assure</w><w frlemma="que" frpos="SCONJ" frMUSAS="Z5">qu'</w><w frlemma="il" frpos="PRON" frMUSAS="Z8">il</w><w frlemma="avoir" frpos="AUX" frMUSAS="A9+">a</w><w frlemma="rendre" frpos="VERB" frMUSAS="Z99">rendu</w><w frlemma="au" frpos="ADP" frMUSAS="Z5">au</w><w frlemma="hedjaz" frpos="NOUN" frMUSAS="Z99">Hedjaz</w><w frlemma="de" frpos="ADP" frMUSAS="Z5">des</w><w frlemma="service" frpos="NOUN" frMUSAS="A1.1.1">services</w><w frlemma="exceptionnel" frpos="ADJ" frMUSAS="A6.2-">exceptionnels</w><w frlemma="." frpos="PUNCT" frMUSAS="PUNCT">.</w></p><p><w frlemma="au" frpos="ADP" frMUSAS="Z5">Au</w><w frlemma="milieu" frpos="NOUN" frMUSAS="M6">milieu</w><w frlemma="de" frpos="ADP" frMUSAS="Z5">des</w><w frlemma="hostilité" frpos="NOUN" frMUSAS="Z99">hostilités</w><w frlemma="," frpos="PUNCT" frMUSAS="PUNCT">,</w><w frlemma="il" frpos="PRON" frMUSAS="Z8">il</w><w frlemma="ne" frpos="ADV" frMUSAS="Z6">n'</w><w frlemma="en" frpos="PRON" frMUSAS="Z8">en</w><w frlemma="travailler" frpos="VERB" frMUSAS="I3.1">travaillait</w><w frlemma="pas" frpos="ADV" frMUSAS="Z99">pas</w><w frlemma="moins" frpos="ADV" frMUSAS="A13.6">moins</w><w frlemma="pour" frpos="ADP" frMUSAS="Z5">pour</w><w frlemma="notre" frpos="DET" frMUSAS="Z8">notre</w><w frlemma="Institut" frpos="PROPN" frMUSAS="P1/S5+c">Institut</w><w frlemma="." frpos="PUNCT" frMUSAS="PUNCT">.</w><w frlemma="au" frpos="ADP" frMUSAS="Z5">Au</w><w frlemma="caire" frpos="NOUN" frMUSAS="Z99">Caire</w><w frlemma="," frpos="PUNCT" frMUSAS="PUNCT">,</w><w frlemma="en" frpos="ADP" frMUSAS="Z5">en</w><w frlemma="1914" frpos="NUM" frMUSAS="N1">1914</w><w frlemma="," frpos="PUNCT" frMUSAS="PUNCT">,</w><w frlemma="il" frpos="PRON" frMUSAS="Z8">il</w><w frlemma="avoir" frpos="AUX" frMUSAS="A9+">avait</w><w frlemma="étudier" frpos="VERB" frMUSAS="P1">étudié</w><w frlemma="le" frpos="DET" frMUSAS="Z5">les</w><w frlemma="revêtement" frpos="NOUN" frMUSAS="Z99">revêtements</w><w frlemma="céramique" frpos="ADJ" frMUSAS="Z99">céramiques</w><w frlemma="dans" frpos="ADP" frMUSAS="Z5">dans</w><w frlemma="le" frpos="DET" frMUSAS="Z5">les</w><w frlemma="monument" frpos="NOUN" frMUSAS="O2">monuments</w><w frlemma="musulman" frpos="ADP" frMUSAS="Z99">musulmans</w><w frlemma="de" frpos="ADP" frMUSAS="Z5">de</w><w frlemma="le" frpos="DET" frMUSAS="Z5">l'</w><w frlemma="égypte" frpos="NOUN" frMUSAS="Z99">Égypte</w><w frlemma="et" frpos="CCONJ" frMUSAS="Z5">et</w><w frlemma="son" frpos="DET" frMUSAS="Z5">son</w><w frlemma="travail" frpos="NOUN" frMUSAS="I3.1">travail</w><w frlemma="favorablement" frpos="ADV" frMUSAS="Z99">favorablement</w><w frlemma="apprécier" frpos="VERB" frMUSAS="E2+">apprécié</w><w frlemma="par" frpos="ADP" frMUSAS="M6">par</w><w frlemma="Casanova" frpos="PROPN" frMUSAS="Z99">Casanova</w><w frlemma="avoir" frpos="AUX" frMUSAS="A9+">a</w><w frlemma="paraître" frpos="VERB" frMUSAS="A8">paru</w><w frlemma="," frpos="PUNCT" frMUSAS="PUNCT">,</w><w frlemma="en" frpos="ADP" frMUSAS="Z5">en</w><w frlemma="1916" frpos="NUM" frMUSAS="N1">1916</w><w frlemma="," frpos="PUNCT" frMUSAS="PUNCT">,</w><w frlemma="dans" frpos="ADP" frMUSAS="Z5">dans</w><w frlemma="le" frpos="DET" frMUSAS="Z5">le</w><w frlemma="tome" frpos="NOUN" frMUSAS="Z99">tome</w><w frlemma="xl" frpos="NOUN" frMUSAS="Z99">XL</w><w frlemma="de" frpos="ADP" frMUSAS="Z5">des</w><w frlemma="mémoire" frpos="NOUN" frMUSAS="X2">Mémoires</w><w frlemma="." frpos="PUNCT" frMUSAS="PUNCT">.</w><w frlemma="il" frpos="PRON" frMUSAS="Z8">Il</w><w frlemma="méditer" frpos="VERB" frMUSAS="Z99">méditait</w><w frlemma="un" frpos="DET" frMUSAS="Z5">une</w><w frlemma="suite" frpos="NOUN" frMUSAS="Z99">suite</w><w frlemma="à" frpos="ADP" frMUSAS="Z5">à</w><w frlemma="ce" frpos="DET" frMUSAS="Z5">cet</w><w frlemma="ouvrage" frpos="NOUN" frMUSAS="I3.1">ouvrage</w><w frlemma="," frpos="PUNCT" frMUSAS="PUNCT">,</w><w frlemma="même" frpos="ADV" frMUSAS="Z99">même</w><w frlemma="quand" frpos="SCONJ" frMUSAS="Z5">quand</w><w frlemma="il" frpos="PRON" frMUSAS="Z8">il</w><w frlemma="avoir" frpos="VERB" frMUSAS="A9+">eut</w><w frlemma="," frpos="PUNCT" frMUSAS="PUNCT">,</w><w frlemma="avec" frpos="ADP" frMUSAS="Z5">avec</w><w frlemma="un" frpos="DET" frMUSAS="Z5">un</w><w frlemma="regret" frpos="NOUN" frMUSAS="Z99">regret</w><w frlemma="dont" frpos="PRON" frMUSAS="Z8">dont</w><w frlemma="son" frpos="DET" frMUSAS="Z5">ses</w><w frlemma="lettre" frpos="NOUN" frMUSAS="Q1.2">lettres</w><w frlemma="à" frpos="ADP" frMUSAS="Z5">à</w><w frlemma="m." frpos="NOUN" frMUSAS="Z99">M.</w><w frlemma="Foucart" frpos="PROPN" frMUSAS="Z99">Foucart</w><w frlemma="être" frpos="AUX" frMUSAS="Z99">sont</w><w frlemma="pour" frpos="ADP" frMUSAS="Z5">pour</w><w frlemma="nous" frpos="PRON" frMUSAS="Z8">nous</w><w frlemma="un" frpos="DET" frMUSAS="Z5">un</w><w frlemma="précieux" frpos="ADJ" frMUSAS="E2+">précieux</w><w frlemma="témoignage" frpos="NOUN" frMUSAS="G2.1">témoignage</w><w frlemma="," frpos="PUNCT" frMUSAS="PUNCT">,</w><w frlemma="quitté" frpos="NOUN" frMUSAS="Z99">quitté</w><w frlemma="Mounira" frpos="PROPN" frMUSAS="Z99">Mounira</w><w frlemma="pour" frpos="ADP" frMUSAS="Z5">pour</w><w frlemma="prendre" frpos="VERB" frMUSAS="A9+">prendre</w><w frlemma="un" frpos="DET" frMUSAS="Z5">un</w><w frlemma="poste" frpos="NOUN" frMUSAS="Z99">poste</w><w frlemma="en" frpos="ADP" frMUSAS="Z5">en</w><w frlemma="syrie" frpos="NOUN" frMUSAS="Z99">Syrie</w><w frlemma="au" frpos="ADP" frMUSAS="Z5">au</w><w frlemma="service" frpos="NOUN" frMUSAS="A1.1.1">Service</w><w frlemma="de" frpos="ADP" frMUSAS="Z5">des</w><w frlemma="antiquité" frpos="NOUN" frMUSAS="Z99">Antiquités</w><w frlemma="de" frpos="ADP" frMUSAS="Z5">du</w><w frlemma="haut" frpos="ADJ" frMUSAS="Z99">Haut</w><w frlemma="Commissariat" frpos="PROPN" frMUSAS="Z99">Commissariat</w><w frlemma="." frpos="PUNCT" frMUSAS="PUNCT">.</w><w frlemma="îl" frpos="VERB" frMUSAS="Z99">Îl</w><w frlemma="rester" frpos="VERB" frMUSAS="M8">restait</w><w frlemma="en" frpos="ADP" frMUSAS="Z5">en</w><w frlemma="effet" frpos="NOUN" frMUSAS="A2.2">effet</w><w frlemma="fidèle" frpos="ADV" frMUSAS="S6+">fidèle</w><w frlemma="à" frpos="ADP" frMUSAS="Z5">à</w><w frlemma="notre" frpos="DET" frMUSAS="Z8">notre</w><w frlemma="Institut" frpos="PROPN" frMUSAS="P1/S5+c">Institut</w><w frlemma="," frpos="PUNCT" frMUSAS="PUNCT">,</w><w frlemma="qui" frpos="PRON" frMUSAS="Z8">qui</w><w frlemma="de" frpos="ADP" frMUSAS="Z5">de</w><w frlemma="son" frpos="DET" frMUSAS="Z5">son</w><w frlemma="côté" frpos="NOUN" frMUSAS="A4.1">côté</w><w frlemma="ne" frpos="ADV" frMUSAS="Z6">ne</w><w frlemma="le" frpos="PRON" frMUSAS="Z8">l'</w><w frlemma="oubliait" frpos="NOUN" frMUSAS="Z99">oubliait</w><w frlemma="pas" frpos="ADV" frMUSAS="Z99">pas</w><w frlemma="," frpos="PUNCT" frMUSAS="PUNCT">,</w><w frlemma="et" frpos="CCONJ" frMUSAS="Z5">et</w><w frlemma="nous" frpos="PRON" frMUSAS="Z8">nous</w><w frlemma="avoir" frpos="AUX" frMUSAS="A9+">avons</w><w frlemma="avoir" frpos="VERB" frMUSAS="A9+">eu</w><w frlemma="le" frpos="DET" frMUSAS="Z5">la</w><w frlemma="preuve" frpos="NOUN" frMUSAS="A15+">preuve</w><w frlemma="de" frpos="ADP" frMUSAS="Z5">de</w><w frlemma="ce" frpos="DET" frMUSAS="Z5">cette</w><w frlemma="constante" frpos="NOUN" frMUSAS="Z99">constante</w><w frlemma="amitié" frpos="NOUN" frMUSAS="S3.1">amitié</w><w frlemma="tout" frpos="ADJ" frMUSAS="Z8">toutes</w><w frlemma="le" frpos="DET" frMUSAS="Z5">les</w><w frlemma="fois" frpos="NOUN" frMUSAS="Z99">fois</w><w frlemma="que" frpos="SCONJ" frMUSAS="Z5">qu'</w><w frlemma="il" frpos="PRON" frMUSAS="Z8">il</w><w frlemma="nous" frpos="PRON" frMUSAS="Z8">nous</w><w frlemma="être" frpos="AUX" frMUSAS="M6">est</w><w frlemma="arriver" frpos="VERB" frMUSAS="M1">arrivé</w><w frlemma="de" frpos="ADP" frMUSAS="Z5">de</w><w frlemma="faire" frpos="VERB" frMUSAS="Z99">faire</w><w frlemma="appel" frpos="NOUN" frMUSAS="Q2.2">appel</w><w frlemma="à" frpos="ADP" frMUSAS="Z5">à</w><w frlemma="le" frpos="DET" frMUSAS="Z5">la</w><w frlemma="camaraderie" frpos="NOUN" frMUSAS="Z99">camaraderie</w><w frlemma="qui" frpos="PRON" frMUSAS="Z8">qui</w><w frlemma="lier" frpos="VERB" frMUSAS="Z99">lie</w><w frlemma="tout" frpos="ADJ" frMUSAS="Z8">tous</w><w frlemma="le" frpos="DET" frMUSAS="Z5">les</w><w frlemma="membre" frpos="NOUN" frMUSAS="S5+/S2mf">membres</w><w frlemma="de" frpos="ADP" frMUSAS="Z5">de</w><w frlemma="ce" frpos="DET" frMUSAS="Z5">cette</w><w frlemma="maison" frpos="NOUN" frMUSAS="H1">maison</w><w frlemma="." frpos="PUNCT" frMUSAS="PUNCT">.</w><w frlemma="chez" frpos="ADP" frMUSAS="Z5">Chez</w><w frlemma="nous" frpos="PRON" frMUSAS="Z8">nous</w><w frlemma="on" frpos="PRON" frMUSAS="Z8">on</w><w frlemma="suivre" frpos="VERB" frMUSAS="M1">suivait</w><w frlemma="avec" frpos="ADP" frMUSAS="Z5">avec</w><w frlemma="le" frpos="DET" frMUSAS="Z5">le</w><w frlemma="plus" frpos="ADV" frMUSAS="Z5">plus</w><w frlemma="vif" frpos="ADV" frMUSAS="X5.2+">vif</w><w frlemma="intérêt" frpos="ADJ" frMUSAS="X5.2+">intérêt</w><w frlemma="le" frpos="DET" frMUSAS="Z5">les</w><w frlemma="résultat" frpos="NOUN" frMUSAS="Z99">résultats</w><w frlemma="de" frpos="ADP" frMUSAS="Z5">de</w><w frlemma="son" frpos="DET" frMUSAS="Z5">son</w><w frlemma="activité" frpos="NOUN" frMUSAS="A1.1.1">activité</w><w frlemma="syrien" frpos="ADJ" frMUSAS="Z2/S2mf">syrienne</w><w frlemma="." frpos="PUNCT" frMUSAS="PUNCT">.</w><w frlemma="en" frpos="ADP" frMUSAS="Z5">En</w><w frlemma="1922" frpos="NUM" frMUSAS="N1">1922</w><w frlemma="," frpos="PUNCT" frMUSAS="PUNCT">,</w><w frlemma="sans" frpos="ADP" frMUSAS="M6">sans</w><w frlemma="renoncer" frpos="VERB" frMUSAS="Z99">renoncer</w><w frlemma="à" frpos="ADP" frMUSAS="Z5">à</w><w frlemma="le" frpos="DET" frMUSAS="Z5">l'</w><w frlemma="archéologie" frpos="NOUN" frMUSAS="Z99">archéologie</w><w frlemma="," frpos="PUNCT" frMUSAS="PUNCT">,</w><w frlemma="il" frpos="PRON" frMUSAS="Z8">il</w><w frlemma="avoir" frpos="AUX" frMUSAS="A9+">avait</w><w frlemma="abandonner" frpos="VERB" frMUSAS="Z99">abandonné</w><w frlemma="le" frpos="DET" frMUSAS="Z5">le</w><w frlemma="service" frpos="NOUN" frMUSAS="A1.1.1">Service</w><w frlemma="de" frpos="ADP" frMUSAS="Z5">des</w><w frlemma="antiquité" frpos="NOUN" frMUSAS="Z99">Antiquités</w><w frlemma="pour" frpos="ADP" frMUSAS="Z5">pour</w><w frlemma="un" frpos="DET" frMUSAS="Z5">un</w><w frlemma="poste" frpos="NOUN" frMUSAS="Z99">poste</w><w frlemma="dans" frpos="ADP" frMUSAS="Z5">dans</w><w frlemma="le" frpos="DET" frMUSAS="Z5">l'</w><w frlemma="administration" frpos="NOUN" frMUSAS="S7.1+c">administration</w><w frlemma="." frpos="PUNCT" frMUSAS="PUNCT">.</w><w frlemma="mais" frpos="CCONJ" frMUSAS="Z5">Mais</w><w frlemma="en" frpos="ADP" frMUSAS="Z5">en</w><w frlemma="1931" frpos="NUM" frMUSAS="N1">1931</w><w frlemma="il" frpos="PRON" frMUSAS="Z8">il</w><w frlemma="devoir" frpos="VERB" frMUSAS="Z99">devait</w><w frlemma="luire" frpos="PRON" frMUSAS="Z8">lui</w><w frlemma=" " frpos="SPACE" frMUSAS="Z99"> </w></p><p><pb n="126"/><w frlemma="revenir" frpos="VERB" frMUSAS="Z99">revenir</w><w frlemma="," frpos="PUNCT" frMUSAS="PUNCT">,</w><w frlemma="car" frpos="CCONJ" frMUSAS="Z5/A2.2">car</w><w frlemma="m." frpos="NOUN" frMUSAS="Z99">M.</w><w frlemma="Seyrig" frpos="PROPN" frMUSAS="Z99">Seyrig</w><w frlemma="," frpos="PUNCT" frMUSAS="PUNCT">,</w><w frlemma="auquel" frpos="NOUN" frMUSAS="Z99">auquel</w><w frlemma="il" frpos="PRON" frMUSAS="Z8">il</w><w frlemma="avoir" frpos="AUX" frMUSAS="A9+">avait</w><w frlemma="être" frpos="AUX" frMUSAS="T1.3">été</w><w frlemma="signaler" frpos="ADV" frMUSAS="Z99">signalé</w><w frlemma="," frpos="PUNCT" frMUSAS="PUNCT">,</w><w frlemma="le" frpos="DET" frMUSAS="Z5">le</w><w frlemma="nommer" frpos="VERB" frMUSAS="Z99">nommait</w><w frlemma="inspecteur" frpos="NOUN" frMUSAS="G2.1/S2mf">inspecteur</w><w frlemma="de" frpos="ADP" frMUSAS="Z5">du</w><w frlemma="sandjak" frpos="NOUN" frMUSAS="Z99">Sandjak</w><w frlemma="de" frpos="ADP" frMUSAS="Z5">d'</w><w frlemma="alexandrette" frpos="NOUN" frMUSAS="Z99">Alexandrette</w><w frlemma="." frpos="PUNCT" frMUSAS="PUNCT">.</w><w frlemma="ce" frpos="PRON" frMUSAS="Z8">C'</w><w frlemma="être" frpos="AUX" frMUSAS="M6">est</w><w frlemma="en" frpos="ADP" frMUSAS="Z5">en</w><w frlemma="ce" frpos="DET" frMUSAS="Z5">cette</w><w frlemma="qualité" frpos="NOUN" frMUSAS="A5.1">qualité</w><w frlemma="que" frpos="PRON" frMUSAS="Z8">qu'</w><w frlemma="il" frpos="PRON" frMUSAS="Z8">il</w><w frlemma="pouvoir" frpos="ADV" frMUSAS="Z99">put</w><w frlemma="participer" frpos="VERB" frMUSAS="S1.1.3+">participer</w><w frlemma="à" frpos="ADP" frMUSAS="Z5">aux</w><w frlemma="fourlle" frpos="NOUN" frMUSAS="Z99">fourlles</w><w frlemma="de" frpos="ADP" frMUSAS="Z5">de</w><w frlemma="le" frpos="DET" frMUSAS="Z5">l'</w><w frlemma="Oriental" frpos="PROPN" frMUSAS="Z99">Oriental</w><w frlemma="institut" frpos="NOUN" frMUSAS="P1/S5+c">Institute</w><w frlemma="de" frpos="ADP" frMUSAS="Z5">de</w><w frlemma="le" frpos="DET" frMUSAS="Z5">l'</w><w frlemma="université" frpos="NOUN" frMUSAS="P1/H1c">Université</w><w frlemma="de" frpos="ADP" frMUSAS="Z5">de</w><w frlemma="chicago" frpos="NOUN" frMUSAS="Z99">Chicago</w><w frlemma="à" frpos="ADP" frMUSAS="Z5">à</w><w frlemma="Tchatal" frpos="PROPN" frMUSAS="Z99">Tchatal</w><w frlemma="Huyuk" frpos="PROPN" frMUSAS="Z99">Huyuk</w><w frlemma="et" frpos="CCONJ" frMUSAS="Z5">et</w><w frlemma="à" frpos="ADP" frMUSAS="Z5">à</w><w frlemma="Taïnat" frpos="PROPN" frMUSAS="Z99">Taïnat</w><w frlemma="et" frpos="CCONJ" frMUSAS="Z5">et</w><w frlemma="que" frpos="SCONJ" frMUSAS="Z5">qu'</w><w frlemma="il" frpos="PRON" frMUSAS="Z8">il</w><w frlemma="avoir" frpos="AUX" frMUSAS="A9+">a</w><w frlemma="diriger" frpos="VERB" frMUSAS="Z99">dirigé</w><w frlemma="lui-même" frpos="PRON" frMUSAS="Z8m">lui-même</w><w frlemma="de" frpos="ADP" frMUSAS="Z5">des</w><w frlemma="recherche" frpos="NOUN" frMUSAS="Z99">recherches</w><w frlemma="dans" frpos="ADP" frMUSAS="Z5">dans</w><w frlemma="le" frpos="DET" frMUSAS="Z5">le</w><w frlemma="poste" frpos="NOUN" frMUSAS="Z99">poste</w><w frlemma="byzantin" frpos="ADJ" frMUSAS="Z99">byzantin</w><w frlemma="de" frpos="ADP" frMUSAS="Z5">d'</w><w frlemma="Imta" frpos="PROPN" frMUSAS="Z99">Imta</w><w frlemma="." frpos="PUNCT" frMUSAS="PUNCT">.</w><w frlemma="il" frpos="PRON" frMUSAS="Z8">Il</w><w frlemma="avoir" frpos="AUX" frMUSAS="A9+">avait</w><w frlemma="même" frpos="ADV" frMUSAS="Z99">même</w><w frlemma="concevoir" frpos="VERB" frMUSAS="X2.1">conçu</w><w frlemma="et" frpos="CCONJ" frMUSAS="Z5">et</w><w frlemma="préparer" frpos="VERB" frMUSAS="A1.1.1">préparé</w><w frlemma="un" frpos="DET" frMUSAS="Z5">une</w><w frlemma="exploration" frpos="NOUN" frMUSAS="Z99">exploration</w><w frlemma="aérien" frpos="ADJ" frMUSAS="M5">aérienne</w><w frlemma="de" frpos="ADP" frMUSAS="Z5">de</w><w frlemma="Palmyre" frpos="PROPN" frMUSAS="Z99">Palmyre</w><w frlemma="." frpos="PUNCT" frMUSAS="PUNCT">.</w><w frlemma="mais" frpos="CCONJ" frMUSAS="Z5">Mais</w><w frlemma="son" frpos="DET" frMUSAS="Z5">son</w><w frlemma="œuvre" frpos="NOUN" frMUSAS="Z99">œuvre</w><w frlemma="principal" frpos="ADJ" frMUSAS="A11.1+++">principale</w><w frlemma="être" frpos="AUX" frMUSAS="M6">est</w><w frlemma="le" frpos="DET" frMUSAS="Z5">la</w><w frlemma="création" frpos="NOUN" frMUSAS="A1.1.1">création</w><w frlemma="et" frpos="CCONJ" frMUSAS="Z5">et</w><w frlemma="le" frpos="DET" frMUSAS="Z5">l'</w><w frlemma="organisation" frpos="NOUN" frMUSAS="S5+c">organisation</w><w frlemma="de" frpos="ADP" frMUSAS="Z5">du</w><w frlemma="Musée" frpos="PROPN" frMUSAS="T1.1.1/H1c">Musée</w><w frlemma="de" frpos="ADP" frMUSAS="Z5">d'</w><w frlemma="antioche" frpos="NOUN" frMUSAS="Z99">Antioche</w><w frlemma="." frpos="PUNCT" frMUSAS="PUNCT">.</w><w frlemma="prost" frpos="PRON" frMUSAS="Z99">Prost</w><w frlemma="ne" frpos="ADV" frMUSAS="Z6">n'</w><w frlemma="être" frpos="AUX" frMUSAS="Z99">était</w><w frlemma="pas" frpos="ADV" frMUSAS="Z99">pas</w><w frlemma="un" frpos="DET" frMUSAS="Z5">un</w><w frlemma="savant" frpos="NOUN" frMUSAS="Z99">savant</w><w frlemma="de" frpos="ADP" frMUSAS="Z5">de</w><w frlemma="cabinet" frpos="NOUN" frMUSAS="Z99">cabinet</w><w frlemma=";" frpos="PUNCT" frMUSAS="PUNCT">;</w><w frlemma="mais" frpos="CCONJ" frMUSAS="Z5">mais</w><w frlemma="il" frpos="PRON" frMUSAS="Z8">il</w><w frlemma="avoir" frpos="VERB" frMUSAS="A9+">avait</w><w frlemma="beaucoup" frpos="ADV" frMUSAS="Z99">beaucoup</w><w frlemma="de" frpos="ADP" frMUSAS="Z5">de</w><w frlemma="goût" frpos="NOUN" frMUSAS="X3.1">goût</w><w frlemma="et" frpos="CCONJ" frMUSAS="Z5">et</w><w frlemma="de" frpos="ADP" frMUSAS="Z5">de</w><w frlemma="prestige" frpos="NOUN" frMUSAS="Z99">prestige</w><w frlemma="naturel" frpos="ADJ" frMUSAS="A6.2+">naturel</w><w frlemma="." frpos="PUNCT" frMUSAS="PUNCT">.</w><w frlemma="son" frpos="DET" frMUSAS="Z5">Sa</w><w frlemma="haute" frpos="NOUN" frMUSAS="Z99">haute</w><w frlemma="taille" frpos="NOUN" frMUSAS="Z99">taille</w><w frlemma="et" frpos="CCONJ" frMUSAS="Z5">et</w><w frlemma="son" frpos="DET" frMUSAS="Z5">sa</w><w frlemma="connaissance" frpos="NOUN" frMUSAS="X2.2+">connaissance</w><w frlemma="de" frpos="ADP" frMUSAS="Z5">des</w><w frlemma="langue" frpos="NOUN" frMUSAS="Z99">langues</w><w frlemma="arabe" frpos="ADJ" frMUSAS="Z99">arabe</w><w frlemma="et" frpos="CCONJ" frMUSAS="Z5">et</w><w frlemma="turc" frpos="ADJ" frMUSAS="Z99">turque</w><w frlemma="luire" frpos="PRON" frMUSAS="Z8">lui</w><w frlemma="assurer" frpos="ADV" frMUSAS="Z99">assuraient</w><w frlemma="sur" frpos="ADP" frMUSAS="Z5">sur</w><w frlemma="le" frpos="DET" frMUSAS="Z5">les</w><w frlemma="population" frpos="NOUN" frMUSAS="S2/N5c">populations</w><w frlemma="syrien" frpos="ADJ" frMUSAS="Z2/S2mf">syriennes</w><w frlemma="un" frpos="DET" frMUSAS="Z5">une</w><w frlemma="grand" frpos="ADJ" frMUSAS="Z99">grande</w><w frlemma="autorité" frpos="NOUN" frMUSAS="G1.1c">autorité</w><w frlemma=";" frpos="PUNCT" frMUSAS="PUNCT">;</w><w frlemma="il" frpos="PRON" frMUSAS="Z8">il</w><w frlemma="avoir" frpos="AUX" frMUSAS="A9+">avait</w><w frlemma="le" frpos="DET" frMUSAS="Z5">le</w><w frlemma="don" frpos="NOUN" frMUSAS="A9-">don</w><w frlemma="charmant" frpos="ADJ" frMUSAS="O4.2+">charmant</w><w frlemma="de" frpos="ADP" frMUSAS="Z5">d'</w><w frlemma="attirer" frpos="VERB" frMUSAS="O4.2+">attirer</w><w frlemma="le" frpos="DET" frMUSAS="Z5">les</w><w frlemma="amitié" frpos="NOUN" frMUSAS="S3.1">amitiés</w><w frlemma="." frpos="PUNCT" frMUSAS="PUNCT">.</w><w frlemma="lui" frpos="PRON" frMUSAS="Z8">Elles</w><w frlemma="servir" frpos="VERB" frMUSAS="S8+">servirent</w><w frlemma="son" frpos="DET" frMUSAS="Z5">son</w><w frlemma="zèle" frpos="NOUN" frMUSAS="Z99">zèle</w><w frlemma="à" frpos="ADP" frMUSAS="Z5">à</w><w frlemma="rassembler" frpos="VERB" frMUSAS="Z99">rassembler</w><w frlemma="tout" frpos="ADJ" frMUSAS="Z8">toutes</w><w frlemma="le" frpos="DET" frMUSAS="Z5">les</w><w frlemma="antiquité" frpos="NOUN" frMUSAS="Z99">antiquités</w><w frlemma="de" frpos="ADP" frMUSAS="Z5">du</w><w frlemma="Sandjak" frpos="PROPN" frMUSAS="Z99">Sandjak</w><w frlemma="," frpos="PUNCT" frMUSAS="PUNCT">,</w><w frlemma="à" frpos="ADP" frMUSAS="Z5">à</w><w frlemma="vaincre" frpos="VERB" frMUSAS="Z99">vaincre</w><w frlemma="tout" frpos="ADJ" frMUSAS="Z8">tous</w><w frlemma="le" frpos="DET" frMUSAS="Z5">les</w><w frlemma="obstacle" frpos="NOUN" frMUSAS="S8-">obstacles</w><w frlemma="," frpos="PUNCT" frMUSAS="PUNCT">,</w><w frlemma="à" frpos="ADP" frMUSAS="Z5">à</w><w frlemma="hâter" frpos="VERB" frMUSAS="Z99">hâter</w><w frlemma="le" frpos="DET" frMUSAS="Z5">la</w><w frlemma="lenteur" frpos="NOUN" frMUSAS="Z99">lenteur</w><w frlemma="de" frpos="ADP" frMUSAS="Z5">de</w><w frlemma="le" frpos="DET" frMUSAS="Z5">la</w><w frlemma="machine" frpos="NOUN" frMUSAS="A1.1.1">machine</w><w frlemma="administratif" frpos="ADJ" frMUSAS="S7.1+">administrative</w><w frlemma="." frpos="PUNCT" frMUSAS="PUNCT">.</w><w frlemma="«" frpos="VERB" frMUSAS="Z99">«</w><w frlemma="son" frpos="DET" frMUSAS="Z5">Sa</w><w frlemma="vigilance" frpos="NOUN" frMUSAS="Z99">vigilance</w><w frlemma="," frpos="PUNCT" frMUSAS="PUNCT">,</w><w frlemma="me" frpos="PRON" frMUSAS="Z8">m'</w><w frlemma="écrire" frpos="VERB" frMUSAS="Q1.2">écrit</w><w frlemma="m." frpos="NOUN" frMUSAS="Z99">M.</w><w frlemma="Seyrig" frpos="PROPN" frMUSAS="Z99">Seyrig</w><w frlemma="," frpos="PUNCT" frMUSAS="PUNCT">,</w><w frlemma="le" frpos="DET" frMUSAS="Z5">le</w><w frlemma="mettre" frpos="VERB" frMUSAS="Z99">mettait</w><w frlemma="sur" frpos="ADP" frMUSAS="Z5">sur</w><w frlemma="tout" frpos="ADJ" frMUSAS="Z8">toutes</w><w frlemma="le" frpos="DET" frMUSAS="Z5">les</w><w frlemma="piste" frpos="NOUN" frMUSAS="Z99">pistes</w><w frlemma=";" frpos="PUNCT" frMUSAS="PUNCT">;</w><w frlemma="son" frpos="DET" frMUSAS="Z5">sa</w><w frlemma="ténacité" frpos="NOUN" frMUSAS="Z99">ténacité</w><w frlemma="le" frpos="PRON" frMUSAS="Z8">les</w><w frlemma="suivre" frpos="VERB" frMUSAS="M1">suivait</w><w frlemma="jusque" frpos="ADP" frMUSAS="Z5">jusqu'</w><w frlemma="au" frpos="ADP" frMUSAS="Z5">au</w><w frlemma="succès" frpos="NOUN" frMUSAS="X9.2+">succès</w><w frlemma="." frpos="PUNCT" frMUSAS="PUNCT">.</w><w frlemma="»" frpos="PUNCT" frMUSAS="PUNCT">»</w><w frlemma="ce" frpos="PRON" frMUSAS="Z8">Ce</w><w frlemma="être" frpos="AUX" frMUSAS="Z99">fut</w><w frlemma="là" frpos="ADV" frMUSAS="Z99">là</w><w frlemma="un" frpos="PRON" frMUSAS="Z5">un</w><w frlemma="de" frpos="ADP" frMUSAS="Z5">des</w><w frlemma="plus" frpos="ADV" frMUSAS="Z5">plus</w><w frlemma="grand" frpos="ADJ" frMUSAS="Z99">grands</w><w frlemma="mérite" frpos="NOUN" frMUSAS="A5.1+">mérites</w><w frlemma="de" frpos="ADP" frMUSAS="Z5">de</w><w frlemma="Prost" frpos="PROPN" frMUSAS="Z99">Prost</w><w frlemma="," frpos="PUNCT" frMUSAS="PUNCT">,</w><w frlemma="et" frpos="CCONJ" frMUSAS="Z5">et</w><w frlemma="pour" frpos="ADP" frMUSAS="Z5">pour</w><w frlemma="lequel" frpos="PRON" frMUSAS="Z99">lequel</w><w frlemma="on" frpos="PRON" frMUSAS="Z8">on</w><w frlemma="ne" frpos="ADV" frMUSAS="Z6">ne</w><w frlemma="savoir" frpos="VERB" frMUSAS="X2.2+">saurait</w><w frlemma="exagérer" frpos="VERB" frMUSAS="Z99">exagérer</w><w frlemma="le" frpos="DET" frMUSAS="Z5">la</w><w frlemma="gratitude" frpos="NOUN" frMUSAS="Z99">gratitude</w><w frlemma="." frpos="PUNCT" frMUSAS="PUNCT">.</w><w frlemma="mais" frpos="CCONJ" frMUSAS="Z5">Mais</w><w frlemma="héla" frpos="NOUN" frMUSAS="E4.1-">hélas</w><w frlemma="!" frpos="PUNCT" frMUSAS="PUNCT">!</w><w frlemma="ce" frpos="DET" frMUSAS="Z5">ces</w><w frlemma="collection" frpos="NOUN" frMUSAS="Z99">collections</w><w frlemma="que" frpos="PRON" frMUSAS="Z8">qu'</w><w frlemma="il" frpos="PRON" frMUSAS="Z8">il</w><w frlemma="avoir" frpos="AUX" frMUSAS="A9+">avait</w><w frlemma="mettre" frpos="VERB" frMUSAS="Z99">mis</w><w frlemma="tant" frpos="ADV" frMUSAS="Z99">tant</w><w frlemma="de" frpos="ADP" frMUSAS="Z5">de</w><w frlemma="patience" frpos="NOUN" frMUSAS="E3+">patience</w><w frlemma="et" frpos="CCONJ" frMUSAS="Z5">et</w><w frlemma="de" frpos="ADP" frMUSAS="Z5">d'</w><w frlemma="ardeur" frpos="NOUN" frMUSAS="Z99">ardeur</w><w frlemma="à" frpos="ADP" frMUSAS="Z5">à</w><w frlemma="constituer" frpos="VERB" frMUSAS="A3+">constituer</w><w frlemma="," frpos="PUNCT" frMUSAS="PUNCT">,</w><w frlemma="il" frpos="PRON" frMUSAS="Z8">il</w><w frlemma="ne" frpos="ADV" frMUSAS="Z6">n'</w><w frlemma="avoir" frpos="AUX" frMUSAS="A9+">aura</w><w frlemma="pas" frpos="ADV" frMUSAS="Z99">pas</w><w frlemma="avoir" frpos="VERB" frMUSAS="A9+">eu</w><w frlemma="le" frpos="DET" frMUSAS="Z5">la</w><w frlemma="satisfaction" frpos="NOUN" frMUSAS="E4.2+">satisfaction</w><w frlemma="de" frpos="ADP" frMUSAS="Z5">de</w><w frlemma="le" frpos="PRON" frMUSAS="Z8">les</w><w frlemma="voir" frpos="VERB" frMUSAS="X3.4">voir</w><w frlemma="installer" frpos="VERB" frMUSAS="A1.1.1">installées</w><w frlemma="dans" frpos="ADP" frMUSAS="Z5">dans</w><w frlemma="le" frpos="DET" frMUSAS="Z5">le</w><w frlemma="nouveau" frpos="ADJ" frMUSAS="T3-">nouveau</w><w frlemma="muser" frpos="VERB" frMUSAS="T1.1.1/H1c">musée</w><w frlemma="plus" frpos="ADV" frMUSAS="Z5">plus</w><w frlemma="digne" frpos="ADJ" frMUSAS="Z99">digne</w><w frlemma="de" frpos="ADP" frMUSAS="Z5">d'</w><w frlemma="lui" frpos="PRON" frMUSAS="Z8">elles</w><w frlemma="et" frpos="CCONJ" frMUSAS="Z5">et</w><w frlemma="de" frpos="ADP" frMUSAS="Z5">de</w><w frlemma="son" frpos="DET" frMUSAS="Z5">ses</w><w frlemma="effort" frpos="NOUN" frMUSAS="X8+">efforts</w><w frlemma="." frpos="PUNCT" frMUSAS="PUNCT">.</w></p><p><w frlemma="tout" frpos="ADJ" frMUSAS="Z8">Tout</w><w frlemma="le" frpos="DET" frMUSAS="Z5">le</w><w frlemma="personnel" frpos="NOUN" frMUSAS="Z99">personnel</w><w frlemma="de" frpos="ADP" frMUSAS="Z5">de</w><w frlemma="le" frpos="DET" frMUSAS="Z5">l'</w><w frlemma="Institut" frpos="PROPN" frMUSAS="P1/S5+c">Institut</w><w frlemma="de" frpos="ADP" frMUSAS="Z5">du</w><w frlemma="caire" frpos="NOUN" frMUSAS="Z99">Caire</w><w frlemma="être" frpos="AUX" frMUSAS="Z99">était</w><w frlemma="disperser" frpos="VERB" frMUSAS="Z99">dispersé</w><w frlemma="quand" frpos="SCONJ" frMUSAS="Z5">quand</w><w frlemma="le" frpos="DET" frMUSAS="Z5">la</w><w frlemma="nouvelle" frpos="NOUN" frMUSAS="Z99">nouvelle</w><w frlemma="de" frpos="ADP" frMUSAS="Z5">du</w><w frlemma="tragique" frpos="ADJ" frMUSAS="E4.1-">tragique</w><w frlemma="accident" frpos="NOUN" frMUSAS="A1.1.2">accident</w><w frlemma="qui" frpos="PRON" frMUSAS="Z8">qui</w><w frlemma="luire" frpos="PRON" frMUSAS="Z8">lui</w><w frlemma="coûter" frpos="VERB" frMUSAS="I1.3">coûta</w><w frlemma="le" frpos="DET" frMUSAS="Z5">la</w><w frlemma="vie" frpos="NOUN" frMUSAS="L1+">vie</w><w frlemma="se" frpos="PRON" frMUSAS="Z8">s'</w><w frlemma="être" frpos="AUX" frMUSAS="M6">est</w><w frlemma="répandre" frpos="VERB" frMUSAS="Z99">répandue</w><w frlemma="en" frpos="ADP" frMUSAS="Z5">en</w><w frlemma="égypte" frpos="NOUN" frMUSAS="Z99">Égypte</w><w frlemma="et" frpos="CCONJ" frMUSAS="Z5">et</w><w frlemma="en" frpos="ADP" frMUSAS="Z5">en</w><w frlemma="France" frpos="PROPN" frMUSAS="Z99">France</w><w frlemma="." frpos="PUNCT" frMUSAS="PUNCT">.</w><w frlemma="je" frpos="PRON" frMUSAS="Z8mf">Je</w><w frlemma="savoir" frpos="VERB" frMUSAS="X2.2+">sais</w><w frlemma="avec" frpos="ADP" frMUSAS="Z5">avec</w><w frlemma="quel" frpos="DET" frMUSAS="Z5">quelle</w><w frlemma="émotion" frpos="NOUN" frMUSAS="Z99">émotion</w><w frlemma="lui" frpos="PRON" frMUSAS="Z8">elle</w><w frlemma="être" frpos="AUX" frMUSAS="Z99">fut</w><w frlemma="recevoir" frpos="VERB" frMUSAS="A9+">reçue</w><w frlemma="par" frpos="ADP" frMUSAS="M6">par</w><w frlemma="celui" frpos="PRON" frMUSAS="Z8">ceux</w><w frlemma="qui" frpos="PRON" frMUSAS="Z8">qui</w><w frlemma="avoir" frpos="AUX" frMUSAS="A9+">avaient</w><w frlemma="ici" frpos="ADV" frMUSAS="M6">ici</w><w frlemma="connaître" frpos="VERB" frMUSAS="X2.2+">connu</w><w frlemma="Claude" frpos="PROPN" frMUSAS="Z99">Claude</w><w frlemma="Prost" frpos="PROPN" frMUSAS="Z99">Prost</w><w frlemma="." frpos="PUNCT" frMUSAS="PUNCT">.</w><w frlemma="en" frpos="ADP" frMUSAS="Z5">En</w><w frlemma="syrie" frpos="NOUN" frMUSAS="Z99">Syrie</w><w frlemma="son" frpos="DET" frMUSAS="Z5">ses</w><w frlemma="ami" frpos="NOUN" frMUSAS="S3.1/S2mf">amis</w><w frlemma="être" frpos="AUX" frMUSAS="Z99">étaient</w><w frlemma="nombreux" frpos="ADJ" frMUSAS="N5+">nombreux</w><w frlemma="et" frpos="CCONJ" frMUSAS="Z5">et</w><w frlemma="le" frpos="DET" frMUSAS="Z5">l'</w><w frlemma="un" frpos="PRON" frMUSAS="Z5">un</w><w frlemma="de" frpos="ADP" frMUSAS="Z5">d'</w><w frlemma="lui" frpos="PRON" frMUSAS="Z8mfn">eux</w><w frlemma="," frpos="PUNCT" frMUSAS="PUNCT">,</w><w frlemma="Sir" frpos="PROPN" frMUSAS="Z99">Sir</w><w frlemma="Leonard" frpos="PROPN" frMUSAS="Z99">Leonard</w><w frlemma="Woolley" frpos="PROPN" frMUSAS="Z99">Woolley</w><w frlemma="," frpos="PUNCT" frMUSAS="PUNCT">,</w><w frlemma="nous" frpos="PRON" frMUSAS="Z8">nous</w><w frlemma="dire" frpos="VERB" frMUSAS="Q2.1">dit</w><w frlemma="le" frpos="DET" frMUSAS="Z5">le</w><w frlemma="deuil" frpos="NOUN" frMUSAS="Z99">deuil</w><w frlemma="de" frpos="ADP" frMUSAS="Z5">de</w><w frlemma="son" frpos="DET" frMUSAS="Z5">son</w><w frlemma="amitié" frpos="NOUN" frMUSAS="S3.1">amitié</w><w frlemma="en" frpos="ADP" frMUSAS="Z5">en</w><w frlemma="terme" frpos="NOUN" frMUSAS="Z99">termes</w><w frlemma="chaleureux" frpos="ADJ" frMUSAS="O4.6+">chaleureux</w><w frlemma="." frpos="PUNCT" frMUSAS="PUNCT">.</w><w frlemma="je" frpos="PRON" frMUSAS="Z8mf">Je</w><w frlemma="ne" frpos="ADV" frMUSAS="Z6">ne</w><w frlemma="croire" frpos="VERB" frMUSAS="X2.1">crois</w><w frlemma="pas" frpos="ADV" frMUSAS="Z99">pas</w><w frlemma="faire" frpos="AUX" frMUSAS="Z99">faire</w><w frlemma="mieux" frpos="ADV" frMUSAS="A5.1++">mieux</w><w frlemma="que" frpos="SCONJ" frMUSAS="Z5">que</w><w frlemma="de" frpos="ADP" frMUSAS="Z5">de</w><w frlemma="tenter" frpos="VERB" frMUSAS="Z99">tenter</w><w frlemma="de" frpos="ADP" frMUSAS="Z5">de</w><w frlemma="le" frpos="DET" frMUSAS="Z5">les</w><w frlemma="traduire" frpos="NOUN" frMUSAS="Q3">traduire</w><w frlemma="." frpos="PUNCT" frMUSAS="PUNCT">.</w><w frlemma="ce" frpos="DET" frMUSAS="Z5">Ce</w><w frlemma="bel" frpos="NOUN" frMUSAS="Z99">bel</w><w frlemma="hommage" frpos="NOUN" frMUSAS="Z99">hommage</w><w frlemma="rendre" frpos="VERB" frMUSAS="Z99">rendu</w><w frlemma="à" frpos="ADP" frMUSAS="Z5">à</w><w frlemma="notre" frpos="DET" frMUSAS="Z8">notre</w><w frlemma="camarade" frpos="NOUN" frMUSAS="Z99">camarade</w><w frlemma="toucher" frpos="VERB" frMUSAS="X3.3">touchera</w><w frlemma="le" frpos="DET" frMUSAS="Z5">le</w><w frlemma="cœur" frpos="NOUN" frMUSAS="B1">cœur</w><w frlemma="de" frpos="ADP" frMUSAS="Z5">des</w><w frlemma="lecteur" frpos="NOUN" frMUSAS="Q4.1/S2mf">lecteurs</w><w frlemma="de" frpos="ADP" frMUSAS="Z5">de</w><w frlemma="notre" frpos="DET" frMUSAS="Z8">notre</w><w frlemma="Bulletin" frpos="PROPN" frMUSAS="Z99">Bulletin</w><w frlemma="," frpos="PUNCT" frMUSAS="PUNCT">,</w><w frlemma="soucieux" frpos="ADJ" frMUSAS="Z99">soucieux</w><w frlemma="un" frpos="DET" frMUSAS="Z5">des</w><w frlemma="destinée" frpos="NOUN" frMUSAS="Z99">destinées</w><w frlemma="de" frpos="ADP" frMUSAS="Z5">de</w><w frlemma="notre" frpos="DET" frMUSAS="Z8">notre</w><w frlemma="maison" frpos="NOUN" frMUSAS="H1">maison</w><w frlemma="." frpos="PUNCT" frMUSAS="PUNCT">.</w><w frlemma="«" frpos="VERB" frMUSAS="Z99">«</w><w frlemma="son" frpos="DET" frMUSAS="Z5">Sa</w><w frlemma="bel" frpos="ADJ" frMUSAS="Z99">belle</w><w frlemma="prestance" frpos="NOUN" frMUSAS="Z99">prestance</w><w frlemma="," frpos="PUNCT" frMUSAS="PUNCT">,</w><w frlemma="écrire" frpos="VERB" frMUSAS="Q1.2">écrit</w><w frlemma="Sir" frpos="PROPN" frMUSAS="Z99">Sir</w><w frlemma="Leonard" frpos="PROPN" frMUSAS="Z99">Leonard</w><w frlemma="Woolley" frpos="PROPN" frMUSAS="Z99">Woolley</w><w frlemma="," frpos="PUNCT" frMUSAS="PUNCT">,</w><w frlemma="son" frpos="DET" frMUSAS="Z5">son</w><w frlemma="infatigable" frpos="NOUN" frMUSAS="Z99">infatigable</w><w frlemma="énergie" frpos="NOUN" frMUSAS="X5.2+">énergie</w><w frlemma="," frpos="PUNCT" frMUSAS="PUNCT">,</w><w frlemma="le" frpos="DET" frMUSAS="Z5">l'</w><w frlemma="enjouement" frpos="NOUN" frMUSAS="Z99">enjouement</w><w frlemma="," frpos="PUNCT" frMUSAS="PUNCT">,</w><w frlemma="le" frpos="DET" frMUSAS="Z5">la</w><w frlemma="rude" frpos="ADJ" frMUSAS="Z99">rude</w><w frlemma="franchise" frpos="NOUN" frMUSAS="Z99">franchise</w><w frlemma="et" frpos="CCONJ" frMUSAS="Z5">et</w><w frlemma="le" frpos="DET" frMUSAS="Z5">les</w><w frlemma="saillie" frpos="NOUN" frMUSAS="Z99">saillies</w><w frlemma="plaisanter" frpos="VERB" frMUSAS="E4.1+">plaisantes</w><w frlemma="de" frpos="ADP" frMUSAS="Z5">de</w><w frlemma="son" frpos="DET" frMUSAS="Z5">son</w><w frlemma="esprit" frpos="NOUN" frMUSAS="Z99">esprit</w><w frlemma="faire" frpos="VERB" frMUSAS="Z99">faisaient</w><w frlemma="de" frpos="ADP" frMUSAS="Z5">de</w><w frlemma="(" frpos="PUNCT" frMUSAS="PUNCT">(</w><w frlemma="Prost" frpos="PROPN" frMUSAS="Z99">Prost</w><w frlemma=")" frpos="PUNCT" frMUSAS="PUNCT">)</w><w frlemma="le" frpos="DET" frMUSAS="Z5">l'</w><w frlemma="homme" frpos="NOUN" frMUSAS="I3.1">homme</w><w frlemma="le" frpos="DET" frMUSAS="Z5">le</w><w frlemma="plus" frpos="ADV" frMUSAS="Z5">plus</w><w frlemma="vivant" frpos="ADJ" frMUSAS="Z99">vivant</w><w frlemma="et" frpos="CCONJ" frMUSAS="Z5">et</w><w frlemma="le" frpos="DET" frMUSAS="Z5">le</w><w frlemma="plus" frpos="ADV" frMUSAS="Z5">plus</w><w frlemma="aimable" frpos="VERB" frMUSAS="Z99">aimable</w><w frlemma="que" frpos="SCONJ" frMUSAS="Z5">que</w><w frlemma="je" frpos="PRON" frMUSAS="Z8mf">j'</w><w frlemma="avoir" frpos="PRON" frMUSAS="A9+">aie</w><w frlemma="jamais" frpos="ADV" frMUSAS="T1/Z6">jamais</w><w frlemma="rencontrer" frpos="VERB" frMUSAS="S3.1">rencontré</w><w frlemma="." frpos="PUNCT" frMUSAS="PUNCT">.</w><w frlemma="je" frpos="PRON" frMUSAS="Z8mf">Je</w><w frlemma="le" frpos="PRON" frMUSAS="Z8">l'</w><w frlemma="avoir" frpos="AUX" frMUSAS="A9+">ai</w><w frlemma="connaître" frpos="VERB" frMUSAS="X2.2+">connu</w><w frlemma="depuis" frpos="ADP" frMUSAS="Z5">depuis</w><w frlemma="son" frpos="DET" frMUSAS="Z5">sa</w><w frlemma="premier" frpos="ADJ" frMUSAS="N4">première</w><w frlemma="entrée" frpos="NOUN" frMUSAS="M7">entrée</w><w frlemma="au" frpos="ADP" frMUSAS="Z5">au</w><w frlemma="service" frpos="NOUN" frMUSAS="A1.1.1">Service</w><w frlemma="et" frpos="CCONJ" frMUSAS="Z5">et</w><w frlemma="nous" frpos="PRON" frMUSAS="Z8">nous</w><w frlemma="avoir" frpos="AUX" frMUSAS="A9+">avons</w><w frlemma="travailler" frpos="VERB" frMUSAS="I3.1">travaillé</w><w frlemma="ensembl" frpos="ADJ" frMUSAS="Z99">ensemble</w><w frlemma="." frpos="PUNCT" frMUSAS="PUNCT">.</w><w frlemma="le" frpos="DET" frMUSAS="Z5">Les</w><w frlemma="relation" frpos="NOUN" frMUSAS="S3.1">relations</w><w frlemma="avec" frpos="ADP" frMUSAS="Z5">avec</w><w frlemma="luire" frpos="PRON" frMUSAS="Z8">lui</w><w frlemma="ne" frpos="ADV" frMUSAS="Z6">n'</w><w frlemma="être" frpos="AUX" frMUSAS="Z99">étaient</w><w frlemma="pas" frpos="ADV" frMUSAS="Z99">pas</w><w frlemma="le" frpos="DET" frMUSAS="Z5">le</w><w frlemma="moindre" frpos="NOUN" frMUSAS="Z99">moindre</w><w frlemma="attrait" frpos="ADJ" frMUSAS="Z99">attrait</w><w frlemma="de" frpos="ADP" frMUSAS="Z5">de</w><w frlemma="notre" frpos="DET" frMUSAS="Z8">notre</w><w frlemma="mission" frpos="NOUN" frMUSAS="X7+">mission</w><w frlemma="syrien" frpos="ADJ" frMUSAS="Z2/S2mf">syrienne</w><w frlemma="." frpos="PUNCT" frMUSAS="PUNCT">.</w><w frlemma="il" frpos="PRON" frMUSAS="Z8">Il</w><w frlemma="se" frpos="PRON" frMUSAS="Z8">s'</w><w frlemma="y" frpos="PRON" frMUSAS="M6">y</w><w frlemma="être" frpos="AUX" frMUSAS="Z99">était</w><w frlemma="intéresser" frpos="VERB" frMUSAS="Z99">intéressé</w><w frlemma="dès" frpos="ADP" frMUSAS="Z5">dès</w><w frlemma="le" frpos="DET" frMUSAS="Z5">le</w><w frlemma="début" frpos="NOUN" frMUSAS="T2+">début</w><w frlemma="," frpos="PUNCT" frMUSAS="PUNCT">,</w><w frlemma="comme" frpos="ADP" frMUSAS="Z5">comme</w><w frlemma="si" frpos="SCONJ" frMUSAS="Z5">si</w><w frlemma="lui" frpos="PRON" frMUSAS="Z8">elle</w><w frlemma="être" frpos="AUX" frMUSAS="Z99">était</w><w frlemma="le" frpos="DET" frMUSAS="Z5">la</w><w frlemma="sienne" frpos="NOUN" frMUSAS="Z99">sienne</w><w frlemma="propre" frpos="ADJ" frMUSAS="Z99">propre</w><w frlemma=";" frpos="PUNCT" frMUSAS="PUNCT">;</w><w frlemma="il" frpos="PRON" frMUSAS="Z8">il</w><w frlemma="nous" frpos="PRON" frMUSAS="Z8">nous</w><w frlemma="offrir" frpos="VERB" frMUSAS="A9-">offrait</w><w frlemma="tout" frpos="ADJ" frMUSAS="Z8">toute</w><w frlemma="son" frpos="DET" frMUSAS="Z5">son</w><w frlemma="aide" frpos="NOUN" frMUSAS="Z99">aide</w><w frlemma="et" frpos="CCONJ" frMUSAS="Z5">et</w><w frlemma="savoir" frpos="VERB" frMUSAS="X2.2+">savait</w><w frlemma="aplanir" frpos="VERB" frMUSAS="Z99">aplanir</w><w frlemma="tout" frpos="ADJ" frMUSAS="Z8">toutes</w><w frlemma="le" frpos="DET" frMUSAS="Z5">les</w><w frlemma="difficulté" frpos="NOUN" frMUSAS="A12-">difficultés</w><w frlemma="." frpos="PUNCT" frMUSAS="PUNCT">.</w><w frlemma="je" frpos="PRON" frMUSAS="Z8mf">Je</w><w frlemma="ne" frpos="ADV" frMUSAS="Z6">ne</w><w frlemma="être" frpos="AUX" frMUSAS="Z99">suis</w><w frlemma="pas" frpos="ADV" frMUSAS="Z99">pas</w><w frlemma="seul" frpos="ADJ" frMUSAS="Z99">seul</w><w frlemma="," frpos="PUNCT" frMUSAS="PUNCT">,</w><w frlemma="je" frpos="PRON" frMUSAS="Z8mf">je</w><w frlemma="le" frpos="PRON" frMUSAS="Z8">le</w><w frlemma="sai" frpos="NOUN" frMUSAS="Z99">sais</w><w frlemma="," frpos="PUNCT" frMUSAS="PUNCT">,</w><w frlemma="à" frpos="ADP" frMUSAS="Z5">à</w><w frlemma="en" frpos="PRON" frMUSAS="Z8">en</w><w frlemma="avoir" frpos="AUX" frMUSAS="A9+">avoir</w><w frlemma="faire" frpos="VERB" frMUSAS="Z99">fait</w><w frlemma="le" frpos="DET" frMUSAS="Z5">l'</w><w frlemma="expérience" frpos="NOUN" frMUSAS="A2.1+/A3+">expérience</w><w frlemma=":" frpos="PUNCT" frMUSAS="PUNCT">:</w><w frlemma="ce" frpos="PRON" frMUSAS="Z8">c'</w><w frlemma="être" frpos="AUX" frMUSAS="M6">est</w><w frlemma="aussi" frpos="ADV" frMUSAS="Z99">aussi</w><w frlemma="celui" frpos="PRON" frMUSAS="Z8">celle</w><w frlemma="de" frpos="ADP" frMUSAS="Z5">de</w><w frlemma="tout" frpos="ADJ" frMUSAS="Z8">tous</w><w frlemma="le" frpos="DET" frMUSAS="Z5">les</w><w frlemma="fouilleur" frpos="NOUN" frMUSAS="Z99">fouilleurs</w><w frlemma="de" frpos="ADP" frMUSAS="Z5">de</w><w frlemma="son" frpos="DET" frMUSAS="Z5">son</w><w frlemma="district" frpos="NOUN" frMUSAS="Z99">district</w><w frlemma="." frpos="PUNCT" frMUSAS="PUNCT">.</w><w frlemma="mais" frpos="CCONJ" frMUSAS="Z5">Mais</w><w frlemma="mon" frpos="DET" frMUSAS="Z5">mes</w><w frlemma="regret" frpos="NOUN" frMUSAS="Z99">regrets</w><w frlemma="pour" frpos="ADP" frMUSAS="Z5">pour</w><w frlemma="le" frpos="DET" frMUSAS="Z5">le</w><w frlemma="fonctionnaire" frpos="NOUN" frMUSAS="Z99">fonctionnaire</w><pb n="127"/><w frlemma="ne" frpos="ADV" frMUSAS="Z6">ne</w><w frlemma="être" frpos="AUX" frMUSAS="Z99">sont</w><w frlemma="rien" frpos="PRON" frMUSAS="A11.1-">rien</w><w frlemma="au" frpos="ADP" frMUSAS="Z5">au</w><w frlemma="prix" frpos="NOUN" frMUSAS="Z99">prix</w><w frlemma="de" frpos="ADP" frMUSAS="Z5">du</w><w frlemma="chagrin" frpos="NOUN" frMUSAS="Z99">chagrin</w><w frlemma="que" frpos="PRON" frMUSAS="Z8">que</w><w frlemma="me" frpos="PRON" frMUSAS="Z8">me</w><w frlemma="cause" frpos="VERB" frMUSAS="A2.2">cause</w><w frlemma="le" frpos="DET" frMUSAS="Z5">la</w><w frlemma="mort" frpos="NOUN" frMUSAS="Z99">mort</w><w frlemma="de" frpos="ADP" frMUSAS="Z5">de</w><w frlemma="le" frpos="DET" frMUSAS="Z5">l'</w><w frlemma="homme" frpos="NOUN" frMUSAS="I3.1">homme</w><w frlemma="." frpos="PUNCT" frMUSAS="PUNCT">.</w><w frlemma="il" frpos="PRON" frMUSAS="Z8">Il</w><w frlemma="être" frpos="AUX" frMUSAS="Z99">était</w><w frlemma="aimable" frpos="ADJ" frMUSAS="Z99">aimable</w><w frlemma="et" frpos="CCONJ" frMUSAS="Z5">et</w><w frlemma="aimer" frpos="VERB" frMUSAS="Z99">aimé</w><w frlemma="." frpos="PUNCT" frMUSAS="PUNCT">.</w><w frlemma="voyager" frpos="VERB" frMUSAS="M1">Voyager</w><w frlemma="avec" frpos="ADP" frMUSAS="Z5">avec</w><w frlemma="luire" frpos="PRON" frMUSAS="Z8">lui</w><w frlemma="ce" frpos="PRON" frMUSAS="Z8">c'</w><w frlemma="être" frpos="AUX" frMUSAS="Z99">était</w><w frlemma="rencontrer" frpos="VERB" frMUSAS="S3.1">rencontrer</w><w frlemma="partout" frpos="ADV" frMUSAS="M6/N5.1+">partout</w><w frlemma="un" frpos="DET" frMUSAS="Z5">des</w><w frlemma="figure" frpos="NOUN" frMUSAS="Z99">figures</w><w frlemma="qui" frpos="PRON" frMUSAS="Z8">qui</w><w frlemma="se" frpos="PRON" frMUSAS="Z8">s'</w><w frlemma="illuminer" frpos="VERB" frMUSAS="Z99">illuminaient</w><w frlemma="à" frpos="ADP" frMUSAS="Z5">à</w><w frlemma="son" frpos="DET" frMUSAS="Z5">son</w><w frlemma="approche" frpos="NOUN" frMUSAS="M1">approche</w><w frlemma="et" frpos="CCONJ" frMUSAS="Z5">et</w><w frlemma="ce" frpos="PRON" frMUSAS="Z8">ce</w><w frlemma="ne" frpos="ADV" frMUSAS="Z6">n'</w><w frlemma="être" frpos="AUX" frMUSAS="M6">est</w><w frlemma="pas" frpos="ADV" frMUSAS="Z99">pas</w><w frlemma="seulement" frpos="ADV" frMUSAS="A14">seulement</w><w frlemma="le" frpos="DET" frMUSAS="Z5">les</w><w frlemma="européen" frpos="NOUN" frMUSAS="Z2">Européens</w><w frlemma="que" frpos="PRON" frMUSAS="Z8">qu'</w><w frlemma="il" frpos="PRON" frMUSAS="Z8">il</w><w frlemma="avoir" frpos="VERB" frMUSAS="A9+">eut</w><w frlemma="pour" frpos="ADP" frMUSAS="Z5">pour</w><w frlemma="ami" frpos="NOUN" frMUSAS="S3.1/S2mf">amis</w><w frlemma=";" frpos="PUNCT" frMUSAS="PUNCT">;</w><w frlemma="parmi" frpos="ADP" frMUSAS="Z5">parmi</w><w frlemma="tout" frpos="ADJ" frMUSAS="Z8">tous</w><w frlemma="celui" frpos="PRON" frMUSAS="Z8">ceux</w><w frlemma="qui" frpos="PRON" frMUSAS="Z8">qui</w><w frlemma="le" frpos="PRON" frMUSAS="Z8">l'</w><w frlemma="avoir" frpos="AUX" frMUSAS="A9+">ont</w><w frlemma="connaître" frpos="VERB" frMUSAS="X2.2+">connu</w><w frlemma="," frpos="PUNCT" frMUSAS="PUNCT">,</w><w frlemma="quel" frpos="DET" frMUSAS="Z5">quelle</w><w frlemma="que" frpos="SCONJ" frMUSAS="Z5">que</w><w frlemma="fût" frpos="PRON" frMUSAS="Z99">fût</w><w frlemma="son" frpos="DET" frMUSAS="Z5">leur</w><w frlemma="race" frpos="NOUN" frMUSAS="Z99">race</w><w frlemma="ou" frpos="CCONJ" frMUSAS="Z5">ou</w><w frlemma="son" frpos="DET" frMUSAS="Z5">leur</w><w frlemma="foi" frpos="NOUN" frMUSAS="E6+">foi</w><w frlemma="," frpos="PUNCT" frMUSAS="PUNCT">,</w><w frlemma="régner" frpos="VERB" frMUSAS="S7.1+">règne</w><w frlemma="un" frpos="DET" frMUSAS="Z5">une</w><w frlemma="sincère" frpos="NOUN" frMUSAS="A5.4+">sincère</w><w frlemma="douleur" frpos="NOUN" frMUSAS="B2-">douleur</w><w frlemma="pour" frpos="ADP" frMUSAS="Z5">pour</w><w frlemma="le" frpos="DET" frMUSAS="Z5">la</w><w frlemma="perte" frpos="NOUN" frMUSAS="I1.2">perte</w><w frlemma="de" frpos="ADP" frMUSAS="Z5">de</w><w frlemma="ce" frpos="DET" frMUSAS="Z5">ce</w><w frlemma="charmant" frpos="ADJ" frMUSAS="O4.2+">charmant</w><w frlemma="et" frpos="CCONJ" frMUSAS="Z5">et</w><w frlemma="courageux" frpos="ADJ" frMUSAS="E5+/S1.2">courageux</w><w frlemma="esprit" frpos="ADJ" frMUSAS="Z99">esprit</w><w frlemma="." frpos="PUNCT" frMUSAS="PUNCT">.</w><w frlemma="»" frpos="PUNCT" frMUSAS="PUNCT">»</w></p><p><w frlemma="P." frpos="PROPN" frMUSAS="Z99">P.</w><w frlemma="Jouguet" frpos="PROPN" frMUSAS="Z99">Jouguet</w><w frlemma="." frpos="PUNCT" frMUSAS="PUNCT">.</w><note place="bottom">(D J'ai le grand regret de n'avoir pas connu — donner quelques renseignements sur sa carrière personnellement Claude Prost. M. Seyrig, que — syrienne et m'a fait connaître l'article de Sir je remercie très cordialement, a bien voulume = Leonard Woolley, dans le Tänes du 6 juin 1936.</note></p></text></TEI>