<?xml version='1.0' encoding='UTF-8'?>
<TEI xmlns="http://www.tei-c.org/ns/1.0"><teiHeader><fileDesc><titleStmt><title>Michel Baud (1963-2012).</title></titleStmt><publicationStmt>Corpus produit par l'étudiant MA1 Ph. Hennebert (philippe.hennebert@student.uliege.be) du cours de l'Université de Liège Corpus INFO0943: 'Corpus textuels: principes de constitution et d'analyse'</publicationStmt><sourceDesc><p>https://www.ifao.egnet.net/bifao/112/3/ (BIFAO en ligne) processed using python scripts in https://github.com/PhilHen/BIFAOCorpusTools (typographical zones detected using OpenCV, OCR with Tesseract)</p></sourceDesc></fileDesc><encodingDesc><classDecl><taxonomy id="frpos"><bibl><title>pos tagset build from https://spacy.io/</title></bibl></taxonomy><taxonomy id="frlemma"><bibl><title>fr lemma of the model https://spacy.io/</title></bibl></taxonomy><taxonomy id="frMUSAS"><bibl><title>semantic tagging https://ucrel.github.io/pymusas/usage/how_to/tag_text#french</title></bibl></taxonomy></classDecl><editorialDecl><correction>Les erreurs d'orthographe confirmées par examen du PDF source n'ont pas été corrigées. Une vérification et correction manuelle du texte a été réalisée par Ph. Hennebert (philippe.hennebert@student.uliege.be) le 29/12/2023</correction><hyphenation>Les mots coupés en fin de ligne ont été réassemblés automatiquement, pour autant que la forme combinée sans trait d'union soit attestée dans le dictionnaire français https://unitexgramlab.org/fr/language-resources</hyphenation></editorialDecl></encodingDesc></teiHeader><text id="BIFAO112_art_03.pdf" auteur="Pierre Tallet" annee="2013" titre="Michel Baud (1963-2012)." textId="12A03" nomDefunt="Baud" metierDefunt="historien" categ="Nécrologie"><p><pb n="11"/><w frlemma="1963" frpos="NOUN" frMUSAS="Z99">1963</w><w frlemma="-" frpos="NOUN" frMUSAS="Z99">-</w><w frlemma="2012" frpos="NUM" frMUSAS="N1">2012</w><w frlemma="le" frpos="DET" frMUSAS="Z5">La</w><w frlemma="communauté" frpos="NOUN" frMUSAS="S5+c">communauté</w><w frlemma="égyptologique" frpos="ADJ" frMUSAS="Z99">égyptologique</w><w frlemma="avoir" frpos="AUX" frMUSAS="A9+">a</w><w frlemma="être" frpos="AUX" frMUSAS="T1.3">été</w><w frlemma="bouleverser" frpos="VERB" frMUSAS="Z99">bouleversée</w><w frlemma="par" frpos="ADP" frMUSAS="M6">par</w><w frlemma="le" frpos="DET" frMUSAS="Z5">la</w><w frlemma="disparition" frpos="NOUN" frMUSAS="A10-">disparition</w><w frlemma="brutal" frpos="ADJ" frMUSAS="E3-">brutale</w><w frlemma="de" frpos="ADP" frMUSAS="Z5">de</w><w frlemma="Michel" frpos="PROPN" frMUSAS="Z99">Michel</w><w frlemma="Baud" frpos="PROPN" frMUSAS="Z99">Baud</w><w frlemma="," frpos="PUNCT" frMUSAS="PUNCT">,</w><w frlemma="le" frpos="DET" frMUSAS="Z5">le</w><w frlemma="13" frpos="NUM" frMUSAS="N1">13</w><w frlemma="septembre" frpos="NOUN" frMUSAS="T1.3">septembre</w><w frlemma="2012" frpos="NUM" frMUSAS="N1">2012</w><w frlemma="." frpos="PUNCT" frMUSAS="PUNCT">.</w><w frlemma="tout" frpos="ADJ" frMUSAS="Z8">Tous</w><w frlemma="celui" frpos="PRON" frMUSAS="Z8">ceux</w><w frlemma="qui" frpos="PRON" frMUSAS="Z8">qui</w><w frlemma="le" frpos="PRON" frMUSAS="Z8">l'</w><w frlemma="avoir" frpos="AUX" frMUSAS="A9+">ont</w><w frlemma="connaître" frpos="VERB" frMUSAS="X2.2+">connu</w><w frlemma="conserver" frpos="VERB" frMUSAS="Z99">conserveront</w><w frlemma="avant" frpos="ADP" frMUSAS="Z5">avant</w><w frlemma="tout" frpos="ADV" frMUSAS="Z8">tout</w><w frlemma="le" frpos="DET" frMUSAS="Z5">la</w><w frlemma="mémoire" frpos="NOUN" frMUSAS="X2">mémoire</w><w frlemma="de" frpos="ADP" frMUSAS="Z5">d'</w><w frlemma="un" frpos="DET" frMUSAS="Z5">un</w><w frlemma="chercheur" frpos="NOUN" frMUSAS="X2.4/S2mf">chercheur</w><w frlemma="doter" frpos="ADJ" frMUSAS="Z99">doté</w><w frlemma="de" frpos="ADP" frMUSAS="Z5">d'</w><w frlemma="un" frpos="DET" frMUSAS="Z5">une</w><w frlemma="inlassable" frpos="ADJ" frMUSAS="Z99">inlassable</w><w frlemma="énergie" frpos="NOUN" frMUSAS="X5.2+">énergie</w><w frlemma="," frpos="PUNCT" frMUSAS="PUNCT">,</w><w frlemma="de" frpos="ADP" frMUSAS="Z5">d'</w><w frlemma="un" frpos="DET" frMUSAS="Z5">une</w><w frlemma="curiosité" frpos="NOUN" frMUSAS="X5.2+">curiosité</w><w frlemma="intellectuel" frpos="ADJ" frMUSAS="X2">intellectuelle</w><w frlemma="toujours" frpos="ADV" frMUSAS="N6+++">toujours</w><w frlemma="en" frpos="ADP" frMUSAS="Z5">en</w><w frlemma="mouvement" frpos="ADV" frMUSAS="M1">mouvement</w><w frlemma="," frpos="PUNCT" frMUSAS="PUNCT">,</w><w frlemma="capable" frpos="ADJ" frMUSAS="Z99">capable</w><w frlemma="de" frpos="ADP" frMUSAS="Z5">de</w><w frlemma="se" frpos="PRON" frMUSAS="Z8">s'</w><w frlemma="exprimer" frpos="VERB" frMUSAS="Q1.1">exprimer</w><w frlemma="aussi" frpos="ADV" frMUSAS="Z99">aussi</w><w frlemma="bien" frpos="ADV" frMUSAS="A10+">bien</w><w frlemma="au" frpos="ADP" frMUSAS="Z5">au</w><w frlemma="travers" frpos="NOUN" frMUSAS="Z99">travers</w><w frlemma="de" frpos="ADP" frMUSAS="Z5">de</w><w frlemma="le" frpos="DET" frMUSAS="Z5">la</w><w frlemma="recherche" frpos="NOUN" frMUSAS="Z99">recherche</w><w frlemma="sur" frpos="ADP" frMUSAS="Z5">sur</w><w frlemma="le" frpos="DET" frMUSAS="Z5">le</w><w frlemma="terrain" frpos="NOUN" frMUSAS="Z99">terrain</w><w frlemma="–" frpos="PROPN" frMUSAS="Z99">–</w><w frlemma="il" frpos="PRON" frMUSAS="Z8">il</w><w frlemma="être" frpos="AUX" frMUSAS="Z99">fut</w><w frlemma="le" frpos="DET" frMUSAS="Z5">le</w><w frlemma="directeur" frpos="NOUN" frMUSAS="S7.1+/S2mf">directeur</w><w frlemma="de" frpos="ADP" frMUSAS="Z5">de</w><w frlemma="nombreux" frpos="ADJ" frMUSAS="N5+">nombreux</w><w frlemma="programme" frpos="NOUN" frMUSAS="Y2">programmes</w><w frlemma="archéologique" frpos="ADJ" frMUSAS="Z99">archéologiques</w><w frlemma="–" frpos="NOUN" frMUSAS="Z99">–</w><w frlemma="que" frpos="SCONJ" frMUSAS="Z5">que</w><w frlemma="dans" frpos="ADP" frMUSAS="Z5">dans</w><w frlemma="le" frpos="DET" frMUSAS="Z5">la</w><w frlemma="recherche" frpos="NOUN" frMUSAS="Z99">recherche</w><w frlemma="académique" frpos="ADJ" frMUSAS="Z99">académique</w><w frlemma="et" frpos="CCONJ" frMUSAS="Z5">et</w><w frlemma="le" frpos="DET" frMUSAS="Z5">l'</w><w frlemma="enseignement" frpos="NOUN" frMUSAS="Z99">enseignement</w><w frlemma="," frpos="PUNCT" frMUSAS="PUNCT">,</w><w frlemma="que" frpos="SCONJ" frMUSAS="Z5">qu'</w><w frlemma="il" frpos="PRON" frMUSAS="Z8">il</w><w frlemma="dispenser" frpos="VERB" frMUSAS="Z99">dispensa</w><w frlemma="notamment" frpos="ADV" frMUSAS="A14">notamment</w><w frlemma="dans" frpos="ADP" frMUSAS="Z5">dans</w><w frlemma="le" frpos="DET" frMUSAS="Z5">le</w><w frlemma="cadre" frpos="NOUN" frMUSAS="Z99">cadre</w><w frlemma="de" frpos="ADP" frMUSAS="Z5">de</w><w frlemma="le" frpos="DET" frMUSAS="Z5">l'</w><w frlemma="école" frpos="NOUN" frMUSAS="P1">École</w><w frlemma="de" frpos="ADP" frMUSAS="Z5">du</w><w frlemma="Louvre" frpos="PROPN" frMUSAS="Z99">Louvre</w><w frlemma="et" frpos="CCONJ" frMUSAS="Z5">et</w><w frlemma="de" frpos="ADP" frMUSAS="Z5">de</w><w frlemma="le" frpos="DET" frMUSAS="Z5">l'</w><w frlemma="Institut" frpos="PROPN" frMUSAS="P1/S5+c">Institut</w><w frlemma="Khéops" frpos="PROPN" frMUSAS="Z99">Khéops</w><w frlemma="." frpos="PUNCT" frMUSAS="PUNCT">.</w><w frlemma="il" frpos="PRON" frMUSAS="Z8">Il</w><w frlemma="ne" frpos="ADV" frMUSAS="Z6">n'</w><w frlemma="avoir" frpos="AUX" frMUSAS="A9+">aura</w><w frlemma="malheureusement" frpos="ADV" frMUSAS="A1.4-">malheureusement</w><w frlemma="pas" frpos="ADV" frMUSAS="Z99">pas</w><w frlemma="avoir" frpos="VERB" frMUSAS="A9+">eu</w><w frlemma="le" frpos="DET" frMUSAS="Z5">le</w><w frlemma="temps" frpos="NOUN" frMUSAS="T1">temps</w><w frlemma="de" frpos="ADP" frMUSAS="Z5">de</w><w frlemma="prendre" frpos="VERB" frMUSAS="A9+">prendre</w><w frlemma="son" frpos="DET" frMUSAS="Z5">ses</w><w frlemma="fonction" frpos="NOUN" frMUSAS="A1.1.1">fonctions</w><w frlemma="à" frpos="ADP" frMUSAS="Z5">à</w><w frlemma="le" frpos="DET" frMUSAS="Z5">l'</w><w frlemma="université" frpos="NOUN" frMUSAS="P1/H1c">université</w><w frlemma="de" frpos="ADP" frMUSAS="Z5">de</w><w frlemma="Paris" frpos="PROPN" frMUSAS="Z99">Paris</w><w frlemma="-" frpos="PROPN" frMUSAS="Z99">-</w><w frlemma="Sorbonne" frpos="PROPN" frMUSAS="Z99">Sorbonne</w><w frlemma="," frpos="PUNCT" frMUSAS="PUNCT">,</w><w frlemma="où" frpos="PRON" frMUSAS="Z8">où</w><w frlemma="il" frpos="PRON" frMUSAS="Z8">il</w><w frlemma="avoir" frpos="AUX" frMUSAS="A9+">avait</w><w frlemma="être" frpos="AUX" frMUSAS="T1.3">été</w><w frlemma="nommer" frpos="VERB" frMUSAS="Z99">nommé</w><w frlemma="maître" frpos="ADJ" frMUSAS="S7.1+/S2.2m">maître</w><w frlemma="de" frpos="ADP" frMUSAS="Z5">de</w><w frlemma="conférence" frpos="NOUN" frMUSAS="S1.1.3+">conférences</w><w frlemma="au" frpos="ADP" frMUSAS="Z5">au</w><w frlemma="printemps" frpos="NOUN" frMUSAS="M1">printemps</w><w frlemma="dernier" frpos="ADJ" frMUSAS="N4">dernier</w><w frlemma="." frpos="PUNCT" frMUSAS="PUNCT">.</w><w frlemma="comme" frpos="SCONJ" frMUSAS="Z5">Comme</w><w frlemma="il" frpos="PRON" frMUSAS="Z8">il</w><w frlemma="aimer" frpos="VERB" frMUSAS="Z99">aimait</w><w frlemma="lui-même" frpos="PRON" frMUSAS="Z8m">lui-même</w><w frlemma="à" frpos="ADP" frMUSAS="Z5">à</w><w frlemma="le" frpos="PRON" frMUSAS="Z8">le</w><w frlemma="dire" frpos="NOUN" frMUSAS="Q2.1">dire</w><w frlemma="," frpos="PUNCT" frMUSAS="PUNCT">,</w><w frlemma="Michel" frpos="PROPN" frMUSAS="Z99">Michel</w><w frlemma="Baud" frpos="PROPN" frMUSAS="Z99">Baud</w><w frlemma="avoir" frpos="VERB" frMUSAS="A9+">aura</w><w frlemma="cependant" frpos="ADV" frMUSAS="A13.1">cependant</w><w frlemma="," frpos="PUNCT" frMUSAS="PUNCT">,</w><w frlemma="même" frpos="ADV" frMUSAS="Z99">même</w><w frlemma="au" frpos="ADP" frMUSAS="Z5">au</w><w frlemma="cours" frpos="NOUN" frMUSAS="M1">cours</w><w frlemma="de" frpos="ADP" frMUSAS="Z5">de</w><w frlemma="son" frpos="DET" frMUSAS="Z5">sa</w><w frlemma="trop" frpos="ADV" frMUSAS="Z99">trop</w><w frlemma="bref" frpos="ADJ" frMUSAS="Q1.2">brève</w><w frlemma="carrière" frpos="NOUN" frMUSAS="I3.1">carrière</w><w frlemma="," frpos="PUNCT" frMUSAS="PUNCT">,</w><w frlemma="vivre" frpos="VERB" frMUSAS="H4">vécu</w><w frlemma="incontestablement" frpos="ADV" frMUSAS="Z99">incontestablement</w><w frlemma="plusieurs" frpos="DET" frMUSAS="N5">plusieurs</w><w frlemma="vie" frpos="NOUN" frMUSAS="L1+">vies</w><w frlemma="," frpos="PUNCT" frMUSAS="PUNCT">,</w><w frlemma="avec" frpos="ADP" frMUSAS="Z5">avec</w><w frlemma="ce" frpos="DET" frMUSAS="Z5">cette</w><w frlemma="passion" frpos="NOUN" frMUSAS="X5.2+">passion</w><w frlemma="toujours" frpos="ADV" frMUSAS="N6+++">toujours</w><w frlemma="renouveler" frpos="VERB" frMUSAS="T2+/A2.1">renouvelée</w><w frlemma="qui" frpos="PRON" frMUSAS="Z8">qui</w><w frlemma="le" frpos="DET" frMUSAS="Z5">le</w><w frlemma="porta" frpos="NOUN" frMUSAS="Z99">porta</w><w frlemma="de" frpos="ADP" frMUSAS="Z5">de</w><w frlemma="le" frpos="DET" frMUSAS="Z5">l'</w><w frlemma="étude" frpos="NOUN" frMUSAS="P1">étude</w><w frlemma="de" frpos="ADP" frMUSAS="Z5">de</w><w frlemma="le" frpos="DET" frMUSAS="Z5">l'</w><w frlemma="ancien" frpos="ADJ" frMUSAS="Z99">Ancien</w><w frlemma="empire" frpos="NOUN" frMUSAS="G1.1">Empire</w><w frlemma="égyptien" frpos="ADJ" frMUSAS="Z2/S2mf">égyptien</w><w frlemma="–" frpos="NOUN" frMUSAS="Z99">–</w><w frlemma="période" frpos="NOUN" frMUSAS="T1.3">période</w><w frlemma="pour" frpos="ADP" frMUSAS="Z5">pour</w><w frlemma="lequel" frpos="PRON" frMUSAS="Z99">laquelle</w><w frlemma="il" frpos="PRON" frMUSAS="Z8">il</w><w frlemma="être" frpos="AUX" frMUSAS="M6">est</w><w frlemma="aujourd'hui" frpos="ADV" frMUSAS="Z99">aujourd'hui</w><w frlemma="internationalement" frpos="ADV" frMUSAS="Z99">internationalement</w><w frlemma="reconnaître" frpos="VERB" frMUSAS="X2.2+">reconnu</w><w frlemma="comme" frpos="ADP" frMUSAS="Z5">comme</w><w frlemma="le" frpos="DET" frMUSAS="Z5">l'</w><w frlemma="un" frpos="PRON" frMUSAS="Z5">un</w><w frlemma="de" frpos="ADP" frMUSAS="Z5">des</w><w frlemma="meilleur" frpos="NOUN" frMUSAS="Z99">meilleurs</w><w frlemma="spécialiste" frpos="ADJ" frMUSAS="X2.2+">spécialistes</w><w frlemma="–" frpos="NOUN" frMUSAS="Z99">–</w><w frlemma="à" frpos="ADP" frMUSAS="Z5">à</w><w frlemma="celui" frpos="PRON" frMUSAS="Z8">celle</w><w frlemma="de" frpos="ADP" frMUSAS="Z5">de</w><w frlemma="le" frpos="DET" frMUSAS="Z5">la</w><w frlemma="culture" frpos="NOUN" frMUSAS="C1">culture</w><w frlemma="méroïtique" frpos="ADJ" frMUSAS="Z99">méroïtique</w><w frlemma="," frpos="PUNCT" frMUSAS="PUNCT">,</w><w frlemma="au" frpos="ADP" frMUSAS="Z5">au</w><w frlemma="Soudan" frpos="PROPN" frMUSAS="Z99">Soudan</w><w frlemma="," frpos="PUNCT" frMUSAS="PUNCT">,</w><w frlemma="dont" frpos="PRON" frMUSAS="Z8">dont</w><w frlemma="il" frpos="PRON" frMUSAS="Z8">il</w><w frlemma="patronner" frpos="VERB" frMUSAS="Z99">patronna</w><w frlemma="en" frpos="ADP" frMUSAS="Z5">en</w><w frlemma="2010" frpos="NUM" frMUSAS="N1">2010</w><w frlemma="un" frpos="DET" frMUSAS="Z5">une</w><w frlemma="exposition" frpos="NOUN" frMUSAS="Z99">exposition</w><w frlemma="phare" frpos="ADJ" frMUSAS="Z99">phare</w><w frlemma="." frpos="PUNCT" frMUSAS="PUNCT">.</w><w frlemma="Michel" frpos="PROPN" frMUSAS="Z99">Michel</w><w frlemma="Baud" frpos="PROPN" frMUSAS="Z99">Baud</w><w frlemma="être" frpos="AUX" frMUSAS="M6">est</w><w frlemma="naître" frpos="VERB" frMUSAS="Z99">né</w><w frlemma="en" frpos="ADP" frMUSAS="Z5">en</w><w frlemma="novembre" frpos="NOUN" frMUSAS="T1.3">novembre</w><w frlemma="1963" frpos="NUM" frMUSAS="N1">1963</w><w frlemma="." frpos="PUNCT" frMUSAS="PUNCT">.</w><w frlemma="de" frpos="ADP" frMUSAS="Z5">D'</w><w frlemma="origine" frpos="NOUN" frMUSAS="Z99">origine</w><w frlemma="béarnais" frpos="ADJ" frMUSAS="Z99">béarnaise</w><w frlemma="," frpos="PUNCT" frMUSAS="PUNCT">,</w><w frlemma="il" frpos="PRON" frMUSAS="Z8">il</w><w frlemma="conserver" frpos="VERB" frMUSAS="Z99">conserva</w><w frlemma="tout" frpos="ADJ" frMUSAS="Z8">toute</w><w frlemma="son" frpos="DET" frMUSAS="Z5">sa</w><w frlemma="vie" frpos="NOUN" frMUSAS="L1+">vie</w><w frlemma="le" frpos="DET" frMUSAS="Z5">l'</w><w frlemma="amour" frpos="NOUN" frMUSAS="E2+">amour</w><w frlemma="de" frpos="ADP" frMUSAS="Z5">des</w><w frlemma="grand" frpos="ADJ" frMUSAS="Z99">grands</w><w frlemma="espace" frpos="NOUN" frMUSAS="N3.6">espaces</w><w frlemma="," frpos="PUNCT" frMUSAS="PUNCT">,</w><w frlemma="et" frpos="CCONJ" frMUSAS="Z5">et</w><w frlemma="un" frpos="DET" frMUSAS="Z5">des</w><w frlemma="randonnée" frpos="NOUN" frMUSAS="Z99">randonnées</w><w frlemma="dans" frpos="ADP" frMUSAS="Z5">dans</w><w frlemma="le" frpos="DET" frMUSAS="Z5">les</w><w frlemma="montagne" frpos="NOUN" frMUSAS="W3">montagnes</w><w frlemma="pyrénéen" frpos="ADJ" frMUSAS="Z99">pyrénéennes</w><w frlemma="," frpos="PUNCT" frMUSAS="PUNCT">,</w><w frlemma="de" frpos="ADP" frMUSAS="Z5">de</w><w frlemma="le" frpos="DET" frMUSAS="Z5">la</w><w frlemma="région" frpos="NOUN" frMUSAS="M7">région</w><w frlemma="de" frpos="ADP" frMUSAS="Z5">d'</w><w frlemma="Arrens" frpos="PROPN" frMUSAS="Z99">Arrens</w><w frlemma="à" frpos="ADP" frMUSAS="Z5">à</w><w frlemma="celui" frpos="PRON" frMUSAS="Z8">celle</w><w frlemma="de" frpos="ADP" frMUSAS="Z5">de</w><w frlemma="Gavarnie" frpos="PROPN" frMUSAS="Z99">Gavarnie</w><w frlemma="," frpos="PUNCT" frMUSAS="PUNCT">,</w><w frlemma="où" frpos="PRON" frMUSAS="Z8">où</w><w frlemma="il" frpos="PRON" frMUSAS="Z8">il</w><w frlemma="aller" frpos="VERB" frMUSAS="M1">allait</w><w frlemma="régulièrement" frpos="ADV" frMUSAS="N6+">régulièrement</w><w frlemma="retrouver" frpos="VERB" frMUSAS="Z99">retrouver</w><w frlemma="son" frpos="DET" frMUSAS="Z5">ses</w><w frlemma="racine" frpos="NOUN" frMUSAS="L3">racines</w><w frlemma="pendant" frpos="ADP" frMUSAS="Z5">pendant</w><w frlemma="le" frpos="DET" frMUSAS="Z5">l'</w><w frlemma="été" frpos="NOUN" frMUSAS="T1.3">été</w><w frlemma="." frpos="PUNCT" frMUSAS="PUNCT">.</w><w frlemma="ce" frpos="PRON" frMUSAS="Z8">C'</w><w frlemma="être" frpos="AUX" frMUSAS="M6">est</w><w frlemma="à" frpos="ADP" frMUSAS="Z5">à</w><w frlemma="le" frpos="DET" frMUSAS="Z5">l'</w><w frlemma="université" frpos="NOUN" frMUSAS="P1/H1c">université</w><w frlemma="de" frpos="ADP" frMUSAS="Z5">de</w><w frlemma="Paris" frpos="PROPN" frMUSAS="Z99">Paris</w><w frlemma="-" frpos="PROPN" frMUSAS="Z99">-</w><w frlemma="iv" frpos="ADJ" frMUSAS="Z99">IV</w><w frlemma="Sorbonne" frpos="PROPN" frMUSAS="Z99">Sorbonne</w><w frlemma="que" frpos="PRON" frMUSAS="Z8">qu'</w><w frlemma="il" frpos="PRON" frMUSAS="Z8">il</w><w frlemma="faire" frpos="VERB" frMUSAS="Z99">fit</w><w frlemma="son" frpos="DET" frMUSAS="Z5">ses</w><w frlemma="étude" frpos="NOUN" frMUSAS="P1">études</w><w frlemma="en" frpos="ADP" frMUSAS="Z5">en</w><w frlemma="histoire" frpos="NOUN" frMUSAS="Z99">histoire</w><w frlemma="et" frpos="CCONJ" frMUSAS="Z5">et</w><w frlemma="égyptologie" frpos="NOUN" frMUSAS="Z99">égyptologie</w><w frlemma="," frpos="PUNCT" frMUSAS="PUNCT">,</w><w frlemma="notamment" frpos="ADV" frMUSAS="A14">notamment</w><w frlemma="sou" frpos="ADP" frMUSAS="A13.6">sous</w><w frlemma="le" frpos="DET" frMUSAS="Z5">la</w><w frlemma="direction" frpos="NOUN" frMUSAS="Z99">direction</w><w frlemma="de" frpos="ADP" frMUSAS="Z5">du</w><w frlemma="professeur" frpos="NOUN" frMUSAS="Z99">professeur</w><w frlemma="Nicolas" frpos="PROPN" frMUSAS="Z99">Nicolas</w><w frlemma="Grimal" frpos="PROPN" frMUSAS="Z99">Grimal</w><w frlemma="," frpos="PUNCT" frMUSAS="PUNCT">,</w><w frlemma="et" frpos="CCONJ" frMUSAS="Z5">et</w><w frlemma="que" frpos="SCONJ" frMUSAS="Z5">qu'</w><w frlemma="il" frpos="PRON" frMUSAS="Z8">il</w><w frlemma="passer" frpos="VERB" frMUSAS="M1">passa</w><w frlemma="le" frpos="DET" frMUSAS="Z5">les</w><w frlemma="concours" frpos="NOUN" frMUSAS="Z99">concours</w><w frlemma="de" frpos="ADP" frMUSAS="Z5">d'</w><w frlemma="enseignement" frpos="NOUN" frMUSAS="Z99">enseignement</w><w frlemma="." frpos="PUNCT" frMUSAS="PUNCT">.</w><w frlemma="il" frpos="PRON" frMUSAS="Z8">Il</w><w frlemma="être" frpos="AUX" frMUSAS="Z99">fut</w><w frlemma="à" frpos="ADP" frMUSAS="Z5">à</w><w frlemma="deux" frpos="NUM" frMUSAS="N1">deux</w><w frlemma="reprise" frpos="NOUN" frMUSAS="Z99">reprises</w><w frlemma="admissible" frpos="ADJ" frMUSAS="Z99">admissible</w><w frlemma="à" frpos="ADP" frMUSAS="Z5">à</w><w frlemma="le" frpos="DET" frMUSAS="Z5">l'</w><w frlemma="agrégation" frpos="NOUN" frMUSAS="Z99">agrégation</w><w frlemma="de" frpos="ADP" frMUSAS="Z5">d'</w><w frlemma="histoire" frpos="NOUN" frMUSAS="Z99">histoire</w><w frlemma="," frpos="PUNCT" frMUSAS="PUNCT">,</w><w frlemma="ce" frpos="PRON" frMUSAS="Z8">ce</w><w frlemma="qui" frpos="PRON" frMUSAS="Z8">qui</w><w frlemma="luire" frpos="PRON" frMUSAS="Z8">lui</w><w frlemma="permit" frpos="ADJ" frMUSAS="Z99">permit</w><w frlemma="de" frpos="ADP" frMUSAS="Z5">d'</w><w frlemma="être" frpos="AUX" frMUSAS="Z99">être</w><w frlemma="intégrer" frpos="VERB" frMUSAS="A1.8+">intégré</w><w frlemma="en" frpos="ADP" frMUSAS="Z5">en</w><w frlemma="1987" frpos="NUM" frMUSAS="N1">1987</w><w frlemma="à" frpos="ADP" frMUSAS="Z5">à</w><w frlemma="un" frpos="DET" frMUSAS="Z5">un</w><w frlemma="corps" frpos="NOUN" frMUSAS="B1">corps</w><w frlemma="spécifique" frpos="ADJ" frMUSAS="A4.2+">spécifique</w><w frlemma="de" frpos="ADP" frMUSAS="Z5">de</w><w frlemma="le" frpos="DET" frMUSAS="Z5">l'</w><w frlemma="éducation" frpos="NOUN" frMUSAS="P1">Éducation</w><w frlemma="national" frpos="ADJ" frMUSAS="M7/N5.1+">nationale</w><w frlemma="." frpos="PUNCT" frMUSAS="PUNCT">.</w><w frlemma="son" frpos="DET" frMUSAS="Z5">Sa</w><w frlemma="formation" frpos="NOUN" frMUSAS="P1">formation</w><w frlemma="à" frpos="ADP" frMUSAS="Z5">aux</w><w frlemma="méthode" frpos="NOUN" frMUSAS="Z99">méthodes</w><w frlemma="le" frpos="DET" frMUSAS="Z5">les</w><w frlemma="plus" frpos="ADV" frMUSAS="Z5">plus</w><w frlemma="actuelle" frpos="NOUN" frMUSAS="Z99">actuelles</w><w frlemma="Michel" frpos="PROPN" frMUSAS="Z99">Michel</w><w frlemma="Baud" frpos="PROPN" frMUSAS="Z99">Baud</w><pb n="12"/><w frlemma="de" frpos="ADP" frMUSAS="Z5">de</w><w frlemma="le" frpos="DET" frMUSAS="Z5">la</w><w frlemma="recherche" frpos="NOUN" frMUSAS="Z99">recherche</w><w frlemma="historique" frpos="NOUN" frMUSAS="T1.1.1">historique</w><w frlemma="transparaître" frpos="VERB" frMUSAS="Z99">transparaît</w><w frlemma="par" frpos="ADP" frMUSAS="M6">par</w><w frlemma="le" frpos="DET" frMUSAS="Z5">la</w><w frlemma="suite" frpos="NOUN" frMUSAS="Z99">suite</w><w frlemma="de" frpos="ADP" frMUSAS="Z5">de</w><w frlemma="le" frpos="DET" frMUSAS="Z5">l'</w><w frlemma="ensemble" frpos="NOUN" frMUSAS="Z99">ensemble</w><w frlemma="de" frpos="ADP" frMUSAS="Z5">de</w><w frlemma="son" frpos="DET" frMUSAS="Z5">son</w><w frlemma="œuvre" frpos="NOUN" frMUSAS="Z99">œuvre</w><w frlemma="scientifique" frpos="ADJ" frMUSAS="Y1">scientifique</w><w frlemma="," frpos="PUNCT" frMUSAS="PUNCT">,</w><w frlemma="et" frpos="CCONJ" frMUSAS="Z5">et</w><w frlemma="notamment" frpos="ADV" frMUSAS="A14">notamment</w><w frlemma="dans" frpos="ADP" frMUSAS="Z5">dans</w><w frlemma="le" frpos="DET" frMUSAS="Z5">le</w><w frlemma="choix" frpos="NOUN" frMUSAS="A5.1+">choix</w><w frlemma="de" frpos="ADP" frMUSAS="Z5">d'</w><w frlemma="un" frpos="DET" frMUSAS="Z5">un</w><w frlemma="sujet" frpos="NOUN" frMUSAS="Z99">sujet</w><w frlemma="novateur" frpos="ADJ" frMUSAS="Z99">novateur</w><w frlemma="," frpos="PUNCT" frMUSAS="PUNCT">,</w><w frlemma="à" frpos="ADP" frMUSAS="Z5">à</w><w frlemma="fort" frpos="ADJ" frMUSAS="S1.2.5+">forte</w><w frlemma="connotation" frpos="NOUN" frMUSAS="Z99">connotation</w><w frlemma="anthropologique" frpos="ADJ" frMUSAS="Z99">anthropologique</w><w frlemma="," frpos="PUNCT" frMUSAS="PUNCT">,</w><w frlemma="pour" frpos="ADP" frMUSAS="Z5">pour</w><w frlemma="son" frpos="DET" frMUSAS="Z5">sa</w><w frlemma="thèse" frpos="NOUN" frMUSAS="Z99">thèse</w><w frlemma="de" frpos="ADP" frMUSAS="Z5">de</w><w frlemma="doctorat" frpos="NOUN" frMUSAS="Z99">doctorat</w><w frlemma="." frpos="PUNCT" frMUSAS="PUNCT">.</w><w frlemma="celui" frpos="PRON" frMUSAS="Z8">Celle</w><w frlemma="-" frpos="PRON" frMUSAS="Z99">-</w><w frlemma="ci" frpos="NOUN" frMUSAS="Z99">ci</w><w frlemma="," frpos="PUNCT" frMUSAS="PUNCT">,</w><w frlemma="intituler" frpos="VERB" frMUSAS="Z99">intitulée</w><w frlemma="famille" frpos="NOUN" frMUSAS="S4c">Famille</w><w frlemma="royal" frpos="ADJ" frMUSAS="S7.1+/S2mf">royale</w><w frlemma="et" frpos="CCONJ" frMUSAS="Z5">et</w><w frlemma="pouvoir" frpos="VERB" frMUSAS="Z99">pouvoir</w><w frlemma="dans" frpos="ADP" frMUSAS="Z5">dans</w><w frlemma="le" frpos="DET" frMUSAS="Z5">l'</w><w frlemma="ancien" frpos="ADJ" frMUSAS="Z99">Ancien</w><w frlemma="empire" frpos="NOUN" frMUSAS="G1.1">Empire</w><w frlemma="égyptien" frpos="ADJ" frMUSAS="Z2/S2mf">égyptien</w><w frlemma="," frpos="PUNCT" frMUSAS="PUNCT">,</w><w frlemma="être" frpos="AUX" frMUSAS="Z99">fut</w><w frlemma="soutenir" frpos="VERB" frMUSAS="Z99">soutenue</w><w frlemma="brillammer" frpos="VERB" frMUSAS="Z99">brillamment</w><w frlemma="en" frpos="ADP" frMUSAS="Z5">en</w><w frlemma="1994" frpos="NUM" frMUSAS="N1">1994</w><w frlemma="," frpos="PUNCT" frMUSAS="PUNCT">,</w><w frlemma="et" frpos="CCONJ" frMUSAS="Z5">et</w><w frlemma="publier" frpos="VERB" frMUSAS="Q4">publiée</w><w frlemma="en" frpos="ADP" frMUSAS="Z5">en</w><w frlemma="1999" frpos="NUM" frMUSAS="N1">1999</w><w frlemma="." frpos="PUNCT" frMUSAS="PUNCT">.</w><w frlemma="ce" frpos="DET" frMUSAS="Z5">Cet</w><w frlemma="ouvrage" frpos="NOUN" frMUSAS="I3.1">ouvrage</w><w frlemma="être" frpos="AUX" frMUSAS="M6">est</w><w frlemma="depuis" frpos="ADP" frMUSAS="Z5">depuis</w><w frlemma="devenir" frpos="VERB" frMUSAS="A2.1+">devenu</w><w frlemma="un" frpos="DET" frMUSAS="Z5">un</w><w frlemma="classique" frpos="NOUN" frMUSAS="A4.1">classique</w><w frlemma="indispensable" frpos="ADJ" frMUSAS="S6+">indispensable</w><w frlemma="," frpos="PUNCT" frMUSAS="PUNCT">,</w><w frlemma="et" frpos="CCONJ" frMUSAS="Z5">et</w><w frlemma="un" frpos="DET" frMUSAS="Z5">une</w><w frlemma="source" frpos="NOUN" frMUSAS="Z99">source</w><w frlemma="documentaire" frpos="ADJ" frMUSAS="Z99">documentaire</w><w frlemma="de" frpos="ADP" frMUSAS="Z5">de</w><w frlemma="tout" frpos="DET" frMUSAS="Z8">tout</w><w frlemma="premier" frpos="ADJ" frMUSAS="N4">premier</w><w frlemma="plan" frpos="NOUN" frMUSAS="X7+">plan</w><w frlemma="pour" frpos="ADP" frMUSAS="Z5">pour</w><w frlemma="tout" frpos="ADJ" frMUSAS="Z8">tous</w><w frlemma="le" frpos="DET" frMUSAS="Z5">les</w><w frlemma="chercheur" frpos="NOUN" frMUSAS="X2.4/S2mf">chercheurs</w><w frlemma="travailler" frpos="VERB" frMUSAS="I3.1">travaillant</w><w frlemma="sur" frpos="ADP" frMUSAS="Z5">sur</w><w frlemma="ce" frpos="DET" frMUSAS="Z5">cette</w><w frlemma="période" frpos="NOUN" frMUSAS="T1.3">période</w><w frlemma="de" frpos="ADP" frMUSAS="Z5">de</w><w frlemma="le" frpos="DET" frMUSAS="Z5">l'</w><w frlemma="histoire" frpos="NOUN" frMUSAS="Z99">histoire</w><w frlemma="pharaonique" frpos="ADJ" frMUSAS="Z99">pharaonique</w><w frlemma="." frpos="PUNCT" frMUSAS="PUNCT">.</w><w frlemma="en" frpos="ADP" frMUSAS="Z5">En</w><w frlemma="1994" frpos="NUM" frMUSAS="N1">1994</w><w frlemma="," frpos="PUNCT" frMUSAS="PUNCT">,</w><w frlemma="Michel" frpos="PROPN" frMUSAS="Z99">Michel</w><w frlemma="Baud" frpos="PROPN" frMUSAS="Z99">Baud</w><w frlemma="être" frpos="AUX" frMUSAS="M6">est</w><w frlemma="admettre" frpos="VERB" frMUSAS="Q2.2">admis</w><w frlemma="comme" frpos="ADP" frMUSAS="Z5">comme</w><w frlemma="pensionnaire" frpos="VERB" frMUSAS="Z99">pensionnaire</w><w frlemma="à" frpos="ADP" frMUSAS="Z5">à</w><w frlemma="le" frpos="DET" frMUSAS="Z5">l'</w><w frlemma="Institut" frpos="PROPN" frMUSAS="P1/S5+c">Institut</w><w frlemma="français" frpos="ADJ" frMUSAS="Z2">français</w><w frlemma="de" frpos="ADP" frMUSAS="Z5">d'</w><w frlemma="archéologie" frpos="NOUN" frMUSAS="Z99">archéologie</w><w frlemma="oriental" frpos="ADJ" frMUSAS="Z99">orientale</w><w frlemma="." frpos="PUNCT" frMUSAS="PUNCT">.</w><w frlemma="ce" frpos="DET" frMUSAS="Z5">Ce</w><w frlemma="séjour" frpos="ADP" frMUSAS="M8">séjour</w><w frlemma="de" frpos="ADP" frMUSAS="Z5">de</w><w frlemma="quatre" frpos="NUM" frMUSAS="N1">quatre</w><w frlemma="an" frpos="NOUN" frMUSAS="T1.3">ans</w><w frlemma="au" frpos="ADP" frMUSAS="Z5">au</w><w frlemma="caire" frpos="NOUN" frMUSAS="Z99">Caire</w><w frlemma="être" frpos="AUX" frMUSAS="Z99">sera</w><w frlemma="pour" frpos="ADP" frMUSAS="Z5">pour</w><w frlemma="luire" frpos="PRON" frMUSAS="Z8">lui</w><w frlemma="le" frpos="DET" frMUSAS="Z5">l'</w><w frlemma="occasion" frpos="NOUN" frMUSAS="Z99">occasion</w><w frlemma="de" frpos="ADP" frMUSAS="Z5">de</w><w frlemma="se" frpos="PRON" frMUSAS="Z8">s'</w><w frlemma="investir" frpos="VERB" frMUSAS="I1.1">investir</w><w frlemma="durablement" frpos="ADV" frMUSAS="Z99">durablement</w><w frlemma="dans" frpos="ADP" frMUSAS="Z5">dans</w><w frlemma="de" frpos="DET" frMUSAS="Z5">de</w><w frlemma="nombreux" frpos="ADJ" frMUSAS="N5+">nombreux</w><w frlemma="programme" frpos="NOUN" frMUSAS="Y2">programmes</w><w frlemma="de" frpos="ADP" frMUSAS="Z5">de</w><w frlemma="recherche" frpos="NOUN" frMUSAS="Z99">recherche</w><w frlemma="sur" frpos="ADP" frMUSAS="Z5">sur</w><w frlemma="le" frpos="DET" frMUSAS="Z5">le</w><w frlemma="terrain" frpos="NOUN" frMUSAS="Z99">terrain</w><w frlemma="mener" frpos="VERB" frMUSAS="S7.1+">menés</w><w frlemma="au" frpos="ADP" frMUSAS="Z5">au</w><w frlemma="sein" frpos="NOUN" frMUSAS="Z99">sein</w><w frlemma="de" frpos="ADP" frMUSAS="Z5">de</w><w frlemma="le" frpos="DET" frMUSAS="Z5">l'</w><w frlemma="Institut" frpos="PROPN" frMUSAS="P1/S5+c">Institut</w><w frlemma="." frpos="PUNCT" frMUSAS="PUNCT">.</w><w frlemma="de" frpos="ADP" frMUSAS="Z5">De</w><w frlemma="1995" frpos="NUM" frMUSAS="N1">1995</w><w frlemma="à" frpos="ADP" frMUSAS="Z5">à</w><w frlemma="2000" frpos="NUM" frMUSAS="N1">2000</w><w frlemma="," frpos="PUNCT" frMUSAS="PUNCT">,</w><w frlemma="il" frpos="PRON" frMUSAS="Z8">il</w><w frlemma="participe" frpos="VERB" frMUSAS="Z99">participe</w><w frlemma="ainsi" frpos="ADV" frMUSAS="Z5/A2.2">ainsi</w><w frlemma="régulièrement" frpos="ADV" frMUSAS="N6+">régulièrement</w><w frlemma="à" frpos="ADP" frMUSAS="Z5">à</w><w frlemma="le" frpos="DET" frMUSAS="Z5">la</w><w frlemma="fouille" frpos="NOUN" frMUSAS="Z99">fouille</w><w frlemma="de" frpos="ADP" frMUSAS="Z5">de</w><w frlemma="Balat" frpos="PROPN" frMUSAS="Z99">Balat</w><w frlemma="/" frpos="PROPN" frMUSAS="Z99">/</w><w frlemma="ayn" frpos="NOUN" frMUSAS="Z99">Ayn</w><w frlemma="Asil" frpos="PROPN" frMUSAS="Z99">Asil</w><w frlemma="," frpos="PUNCT" frMUSAS="PUNCT">,</w><w frlemma="dans" frpos="ADP" frMUSAS="Z5">dans</w><w frlemma="le" frpos="DET" frMUSAS="Z5">l'</w><w frlemma="oasis" frpos="NOUN" frMUSAS="Z99">oasis</w><w frlemma="de" frpos="ADP" frMUSAS="Z5">de</w><w frlemma="Dakhla" frpos="PROPN" frMUSAS="Z99">Dakhla</w><w frlemma="," frpos="PUNCT" frMUSAS="PUNCT">,</w><w frlemma="sou" frpos="ADP" frMUSAS="A13.6">sous</w><w frlemma="le" frpos="DET" frMUSAS="Z5">la</w><w frlemma="direction" frpos="NOUN" frMUSAS="Z99">direction</w><w frlemma="de" frpos="ADP" frMUSAS="Z5">de</w><w frlemma="Georges" frpos="PROPN" frMUSAS="Z99">Georges</w><w frlemma="Soukiassian" frpos="PROPN" frMUSAS="Z99">Soukiassian</w><w frlemma="," frpos="PUNCT" frMUSAS="PUNCT">,</w><w frlemma="qui" frpos="PRON" frMUSAS="Z8">qui</w><w frlemma="luire" frpos="PRON" frMUSAS="Z8">lui</w><w frlemma="confier" frpos="VERB" frMUSAS="A9-">confie</w><w frlemma="plus" frpos="ADV" frMUSAS="Z5">plus</w><w frlemma="particulièrement" frpos="ADV" frMUSAS="A13.3">particulièrement</w><w frlemma="le" frpos="DET" frMUSAS="Z5">la</w><w frlemma="documentation" frpos="NOUN" frMUSAS="Z99">documentation</w><w frlemma="de" frpos="ADP" frMUSAS="Z5">des</w><w frlemma="niveau" frpos="NOUN" frMUSAS="A6.1-">niveaux</w><w frlemma="de" frpos="ADP" frMUSAS="Z5">d'</w><w frlemma="occupation" frpos="NOUN" frMUSAS="Z99">occupation</w><w frlemma="de" frpos="ADP" frMUSAS="Z5">de</w><w frlemma="le" frpos="DET" frMUSAS="Z5">la</w><w frlemma="deuxième" frpos="ADJ" frMUSAS="N4">Deuxième</w><w frlemma="période" frpos="NOUN" frMUSAS="T1.3">Période</w><w frlemma="intermédiaire" frpos="ADJ" frMUSAS="Z99">intermédiaire</w><w frlemma="qui" frpos="PRON" frMUSAS="Z8">qui</w><w frlemma="affleurer" frpos="VERB" frMUSAS="Z99">affleurent</w><w frlemma="au" frpos="ADP" frMUSAS="Z5">au</w><w frlemma="sud" frpos="NOUN" frMUSAS="M6">sud</w><w frlemma="de" frpos="ADP" frMUSAS="Z5">du</w><w frlemma="palais" frpos="NOUN" frMUSAS="Z99">palais</w><w frlemma="de" frpos="ADP" frMUSAS="Z5">des</w><w frlemma="gouverneur" frpos="NOUN" frMUSAS="S7.1+/S2mf">gouverneurs</w><w frlemma="de" frpos="ADP" frMUSAS="Z5">de</w><w frlemma="le" frpos="DET" frMUSAS="Z5">la</w><w frlemma="vie" frpos="NOUN" frMUSAS="L1+">VIe</w><w frlemma="dynasti" frpos="ADJ" frMUSAS="Z99">dynastie</w><w frlemma="." frpos="PUNCT" frMUSAS="PUNCT">.</w><w frlemma="il" frpos="PRON" frMUSAS="Z8">Il</w><w frlemma="être" frpos="AUX" frMUSAS="M6">est</w><w frlemma="également" frpos="ADV" frMUSAS="Z99">également</w><w frlemma="engager" frpos="VERB" frMUSAS="Z99">engagé</w><w frlemma="dans" frpos="ADP" frMUSAS="Z5">dans</w><w frlemma="le" frpos="DET" frMUSAS="Z5">l'</w><w frlemma="étude" frpos="NOUN" frMUSAS="P1">étude</w><w frlemma="de" frpos="ADP" frMUSAS="Z5">du</w><w frlemma="monument" frpos="NOUN" frMUSAS="O2">monument</w><w frlemma="funéraire" frpos="ADJ" frMUSAS="Z99">funéraire</w><w frlemma="de" frpos="ADP" frMUSAS="Z5">de</w><w frlemma="Rêdjedef" frpos="PROPN" frMUSAS="Z99">Rêdjedef</w><w frlemma="à" frpos="ADP" frMUSAS="Z5">à</w><w frlemma="Abou" frpos="PROPN" frMUSAS="Z99">Abou</w><w frlemma="Rawash" frpos="PROPN" frMUSAS="Z99">Rawash</w><w frlemma="," frpos="PUNCT" frMUSAS="PUNCT">,</w><w frlemma="à" frpos="ADP" frMUSAS="Z5">à</w><w frlemma="le" frpos="DET" frMUSAS="Z5">la</w><w frlemma="périphérie" frpos="NOUN" frMUSAS="Z99">périphérie</w><w frlemma="de" frpos="ADP" frMUSAS="Z5">du</w><w frlemma="caire" frpos="NOUN" frMUSAS="Z99">Caire</w><w frlemma="," frpos="PUNCT" frMUSAS="PUNCT">,</w><w frlemma="dans" frpos="ADP" frMUSAS="Z5">dans</w><w frlemma="le" frpos="DET" frMUSAS="Z5">le</w><w frlemma="cadre" frpos="NOUN" frMUSAS="Z99">cadre</w><w frlemma="de" frpos="ADP" frMUSAS="Z5">du</w><w frlemma="programme" frpos="NOUN" frMUSAS="Y2">programme</w><w frlemma="diriger" frpos="VERB" frMUSAS="Z99">dirigé</w><w frlemma="par" frpos="ADP" frMUSAS="M6">par</w><w frlemma="Michel" frpos="PROPN" frMUSAS="Z99">Michel</w><w frlemma="Valloggia" frpos="PROPN" frMUSAS="Z99">Valloggia</w><w frlemma="." frpos="PUNCT" frMUSAS="PUNCT">.</w><w frlemma="il" frpos="PRON" frMUSAS="Z8">Il</w><w frlemma="être" frpos="AUX" frMUSAS="Z99">fut</w><w frlemma="notamment" frpos="ADV" frMUSAS="A14">notamment</w><w frlemma="responsable" frpos="ADJ" frMUSAS="A2.2">responsable</w><w frlemma="," frpos="PUNCT" frMUSAS="PUNCT">,</w><w frlemma="à" frpos="ADP" frMUSAS="Z5">à</w><w frlemma="ce" frpos="DET" frMUSAS="Z5">cette</w><w frlemma="époque" frpos="NOUN" frMUSAS="Z99">époque</w><w frlemma="," frpos="PUNCT" frMUSAS="PUNCT">,</w><w frlemma="de" frpos="ADP" frMUSAS="Z5">du</w><w frlemma="dégagement" frpos="NOUN" frMUSAS="Z99">dégagement</w><w frlemma="de" frpos="ADP" frMUSAS="Z5">du</w><w frlemma="temple" frpos="NOUN" frMUSAS="S9/H1">temple</w><w frlemma="funéraire" frpos="ADJ" frMUSAS="Z99">funéraire</w><w frlemma="de" frpos="ADP" frMUSAS="Z5">du</w><w frlemma="roi" frpos="NOUN" frMUSAS="S7.1+/S2.2m">roi</w><w frlemma="," frpos="PUNCT" frMUSAS="PUNCT">,</w><w frlemma="un" frpos="DET" frMUSAS="Z5">un</w><w frlemma="monument" frpos="NOUN" frMUSAS="O2">monument</w><w frlemma="orienter" frpos="VERB" frMUSAS="Z99">orienté</w><w frlemma="nord-sud" frpos="NOUN" frMUSAS="Z99">nord-sud</w><w frlemma="de" frpos="ADP" frMUSAS="Z5">de</w><w frlemma="façon" frpos="NOUN" frMUSAS="Z99">façon</w><w frlemma="non" frpos="ADV" frMUSAS="Z99">non</w><w frlemma="conventionnel" frpos="ADJ" frMUSAS="A6.2+">conventionnelle</w><w frlemma="," frpos="PUNCT" frMUSAS="PUNCT">,</w><w frlemma="sur" frpos="ADP" frMUSAS="Z5">sur</w><w frlemma="le" frpos="DET" frMUSAS="Z5">la</w><w frlemma="face" frpos="NOUN" frMUSAS="Z99">face</w><w frlemma="être" frpos="AUX" frMUSAS="M6">est</w><w frlemma="de" frpos="ADP" frMUSAS="Z5">de</w><w frlemma="le" frpos="DET" frMUSAS="Z5">la</w><w frlemma="pyramide" frpos="NOUN" frMUSAS="Z99">pyramide</w><w frlemma="." frpos="PUNCT" frMUSAS="PUNCT">.</w><w frlemma="dans" frpos="ADP" frMUSAS="Z5">Dans</w><w frlemma="le" frpos="DET" frMUSAS="Z5">le</w><w frlemma="prolongement" frpos="NOUN" frMUSAS="Z99">prolongement</w><w frlemma="de" frpos="ADP" frMUSAS="Z5">de</w><w frlemma="ce" frpos="DET" frMUSAS="Z5">cette</w><w frlemma="étude" frpos="NOUN" frMUSAS="P1">étude</w><w frlemma="," frpos="PUNCT" frMUSAS="PUNCT">,</w><w frlemma="il" frpos="PRON" frMUSAS="Z8">il</w><w frlemma="prendre" frpos="VERB" frMUSAS="A9+">prend</w><w frlemma="," frpos="PUNCT" frMUSAS="PUNCT">,</w><w frlemma="en" frpos="ADP" frMUSAS="Z5">en</w><w frlemma="2001" frpos="NUM" frMUSAS="N1">2001</w><w frlemma="," frpos="PUNCT" frMUSAS="PUNCT">,</w><w frlemma="le" frpos="DET" frMUSAS="Z5">la</w><w frlemma="direction" frpos="NOUN" frMUSAS="Z99">direction</w><w frlemma="de" frpos="ADP" frMUSAS="Z5">d'</w><w frlemma="un" frpos="DET" frMUSAS="Z5">un</w><w frlemma="programme" frpos="NOUN" frMUSAS="Y2">programme</w><w frlemma="indépender" frpos="VERB" frMUSAS="S5-">indépendant</w><w frlemma="sur" frpos="ADP" frMUSAS="Z5">sur</w><w frlemma="le" frpos="DET" frMUSAS="Z5">la</w><w frlemma="nécropole" frpos="NOUN" frMUSAS="Z99">nécropole</w><w frlemma="de" frpos="ADP" frMUSAS="Z5">de</w><w frlemma="le" frpos="DET" frMUSAS="Z5">l'</w><w frlemma="ancien" frpos="ADJ" frMUSAS="Z99">Ancien</w><w frlemma="empire" frpos="NOUN" frMUSAS="G1.1">Empire</w><w frlemma="de" frpos="ADP" frMUSAS="Z5">du</w><w frlemma="site" frpos="NOUN" frMUSAS="M6">site</w><w frlemma="," frpos="PUNCT" frMUSAS="PUNCT">,</w><w frlemma="pour" frpos="ADP" frMUSAS="Z5">pour</w><w frlemma="réévaluer" frpos="VERB" frMUSAS="Z99">réévaluer</w><w frlemma="un" frpos="DET" frMUSAS="Z5">un</w><w frlemma="secteur" frpos="NOUN" frMUSAS="A4.1">secteur</w><w frlemma="autrefoi" frpos="ADJ" frMUSAS="Z99">autrefois</w><w frlemma="fouiller" frpos="VERB" frMUSAS="Z99">fouillé</w><w frlemma="par" frpos="ADP" frMUSAS="M6">par</w><w frlemma="Pierre" frpos="PROPN" frMUSAS="F1">Pierre</w><w frlemma="Montet" frpos="PROPN" frMUSAS="Z99">Montet</w><w frlemma="et" frpos="CCONJ" frMUSAS="Z5">et</w><w frlemma="Fernand" frpos="PROPN" frMUSAS="Z99">Fernand</w><w frlemma="Bisson" frpos="PROPN" frMUSAS="Z99">Bisson</w><w frlemma="de" frpos="ADP" frMUSAS="Z5">de</w><w frlemma="le" frpos="DET" frMUSAS="Z5">La</w><w frlemma="roque" frpos="NOUN" frMUSAS="Z99">Roque</w><w frlemma="." frpos="PUNCT" frMUSAS="PUNCT">.</w><w frlemma="il" frpos="PRON" frMUSAS="Z8">Il</w><w frlemma="mener" frpos="VERB" frMUSAS="S7.1+">mènera</w><w frlemma="sur" frpos="ADP" frMUSAS="Z5">sur</w><w frlemma="le" frpos="DET" frMUSAS="Z5">le</w><w frlemma="site" frpos="NOUN" frMUSAS="M6">site</w><w frlemma="un" frpos="DET" frMUSAS="Z5">une</w><w frlemma="campagne" frpos="NOUN" frMUSAS="W3">campagne</w><w frlemma="annuel" frpos="ADJ" frMUSAS="N6+">annuelle</w><w frlemma="jusque" frpos="ADP" frMUSAS="Z5">jusqu'</w><w frlemma="en" frpos="ADP" frMUSAS="Z5">en</w><w frlemma="2008" frpos="NUM" frMUSAS="N1">2008</w><w frlemma="," frpos="PUNCT" frMUSAS="PUNCT">,</w><w frlemma="année" frpos="NOUN" frMUSAS="T1.3">année</w><w frlemma="où" frpos="PRON" frMUSAS="Z8">où</w><w frlemma="il" frpos="PRON" frMUSAS="Z8">il</w><w frlemma="passer" frpos="VERB" frMUSAS="M1">passe</w><w frlemma="le" frpos="DET" frMUSAS="Z5">la</w><w frlemma="main" frpos="NOUN" frMUSAS="A9-">main</w><w frlemma="à" frpos="ADP" frMUSAS="Z5">à</w><w frlemma="Yann" frpos="PROPN" frMUSAS="Z99">Yann</w><w frlemma="Tristant" frpos="PROPN" frMUSAS="Z99">Tristant</w><w frlemma="," frpos="PUNCT" frMUSAS="PUNCT">,</w><w frlemma="pour" frpos="ADP" frMUSAS="Z5">pour</w><w frlemma="le" frpos="DET" frMUSAS="Z5">la</w><w frlemma="poursuite" frpos="NOUN" frMUSAS="Z99">poursuite</w><w frlemma="de" frpos="ADP" frMUSAS="Z5">de</w><w frlemma="le" frpos="DET" frMUSAS="Z5">l'</w><w frlemma="étude" frpos="NOUN" frMUSAS="P1">étude</w><w frlemma="de" frpos="ADP" frMUSAS="Z5">des</w><w frlemma="tombe" frpos="NOUN" frMUSAS="Z99">tombes</w><w frlemma="de" frpos="ADP" frMUSAS="Z5">de</w><w frlemma="le" frpos="DET" frMUSAS="Z5">la</w><w frlemma="Ire" frpos="PROPN" frMUSAS="Z99">Ire</w><w frlemma="dynastie" frpos="NOUN" frMUSAS="Z99">dynastie</w><w frlemma="présent" frpos="ADJ" frMUSAS="A9-">présentes</w><w frlemma="dans" frpos="ADP" frMUSAS="Z5">dans</w><w frlemma="le" frpos="DET" frMUSAS="Z5">le</w><w frlemma="secteur" frpos="NOUN" frMUSAS="A4.1">secteur</w><w frlemma="." frpos="PUNCT" frMUSAS="PUNCT">.</w><w frlemma="de" frpos="ADP" frMUSAS="Z5">De</w><w frlemma="retour" frpos="NOUN" frMUSAS="M1">retour</w><w frlemma="en" frpos="ADP" frMUSAS="Z5">en</w><w frlemma="France" frpos="PROPN" frMUSAS="Z99">France</w><w frlemma="en" frpos="ADP" frMUSAS="Z5">en</w><w frlemma="1998" frpos="NUM" frMUSAS="N1">1998</w><w frlemma="," frpos="PUNCT" frMUSAS="PUNCT">,</w><w frlemma="il" frpos="PRON" frMUSAS="Z8">il</w><w frlemma="occuper" frpos="VERB" frMUSAS="H4">occupe</w><w frlemma="plusieurs" frpos="DET" frMUSAS="N5">plusieurs</w><w frlemma="poste" frpos="NOUN" frMUSAS="Z99">postes</w><w frlemma="de" frpos="ADP" frMUSAS="Z5">d'</w><w frlemma="enseignement" frpos="NOUN" frMUSAS="Z99">enseignement</w><w frlemma="dans" frpos="ADP" frMUSAS="Z5">dans</w><w frlemma="le" frpos="DET" frMUSAS="Z5">le</w><w frlemma="secondaire" frpos="NOUN" frMUSAS="A11.1-">secondaire</w><w frlemma="," frpos="PUNCT" frMUSAS="PUNCT">,</w><w frlemma="exercer" frpos="VERB" frMUSAS="Z99">exerce</w><w frlemma="un" frpos="DET" frMUSAS="Z5">un</w><w frlemma="temps" frpos="NOUN" frMUSAS="T1">temps</w><w frlemma="le" frpos="DET" frMUSAS="Z5">les</w><w frlemma="fonction" frpos="NOUN" frMUSAS="A1.1.1">fonctions</w><w frlemma="de" frpos="ADP" frMUSAS="Z5">d'</w><w frlemma="attaché" frpos="NOUN" frMUSAS="Z99">attaché</w><w frlemma="temporaire" frpos="ADJ" frMUSAS="T1.3">temporaire</w><w frlemma="de" frpos="ADP" frMUSAS="Z5">d'</w><w frlemma="enseignement" frpos="NOUN" frMUSAS="Z99">enseignement</w><w frlemma="et" frpos="CCONJ" frMUSAS="Z5">et</w><w frlemma="de" frpos="ADP" frMUSAS="Z5">de</w><w frlemma="recherche" frpos="NOUN" frMUSAS="Z99">recherche</w><w frlemma="au" frpos="ADP" frMUSAS="Z5">au</w><w frlemma="collège" frpos="NOUN" frMUSAS="Z99">Collège</w><w frlemma="de" frpos="ADP" frMUSAS="Z5">de</w><w frlemma="France" frpos="PROPN" frMUSAS="Z99">France</w><w frlemma="," frpos="PUNCT" frMUSAS="PUNCT">,</w><w frlemma="et" frpos="CCONJ" frMUSAS="Z5">et</w><w frlemma="donne" frpos="VERB" frMUSAS="Z99">donne</w><w frlemma="de" frpos="ADP" frMUSAS="Z5">des</w><w frlemma="cours" frpos="NOUN" frMUSAS="M1">cours</w><w frlemma="à" frpos="ADP" frMUSAS="Z5">à</w><w frlemma="le" frpos="DET" frMUSAS="Z5">l'</w><w frlemma="Institut" frpos="PROPN" frMUSAS="P1/S5+c">Institut</w><w frlemma="de" frpos="ADP" frMUSAS="Z5">d'</w><w frlemma="égyptologie" frpos="NOUN" frMUSAS="Z99">égyptologie</w><w frlemma="priver" frpos="ADJ" frMUSAS="A10-">privé</w><w frlemma="Khéops" frpos="PROPN" frMUSAS="Z99">Khéops</w><w frlemma="." frpos="PUNCT" frMUSAS="PUNCT">.</w><w frlemma="ce" frpos="DET" frMUSAS="Z5">Cette</w><w frlemma="période" frpos="NOUN" frMUSAS="T1.3">période</w><w frlemma="difficile" frpos="ADJ" frMUSAS="A12-">difficile</w><w frlemma="et" frpos="CCONJ" frMUSAS="Z5">et</w><w frlemma="instable" frpos="ADJ" frMUSAS="A2.1+">instable</w><w frlemma="de" frpos="ADP" frMUSAS="Z5">de</w><w frlemma="son" frpos="DET" frMUSAS="Z5">sa</w><w frlemma="carrière" frpos="NOUN" frMUSAS="I3.1">carrière</w><w frlemma="être" frpos="AUX" frMUSAS="M6">est</w><w frlemma="cependant" frpos="ADV" frMUSAS="A13.1">cependant</w><w frlemma="pour" frpos="ADP" frMUSAS="Z5">pour</w><w frlemma="Michel" frpos="PROPN" frMUSAS="Z99">Michel</w><w frlemma="celui" frpos="PRON" frMUSAS="Z8">celle</w><w frlemma="de" frpos="ADP" frMUSAS="Z5">d'</w><w frlemma="un" frpos="DET" frMUSAS="Z5">une</w><w frlemma="grand" frpos="ADJ" frMUSAS="Z99">grande</w><w frlemma="productivité" frpos="NOUN" frMUSAS="I2.1/N5+">productivité</w><w frlemma="scientifique" frpos="ADJ" frMUSAS="Y1">scientifique</w><w frlemma="." frpos="PUNCT" frMUSAS="PUNCT">.</w><w frlemma="il" frpos="PRON" frMUSAS="Z8">Il</w><w frlemma="entame" frpos="VERB" frMUSAS="Z99">entame</w><w frlemma="alors" frpos="ADV" frMUSAS="Z99">alors</w><w frlemma="," frpos="PUNCT" frMUSAS="PUNCT">,</w><w frlemma="dans" frpos="ADP" frMUSAS="Z5">dans</w><w frlemma="le" frpos="DET" frMUSAS="Z5">la</w><w frlemma="logique" frpos="NOUN" frMUSAS="Z99">logique</w><w frlemma="de" frpos="ADP" frMUSAS="Z5">de</w><w frlemma="le" frpos="DET" frMUSAS="Z5">la</w><w frlemma="publication" frpos="NOUN" frMUSAS="Q4">publication</w><w frlemma="de" frpos="ADP" frMUSAS="Z5">des</w><w frlemma="nouveau" frpos="ADJ" frMUSAS="T3-">nouvelles</w><w frlemma="annal" frpos="ADJ" frMUSAS="Z99">annales</w><w frlemma="royale" frpos="NOUN" frMUSAS="Z99">royales</w><w frlemma="de" frpos="ADP" frMUSAS="Z5">de</w><w frlemma="le" frpos="DET" frMUSAS="Z5">la</w><w frlemma="vie" frpos="NOUN" frMUSAS="L1+">VIe</w><w frlemma="dynastie" frpos="VERB" frMUSAS="Z99">dynastie</w><w frlemma="que" frpos="PRON" frMUSAS="Z8">qu'</w><w frlemma="il" frpos="PRON" frMUSAS="Z8">il</w><w frlemma="avoir" frpos="AUX" frMUSAS="A9+">avait</w><w frlemma="effectuer" frpos="VERB" frMUSAS="Z99">effectuée</w><w frlemma="lors" frpos="ADV" frMUSAS="Z99">lors</w><w frlemma="de" frpos="ADP" frMUSAS="Z5">de</w><w frlemma="son" frpos="DET" frMUSAS="Z5">son</w><w frlemma="séjour" frpos="ADP" frMUSAS="M8">séjour</w><w frlemma="au" frpos="ADP" frMUSAS="Z5">au</w><w frlemma="caire" frpos="NOUN" frMUSAS="Z99">Caire</w><w frlemma="," frpos="PUNCT" frMUSAS="PUNCT">,</w><w frlemma="un" frpos="DET" frMUSAS="Z5">une</w><w frlemma="réflexion" frpos="NOUN" frMUSAS="X3.4">réflexion</w><w frlemma="fondamental" frpos="ADJ" frMUSAS="Z99">fondamentale</w><w frlemma="sur" frpos="ADP" frMUSAS="Z5">sur</w><w frlemma="le" frpos="DET" frMUSAS="Z5">les</w><w frlemma="origine" frpos="NOUN" frMUSAS="Z99">origines</w><w frlemma="de" frpos="ADP" frMUSAS="Z5">de</w><w frlemma="le" frpos="DET" frMUSAS="Z5">l'</w><w frlemma="histoire" frpos="NOUN" frMUSAS="Z99">histoire</w><w frlemma="égyptien" frpos="ADJ" frMUSAS="Z2/S2mf">égyptienne</w><w frlemma="et" frpos="CCONJ" frMUSAS="Z5">et</w><w frlemma="le" frpos="DET" frMUSAS="Z5">l'</w><w frlemma="utilisation" frpos="NOUN" frMUSAS="A1.5.1">utilisation</w><w frlemma="de" frpos="ADP" frMUSAS="Z5">des</w><w frlemma="source" frpos="NOUN" frMUSAS="Z99">sources</w><w frlemma="permettre" frpos="VERB" frMUSAS="S7.4+">permettant</w><w frlemma="de" frpos="ADP" frMUSAS="Z5">de</w><w frlemma="le" frpos="DET" frMUSAS="Z5">l'</w><w frlemma="écrire" frpos="NOUN" frMUSAS="Q1.2">écrire</w><w frlemma="." frpos="PUNCT" frMUSAS="PUNCT">.</w><w frlemma="il" frpos="PRON" frMUSAS="Z8">Il</w><w frlemma="proposer" frpos="VERB" frMUSAS="Q2.2/X7+">propose</w><w frlemma="ainsi" frpos="ADV" frMUSAS="Z5/A2.2">ainsi</w><w frlemma="en" frpos="ADP" frMUSAS="Z5">en</w><w frlemma="2000" frpos="NUM" frMUSAS="N1">2000</w><w frlemma="," frpos="PUNCT" frMUSAS="PUNCT">,</w><w frlemma="devant" frpos="ADP" frMUSAS="Z5">devant</w><w frlemma="le" frpos="DET" frMUSAS="Z5">la</w><w frlemma="Société" frpos="PROPN" frMUSAS="S5+c">Société</w><w frlemma="français" frpos="ADJ" frMUSAS="Z2">française</w><w frlemma="de" frpos="ADP" frMUSAS="Z5">d'</w><w frlemma="égyptologie" frpos="NOUN" frMUSAS="Z99">égyptologie</w><w frlemma="," frpos="PUNCT" frMUSAS="PUNCT">,</w><w frlemma="un" frpos="DET" frMUSAS="Z5">une</w><w frlemma="explication" frpos="NOUN" frMUSAS="Q2.2/A7+">explication</w><w frlemma="très" frpos="ADV" frMUSAS="A13.3">très</w><w frlemma="convaincant" frpos="ADJ" frMUSAS="A7+">convaincante</w><w frlemma="de" frpos="ADP" frMUSAS="Z5">du</w><w frlemma="découpage" frpos="NOUN" frMUSAS="Z99">découpage</w><w frlemma="de" frpos="ADP" frMUSAS="Z5">de</w><w frlemma="le" frpos="DET" frMUSAS="Z5">l'</w><w frlemma="histoire" frpos="NOUN" frMUSAS="Z99">histoire</w><w frlemma="en" frpos="ADP" frMUSAS="Z5">en</w><w frlemma="dynastie" frpos="NOUN" frMUSAS="Z99">dynasties</w><w frlemma="au" frpos="ADP" frMUSAS="Z5">au</w><w frlemma="début" frpos="NOUN" frMUSAS="T2+">début</w><w frlemma="de" frpos="ADP" frMUSAS="Z5">de</w><w frlemma="le" frpos="DET" frMUSAS="Z5">la</w><w frlemma="période" frpos="NOUN" frMUSAS="T1.3">période</w><w frlemma="pharaonique" frpos="ADJ" frMUSAS="Z99">pharaonique</w><w frlemma="." frpos="PUNCT" frMUSAS="PUNCT">.</w><w frlemma="ce" frpos="DET" frMUSAS="Z5">Cette</w><w frlemma="réflexion" frpos="NOUN" frMUSAS="X3.4">réflexion</w><w frlemma="être" frpos="AUX" frMUSAS="M6">est</w><w frlemma="compléter" frpos="VERB" frMUSAS="T2-">complétée</w><w frlemma="par" frpos="ADP" frMUSAS="M6">par</w><w frlemma="un" frpos="DET" frMUSAS="Z5">un</w><w frlemma="article" frpos="NOUN" frMUSAS="G2.1/P1">article</w><w frlemma="de" frpos="ADP" frMUSAS="Z5">de</w><w frlemma="fond" frpos="NOUN" frMUSAS="N4">fond</w><w frlemma="sur" frpos="ADP" frMUSAS="Z5">sur</w><w frlemma="«" frpos="PROPN" frMUSAS="Z99">«</w><w frlemma="Ménès" frpos="PROPN" frMUSAS="Z99">Ménès</w><w frlemma="," frpos="PUNCT" frMUSAS="PUNCT">,</w><w frlemma="le" frpos="DET" frMUSAS="Z5">la</w><w frlemma="mémoire" frpos="NOUN" frMUSAS="X2">mémoire</w><w frlemma="monarchique" frpos="ADJ" frMUSAS="Z99">monarchique</w><w frlemma="et" frpos="CCONJ" frMUSAS="Z5">et</w><w frlemma="le" frpos="DET" frMUSAS="Z5">la</w><w frlemma="chronologie" frpos="NOUN" frMUSAS="Z99">chronologie</w><w frlemma="de" frpos="ADP" frMUSAS="Z5">du</w><w frlemma="iii" frpos="ADJ" frMUSAS="Z99">IIIe</w><w frlemma="millénaire" frpos="ADJ" frMUSAS="Z99">millénaire</w><w frlemma="»" frpos="PUNCT" frMUSAS="PUNCT">»</w><w frlemma="," frpos="PUNCT" frMUSAS="PUNCT">,</w><w frlemma="dans" frpos="ADP" frMUSAS="Z5">dans</w><w frlemma="le" frpos="DET" frMUSAS="Z5">la</w><w frlemma="revue" frpos="NOUN" frMUSAS="Z99">revue</w><w frlemma="Archéo" frpos="PROPN" frMUSAS="Z99">Archéo</w><w frlemma="-" frpos="NOUN" frMUSAS="Z99">-</w><w frlemma="Nil" frpos="PROPN" frMUSAS="Z99">Nil</w><w frlemma="," frpos="PUNCT" frMUSAS="PUNCT">,</w><w frlemma="ainsi" frpos="ADV" frMUSAS="Z5/A2.2">ainsi</w><w frlemma="que" frpos="SCONJ" frMUSAS="Z5">que</w><w frlemma="par" frpos="ADP" frMUSAS="M6">par</w><w frlemma="son" frpos="DET" frMUSAS="Z5">sa</w><w frlemma="contribution" frpos="NOUN" frMUSAS="A9-">contribution</w><w frlemma="remarquable" frpos="ADJ" frMUSAS="Z99">remarquable</w><w frlemma="," frpos="PUNCT" frMUSAS="PUNCT">,</w><w frlemma="intituler" frpos="VERB" frMUSAS="Z99">intitulée</w><w frlemma="«" frpos="VERB" frMUSAS="Z99">«</w><w frlemma="le" frpos="DET" frMUSAS="Z5">Le</w><w frlemma="format" frpos="NOUN" frMUSAS="O4.1">format</w><w frlemma="de" frpos="ADP" frMUSAS="Z5">de</w><pb n="13"/><w frlemma="le" frpos="DET" frMUSAS="Z5">l'</w><w frlemma="histoire" frpos="NOUN" frMUSAS="Z99">histoire</w><w frlemma="." frpos="PUNCT" frMUSAS="PUNCT">.</w><w frlemma="annale" frpos="NOUN" frMUSAS="Z99">Annales</w><w frlemma="royale" frpos="NOUN" frMUSAS="Z99">royales</w><w frlemma="et" frpos="CCONJ" frMUSAS="Z5">et</w><w frlemma="biographie" frpos="NOUN" frMUSAS="Z99">biographies</w><w frlemma="de" frpos="ADP" frMUSAS="Z5">de</w><w frlemma="particulier" frpos="NOUN" frMUSAS="Z99">particuliers</w><w frlemma="sou" frpos="ADP" frMUSAS="A13.6">sous</w><w frlemma="le" frpos="DET" frMUSAS="Z5">le</w><w frlemma="iii" frpos="ADJ" frMUSAS="Z99">IIIe</w><w frlemma="millénaire" frpos="ADJ" frMUSAS="Z99">millénaire</w><w frlemma="»" frpos="PUNCT" frMUSAS="PUNCT">»</w><w frlemma="," frpos="PUNCT" frMUSAS="PUNCT">,</w><w frlemma="à" frpos="ADP" frMUSAS="Z5">à</w><w frlemma="le" frpos="DET" frMUSAS="Z5">l'</w><w frlemma="ouvrage" frpos="NOUN" frMUSAS="I3.1">ouvrage</w><w frlemma="que" frpos="SCONJ" frMUSAS="Z5">qu'</w><w frlemma="il" frpos="PRON" frMUSAS="Z8">il</w><w frlemma="coéditer" frpos="VERB" frMUSAS="Z99">coédite</w><w frlemma="avec" frpos="ADP" frMUSAS="Z5">avec</w><w frlemma="Nicolas" frpos="PROPN" frMUSAS="Z99">Nicolas</w><w frlemma="Grimal" frpos="PROPN" frMUSAS="Z99">Grimal</w><w frlemma="," frpos="PUNCT" frMUSAS="PUNCT">,</w><w frlemma="événement" frpos="NOUN" frMUSAS="A3+/A11.1+">Événement</w><w frlemma="," frpos="PUNCT" frMUSAS="PUNCT">,</w><w frlemma="récit" frpos="NOUN" frMUSAS="Z99">récit</w><w frlemma="," frpos="PUNCT" frMUSAS="PUNCT">,</w><w frlemma="histoire" frpos="NOUN" frMUSAS="Z99">histoire</w><w frlemma="officiel" frpos="ADJ" frMUSAS="G1.1">officielle</w><w frlemma="." frpos="PUNCT" frMUSAS="PUNCT">.</w><w frlemma="le" frpos="DET" frMUSAS="Z5">L'</w><w frlemma="écriture" frpos="NOUN" frMUSAS="Q1.2">écriture</w><w frlemma="de" frpos="ADP" frMUSAS="Z5">de</w><w frlemma="le" frpos="DET" frMUSAS="Z5">l'</w><w frlemma="histoire" frpos="NOUN" frMUSAS="Z99">histoire</w><w frlemma="dans" frpos="ADP" frMUSAS="Z5">dans</w><w frlemma="le" frpos="DET" frMUSAS="Z5">les</w><w frlemma="monarchie" frpos="NOUN" frMUSAS="Z99">monarchies</w><w frlemma="antique" frpos="ADJ" frMUSAS="Z99">antiques</w><w frlemma="." frpos="PUNCT" frMUSAS="PUNCT">.</w><w frlemma="au" frpos="ADP" frMUSAS="Z5">Au</w><w frlemma="cours" frpos="NOUN" frMUSAS="M1">cours</w><w frlemma="de" frpos="ADP" frMUSAS="Z5">de</w><w frlemma="ce" frpos="DET" frMUSAS="Z5">cette</w><w frlemma="période" frpos="NOUN" frMUSAS="T1.3">période</w><w frlemma="paraître" frpos="VERB" frMUSAS="A8">paraît</w><w frlemma="également" frpos="ADV" frMUSAS="Z99">également</w><w frlemma="un" frpos="DET" frMUSAS="Z5">une</w><w frlemma="monographie" frpos="NOUN" frMUSAS="Z99">monographie</w><w frlemma="que" frpos="PRON" frMUSAS="Z8">qu'</w><w frlemma="il" frpos="PRON" frMUSAS="Z8">il</w><w frlemma="consacrer" frpos="VERB" frMUSAS="Z99">consacre</w><w frlemma="au" frpos="ADP" frMUSAS="Z5">au</w><w frlemma="pharaon" frpos="NOUN" frMUSAS="Z99">pharaon</w><w frlemma="djéser" frpos="VERB" frMUSAS="Z99">Djéser</w><w frlemma="," frpos="PUNCT" frMUSAS="PUNCT">,</w><w frlemma="premier" frpos="ADJ" frMUSAS="N4">premier</w><w frlemma="volume" frpos="NOUN" frMUSAS="N3.4">volume</w><w frlemma="et" frpos="CCONJ" frMUSAS="Z5">et</w><w frlemma="modèle" frpos="NOUN" frMUSAS="A5.1+">modèle</w><w frlemma="de" frpos="ADP" frMUSAS="Z5">d'</w><w frlemma="un" frpos="DET" frMUSAS="Z5">une</w><w frlemma="collection" frpos="NOUN" frMUSAS="Z99">collection</w><w frlemma="de" frpos="ADP" frMUSAS="Z5">de</w><w frlemma="biographie" frpos="NOUN" frMUSAS="Z99">biographies</w><w frlemma="royal" frpos="ADJ" frMUSAS="S7.1+/S2mf">royales</w><w frlemma="égyptien" frpos="ADJ" frMUSAS="Z2/S2mf">égyptiennes</w><w frlemma="qui" frpos="PRON" frMUSAS="Z8">qui</w><w frlemma="compte" frpos="VERB" frMUSAS="Z99">compte</w><w frlemma="aujourd'hui" frpos="ADV" frMUSAS="Z99">aujourd'hui</w><w frlemma="un" frpos="DET" frMUSAS="Z5">une</w><w frlemma="dizaine" frpos="NOUN" frMUSAS="Z99">dizaine</w><w frlemma="de" frpos="ADP" frMUSAS="Z5">de</w><w frlemma="titre" frpos="NOUN" frMUSAS="Q2.2">titres</w><w frlemma="." frpos="PUNCT" frMUSAS="PUNCT">.</w><w frlemma="en" frpos="ADP" frMUSAS="Z5">En</w><w frlemma="2006" frpos="NUM" frMUSAS="N1">2006</w><w frlemma="," frpos="PUNCT" frMUSAS="PUNCT">,</w><w frlemma="il" frpos="PRON" frMUSAS="Z8">il</w><w frlemma="être" frpos="AUX" frMUSAS="M6">est</w><w frlemma="détacher" frpos="VERB" frMUSAS="Z99">détaché</w><w frlemma="auprès" frpos="ADV" frMUSAS="Z99">auprès</w><w frlemma="de" frpos="ADP" frMUSAS="Z5">du</w><w frlemma="département" frpos="NOUN" frMUSAS="H2/S5+c">département</w><w frlemma="de" frpos="ADP" frMUSAS="Z5">des</w><w frlemma="antiquité" frpos="NOUN" frMUSAS="Z99">antiquités</w><w frlemma="égyptien" frpos="ADJ" frMUSAS="Z2/S2mf">égyptiennes</w><w frlemma="de" frpos="ADP" frMUSAS="Z5">du</w><w frlemma="musée" frpos="NOUN" frMUSAS="T1.1.1/H1c">musée</w><w frlemma="de" frpos="ADP" frMUSAS="Z5">du</w><w frlemma="Louvre" frpos="PROPN" frMUSAS="Z99">Louvre</w><w frlemma="." frpos="PUNCT" frMUSAS="PUNCT">.</w><w frlemma="sou" frpos="ADP" frMUSAS="A13.6">Sous</w><w frlemma="le" frpos="DET" frMUSAS="Z5">la</w><w frlemma="direction" frpos="NOUN" frMUSAS="Z99">direction</w><w frlemma="de" frpos="ADP" frMUSAS="Z5">de</w><w frlemma="Guillemette" frpos="PROPN" frMUSAS="Z99">Guillemette</w><w frlemma="Andreu" frpos="PROPN" frMUSAS="Z99">Andreu</w><w frlemma="," frpos="PUNCT" frMUSAS="PUNCT">,</w><w frlemma="il" frpos="PRON" frMUSAS="Z8">il</w><w frlemma="se" frpos="PRON" frMUSAS="Z8">se</w><w frlemma="voir" frpos="VERB" frMUSAS="X3.4">voit</w><w frlemma="confier" frpos="VERB" frMUSAS="A9-">confier</w><w frlemma="le" frpos="DET" frMUSAS="Z5">la</w><w frlemma="responsabilité" frpos="NOUN" frMUSAS="S6+">responsabilité</w><w frlemma="de" frpos="ADP" frMUSAS="Z5">de</w><w frlemma="le" frpos="DET" frMUSAS="Z5">la</w><w frlemma="section" frpos="NOUN" frMUSAS="A1.1.1">section</w><w frlemma="Nubie" frpos="PROPN" frMUSAS="Z99">Nubie</w><w frlemma="-" frpos="PROPN" frMUSAS="Z99">-</w><w frlemma="Soudan" frpos="PROPN" frMUSAS="Z99">Soudan</w><w frlemma="." frpos="PUNCT" frMUSAS="PUNCT">.</w><w frlemma="commence" frpos="NOUN" frMUSAS="Z99">Commence</w><w frlemma="alors" frpos="ADV" frMUSAS="Z99">alors</w><w frlemma="un" frpos="DET" frMUSAS="Z5">une</w><w frlemma="phase" frpos="NOUN" frMUSAS="N3.8-">phase</w><w frlemma="nouveau" frpos="ADJ" frMUSAS="T3-">nouvelle</w><w frlemma="de" frpos="ADP" frMUSAS="Z5">de</w><w frlemma="son" frpos="DET" frMUSAS="Z5">sa</w><w frlemma="carrière" frpos="NOUN" frMUSAS="I3.1">carrière</w><w frlemma="." frpos="PUNCT" frMUSAS="PUNCT">.</w><w frlemma="le" frpos="DET" frMUSAS="Z5">Les</w><w frlemma="lien" frpos="NOUN" frMUSAS="Z99">liens</w><w frlemma="avec" frpos="ADP" frMUSAS="Z5">avec</w><w frlemma="le" frpos="DET" frMUSAS="Z5">l'</w><w frlemma="égypte" frpos="NOUN" frMUSAS="Z99">Égypte</w><w frlemma="et" frpos="CCONJ" frMUSAS="Z5">et</w><w frlemma="le" frpos="DET" frMUSAS="Z5">l'</w><w frlemma="ancien" frpos="ADJ" frMUSAS="Z99">Ancien</w><w frlemma="empire" frpos="NOUN" frMUSAS="G1.1">Empire</w><w frlemma="ne" frpos="ADV" frMUSAS="Z6">ne</w><w frlemma="être" frpos="AUX" frMUSAS="Z99">sont</w><w frlemma="pas" frpos="ADV" frMUSAS="Z99">pas</w><w frlemma="rompre" frpos="VERB" frMUSAS="A1.1.2">rompus</w><w frlemma="," frpos="PUNCT" frMUSAS="PUNCT">,</w><w frlemma="puisque" frpos="SCONJ" frMUSAS="N4">puisqu'</w><w frlemma="il" frpos="PRON" frMUSAS="Z8">il</w><w frlemma="devenir" frpos="VERB" frMUSAS="A2.1+">devient</w><w frlemma="à" frpos="ADP" frMUSAS="Z5">à</w><w frlemma="ce" frpos="DET" frMUSAS="Z5">cette</w><w frlemma="occasion" frpos="NOUN" frMUSAS="Z99">occasion</w><w frlemma="le" frpos="DET" frMUSAS="Z5">le</w><w frlemma="codirecteur" frpos="NOUN" frMUSAS="Z99">codirecteur</w><w frlemma="en" frpos="ADP" frMUSAS="Z5">en</w><w frlemma="titre" frpos="NOUN" frMUSAS="Q2.2">titre</w><w frlemma="de" frpos="ADP" frMUSAS="Z5">de</w><w frlemma="le" frpos="DET" frMUSAS="Z5">la</w><w frlemma="mission" frpos="NOUN" frMUSAS="X7+">mission</w><w frlemma="que" frpos="PRON" frMUSAS="Z8">que</w><w frlemma="mener" frpos="VERB" frMUSAS="S7.1+">mène</w><w frlemma="le" frpos="DET" frMUSAS="Z5">le</w><w frlemma="louvr" frpos="ADJ" frMUSAS="Z99">Louvre</w><w frlemma="dans" frpos="ADP" frMUSAS="Z5">dans</w><w frlemma="le" frpos="DET" frMUSAS="Z5">la</w><w frlemma="nécropole" frpos="NOUN" frMUSAS="Z99">nécropole</w><w frlemma="de" frpos="ADP" frMUSAS="Z5">de</w><w frlemma="Saqqara" frpos="PROPN" frMUSAS="Z99">Saqqara</w><w frlemma="," frpos="PUNCT" frMUSAS="PUNCT">,</w><w frlemma="mais" frpos="CCONJ" frMUSAS="Z5">mais</w><w frlemma="le" frpos="DET" frMUSAS="Z5">l'</w><w frlemma="essentiel" frpos="NOUN" frMUSAS="S6+">essentiel</w><w frlemma="de" frpos="ADP" frMUSAS="Z5">de</w><w frlemma="son" frpos="DET" frMUSAS="Z5">son</w><w frlemma="activité" frpos="NOUN" frMUSAS="A1.1.1">activité</w><w frlemma="le" frpos="DET" frMUSAS="Z5">le</w><w frlemma="porte" frpos="NOUN" frMUSAS="H2">porte</w><w frlemma="vers" frpos="ADP" frMUSAS="Z5">vers</w><w frlemma="le" frpos="DET" frMUSAS="Z5">le</w><w frlemma="soudan" frpos="NOUN" frMUSAS="Z99">Soudan</w><w frlemma="," frpos="PUNCT" frMUSAS="PUNCT">,</w><w frlemma="et" frpos="CCONJ" frMUSAS="Z5">et</w><w frlemma="plus" frpos="ADV" frMUSAS="Z5">plus</w><w frlemma="particulièrement" frpos="ADV" frMUSAS="A13.3">particulièrement</w><w frlemma="vers" frpos="ADP" frMUSAS="Z5">vers</w><w frlemma="le" frpos="DET" frMUSAS="Z5">la</w><w frlemma="cité" frpos="NOUN" frMUSAS="M7c">cité</w><w frlemma="méroïtique" frpos="ADJ" frMUSAS="Z99">méroïtique</w><w frlemma="de" frpos="ADP" frMUSAS="Z5">d'</w><w frlemma="El" frpos="PROPN" frMUSAS="Z99">El</w><w frlemma="-" frpos="PROPN" frMUSAS="Z99">-</w><w frlemma="Mouweis" frpos="PROPN" frMUSAS="Z99">Mouweis</w><w frlemma="." frpos="PUNCT" frMUSAS="PUNCT">.</w><w frlemma="un" frpos="DET" frMUSAS="Z5">Un</w><w frlemma="grand" frpos="ADJ" frMUSAS="Z99">grand</w><w frlemma="ensemble" frpos="NOUN" frMUSAS="Z99">ensemble</w><w frlemma="de" frpos="ADP" frMUSAS="Z5">d'</w><w frlemma="un" frpos="DET" frMUSAS="Z5">une</w><w frlemma="superficie" frpos="NOUN" frMUSAS="Z99">superficie</w><w frlemma="de" frpos="ADP" frMUSAS="Z5">de</w><w frlemma="16" frpos="NUM" frMUSAS="N1">16</w><w frlemma="ha" frpos="NOUN" frMUSAS="Z4">ha</w><w frlemma="," frpos="PUNCT" frMUSAS="PUNCT">,</w><w frlemma="où" frpos="PRON" frMUSAS="Z8">où</w><w frlemma="il" frpos="PRON" frMUSAS="Z8">il</w><w frlemma="diriger" frpos="VERB" frMUSAS="Z99">dirige</w><w frlemma="," frpos="PUNCT" frMUSAS="PUNCT">,</w><w frlemma="à" frpos="ADP" frMUSAS="Z5">à</w><w frlemma="partir" frpos="VERB" frMUSAS="M1">partir</w><w frlemma="de" frpos="ADP" frMUSAS="Z5">de</w><w frlemma="2007" frpos="NUM" frMUSAS="N1">2007</w><w frlemma="," frpos="PUNCT" frMUSAS="PUNCT">,</w><w frlemma="un" frpos="DET" frMUSAS="Z5">des</w><w frlemma="travail" frpos="NOUN" frMUSAS="I3.1">travaux</w><w frlemma="important" frpos="ADJ" frMUSAS="A11.1+">importants</w><w frlemma="," frpos="PUNCT" frMUSAS="PUNCT">,</w><w frlemma="avec" frpos="ADP" frMUSAS="Z5">avec</w><w frlemma="le" frpos="DET" frMUSAS="Z5">le</w><w frlemma="dégagement" frpos="NOUN" frMUSAS="Z99">dégagement</w><w frlemma="de" frpos="ADP" frMUSAS="Z5">de</w><w frlemma="plusieurs" frpos="DET" frMUSAS="N5">plusieurs</w><w frlemma="temple" frpos="NOUN" frMUSAS="S9/H1">temples</w><w frlemma="," frpos="PUNCT" frMUSAS="PUNCT">,</w><w frlemma="de" frpos="ADP" frMUSAS="Z5">d'</w><w frlemma="un" frpos="DET" frMUSAS="Z5">un</w><w frlemma="palais" frpos="NOUN" frMUSAS="Z99">palais</w><w frlemma="," frpos="PUNCT" frMUSAS="PUNCT">,</w><w frlemma="de" frpos="ADP" frMUSAS="Z5">de</w><w frlemma="secteur" frpos="NOUN" frMUSAS="A4.1">secteurs</w><w frlemma="de" frpos="ADP" frMUSAS="Z5">d'</w><w frlemma="habitat" frpos="NOUN" frMUSAS="Z99">habitat</w><w frlemma="et" frpos="CCONJ" frMUSAS="Z5">et</w><w frlemma="de" frpos="ADP" frMUSAS="Z5">d'</w><w frlemma="artisanat" frpos="PROPN" frMUSAS="Z99">artisanat</w><w frlemma="." frpos="PUNCT" frMUSAS="PUNCT">.</w><w frlemma="il" frpos="PRON" frMUSAS="Z8">Il</w><w frlemma="être" frpos="AUX" frMUSAS="M6">est</w><w frlemma="également" frpos="ADV" frMUSAS="Z99">également</w><w frlemma="en" frpos="ADP" frMUSAS="Z5">en</w><w frlemma="2010" frpos="NUM" frMUSAS="N1">2010</w><w frlemma="le" frpos="DET" frMUSAS="Z5">le</w><w frlemma="commissaire" frpos="NOUN" frMUSAS="Z99">commissaire</w><w frlemma="scientifique" frpos="ADJ" frMUSAS="Y1">scientifique</w><w frlemma="de" frpos="ADP" frMUSAS="Z5">de</w><w frlemma="le" frpos="DET" frMUSAS="Z5">l'</w><w frlemma="exposition" frpos="NOUN" frMUSAS="Z99">exposition</w><w frlemma="consacrer" frpos="VERB" frMUSAS="Z99">consacrée</w><w frlemma="par" frpos="ADP" frMUSAS="M6">par</w><w frlemma="le" frpos="DET" frMUSAS="Z5">le</w><w frlemma="musée" frpos="NOUN" frMUSAS="T1.1.1/H1c">musée</w><w frlemma="de" frpos="ADP" frMUSAS="Z5">du</w><w frlemma="Louvre" frpos="PROPN" frMUSAS="Z99">Louvre</w><w frlemma="au" frpos="ADP" frMUSAS="Z5">au</w><w frlemma="royaume" frpos="PROPN" frMUSAS="G1.1">royaume</w><w frlemma="de" frpos="ADP" frMUSAS="Z5">de</w><w frlemma="Méroé" frpos="PROPN" frMUSAS="Z99">Méroé</w><w frlemma="," frpos="PUNCT" frMUSAS="PUNCT">,</w><w frlemma="dont" frpos="PRON" frMUSAS="Z8">dont</w><w frlemma="il" frpos="PRON" frMUSAS="Z8">il</w><w frlemma="éditer" frpos="VERB" frMUSAS="Z99">édite</w><w frlemma="le" frpos="DET" frMUSAS="Z5">le</w><w frlemma="catalogue" frpos="NOUN" frMUSAS="Z99">catalogue</w><w frlemma="." frpos="PUNCT" frMUSAS="PUNCT">.</w><w frlemma="il" frpos="PRON" frMUSAS="Z8">Il</w><w frlemma="se" frpos="PRON" frMUSAS="Z8">s'</w><w frlemma="agir" frpos="VERB" frMUSAS="A1.1.1">agit</w><w frlemma="de" frpos="ADP" frMUSAS="Z5">de</w><w frlemma="le" frpos="DET" frMUSAS="Z5">la</w><w frlemma="premier" frpos="ADJ" frMUSAS="N4">première</w><w frlemma="manifestation" frpos="NOUN" frMUSAS="Z99">manifestation</w><w frlemma="exclusivement" frpos="ADV" frMUSAS="Z99">exclusivement</w><w frlemma="consacrer" frpos="VERB" frMUSAS="Z99">consacrée</w><w frlemma="à" frpos="ADP" frMUSAS="Z5">à</w><w frlemma="ce" frpos="DET" frMUSAS="Z5">cette</w><w frlemma="civilisation" frpos="NOUN" frMUSAS="S1.1.1">civilisation</w><w frlemma="original" frpos="ADJ" frMUSAS="A5.4+">originale</w><w frlemma="," frpos="PUNCT" frMUSAS="PUNCT">,</w><w frlemma="centrer" frpos="VERB" frMUSAS="M6">centrée</w><w frlemma="très" frpos="ADV" frMUSAS="A13.3">très</w><w frlemma="au" frpos="ADP" frMUSAS="Z5">au</w><w frlemma="sud" frpos="NOUN" frMUSAS="M6">sud</w><w frlemma="sur" frpos="ADP" frMUSAS="Z5">sur</w><w frlemma="le" frpos="DET" frMUSAS="Z5">la</w><w frlemma="vie" frpos="NOUN" frMUSAS="L1+">VIe</w><w frlemma="cataract" frpos="ADJ" frMUSAS="Z99">cataracte</w><w frlemma="de" frpos="ADP" frMUSAS="Z5">du</w><w frlemma="Nil" frpos="PROPN" frMUSAS="Z99">Nil</w><w frlemma="," frpos="PUNCT" frMUSAS="PUNCT">,</w><w frlemma="mais" frpos="CCONJ" frMUSAS="Z5">mais</w><w frlemma="très" frpos="ADV" frMUSAS="A13.3">très</w><w frlemma="fortement" frpos="ADV" frMUSAS="A13.3">fortement</w><w frlemma="marquer" frpos="VERB" frMUSAS="O4.2-">marquée</w><w frlemma="par" frpos="ADP" frMUSAS="M6">par</w><w frlemma="le" frpos="DET" frMUSAS="Z5">les</w><w frlemma="empreinte" frpos="NOUN" frMUSAS="Z99">empreintes</w><w frlemma="croiser" frpos="VERB" frMUSAS="M1">croisées</w><w frlemma="de" frpos="ADP" frMUSAS="Z5">de</w><w frlemma="le" frpos="DET" frMUSAS="Z5">l'</w><w frlemma="égypte" frpos="NOUN" frMUSAS="Z99">Égypte</w><w frlemma="," frpos="PUNCT" frMUSAS="PUNCT">,</w><w frlemma="de" frpos="ADP" frMUSAS="Z5">de</w><w frlemma="le" frpos="DET" frMUSAS="Z5">l'</w><w frlemma="Afrique" frpos="PROPN" frMUSAS="Z99">Afrique</w><w frlemma="et" frpos="CCONJ" frMUSAS="Z5">et</w><w frlemma="de" frpos="ADP" frMUSAS="Z5">de</w><w frlemma="Rome" frpos="PROPN" frMUSAS="Z99">Rome</w><w frlemma="." frpos="PUNCT" frMUSAS="PUNCT">.</w><w frlemma="il" frpos="PRON" frMUSAS="Z8">Il</w><w frlemma="applique" frpos="VERB" frMUSAS="Z99">applique</w><w frlemma="à" frpos="ADP" frMUSAS="Z5">à</w><w frlemma="ce" frpos="DET" frMUSAS="Z5">ce</w><w frlemma="champ" frpos="NOUN" frMUSAS="Z99">champ</w><w frlemma="de" frpos="ADP" frMUSAS="Z5">d'</w><w frlemma="étude" frpos="NOUN" frMUSAS="P1">étude</w><w frlemma="tout" frpos="ADJ" frMUSAS="Z8">toute</w><w frlemma="son" frpos="DET" frMUSAS="Z5">sa</w><w frlemma="rigueur" frpos="NOUN" frMUSAS="Z99">rigueur</w><w frlemma="et" frpos="CCONJ" frMUSAS="Z5">et</w><w frlemma="son" frpos="DET" frMUSAS="Z5">sa</w><w frlemma="pédagogie" frpos="NOUN" frMUSAS="Z99">pédagogie</w><w frlemma="coutumier" frpos="ADJ" frMUSAS="Z99">coutumières</w><w frlemma=":" frpos="PUNCT" frMUSAS="PUNCT">:</w><w frlemma="pour" frpos="ADP" frMUSAS="Z5">pour</w><w frlemma="qui" frpos="PRON" frMUSAS="Z8">qui</w><w frlemma="connaître" frpos="VERB" frMUSAS="X2.2+">connaît</w><w frlemma="mal" frpos="ADV" frMUSAS="A5.1-">mal</w><w frlemma="Méroé" frpos="PROPN" frMUSAS="Z99">Méroé</w><w frlemma="," frpos="PUNCT" frMUSAS="PUNCT">,</w><w frlemma="le" frpos="DET" frMUSAS="Z5">la</w><w frlemma="simple" frpos="ADJ" frMUSAS="A12+">simple</w><w frlemma="lecture" frpos="NOUN" frMUSAS="Q3">lecture</w><w frlemma="de" frpos="ADP" frMUSAS="Z5">de</w><w frlemma="le" frpos="DET" frMUSAS="Z5">la</w><w frlemma="présentation" frpos="NOUN" frMUSAS="O4.1">présentation</w><w frlemma="que" frpos="SCONJ" frMUSAS="Z5">qu'</w><w frlemma="il" frpos="PRON" frMUSAS="Z8">il</w><w frlemma="en" frpos="PRON" frMUSAS="Z8">en</w><w frlemma="fait" frpos="NOUN" frMUSAS="Z99">fait</w><w frlemma="sou" frpos="ADP" frMUSAS="A13.6">sous</w><w frlemma="un" frpos="DET" frMUSAS="Z5">une</w><w frlemma="rubrique" frpos="NOUN" frMUSAS="Z99">rubrique</w><w frlemma="intituler" frpos="VERB" frMUSAS="Z99">intitulée</w><w frlemma="«" frpos="VERB" frMUSAS="Z99">«</w><w frlemma="le" frpos="DET" frMUSAS="Z5">Les</w><w frlemma="trois" frpos="NUM" frMUSAS="Z5">trois</w><w frlemma="Méroé" frpos="PROPN" frMUSAS="Z99">Méroé</w><w frlemma=":" frpos="PUNCT" frMUSAS="PUNCT">:</w><w frlemma="le" frpos="DET" frMUSAS="Z5">la</w><w frlemma="ville" frpos="NOUN" frMUSAS="M7c">ville</w><w frlemma="," frpos="PUNCT" frMUSAS="PUNCT">,</w><w frlemma="le" frpos="DET" frMUSAS="Z5">la</w><w frlemma="région" frpos="NOUN" frMUSAS="M7">région</w><w frlemma="," frpos="PUNCT" frMUSAS="PUNCT">,</w><w frlemma="le" frpos="DET" frMUSAS="Z5">l'</w><w frlemma="empire" frpos="NOUN" frMUSAS="G1.1">empire</w><w frlemma="»" frpos="PUNCT" frMUSAS="PUNCT">»</w><w frlemma="," frpos="PUNCT" frMUSAS="PUNCT">,</w><w frlemma="être" frpos="AUX" frMUSAS="M6">est</w><w frlemma="un" frpos="DET" frMUSAS="Z5">une</w><w frlemma="fois" frpos="NOUN" frMUSAS="Z99">fois</w><w frlemma="de" frpos="ADP" frMUSAS="Z5">de</w><w frlemma="plus" frpos="ADV" frMUSAS="Z5">plus</w><w frlemma="éclairant" frpos="ADJ" frMUSAS="Z99">éclairante</w><w frlemma="." frpos="PUNCT" frMUSAS="PUNCT">.</w><w frlemma="de" frpos="ADP" frMUSAS="Z5">De</w><w frlemma="le" frpos="DET" frMUSAS="Z5">l'</w><w frlemma="étude" frpos="NOUN" frMUSAS="P1">étude</w><w frlemma="de" frpos="ADP" frMUSAS="Z5">des</w><w frlemma="origine" frpos="NOUN" frMUSAS="Z99">origines</w><w frlemma="de" frpos="ADP" frMUSAS="Z5">de</w><w frlemma="le" frpos="DET" frMUSAS="Z5">l'</w><w frlemma="état" frpos="NOUN" frMUSAS="G1.1c">État</w><w frlemma="égyptien" frpos="ADJ" frMUSAS="Z2/S2mf">égyptien</w><w frlemma="," frpos="PUNCT" frMUSAS="PUNCT">,</w><w frlemma="dans" frpos="ADP" frMUSAS="Z5">dans</w><w frlemma="le" frpos="DET" frMUSAS="Z5">la</w><w frlemma="région" frpos="NOUN" frMUSAS="M7">région</w><w frlemma="memphite" frpos="ADJ" frMUSAS="Z99">memphite</w><w frlemma="," frpos="PUNCT" frMUSAS="PUNCT">,</w><w frlemma="à" frpos="ADP" frMUSAS="Z5">à</w><w frlemma="le" frpos="DET" frMUSAS="Z5">l'</w><w frlemma="exploration" frpos="NOUN" frMUSAS="Z99">exploration</w><w frlemma="de" frpos="ADP" frMUSAS="Z5">de</w><w frlemma="vestige" frpos="NOUN" frMUSAS="Z99">vestiges</w><w frlemma="contemporain" frpos="NOUN" frMUSAS="T1.1.2/S2mf">contemporains</w><w frlemma="de" frpos="ADP" frMUSAS="Z5">de</w><w frlemma="le" frpos="DET" frMUSAS="Z5">l'</w><w frlemma="époque" frpos="NOUN" frMUSAS="Z99">époque</w><w frlemma="romain" frpos="ADJ" frMUSAS="Z2">romaine</w><w frlemma="au" frpos="ADP" frMUSAS="Z5">au</w><w frlemma="Soudan" frpos="PROPN" frMUSAS="Z99">Soudan</w><w frlemma="," frpos="PUNCT" frMUSAS="PUNCT">,</w><w frlemma="Michel" frpos="PROPN" frMUSAS="Z99">Michel</w><w frlemma="Baud" frpos="PROPN" frMUSAS="Z99">Baud</w><w frlemma="laisse" frpos="VERB" frMUSAS="Z99">laisse</w><w frlemma="ainsi" frpos="ADV" frMUSAS="Z5/A2.2">ainsi</w><w frlemma="son" frpos="DET" frMUSAS="Z5">sa</w><w frlemma="marque" frpos="NOUN" frMUSAS="Z99">marque</w><w frlemma="sur" frpos="ADP" frMUSAS="Z5">sur</w><w frlemma="plusieurs" frpos="DET" frMUSAS="N5">plusieurs</w><w frlemma="secteur" frpos="NOUN" frMUSAS="A4.1">secteurs</w><w frlemma="cler" frpos="VERB" frMUSAS="Z99">clés</w><w frlemma="de" frpos="ADP" frMUSAS="Z5">de</w><w frlemma="le" frpos="DET" frMUSAS="Z5">la</w><w frlemma="recherche" frpos="NOUN" frMUSAS="Z99">recherche</w><w frlemma="égyptologique" frpos="ADJ" frMUSAS="Z99">égyptologique</w><w frlemma="actuel" frpos="ADJ" frMUSAS="Z99">actuelle</w><w frlemma="et" frpos="CCONJ" frMUSAS="Z5">et</w><w frlemma="le" frpos="PRON" frMUSAS="Z8">l'</w><w frlemma="on" frpos="PRON" frMUSAS="Z8">on</w><w frlemma="ne" frpos="ADV" frMUSAS="Z6">ne</w><w frlemma="pouvoir" frpos="VERB" frMUSAS="Z99">peut</w><w frlemma="que" frpos="ADV" frMUSAS="Z8">que</w><w frlemma="regretter" frpos="VERB" frMUSAS="E4.1-">regretter</w><w frlemma="que" frpos="SCONJ" frMUSAS="Z5">que</w><w frlemma="ce" frpos="DET" frMUSAS="Z5">ce</w><w frlemma="chercheur" frpos="NOUN" frMUSAS="X2.4/S2mf">chercheur</w><w frlemma="élégant" frpos="ADJ" frMUSAS="Z99">élégant</w><w frlemma="," frpos="PUNCT" frMUSAS="PUNCT">,</w><w frlemma="exiger" frpos="VERB" frMUSAS="Z99">exigeant</w><w frlemma="et" frpos="CCONJ" frMUSAS="Z5">et</w><w frlemma="plus" frpos="ADV" frMUSAS="Z5">plus</w><w frlemma="moderne" frpos="ADJ" frMUSAS="T3-">moderne</w><w frlemma="que" frpos="SCONJ" frMUSAS="Z5">que</w><w frlemma="bien" frpos="ADV" frMUSAS="A10+">bien</w><w frlemma="de" frpos="DET" frMUSAS="Z5">d'</w><w frlemma="autre" frpos="ADJ" frMUSAS="A6.1-">autres</w><w frlemma="dans" frpos="ADP" frMUSAS="Z5">dans</w><w frlemma="son" frpos="DET" frMUSAS="Z5">son</w><w frlemma="approche" frpos="NOUN" frMUSAS="M1">approche</w><w frlemma="de" frpos="ADP" frMUSAS="Z5">des</w><w frlemma="source" frpos="NOUN" frMUSAS="Z99">sources</w><w frlemma="," frpos="PUNCT" frMUSAS="PUNCT">,</w><w frlemma="ne" frpos="ADV" frMUSAS="Z6">n'</w><w frlemma="avoir" frpos="AUX" frMUSAS="A9+">ait</w><w frlemma="pas" frpos="ADV" frMUSAS="Z99">pas</w><w frlemma="avoir" frpos="VERB" frMUSAS="A9+">eu</w><w frlemma="le" frpos="DET" frMUSAS="Z5">le</w><w frlemma="temps" frpos="NOUN" frMUSAS="T1">temps</w><w frlemma="de" frpos="ADP" frMUSAS="Z5">d'</w><w frlemma="achever" frpos="VERB" frMUSAS="Z99">achever</w><w frlemma="le" frpos="DET" frMUSAS="Z5">les</w><w frlemma="nombreux" frpos="ADJ" frMUSAS="N5+">nombreuses</w><w frlemma="synthèse" frpos="NOUN" frMUSAS="Z99">synthèses</w><w frlemma="que" frpos="PRON" frMUSAS="Z8">qu'</w><w frlemma="il" frpos="PRON" frMUSAS="Z8">il</w><w frlemma="avoir" frpos="AUX" frMUSAS="A9+">avait</w><w frlemma="entreprendre" frpos="VERB" frMUSAS="Z99">entreprises</w><w frlemma="." frpos="PUNCT" frMUSAS="PUNCT">.</w><w frlemma="nous" frpos="PRON" frMUSAS="Z8">Nous</w><w frlemma="souhaiter" frpos="VERB" frMUSAS="X7+">souhaitons</w><w frlemma="garder" frpos="VERB" frMUSAS="A9+">garder</w><w frlemma="de" frpos="ADP" frMUSAS="Z5">de</w><w frlemma="luire" frpos="PRON" frMUSAS="Z8">lui</w><w frlemma="le" frpos="DET" frMUSAS="Z5">l'</w><w frlemma="image" frpos="NOUN" frMUSAS="Z99">image</w><w frlemma="de" frpos="ADP" frMUSAS="Z5">de</w><w frlemma="le" frpos="DET" frMUSAS="Z5">la</w><w frlemma="passion" frpos="NOUN" frMUSAS="X5.2+">passion</w><w frlemma="pour" frpos="ADP" frMUSAS="Z5">pour</w><w frlemma="le" frpos="DET" frMUSAS="Z5">l'</w><w frlemma="Égypte" frpos="PROPN" frMUSAS="Z99">Égypte</w><w frlemma="qui" frpos="PRON" frMUSAS="Z8">qui</w><w frlemma="le" frpos="PRON" frMUSAS="Z8">l'</w><w frlemma="avoir" frpos="VERB" frMUSAS="A9+">a</w><w frlemma="toujours" frpos="ADV" frMUSAS="N6+++">toujours</w><w frlemma="habiter" frpos="VERB" frMUSAS="H4">habité</w><w frlemma="," frpos="PUNCT" frMUSAS="PUNCT">,</w><w frlemma="et" frpos="CCONJ" frMUSAS="Z5">et</w><w frlemma="celui" frpos="PRON" frMUSAS="Z8">celle</w><w frlemma="de" frpos="ADP" frMUSAS="Z5">de</w><w frlemma="son" frpos="DET" frMUSAS="Z5">son</w><w frlemma="caractère" frpos="NOUN" frMUSAS="Z99">caractère</w><w frlemma="trancher" frpos="ADJ" frMUSAS="Z99">tranché</w><w frlemma="," frpos="PUNCT" frMUSAS="PUNCT">,</w><w frlemma="parfois" frpos="ADV" frMUSAS="N6">parfois</w><w frlemma="péremptoire" frpos="ADJ" frMUSAS="Z99">péremptoire</w><w frlemma="," frpos="PUNCT" frMUSAS="PUNCT">,</w><w frlemma="mais" frpos="CCONJ" frMUSAS="Z5">mais</w><w frlemma="toujours" frpos="ADV" frMUSAS="N6+++">toujours</w><w frlemma="plein" frpos="ADJ" frMUSAS="N5.1+">plein</w><w frlemma="de" frpos="ADP" frMUSAS="Z5">d'</w><w frlemma="humour" frpos="NOUN" frMUSAS="E4.1+">humour</w><w frlemma="," frpos="PUNCT" frMUSAS="PUNCT">,</w><w frlemma="qui" frpos="PRON" frMUSAS="Z8">qui</w><w frlemma="en" frpos="PRON" frMUSAS="Z8">en</w><w frlemma="faire" frpos="VERB" frMUSAS="Z99">faisait</w><w frlemma="," frpos="PUNCT" frMUSAS="PUNCT">,</w><w frlemma="dans" frpos="ADP" frMUSAS="Z5">dans</w><w frlemma="le" frpos="DET" frMUSAS="Z5">les</w><w frlemma="mission" frpos="NOUN" frMUSAS="X7+">missions</w><w frlemma="archéologique" frpos="ADJ" frMUSAS="Z99">archéologiques</w><w frlemma="que" frpos="PRON" frMUSAS="Z8">qu'</w><w frlemma="il" frpos="PRON" frMUSAS="Z8">il</w><w frlemma="avoir" frpos="AUX" frMUSAS="A9+">a</w><w frlemma="accompagner" frpos="VERB" frMUSAS="S3.1">accompagnées</w><w frlemma="," frpos="PUNCT" frMUSAS="PUNCT">,</w><w frlemma="le" frpos="DET" frMUSAS="Z5">le</w><w frlemma="modèle" frpos="NOUN" frMUSAS="A5.1+">modèle</w><w frlemma="même" frpos="ADV" frMUSAS="Z99">même</w><w frlemma="de" frpos="ADP" frMUSAS="Z5">d'</w><w frlemma="un" frpos="DET" frMUSAS="Z5">un</w><w frlemma="bon" frpos="ADJ" frMUSAS="A5.1+">bon</w><w frlemma="directeur" frpos="NOUN" frMUSAS="S7.1+/S2mf">directeur</w><w frlemma="de" frpos="ADP" frMUSAS="Z5">de</w><w frlemma="chantier" frpos="NOUN" frMUSAS="Z99">chantier</w><w frlemma="." frpos="PUNCT" frMUSAS="PUNCT">.</w><w frlemma="Pierre" frpos="PROPN" frMUSAS="F1">Pierre</w><w frlemma="Tallet" frpos="PROPN" frMUSAS="Z99">Tallet</w><pb n="14"/><w frlemma="bibliographie" frpos="NOUN" frMUSAS="Z99">Bibliographie</w><w frlemma="de" frpos="ADP" frMUSAS="Z5">de</w><w frlemma="Michel" frpos="PROPN" frMUSAS="Z99">Michel</w><w frlemma="Baud" frpos="PROPN" frMUSAS="Z99">Baud</w><pb n="15"/><pb n="16"/><pb n="17"/><pb n="18"/><note place="bottom"></note></p></text></TEI>